[2026-05-25T10:41:00.301+0000] {processor.py:157} INFO - Started process (PID=317) to work on /opt/airflow/dags/data_lake_pipeline.py
[2026-05-25T10:41:00.302+0000] {processor.py:829} INFO - Processing file /opt/airflow/dags/data_lake_pipeline.py for tasks to queue
[2026-05-25T10:41:00.303+0000] {logging_mixin.py:151} INFO - [2026-05-25T10:41:00.302+0000] {dagbag.py:539} INFO - Filling up the DagBag from /opt/airflow/dags/data_lake_pipeline.py
[2026-05-25T10:41:00.320+0000] {logging_mixin.py:151} INFO - [2026-05-25T10:41:00.319+0000] {dagbag.py:347} ERROR - Failed to import: /opt/airflow/dags/data_lake_pipeline.py
Traceback (most recent call last):
  File "/home/airflow/.local/lib/python3.8/site-packages/airflow/models/dagbag.py", line 343, in parse
    loader.exec_module(new_module)
  File "<frozen importlib._bootstrap_external>", line 843, in exec_module
  File "<frozen importlib._bootstrap>", line 219, in _call_with_frames_removed
  File "/opt/airflow/dags/data_lake_pipeline.py", line 4, in <module>
    from src.load_to_staging import download_wikitext, clean_split, create_mysql_connection
ModuleNotFoundError: No module named 'src'
[2026-05-25T10:41:00.321+0000] {processor.py:841} WARNING - No viable dags retrieved from /opt/airflow/dags/data_lake_pipeline.py
[2026-05-25T10:41:00.333+0000] {processor.py:179} INFO - Processing /opt/airflow/dags/data_lake_pipeline.py took 0.036 seconds
[2026-05-25T10:41:30.636+0000] {processor.py:157} INFO - Started process (PID=327) to work on /opt/airflow/dags/data_lake_pipeline.py
[2026-05-25T10:41:30.638+0000] {processor.py:829} INFO - Processing file /opt/airflow/dags/data_lake_pipeline.py for tasks to queue
[2026-05-25T10:41:30.638+0000] {logging_mixin.py:151} INFO - [2026-05-25T10:41:30.638+0000] {dagbag.py:539} INFO - Filling up the DagBag from /opt/airflow/dags/data_lake_pipeline.py
[2026-05-25T10:41:30.649+0000] {logging_mixin.py:151} INFO - [2026-05-25T10:41:30.647+0000] {dagbag.py:347} ERROR - Failed to import: /opt/airflow/dags/data_lake_pipeline.py
Traceback (most recent call last):
  File "/home/airflow/.local/lib/python3.8/site-packages/airflow/models/dagbag.py", line 343, in parse
    loader.exec_module(new_module)
  File "<frozen importlib._bootstrap_external>", line 843, in exec_module
  File "<frozen importlib._bootstrap>", line 219, in _call_with_frames_removed
  File "/opt/airflow/dags/data_lake_pipeline.py", line 4, in <module>
    from src.load_to_staging import download_wikitext, clean_split, create_mysql_connection
ModuleNotFoundError: No module named 'src'
[2026-05-25T10:41:30.649+0000] {processor.py:841} WARNING - No viable dags retrieved from /opt/airflow/dags/data_lake_pipeline.py
[2026-05-25T10:41:30.665+0000] {processor.py:179} INFO - Processing /opt/airflow/dags/data_lake_pipeline.py took 0.032 seconds
[2026-05-25T10:42:00.908+0000] {processor.py:157} INFO - Started process (PID=337) to work on /opt/airflow/dags/data_lake_pipeline.py
[2026-05-25T10:42:00.909+0000] {processor.py:829} INFO - Processing file /opt/airflow/dags/data_lake_pipeline.py for tasks to queue
[2026-05-25T10:42:00.910+0000] {logging_mixin.py:151} INFO - [2026-05-25T10:42:00.910+0000] {dagbag.py:539} INFO - Filling up the DagBag from /opt/airflow/dags/data_lake_pipeline.py
[2026-05-25T10:42:00.920+0000] {logging_mixin.py:151} INFO - [2026-05-25T10:42:00.919+0000] {dagbag.py:347} ERROR - Failed to import: /opt/airflow/dags/data_lake_pipeline.py
Traceback (most recent call last):
  File "/home/airflow/.local/lib/python3.8/site-packages/airflow/models/dagbag.py", line 343, in parse
    loader.exec_module(new_module)
  File "<frozen importlib._bootstrap_external>", line 843, in exec_module
  File "<frozen importlib._bootstrap>", line 219, in _call_with_frames_removed
  File "/opt/airflow/dags/data_lake_pipeline.py", line 4, in <module>
    from src.load_to_staging import download_wikitext, clean_split, create_mysql_connection
ModuleNotFoundError: No module named 'src'
[2026-05-25T10:42:00.921+0000] {processor.py:841} WARNING - No viable dags retrieved from /opt/airflow/dags/data_lake_pipeline.py
[2026-05-25T10:42:00.938+0000] {processor.py:179} INFO - Processing /opt/airflow/dags/data_lake_pipeline.py took 0.035 seconds
[2026-05-25T10:42:31.212+0000] {processor.py:157} INFO - Started process (PID=347) to work on /opt/airflow/dags/data_lake_pipeline.py
[2026-05-25T10:42:31.213+0000] {processor.py:829} INFO - Processing file /opt/airflow/dags/data_lake_pipeline.py for tasks to queue
[2026-05-25T10:42:31.215+0000] {logging_mixin.py:151} INFO - [2026-05-25T10:42:31.214+0000] {dagbag.py:539} INFO - Filling up the DagBag from /opt/airflow/dags/data_lake_pipeline.py
[2026-05-25T10:42:31.234+0000] {logging_mixin.py:151} INFO - [2026-05-25T10:42:31.232+0000] {dagbag.py:347} ERROR - Failed to import: /opt/airflow/dags/data_lake_pipeline.py
Traceback (most recent call last):
  File "/home/airflow/.local/lib/python3.8/site-packages/airflow/models/dagbag.py", line 343, in parse
    loader.exec_module(new_module)
  File "<frozen importlib._bootstrap_external>", line 843, in exec_module
  File "<frozen importlib._bootstrap>", line 219, in _call_with_frames_removed
  File "/opt/airflow/dags/data_lake_pipeline.py", line 4, in <module>
    from src.load_to_staging import download_wikitext, clean_split, create_mysql_connection
ModuleNotFoundError: No module named 'src'
[2026-05-25T10:42:31.234+0000] {processor.py:841} WARNING - No viable dags retrieved from /opt/airflow/dags/data_lake_pipeline.py
[2026-05-25T10:42:31.255+0000] {processor.py:179} INFO - Processing /opt/airflow/dags/data_lake_pipeline.py took 0.049 seconds
[2026-05-25T10:43:01.570+0000] {processor.py:157} INFO - Started process (PID=357) to work on /opt/airflow/dags/data_lake_pipeline.py
[2026-05-25T10:43:01.571+0000] {processor.py:829} INFO - Processing file /opt/airflow/dags/data_lake_pipeline.py for tasks to queue
[2026-05-25T10:43:01.572+0000] {logging_mixin.py:151} INFO - [2026-05-25T10:43:01.572+0000] {dagbag.py:539} INFO - Filling up the DagBag from /opt/airflow/dags/data_lake_pipeline.py
[2026-05-25T10:43:01.582+0000] {logging_mixin.py:151} INFO - [2026-05-25T10:43:01.581+0000] {dagbag.py:347} ERROR - Failed to import: /opt/airflow/dags/data_lake_pipeline.py
Traceback (most recent call last):
  File "/home/airflow/.local/lib/python3.8/site-packages/airflow/models/dagbag.py", line 343, in parse
    loader.exec_module(new_module)
  File "<frozen importlib._bootstrap_external>", line 843, in exec_module
  File "<frozen importlib._bootstrap>", line 219, in _call_with_frames_removed
  File "/opt/airflow/dags/data_lake_pipeline.py", line 4, in <module>
    from src.load_to_staging import download_wikitext, clean_split, create_mysql_connection
ModuleNotFoundError: No module named 'src'
[2026-05-25T10:43:01.583+0000] {processor.py:841} WARNING - No viable dags retrieved from /opt/airflow/dags/data_lake_pipeline.py
[2026-05-25T10:43:01.600+0000] {processor.py:179} INFO - Processing /opt/airflow/dags/data_lake_pipeline.py took 0.034 seconds
[2026-05-25T10:43:31.951+0000] {processor.py:157} INFO - Started process (PID=367) to work on /opt/airflow/dags/data_lake_pipeline.py
[2026-05-25T10:43:31.953+0000] {processor.py:829} INFO - Processing file /opt/airflow/dags/data_lake_pipeline.py for tasks to queue
[2026-05-25T10:43:31.954+0000] {logging_mixin.py:151} INFO - [2026-05-25T10:43:31.953+0000] {dagbag.py:539} INFO - Filling up the DagBag from /opt/airflow/dags/data_lake_pipeline.py
[2026-05-25T10:43:31.964+0000] {logging_mixin.py:151} INFO - [2026-05-25T10:43:31.963+0000] {dagbag.py:347} ERROR - Failed to import: /opt/airflow/dags/data_lake_pipeline.py
Traceback (most recent call last):
  File "/home/airflow/.local/lib/python3.8/site-packages/airflow/models/dagbag.py", line 343, in parse
    loader.exec_module(new_module)
  File "<frozen importlib._bootstrap_external>", line 843, in exec_module
  File "<frozen importlib._bootstrap>", line 219, in _call_with_frames_removed
  File "/opt/airflow/dags/data_lake_pipeline.py", line 4, in <module>
    from src.load_to_staging import download_wikitext, clean_split, create_mysql_connection
ModuleNotFoundError: No module named 'src'
[2026-05-25T10:43:31.964+0000] {processor.py:841} WARNING - No viable dags retrieved from /opt/airflow/dags/data_lake_pipeline.py
[2026-05-25T10:43:31.986+0000] {processor.py:179} INFO - Processing /opt/airflow/dags/data_lake_pipeline.py took 0.039 seconds
[2026-05-25T10:44:02.273+0000] {processor.py:157} INFO - Started process (PID=377) to work on /opt/airflow/dags/data_lake_pipeline.py
[2026-05-25T10:44:02.275+0000] {processor.py:829} INFO - Processing file /opt/airflow/dags/data_lake_pipeline.py for tasks to queue
[2026-05-25T10:44:02.276+0000] {logging_mixin.py:151} INFO - [2026-05-25T10:44:02.276+0000] {dagbag.py:539} INFO - Filling up the DagBag from /opt/airflow/dags/data_lake_pipeline.py
[2026-05-25T10:44:02.290+0000] {logging_mixin.py:151} INFO - [2026-05-25T10:44:02.289+0000] {dagbag.py:347} ERROR - Failed to import: /opt/airflow/dags/data_lake_pipeline.py
Traceback (most recent call last):
  File "/home/airflow/.local/lib/python3.8/site-packages/airflow/models/dagbag.py", line 343, in parse
    loader.exec_module(new_module)
  File "<frozen importlib._bootstrap_external>", line 843, in exec_module
  File "<frozen importlib._bootstrap>", line 219, in _call_with_frames_removed
  File "/opt/airflow/dags/data_lake_pipeline.py", line 4, in <module>
    from src.load_to_staging import download_wikitext, clean_split, create_mysql_connection
ModuleNotFoundError: No module named 'src'
[2026-05-25T10:44:02.290+0000] {processor.py:841} WARNING - No viable dags retrieved from /opt/airflow/dags/data_lake_pipeline.py
[2026-05-25T10:44:02.307+0000] {processor.py:179} INFO - Processing /opt/airflow/dags/data_lake_pipeline.py took 0.039 seconds
[2026-05-25T10:44:32.671+0000] {processor.py:157} INFO - Started process (PID=387) to work on /opt/airflow/dags/data_lake_pipeline.py
[2026-05-25T10:44:32.672+0000] {processor.py:829} INFO - Processing file /opt/airflow/dags/data_lake_pipeline.py for tasks to queue
[2026-05-25T10:44:32.673+0000] {logging_mixin.py:151} INFO - [2026-05-25T10:44:32.672+0000] {dagbag.py:539} INFO - Filling up the DagBag from /opt/airflow/dags/data_lake_pipeline.py
[2026-05-25T10:44:32.682+0000] {logging_mixin.py:151} INFO - [2026-05-25T10:44:32.680+0000] {dagbag.py:347} ERROR - Failed to import: /opt/airflow/dags/data_lake_pipeline.py
Traceback (most recent call last):
  File "/home/airflow/.local/lib/python3.8/site-packages/airflow/models/dagbag.py", line 343, in parse
    loader.exec_module(new_module)
  File "<frozen importlib._bootstrap_external>", line 843, in exec_module
  File "<frozen importlib._bootstrap>", line 219, in _call_with_frames_removed
  File "/opt/airflow/dags/data_lake_pipeline.py", line 4, in <module>
    from src.load_to_staging import download_wikitext, clean_split, create_mysql_connection
ModuleNotFoundError: No module named 'src'
[2026-05-25T10:44:32.682+0000] {processor.py:841} WARNING - No viable dags retrieved from /opt/airflow/dags/data_lake_pipeline.py
[2026-05-25T10:44:32.698+0000] {processor.py:179} INFO - Processing /opt/airflow/dags/data_lake_pipeline.py took 0.031 seconds
[2026-05-25T10:45:02.975+0000] {processor.py:157} INFO - Started process (PID=397) to work on /opt/airflow/dags/data_lake_pipeline.py
[2026-05-25T10:45:02.977+0000] {processor.py:829} INFO - Processing file /opt/airflow/dags/data_lake_pipeline.py for tasks to queue
[2026-05-25T10:45:02.978+0000] {logging_mixin.py:151} INFO - [2026-05-25T10:45:02.978+0000] {dagbag.py:539} INFO - Filling up the DagBag from /opt/airflow/dags/data_lake_pipeline.py
[2026-05-25T10:45:02.990+0000] {logging_mixin.py:151} INFO - [2026-05-25T10:45:02.988+0000] {dagbag.py:347} ERROR - Failed to import: /opt/airflow/dags/data_lake_pipeline.py
Traceback (most recent call last):
  File "/home/airflow/.local/lib/python3.8/site-packages/airflow/models/dagbag.py", line 343, in parse
    loader.exec_module(new_module)
  File "<frozen importlib._bootstrap_external>", line 843, in exec_module
  File "<frozen importlib._bootstrap>", line 219, in _call_with_frames_removed
  File "/opt/airflow/dags/data_lake_pipeline.py", line 4, in <module>
    from src.load_to_staging import download_wikitext, clean_split, create_mysql_connection
ModuleNotFoundError: No module named 'src'
[2026-05-25T10:45:02.990+0000] {processor.py:841} WARNING - No viable dags retrieved from /opt/airflow/dags/data_lake_pipeline.py
[2026-05-25T10:45:03.011+0000] {processor.py:179} INFO - Processing /opt/airflow/dags/data_lake_pipeline.py took 0.041 seconds
[2026-05-25T10:45:33.280+0000] {processor.py:157} INFO - Started process (PID=407) to work on /opt/airflow/dags/data_lake_pipeline.py
[2026-05-25T10:45:33.281+0000] {processor.py:829} INFO - Processing file /opt/airflow/dags/data_lake_pipeline.py for tasks to queue
[2026-05-25T10:45:33.282+0000] {logging_mixin.py:151} INFO - [2026-05-25T10:45:33.282+0000] {dagbag.py:539} INFO - Filling up the DagBag from /opt/airflow/dags/data_lake_pipeline.py
[2026-05-25T10:45:33.291+0000] {logging_mixin.py:151} INFO - [2026-05-25T10:45:33.289+0000] {dagbag.py:347} ERROR - Failed to import: /opt/airflow/dags/data_lake_pipeline.py
Traceback (most recent call last):
  File "/home/airflow/.local/lib/python3.8/site-packages/airflow/models/dagbag.py", line 343, in parse
    loader.exec_module(new_module)
  File "<frozen importlib._bootstrap_external>", line 843, in exec_module
  File "<frozen importlib._bootstrap>", line 219, in _call_with_frames_removed
  File "/opt/airflow/dags/data_lake_pipeline.py", line 4, in <module>
    from src.load_to_staging import download_wikitext, clean_split, create_mysql_connection
ModuleNotFoundError: No module named 'src'
[2026-05-25T10:45:33.291+0000] {processor.py:841} WARNING - No viable dags retrieved from /opt/airflow/dags/data_lake_pipeline.py
[2026-05-25T10:45:33.307+0000] {processor.py:179} INFO - Processing /opt/airflow/dags/data_lake_pipeline.py took 0.031 seconds
[2026-05-25T10:46:03.614+0000] {processor.py:157} INFO - Started process (PID=417) to work on /opt/airflow/dags/data_lake_pipeline.py
[2026-05-25T10:46:03.615+0000] {processor.py:829} INFO - Processing file /opt/airflow/dags/data_lake_pipeline.py for tasks to queue
[2026-05-25T10:46:03.616+0000] {logging_mixin.py:151} INFO - [2026-05-25T10:46:03.616+0000] {dagbag.py:539} INFO - Filling up the DagBag from /opt/airflow/dags/data_lake_pipeline.py
[2026-05-25T10:46:03.624+0000] {logging_mixin.py:151} INFO - [2026-05-25T10:46:03.623+0000] {dagbag.py:347} ERROR - Failed to import: /opt/airflow/dags/data_lake_pipeline.py
Traceback (most recent call last):
  File "/home/airflow/.local/lib/python3.8/site-packages/airflow/models/dagbag.py", line 343, in parse
    loader.exec_module(new_module)
  File "<frozen importlib._bootstrap_external>", line 843, in exec_module
  File "<frozen importlib._bootstrap>", line 219, in _call_with_frames_removed
  File "/opt/airflow/dags/data_lake_pipeline.py", line 4, in <module>
    from src.load_to_staging import download_wikitext, clean_split, create_mysql_connection
ModuleNotFoundError: No module named 'src'
[2026-05-25T10:46:03.625+0000] {processor.py:841} WARNING - No viable dags retrieved from /opt/airflow/dags/data_lake_pipeline.py
[2026-05-25T10:46:03.641+0000] {processor.py:179} INFO - Processing /opt/airflow/dags/data_lake_pipeline.py took 0.032 seconds
[2026-05-25T10:46:33.980+0000] {processor.py:157} INFO - Started process (PID=427) to work on /opt/airflow/dags/data_lake_pipeline.py
[2026-05-25T10:46:33.981+0000] {processor.py:829} INFO - Processing file /opt/airflow/dags/data_lake_pipeline.py for tasks to queue
[2026-05-25T10:46:33.982+0000] {logging_mixin.py:151} INFO - [2026-05-25T10:46:33.982+0000] {dagbag.py:539} INFO - Filling up the DagBag from /opt/airflow/dags/data_lake_pipeline.py
[2026-05-25T10:46:33.992+0000] {logging_mixin.py:151} INFO - [2026-05-25T10:46:33.990+0000] {dagbag.py:347} ERROR - Failed to import: /opt/airflow/dags/data_lake_pipeline.py
Traceback (most recent call last):
  File "/home/airflow/.local/lib/python3.8/site-packages/airflow/models/dagbag.py", line 343, in parse
    loader.exec_module(new_module)
  File "<frozen importlib._bootstrap_external>", line 843, in exec_module
  File "<frozen importlib._bootstrap>", line 219, in _call_with_frames_removed
  File "/opt/airflow/dags/data_lake_pipeline.py", line 4, in <module>
    from src.load_to_staging import download_wikitext, clean_split, create_mysql_connection
ModuleNotFoundError: No module named 'src'
[2026-05-25T10:46:33.992+0000] {processor.py:841} WARNING - No viable dags retrieved from /opt/airflow/dags/data_lake_pipeline.py
[2026-05-25T10:46:34.011+0000] {processor.py:179} INFO - Processing /opt/airflow/dags/data_lake_pipeline.py took 0.034 seconds
[2026-05-25T10:46:47.110+0000] {processor.py:157} INFO - Started process (PID=437) to work on /opt/airflow/dags/data_lake_pipeline.py
[2026-05-25T10:46:47.111+0000] {processor.py:829} INFO - Processing file /opt/airflow/dags/data_lake_pipeline.py for tasks to queue
[2026-05-25T10:46:47.113+0000] {logging_mixin.py:151} INFO - [2026-05-25T10:46:47.112+0000] {dagbag.py:539} INFO - Filling up the DagBag from /opt/airflow/dags/data_lake_pipeline.py
[2026-05-25T10:46:47.125+0000] {logging_mixin.py:151} INFO - [2026-05-25T10:46:47.124+0000] {dagbag.py:347} ERROR - Failed to import: /opt/airflow/dags/data_lake_pipeline.py
Traceback (most recent call last):
  File "/home/airflow/.local/lib/python3.8/site-packages/airflow/models/dagbag.py", line 343, in parse
    loader.exec_module(new_module)
  File "<frozen importlib._bootstrap_external>", line 843, in exec_module
  File "<frozen importlib._bootstrap>", line 219, in _call_with_frames_removed
  File "/opt/airflow/dags/data_lake_pipeline.py", line 4, in <module>
    from src.load_to_staging import download_wikitext, clean_split, create_mysql_connection
ModuleNotFoundError: No module named 'src'
[2026-05-25T10:46:47.125+0000] {processor.py:841} WARNING - No viable dags retrieved from /opt/airflow/dags/data_lake_pipeline.py
[2026-05-25T10:46:47.142+0000] {processor.py:179} INFO - Processing /opt/airflow/dags/data_lake_pipeline.py took 0.037 seconds
[2026-05-25T10:46:58.221+0000] {processor.py:157} INFO - Started process (PID=442) to work on /opt/airflow/dags/data_lake_pipeline.py
[2026-05-25T10:46:58.223+0000] {processor.py:829} INFO - Processing file /opt/airflow/dags/data_lake_pipeline.py for tasks to queue
[2026-05-25T10:46:58.224+0000] {logging_mixin.py:151} INFO - [2026-05-25T10:46:58.223+0000] {dagbag.py:539} INFO - Filling up the DagBag from /opt/airflow/dags/data_lake_pipeline.py
[2026-05-25T10:46:58.228+0000] {logging_mixin.py:151} INFO - [2026-05-25T10:46:58.227+0000] {dagbag.py:347} ERROR - Failed to import: /opt/airflow/dags/data_lake_pipeline.py
Traceback (most recent call last):
  File "/home/airflow/.local/lib/python3.8/site-packages/airflow/models/dagbag.py", line 343, in parse
    loader.exec_module(new_module)
  File "<frozen importlib._bootstrap_external>", line 839, in exec_module
  File "<frozen importlib._bootstrap_external>", line 976, in get_code
  File "<frozen importlib._bootstrap_external>", line 906, in source_to_code
  File "<frozen importlib._bootstrap>", line 219, in _call_with_frames_removed
  File "/opt/airflow/dags/data_lake_pipeline.py", line 21
    print("Erreur lors du chargement du dataset.")a
                                                  ^
SyntaxError: invalid syntax
[2026-05-25T10:46:58.228+0000] {processor.py:841} WARNING - No viable dags retrieved from /opt/airflow/dags/data_lake_pipeline.py
[2026-05-25T10:46:58.245+0000] {processor.py:179} INFO - Processing /opt/airflow/dags/data_lake_pipeline.py took 0.028 seconds
[2026-05-25T10:47:28.514+0000] {processor.py:157} INFO - Started process (PID=452) to work on /opt/airflow/dags/data_lake_pipeline.py
[2026-05-25T10:47:28.517+0000] {processor.py:829} INFO - Processing file /opt/airflow/dags/data_lake_pipeline.py for tasks to queue
[2026-05-25T10:47:28.517+0000] {logging_mixin.py:151} INFO - [2026-05-25T10:47:28.517+0000] {dagbag.py:539} INFO - Filling up the DagBag from /opt/airflow/dags/data_lake_pipeline.py
[2026-05-25T10:47:28.523+0000] {logging_mixin.py:151} INFO - [2026-05-25T10:47:28.521+0000] {dagbag.py:347} ERROR - Failed to import: /opt/airflow/dags/data_lake_pipeline.py
Traceback (most recent call last):
  File "/home/airflow/.local/lib/python3.8/site-packages/airflow/models/dagbag.py", line 343, in parse
    loader.exec_module(new_module)
  File "<frozen importlib._bootstrap_external>", line 839, in exec_module
  File "<frozen importlib._bootstrap_external>", line 976, in get_code
  File "<frozen importlib._bootstrap_external>", line 906, in source_to_code
  File "<frozen importlib._bootstrap>", line 219, in _call_with_frames_removed
  File "/opt/airflow/dags/data_lake_pipeline.py", line 21
    print("Erreur lors du chargement du dataset.")a
                                                  ^
SyntaxError: invalid syntax
[2026-05-25T10:47:28.523+0000] {processor.py:841} WARNING - No viable dags retrieved from /opt/airflow/dags/data_lake_pipeline.py
[2026-05-25T10:47:28.541+0000] {processor.py:179} INFO - Processing /opt/airflow/dags/data_lake_pipeline.py took 0.031 seconds
[2026-05-25T10:47:58.821+0000] {processor.py:157} INFO - Started process (PID=462) to work on /opt/airflow/dags/data_lake_pipeline.py
[2026-05-25T10:47:58.823+0000] {processor.py:829} INFO - Processing file /opt/airflow/dags/data_lake_pipeline.py for tasks to queue
[2026-05-25T10:47:58.824+0000] {logging_mixin.py:151} INFO - [2026-05-25T10:47:58.824+0000] {dagbag.py:539} INFO - Filling up the DagBag from /opt/airflow/dags/data_lake_pipeline.py
[2026-05-25T10:47:58.830+0000] {logging_mixin.py:151} INFO - [2026-05-25T10:47:58.828+0000] {dagbag.py:347} ERROR - Failed to import: /opt/airflow/dags/data_lake_pipeline.py
Traceback (most recent call last):
  File "/home/airflow/.local/lib/python3.8/site-packages/airflow/models/dagbag.py", line 343, in parse
    loader.exec_module(new_module)
  File "<frozen importlib._bootstrap_external>", line 839, in exec_module
  File "<frozen importlib._bootstrap_external>", line 976, in get_code
  File "<frozen importlib._bootstrap_external>", line 906, in source_to_code
  File "<frozen importlib._bootstrap>", line 219, in _call_with_frames_removed
  File "/opt/airflow/dags/data_lake_pipeline.py", line 21
    print("Erreur lors du chargement du dataset.")a
                                                  ^
SyntaxError: invalid syntax
[2026-05-25T10:47:58.830+0000] {processor.py:841} WARNING - No viable dags retrieved from /opt/airflow/dags/data_lake_pipeline.py
[2026-05-25T10:47:58.848+0000] {processor.py:179} INFO - Processing /opt/airflow/dags/data_lake_pipeline.py took 0.030 seconds
[2026-05-25T10:48:29.113+0000] {processor.py:157} INFO - Started process (PID=472) to work on /opt/airflow/dags/data_lake_pipeline.py
[2026-05-25T10:48:29.116+0000] {processor.py:829} INFO - Processing file /opt/airflow/dags/data_lake_pipeline.py for tasks to queue
[2026-05-25T10:48:29.117+0000] {logging_mixin.py:151} INFO - [2026-05-25T10:48:29.116+0000] {dagbag.py:539} INFO - Filling up the DagBag from /opt/airflow/dags/data_lake_pipeline.py
[2026-05-25T10:48:29.122+0000] {logging_mixin.py:151} INFO - [2026-05-25T10:48:29.121+0000] {dagbag.py:347} ERROR - Failed to import: /opt/airflow/dags/data_lake_pipeline.py
Traceback (most recent call last):
  File "/home/airflow/.local/lib/python3.8/site-packages/airflow/models/dagbag.py", line 343, in parse
    loader.exec_module(new_module)
  File "<frozen importlib._bootstrap_external>", line 839, in exec_module
  File "<frozen importlib._bootstrap_external>", line 976, in get_code
  File "<frozen importlib._bootstrap_external>", line 906, in source_to_code
  File "<frozen importlib._bootstrap>", line 219, in _call_with_frames_removed
  File "/opt/airflow/dags/data_lake_pipeline.py", line 21
    print("Erreur lors du chargement du dataset.")a
                                                  ^
SyntaxError: invalid syntax
[2026-05-25T10:48:29.123+0000] {processor.py:841} WARNING - No viable dags retrieved from /opt/airflow/dags/data_lake_pipeline.py
[2026-05-25T10:48:29.142+0000] {processor.py:179} INFO - Processing /opt/airflow/dags/data_lake_pipeline.py took 0.034 seconds
[2026-05-25T10:48:59.460+0000] {processor.py:157} INFO - Started process (PID=482) to work on /opt/airflow/dags/data_lake_pipeline.py
[2026-05-25T10:48:59.463+0000] {processor.py:829} INFO - Processing file /opt/airflow/dags/data_lake_pipeline.py for tasks to queue
[2026-05-25T10:48:59.464+0000] {logging_mixin.py:151} INFO - [2026-05-25T10:48:59.463+0000] {dagbag.py:539} INFO - Filling up the DagBag from /opt/airflow/dags/data_lake_pipeline.py
[2026-05-25T10:48:59.472+0000] {logging_mixin.py:151} INFO - [2026-05-25T10:48:59.470+0000] {dagbag.py:347} ERROR - Failed to import: /opt/airflow/dags/data_lake_pipeline.py
Traceback (most recent call last):
  File "/home/airflow/.local/lib/python3.8/site-packages/airflow/models/dagbag.py", line 343, in parse
    loader.exec_module(new_module)
  File "<frozen importlib._bootstrap_external>", line 839, in exec_module
  File "<frozen importlib._bootstrap_external>", line 976, in get_code
  File "<frozen importlib._bootstrap_external>", line 906, in source_to_code
  File "<frozen importlib._bootstrap>", line 219, in _call_with_frames_removed
  File "/opt/airflow/dags/data_lake_pipeline.py", line 21
    print("Erreur lors du chargement du dataset.")a
                                                  ^
SyntaxError: invalid syntax
[2026-05-25T10:48:59.472+0000] {processor.py:841} WARNING - No viable dags retrieved from /opt/airflow/dags/data_lake_pipeline.py
[2026-05-25T10:48:59.495+0000] {processor.py:179} INFO - Processing /opt/airflow/dags/data_lake_pipeline.py took 0.041 seconds
[2026-05-25T10:49:29.736+0000] {processor.py:157} INFO - Started process (PID=492) to work on /opt/airflow/dags/data_lake_pipeline.py
[2026-05-25T10:49:29.738+0000] {processor.py:829} INFO - Processing file /opt/airflow/dags/data_lake_pipeline.py for tasks to queue
[2026-05-25T10:49:29.738+0000] {logging_mixin.py:151} INFO - [2026-05-25T10:49:29.738+0000] {dagbag.py:539} INFO - Filling up the DagBag from /opt/airflow/dags/data_lake_pipeline.py
[2026-05-25T10:49:29.741+0000] {logging_mixin.py:151} INFO - [2026-05-25T10:49:29.740+0000] {dagbag.py:347} ERROR - Failed to import: /opt/airflow/dags/data_lake_pipeline.py
Traceback (most recent call last):
  File "/home/airflow/.local/lib/python3.8/site-packages/airflow/models/dagbag.py", line 343, in parse
    loader.exec_module(new_module)
  File "<frozen importlib._bootstrap_external>", line 839, in exec_module
  File "<frozen importlib._bootstrap_external>", line 976, in get_code
  File "<frozen importlib._bootstrap_external>", line 906, in source_to_code
  File "<frozen importlib._bootstrap>", line 219, in _call_with_frames_removed
  File "/opt/airflow/dags/data_lake_pipeline.py", line 21
    print("Erreur lors du chargement du dataset.")a
                                                  ^
SyntaxError: invalid syntax
[2026-05-25T10:49:29.741+0000] {processor.py:841} WARNING - No viable dags retrieved from /opt/airflow/dags/data_lake_pipeline.py
[2026-05-25T10:49:29.752+0000] {processor.py:179} INFO - Processing /opt/airflow/dags/data_lake_pipeline.py took 0.018 seconds
[2026-05-25T10:50:00.021+0000] {processor.py:157} INFO - Started process (PID=502) to work on /opt/airflow/dags/data_lake_pipeline.py
[2026-05-25T10:50:00.022+0000] {processor.py:829} INFO - Processing file /opt/airflow/dags/data_lake_pipeline.py for tasks to queue
[2026-05-25T10:50:00.023+0000] {logging_mixin.py:151} INFO - [2026-05-25T10:50:00.022+0000] {dagbag.py:539} INFO - Filling up the DagBag from /opt/airflow/dags/data_lake_pipeline.py
[2026-05-25T10:50:00.026+0000] {logging_mixin.py:151} INFO - [2026-05-25T10:50:00.025+0000] {dagbag.py:347} ERROR - Failed to import: /opt/airflow/dags/data_lake_pipeline.py
Traceback (most recent call last):
  File "/home/airflow/.local/lib/python3.8/site-packages/airflow/models/dagbag.py", line 343, in parse
    loader.exec_module(new_module)
  File "<frozen importlib._bootstrap_external>", line 839, in exec_module
  File "<frozen importlib._bootstrap_external>", line 976, in get_code
  File "<frozen importlib._bootstrap_external>", line 906, in source_to_code
  File "<frozen importlib._bootstrap>", line 219, in _call_with_frames_removed
  File "/opt/airflow/dags/data_lake_pipeline.py", line 21
    print("Erreur lors du chargement du dataset.")a
                                                  ^
SyntaxError: invalid syntax
[2026-05-25T10:50:00.027+0000] {processor.py:841} WARNING - No viable dags retrieved from /opt/airflow/dags/data_lake_pipeline.py
[2026-05-25T10:50:00.046+0000] {processor.py:179} INFO - Processing /opt/airflow/dags/data_lake_pipeline.py took 0.028 seconds
[2026-05-25T10:50:30.306+0000] {processor.py:157} INFO - Started process (PID=512) to work on /opt/airflow/dags/data_lake_pipeline.py
[2026-05-25T10:50:30.308+0000] {processor.py:829} INFO - Processing file /opt/airflow/dags/data_lake_pipeline.py for tasks to queue
[2026-05-25T10:50:30.309+0000] {logging_mixin.py:151} INFO - [2026-05-25T10:50:30.309+0000] {dagbag.py:539} INFO - Filling up the DagBag from /opt/airflow/dags/data_lake_pipeline.py
[2026-05-25T10:50:30.314+0000] {logging_mixin.py:151} INFO - [2026-05-25T10:50:30.313+0000] {dagbag.py:347} ERROR - Failed to import: /opt/airflow/dags/data_lake_pipeline.py
Traceback (most recent call last):
  File "/home/airflow/.local/lib/python3.8/site-packages/airflow/models/dagbag.py", line 343, in parse
    loader.exec_module(new_module)
  File "<frozen importlib._bootstrap_external>", line 839, in exec_module
  File "<frozen importlib._bootstrap_external>", line 976, in get_code
  File "<frozen importlib._bootstrap_external>", line 906, in source_to_code
  File "<frozen importlib._bootstrap>", line 219, in _call_with_frames_removed
  File "/opt/airflow/dags/data_lake_pipeline.py", line 21
    print("Erreur lors du chargement du dataset.")a
                                                  ^
SyntaxError: invalid syntax
[2026-05-25T10:50:30.315+0000] {processor.py:841} WARNING - No viable dags retrieved from /opt/airflow/dags/data_lake_pipeline.py
[2026-05-25T10:50:30.331+0000] {processor.py:179} INFO - Processing /opt/airflow/dags/data_lake_pipeline.py took 0.029 seconds
[2026-05-25T10:50:56.550+0000] {processor.py:157} INFO - Started process (PID=522) to work on /opt/airflow/dags/data_lake_pipeline.py
[2026-05-25T10:50:56.553+0000] {processor.py:829} INFO - Processing file /opt/airflow/dags/data_lake_pipeline.py for tasks to queue
[2026-05-25T10:50:56.554+0000] {logging_mixin.py:151} INFO - [2026-05-25T10:50:56.554+0000] {dagbag.py:539} INFO - Filling up the DagBag from /opt/airflow/dags/data_lake_pipeline.py
[2026-05-25T10:50:56.568+0000] {logging_mixin.py:151} INFO - [2026-05-25T10:50:56.567+0000] {dagbag.py:347} ERROR - Failed to import: /opt/airflow/dags/data_lake_pipeline.py
Traceback (most recent call last):
  File "/home/airflow/.local/lib/python3.8/site-packages/airflow/models/dagbag.py", line 343, in parse
    loader.exec_module(new_module)
  File "<frozen importlib._bootstrap_external>", line 843, in exec_module
  File "<frozen importlib._bootstrap>", line 219, in _call_with_frames_removed
  File "/opt/airflow/dags/data_lake_pipeline.py", line 4, in <module>
    from src.load_to_staging import download_wikitext, clean_split, create_mysql_connection
ModuleNotFoundError: No module named 'src'
[2026-05-25T10:50:56.568+0000] {processor.py:841} WARNING - No viable dags retrieved from /opt/airflow/dags/data_lake_pipeline.py
[2026-05-25T10:50:56.583+0000] {processor.py:179} INFO - Processing /opt/airflow/dags/data_lake_pipeline.py took 0.036 seconds
[2026-05-25T10:51:05.646+0000] {processor.py:157} INFO - Started process (PID=527) to work on /opt/airflow/dags/data_lake_pipeline.py
[2026-05-25T10:51:05.647+0000] {processor.py:829} INFO - Processing file /opt/airflow/dags/data_lake_pipeline.py for tasks to queue
[2026-05-25T10:51:05.648+0000] {logging_mixin.py:151} INFO - [2026-05-25T10:51:05.648+0000] {dagbag.py:539} INFO - Filling up the DagBag from /opt/airflow/dags/data_lake_pipeline.py
[2026-05-25T10:51:05.655+0000] {logging_mixin.py:151} INFO - [2026-05-25T10:51:05.654+0000] {dagbag.py:347} ERROR - Failed to import: /opt/airflow/dags/data_lake_pipeline.py
Traceback (most recent call last):
  File "/home/airflow/.local/lib/python3.8/site-packages/airflow/models/dagbag.py", line 343, in parse
    loader.exec_module(new_module)
  File "<frozen importlib._bootstrap_external>", line 843, in exec_module
  File "<frozen importlib._bootstrap>", line 219, in _call_with_frames_removed
  File "/opt/airflow/dags/data_lake_pipeline.py", line 4, in <module>
    from src.load_to_staging import download_wikitext, clean_split, create_mysql_connection
ModuleNotFoundError: No module named 'src'
[2026-05-25T10:51:05.656+0000] {processor.py:841} WARNING - No viable dags retrieved from /opt/airflow/dags/data_lake_pipeline.py
[2026-05-25T10:51:05.668+0000] {processor.py:179} INFO - Processing /opt/airflow/dags/data_lake_pipeline.py took 0.025 seconds
[2026-05-25T10:51:35.945+0000] {processor.py:157} INFO - Started process (PID=537) to work on /opt/airflow/dags/data_lake_pipeline.py
[2026-05-25T10:51:35.947+0000] {processor.py:829} INFO - Processing file /opt/airflow/dags/data_lake_pipeline.py for tasks to queue
[2026-05-25T10:51:35.948+0000] {logging_mixin.py:151} INFO - [2026-05-25T10:51:35.947+0000] {dagbag.py:539} INFO - Filling up the DagBag from /opt/airflow/dags/data_lake_pipeline.py
[2026-05-25T10:51:35.958+0000] {logging_mixin.py:151} INFO - [2026-05-25T10:51:35.957+0000] {dagbag.py:347} ERROR - Failed to import: /opt/airflow/dags/data_lake_pipeline.py
Traceback (most recent call last):
  File "/home/airflow/.local/lib/python3.8/site-packages/airflow/models/dagbag.py", line 343, in parse
    loader.exec_module(new_module)
  File "<frozen importlib._bootstrap_external>", line 843, in exec_module
  File "<frozen importlib._bootstrap>", line 219, in _call_with_frames_removed
  File "/opt/airflow/dags/data_lake_pipeline.py", line 4, in <module>
    from src.load_to_staging import download_wikitext, clean_split, create_mysql_connection
ModuleNotFoundError: No module named 'src'
[2026-05-25T10:51:35.959+0000] {processor.py:841} WARNING - No viable dags retrieved from /opt/airflow/dags/data_lake_pipeline.py
[2026-05-25T10:51:35.979+0000] {processor.py:179} INFO - Processing /opt/airflow/dags/data_lake_pipeline.py took 0.038 seconds
[2026-05-25T10:52:06.248+0000] {processor.py:157} INFO - Started process (PID=547) to work on /opt/airflow/dags/data_lake_pipeline.py
[2026-05-25T10:52:06.249+0000] {processor.py:829} INFO - Processing file /opt/airflow/dags/data_lake_pipeline.py for tasks to queue
[2026-05-25T10:52:06.250+0000] {logging_mixin.py:151} INFO - [2026-05-25T10:52:06.250+0000] {dagbag.py:539} INFO - Filling up the DagBag from /opt/airflow/dags/data_lake_pipeline.py
[2026-05-25T10:52:06.260+0000] {logging_mixin.py:151} INFO - [2026-05-25T10:52:06.259+0000] {dagbag.py:347} ERROR - Failed to import: /opt/airflow/dags/data_lake_pipeline.py
Traceback (most recent call last):
  File "/home/airflow/.local/lib/python3.8/site-packages/airflow/models/dagbag.py", line 343, in parse
    loader.exec_module(new_module)
  File "<frozen importlib._bootstrap_external>", line 843, in exec_module
  File "<frozen importlib._bootstrap>", line 219, in _call_with_frames_removed
  File "/opt/airflow/dags/data_lake_pipeline.py", line 4, in <module>
    from src.load_to_staging import download_wikitext, clean_split, create_mysql_connection
ModuleNotFoundError: No module named 'src'
[2026-05-25T10:52:06.260+0000] {processor.py:841} WARNING - No viable dags retrieved from /opt/airflow/dags/data_lake_pipeline.py
[2026-05-25T10:52:06.278+0000] {processor.py:179} INFO - Processing /opt/airflow/dags/data_lake_pipeline.py took 0.034 seconds
[2026-05-25T10:52:07.273+0000] {processor.py:157} INFO - Started process (PID=552) to work on /opt/airflow/dags/data_lake_pipeline.py
[2026-05-25T10:52:07.274+0000] {processor.py:829} INFO - Processing file /opt/airflow/dags/data_lake_pipeline.py for tasks to queue
[2026-05-25T10:52:07.275+0000] {logging_mixin.py:151} INFO - [2026-05-25T10:52:07.275+0000] {dagbag.py:539} INFO - Filling up the DagBag from /opt/airflow/dags/data_lake_pipeline.py
[2026-05-25T10:52:07.288+0000] {logging_mixin.py:151} INFO - [2026-05-25T10:52:07.286+0000] {dagbag.py:347} ERROR - Failed to import: /opt/airflow/dags/data_lake_pipeline.py
Traceback (most recent call last):
  File "/home/airflow/.local/lib/python3.8/site-packages/airflow/models/dagbag.py", line 343, in parse
    loader.exec_module(new_module)
  File "<frozen importlib._bootstrap_external>", line 843, in exec_module
  File "<frozen importlib._bootstrap>", line 219, in _call_with_frames_removed
  File "/opt/airflow/dags/data_lake_pipeline.py", line 4, in <module>
    from src.load_to_staging import download_wikitext, clean_split, create_mysql_connection
ModuleNotFoundError: No module named 'src'
[2026-05-25T10:52:07.288+0000] {processor.py:841} WARNING - No viable dags retrieved from /opt/airflow/dags/data_lake_pipeline.py
[2026-05-25T10:52:07.302+0000] {processor.py:179} INFO - Processing /opt/airflow/dags/data_lake_pipeline.py took 0.034 seconds
[2026-05-25T10:52:18.433+0000] {processor.py:157} INFO - Started process (PID=562) to work on /opt/airflow/dags/data_lake_pipeline.py
[2026-05-25T10:52:18.436+0000] {processor.py:829} INFO - Processing file /opt/airflow/dags/data_lake_pipeline.py for tasks to queue
[2026-05-25T10:52:18.436+0000] {logging_mixin.py:151} INFO - [2026-05-25T10:52:18.436+0000] {dagbag.py:539} INFO - Filling up the DagBag from /opt/airflow/dags/data_lake_pipeline.py
[2026-05-25T10:52:18.448+0000] {logging_mixin.py:151} INFO - [2026-05-25T10:52:18.447+0000] {dagbag.py:347} ERROR - Failed to import: /opt/airflow/dags/data_lake_pipeline.py
Traceback (most recent call last):
  File "/home/airflow/.local/lib/python3.8/site-packages/airflow/models/dagbag.py", line 343, in parse
    loader.exec_module(new_module)
  File "<frozen importlib._bootstrap_external>", line 843, in exec_module
  File "<frozen importlib._bootstrap>", line 219, in _call_with_frames_removed
  File "/opt/airflow/dags/data_lake_pipeline.py", line 4, in <module>
    from src.load_to_staging import download_wikitext, clean_split, create_mysql_connection
ModuleNotFoundError: No module named 'src'
[2026-05-25T10:52:18.448+0000] {processor.py:841} WARNING - No viable dags retrieved from /opt/airflow/dags/data_lake_pipeline.py
[2026-05-25T10:52:18.463+0000] {processor.py:179} INFO - Processing /opt/airflow/dags/data_lake_pipeline.py took 0.034 seconds
[2026-05-25T10:52:48.740+0000] {processor.py:157} INFO - Started process (PID=572) to work on /opt/airflow/dags/data_lake_pipeline.py
[2026-05-25T10:52:48.742+0000] {processor.py:829} INFO - Processing file /opt/airflow/dags/data_lake_pipeline.py for tasks to queue
[2026-05-25T10:52:48.743+0000] {logging_mixin.py:151} INFO - [2026-05-25T10:52:48.743+0000] {dagbag.py:539} INFO - Filling up the DagBag from /opt/airflow/dags/data_lake_pipeline.py
[2026-05-25T10:52:48.753+0000] {logging_mixin.py:151} INFO - [2026-05-25T10:52:48.751+0000] {dagbag.py:347} ERROR - Failed to import: /opt/airflow/dags/data_lake_pipeline.py
Traceback (most recent call last):
  File "/home/airflow/.local/lib/python3.8/site-packages/airflow/models/dagbag.py", line 343, in parse
    loader.exec_module(new_module)
  File "<frozen importlib._bootstrap_external>", line 843, in exec_module
  File "<frozen importlib._bootstrap>", line 219, in _call_with_frames_removed
  File "/opt/airflow/dags/data_lake_pipeline.py", line 4, in <module>
    from src.load_to_staging import download_wikitext, clean_split, create_mysql_connection
ModuleNotFoundError: No module named 'src'
[2026-05-25T10:52:48.753+0000] {processor.py:841} WARNING - No viable dags retrieved from /opt/airflow/dags/data_lake_pipeline.py
[2026-05-25T10:52:48.768+0000] {processor.py:179} INFO - Processing /opt/airflow/dags/data_lake_pipeline.py took 0.033 seconds
[2026-05-25T10:53:01.864+0000] {processor.py:157} INFO - Started process (PID=577) to work on /opt/airflow/dags/data_lake_pipeline.py
[2026-05-25T10:53:01.865+0000] {processor.py:829} INFO - Processing file /opt/airflow/dags/data_lake_pipeline.py for tasks to queue
[2026-05-25T10:53:01.865+0000] {logging_mixin.py:151} INFO - [2026-05-25T10:53:01.865+0000] {dagbag.py:539} INFO - Filling up the DagBag from /opt/airflow/dags/data_lake_pipeline.py
[2026-05-25T10:53:01.876+0000] {logging_mixin.py:151} INFO - [2026-05-25T10:53:01.875+0000] {dagbag.py:347} ERROR - Failed to import: /opt/airflow/dags/data_lake_pipeline.py
Traceback (most recent call last):
  File "/home/airflow/.local/lib/python3.8/site-packages/airflow/models/dagbag.py", line 343, in parse
    loader.exec_module(new_module)
  File "<frozen importlib._bootstrap_external>", line 843, in exec_module
  File "<frozen importlib._bootstrap>", line 219, in _call_with_frames_removed
  File "/opt/airflow/dags/data_lake_pipeline.py", line 4, in <module>
    from src.load_to_staging import download_wikitext, clean_split, create_mysql_connection, create_table, insert_data
ModuleNotFoundError: No module named 'src'
[2026-05-25T10:53:01.876+0000] {processor.py:841} WARNING - No viable dags retrieved from /opt/airflow/dags/data_lake_pipeline.py
[2026-05-25T10:53:01.894+0000] {processor.py:179} INFO - Processing /opt/airflow/dags/data_lake_pipeline.py took 0.033 seconds
[2026-05-25T10:53:32.122+0000] {processor.py:157} INFO - Started process (PID=587) to work on /opt/airflow/dags/data_lake_pipeline.py
[2026-05-25T10:53:32.125+0000] {processor.py:829} INFO - Processing file /opt/airflow/dags/data_lake_pipeline.py for tasks to queue
[2026-05-25T10:53:32.126+0000] {logging_mixin.py:151} INFO - [2026-05-25T10:53:32.125+0000] {dagbag.py:539} INFO - Filling up the DagBag from /opt/airflow/dags/data_lake_pipeline.py
[2026-05-25T10:53:32.137+0000] {logging_mixin.py:151} INFO - [2026-05-25T10:53:32.135+0000] {dagbag.py:347} ERROR - Failed to import: /opt/airflow/dags/data_lake_pipeline.py
Traceback (most recent call last):
  File "/home/airflow/.local/lib/python3.8/site-packages/airflow/models/dagbag.py", line 343, in parse
    loader.exec_module(new_module)
  File "<frozen importlib._bootstrap_external>", line 843, in exec_module
  File "<frozen importlib._bootstrap>", line 219, in _call_with_frames_removed
  File "/opt/airflow/dags/data_lake_pipeline.py", line 4, in <module>
    from src.load_to_staging import download_wikitext, clean_split, create_mysql_connection, create_table, insert_data
ModuleNotFoundError: No module named 'src'
[2026-05-25T10:53:32.137+0000] {processor.py:841} WARNING - No viable dags retrieved from /opt/airflow/dags/data_lake_pipeline.py
[2026-05-25T10:53:32.154+0000] {processor.py:179} INFO - Processing /opt/airflow/dags/data_lake_pipeline.py took 0.036 seconds
[2026-05-25T10:54:02.469+0000] {processor.py:157} INFO - Started process (PID=597) to work on /opt/airflow/dags/data_lake_pipeline.py
[2026-05-25T10:54:02.471+0000] {processor.py:829} INFO - Processing file /opt/airflow/dags/data_lake_pipeline.py for tasks to queue
[2026-05-25T10:54:02.472+0000] {logging_mixin.py:151} INFO - [2026-05-25T10:54:02.471+0000] {dagbag.py:539} INFO - Filling up the DagBag from /opt/airflow/dags/data_lake_pipeline.py
[2026-05-25T10:54:02.482+0000] {logging_mixin.py:151} INFO - [2026-05-25T10:54:02.481+0000] {dagbag.py:347} ERROR - Failed to import: /opt/airflow/dags/data_lake_pipeline.py
Traceback (most recent call last):
  File "/home/airflow/.local/lib/python3.8/site-packages/airflow/models/dagbag.py", line 343, in parse
    loader.exec_module(new_module)
  File "<frozen importlib._bootstrap_external>", line 843, in exec_module
  File "<frozen importlib._bootstrap>", line 219, in _call_with_frames_removed
  File "/opt/airflow/dags/data_lake_pipeline.py", line 4, in <module>
    from src.load_to_staging import download_wikitext, clean_split, create_mysql_connection, create_table, insert_data
ModuleNotFoundError: No module named 'src'
[2026-05-25T10:54:02.483+0000] {processor.py:841} WARNING - No viable dags retrieved from /opt/airflow/dags/data_lake_pipeline.py
[2026-05-25T10:54:02.500+0000] {processor.py:179} INFO - Processing /opt/airflow/dags/data_lake_pipeline.py took 0.035 seconds
[2026-05-25T10:54:32.804+0000] {processor.py:157} INFO - Started process (PID=607) to work on /opt/airflow/dags/data_lake_pipeline.py
[2026-05-25T10:54:32.806+0000] {processor.py:829} INFO - Processing file /opt/airflow/dags/data_lake_pipeline.py for tasks to queue
[2026-05-25T10:54:32.808+0000] {logging_mixin.py:151} INFO - [2026-05-25T10:54:32.807+0000] {dagbag.py:539} INFO - Filling up the DagBag from /opt/airflow/dags/data_lake_pipeline.py
[2026-05-25T10:54:32.824+0000] {logging_mixin.py:151} INFO - [2026-05-25T10:54:32.822+0000] {dagbag.py:347} ERROR - Failed to import: /opt/airflow/dags/data_lake_pipeline.py
Traceback (most recent call last):
  File "/home/airflow/.local/lib/python3.8/site-packages/airflow/models/dagbag.py", line 343, in parse
    loader.exec_module(new_module)
  File "<frozen importlib._bootstrap_external>", line 843, in exec_module
  File "<frozen importlib._bootstrap>", line 219, in _call_with_frames_removed
  File "/opt/airflow/dags/data_lake_pipeline.py", line 4, in <module>
    from src.load_to_staging import download_wikitext, clean_split, create_mysql_connection, create_table, insert_data
ModuleNotFoundError: No module named 'src'
[2026-05-25T10:54:32.824+0000] {processor.py:841} WARNING - No viable dags retrieved from /opt/airflow/dags/data_lake_pipeline.py
[2026-05-25T10:54:32.848+0000] {processor.py:179} INFO - Processing /opt/airflow/dags/data_lake_pipeline.py took 0.052 seconds
[2026-05-25T10:55:03.091+0000] {processor.py:157} INFO - Started process (PID=617) to work on /opt/airflow/dags/data_lake_pipeline.py
[2026-05-25T10:55:03.093+0000] {processor.py:829} INFO - Processing file /opt/airflow/dags/data_lake_pipeline.py for tasks to queue
[2026-05-25T10:55:03.094+0000] {logging_mixin.py:151} INFO - [2026-05-25T10:55:03.094+0000] {dagbag.py:539} INFO - Filling up the DagBag from /opt/airflow/dags/data_lake_pipeline.py
[2026-05-25T10:55:03.102+0000] {logging_mixin.py:151} INFO - [2026-05-25T10:55:03.101+0000] {dagbag.py:347} ERROR - Failed to import: /opt/airflow/dags/data_lake_pipeline.py
Traceback (most recent call last):
  File "/home/airflow/.local/lib/python3.8/site-packages/airflow/models/dagbag.py", line 343, in parse
    loader.exec_module(new_module)
  File "<frozen importlib._bootstrap_external>", line 843, in exec_module
  File "<frozen importlib._bootstrap>", line 219, in _call_with_frames_removed
  File "/opt/airflow/dags/data_lake_pipeline.py", line 4, in <module>
    from src.load_to_staging import download_wikitext, clean_split, create_mysql_connection, create_table, insert_data
ModuleNotFoundError: No module named 'src'
[2026-05-25T10:55:03.103+0000] {processor.py:841} WARNING - No viable dags retrieved from /opt/airflow/dags/data_lake_pipeline.py
[2026-05-25T10:55:03.119+0000] {processor.py:179} INFO - Processing /opt/airflow/dags/data_lake_pipeline.py took 0.033 seconds
[2026-05-25T10:55:14.226+0000] {processor.py:157} INFO - Started process (PID=622) to work on /opt/airflow/dags/data_lake_pipeline.py
[2026-05-25T10:55:14.228+0000] {processor.py:829} INFO - Processing file /opt/airflow/dags/data_lake_pipeline.py for tasks to queue
[2026-05-25T10:55:14.229+0000] {logging_mixin.py:151} INFO - [2026-05-25T10:55:14.228+0000] {dagbag.py:539} INFO - Filling up the DagBag from /opt/airflow/dags/data_lake_pipeline.py
[2026-05-25T10:55:14.233+0000] {logging_mixin.py:151} INFO - [2026-05-25T10:55:14.232+0000] {dagbag.py:347} ERROR - Failed to import: /opt/airflow/dags/data_lake_pipeline.py
Traceback (most recent call last):
  File "/home/airflow/.local/lib/python3.8/site-packages/airflow/models/dagbag.py", line 343, in parse
    loader.exec_module(new_module)
  File "<frozen importlib._bootstrap_external>", line 839, in exec_module
  File "<frozen importlib._bootstrap_external>", line 976, in get_code
  File "<frozen importlib._bootstrap_external>", line 906, in source_to_code
  File "<frozen importlib._bootstrap>", line 219, in _call_with_frames_removed
  File "/opt/airflow/dags/data_lake_pipeline.py", line 43
    def staging_to_curated()
                           ^
SyntaxError: invalid syntax
[2026-05-25T10:55:14.234+0000] {processor.py:841} WARNING - No viable dags retrieved from /opt/airflow/dags/data_lake_pipeline.py
[2026-05-25T10:55:14.255+0000] {processor.py:179} INFO - Processing /opt/airflow/dags/data_lake_pipeline.py took 0.035 seconds
[2026-05-25T10:55:44.583+0000] {processor.py:157} INFO - Started process (PID=632) to work on /opt/airflow/dags/data_lake_pipeline.py
[2026-05-25T10:55:44.586+0000] {processor.py:829} INFO - Processing file /opt/airflow/dags/data_lake_pipeline.py for tasks to queue
[2026-05-25T10:55:44.587+0000] {logging_mixin.py:151} INFO - [2026-05-25T10:55:44.586+0000] {dagbag.py:539} INFO - Filling up the DagBag from /opt/airflow/dags/data_lake_pipeline.py
[2026-05-25T10:55:44.595+0000] {logging_mixin.py:151} INFO - [2026-05-25T10:55:44.593+0000] {dagbag.py:347} ERROR - Failed to import: /opt/airflow/dags/data_lake_pipeline.py
Traceback (most recent call last):
  File "/home/airflow/.local/lib/python3.8/site-packages/airflow/models/dagbag.py", line 343, in parse
    loader.exec_module(new_module)
  File "<frozen importlib._bootstrap_external>", line 839, in exec_module
  File "<frozen importlib._bootstrap_external>", line 976, in get_code
  File "<frozen importlib._bootstrap_external>", line 906, in source_to_code
  File "<frozen importlib._bootstrap>", line 219, in _call_with_frames_removed
  File "/opt/airflow/dags/data_lake_pipeline.py", line 43
    def staging_to_curated()
                           ^
SyntaxError: invalid syntax
[2026-05-25T10:55:44.595+0000] {processor.py:841} WARNING - No viable dags retrieved from /opt/airflow/dags/data_lake_pipeline.py
[2026-05-25T10:55:44.618+0000] {processor.py:179} INFO - Processing /opt/airflow/dags/data_lake_pipeline.py took 0.042 seconds
[2026-05-25T10:56:14.852+0000] {processor.py:157} INFO - Started process (PID=642) to work on /opt/airflow/dags/data_lake_pipeline.py
[2026-05-25T10:56:14.853+0000] {processor.py:829} INFO - Processing file /opt/airflow/dags/data_lake_pipeline.py for tasks to queue
[2026-05-25T10:56:14.853+0000] {logging_mixin.py:151} INFO - [2026-05-25T10:56:14.853+0000] {dagbag.py:539} INFO - Filling up the DagBag from /opt/airflow/dags/data_lake_pipeline.py
[2026-05-25T10:56:14.856+0000] {logging_mixin.py:151} INFO - [2026-05-25T10:56:14.855+0000] {dagbag.py:347} ERROR - Failed to import: /opt/airflow/dags/data_lake_pipeline.py
Traceback (most recent call last):
  File "/home/airflow/.local/lib/python3.8/site-packages/airflow/models/dagbag.py", line 343, in parse
    loader.exec_module(new_module)
  File "<frozen importlib._bootstrap_external>", line 839, in exec_module
  File "<frozen importlib._bootstrap_external>", line 976, in get_code
  File "<frozen importlib._bootstrap_external>", line 906, in source_to_code
  File "<frozen importlib._bootstrap>", line 219, in _call_with_frames_removed
  File "/opt/airflow/dags/data_lake_pipeline.py", line 43
    def staging_to_curated()
                           ^
SyntaxError: invalid syntax
[2026-05-25T10:56:14.856+0000] {processor.py:841} WARNING - No viable dags retrieved from /opt/airflow/dags/data_lake_pipeline.py
[2026-05-25T10:56:14.868+0000] {processor.py:179} INFO - Processing /opt/airflow/dags/data_lake_pipeline.py took 0.018 seconds
[2026-05-25T10:56:45.115+0000] {processor.py:157} INFO - Started process (PID=652) to work on /opt/airflow/dags/data_lake_pipeline.py
[2026-05-25T10:56:45.117+0000] {processor.py:829} INFO - Processing file /opt/airflow/dags/data_lake_pipeline.py for tasks to queue
[2026-05-25T10:56:45.118+0000] {logging_mixin.py:151} INFO - [2026-05-25T10:56:45.118+0000] {dagbag.py:539} INFO - Filling up the DagBag from /opt/airflow/dags/data_lake_pipeline.py
[2026-05-25T10:56:45.122+0000] {logging_mixin.py:151} INFO - [2026-05-25T10:56:45.121+0000] {dagbag.py:347} ERROR - Failed to import: /opt/airflow/dags/data_lake_pipeline.py
Traceback (most recent call last):
  File "/home/airflow/.local/lib/python3.8/site-packages/airflow/models/dagbag.py", line 343, in parse
    loader.exec_module(new_module)
  File "<frozen importlib._bootstrap_external>", line 839, in exec_module
  File "<frozen importlib._bootstrap_external>", line 976, in get_code
  File "<frozen importlib._bootstrap_external>", line 906, in source_to_code
  File "<frozen importlib._bootstrap>", line 219, in _call_with_frames_removed
  File "/opt/airflow/dags/data_lake_pipeline.py", line 43
    def staging_to_curated()
                           ^
SyntaxError: invalid syntax
[2026-05-25T10:56:45.123+0000] {processor.py:841} WARNING - No viable dags retrieved from /opt/airflow/dags/data_lake_pipeline.py
[2026-05-25T10:56:45.139+0000] {processor.py:179} INFO - Processing /opt/airflow/dags/data_lake_pipeline.py took 0.030 seconds
[2026-05-25T10:57:08.321+0000] {processor.py:157} INFO - Started process (PID=662) to work on /opt/airflow/dags/data_lake_pipeline.py
[2026-05-25T10:57:08.323+0000] {processor.py:829} INFO - Processing file /opt/airflow/dags/data_lake_pipeline.py for tasks to queue
[2026-05-25T10:57:08.324+0000] {logging_mixin.py:151} INFO - [2026-05-25T10:57:08.324+0000] {dagbag.py:539} INFO - Filling up the DagBag from /opt/airflow/dags/data_lake_pipeline.py
[2026-05-25T10:57:08.337+0000] {logging_mixin.py:151} INFO - [2026-05-25T10:57:08.336+0000] {dagbag.py:347} ERROR - Failed to import: /opt/airflow/dags/data_lake_pipeline.py
Traceback (most recent call last):
  File "/home/airflow/.local/lib/python3.8/site-packages/airflow/models/dagbag.py", line 343, in parse
    loader.exec_module(new_module)
  File "<frozen importlib._bootstrap_external>", line 843, in exec_module
  File "<frozen importlib._bootstrap>", line 219, in _call_with_frames_removed
  File "/opt/airflow/dags/data_lake_pipeline.py", line 4, in <module>
    import src.load_to_staging as load_to_staging
ModuleNotFoundError: No module named 'src'
[2026-05-25T10:57:08.338+0000] {processor.py:841} WARNING - No viable dags retrieved from /opt/airflow/dags/data_lake_pipeline.py
[2026-05-25T10:57:08.354+0000] {processor.py:179} INFO - Processing /opt/airflow/dags/data_lake_pipeline.py took 0.037 seconds
[2026-05-25T10:57:13.365+0000] {processor.py:157} INFO - Started process (PID=667) to work on /opt/airflow/dags/data_lake_pipeline.py
[2026-05-25T10:57:13.366+0000] {processor.py:829} INFO - Processing file /opt/airflow/dags/data_lake_pipeline.py for tasks to queue
[2026-05-25T10:57:13.367+0000] {logging_mixin.py:151} INFO - [2026-05-25T10:57:13.367+0000] {dagbag.py:539} INFO - Filling up the DagBag from /opt/airflow/dags/data_lake_pipeline.py
[2026-05-25T10:57:13.374+0000] {logging_mixin.py:151} INFO - [2026-05-25T10:57:13.374+0000] {dagbag.py:347} ERROR - Failed to import: /opt/airflow/dags/data_lake_pipeline.py
Traceback (most recent call last):
  File "/home/airflow/.local/lib/python3.8/site-packages/airflow/models/dagbag.py", line 343, in parse
    loader.exec_module(new_module)
  File "<frozen importlib._bootstrap_external>", line 843, in exec_module
  File "<frozen importlib._bootstrap>", line 219, in _call_with_frames_removed
  File "/opt/airflow/dags/data_lake_pipeline.py", line 4, in <module>
    import src.load_to_staging as load_to_staging
ModuleNotFoundError: No module named 'src'
[2026-05-25T10:57:13.375+0000] {processor.py:841} WARNING - No viable dags retrieved from /opt/airflow/dags/data_lake_pipeline.py
[2026-05-25T10:57:13.388+0000] {processor.py:179} INFO - Processing /opt/airflow/dags/data_lake_pipeline.py took 0.027 seconds
[2026-05-25T10:57:43.673+0000] {processor.py:157} INFO - Started process (PID=677) to work on /opt/airflow/dags/data_lake_pipeline.py
[2026-05-25T10:57:43.675+0000] {processor.py:829} INFO - Processing file /opt/airflow/dags/data_lake_pipeline.py for tasks to queue
[2026-05-25T10:57:43.676+0000] {logging_mixin.py:151} INFO - [2026-05-25T10:57:43.676+0000] {dagbag.py:539} INFO - Filling up the DagBag from /opt/airflow/dags/data_lake_pipeline.py
[2026-05-25T10:57:43.689+0000] {logging_mixin.py:151} INFO - [2026-05-25T10:57:43.687+0000] {dagbag.py:347} ERROR - Failed to import: /opt/airflow/dags/data_lake_pipeline.py
Traceback (most recent call last):
  File "/home/airflow/.local/lib/python3.8/site-packages/airflow/models/dagbag.py", line 343, in parse
    loader.exec_module(new_module)
  File "<frozen importlib._bootstrap_external>", line 843, in exec_module
  File "<frozen importlib._bootstrap>", line 219, in _call_with_frames_removed
  File "/opt/airflow/dags/data_lake_pipeline.py", line 4, in <module>
    import src.load_to_staging as load_to_staging
ModuleNotFoundError: No module named 'src'
[2026-05-25T10:57:43.689+0000] {processor.py:841} WARNING - No viable dags retrieved from /opt/airflow/dags/data_lake_pipeline.py
[2026-05-25T10:57:43.707+0000] {processor.py:179} INFO - Processing /opt/airflow/dags/data_lake_pipeline.py took 0.038 seconds
[2026-05-25T10:58:14.004+0000] {processor.py:157} INFO - Started process (PID=687) to work on /opt/airflow/dags/data_lake_pipeline.py
[2026-05-25T10:58:14.006+0000] {processor.py:829} INFO - Processing file /opt/airflow/dags/data_lake_pipeline.py for tasks to queue
[2026-05-25T10:58:14.007+0000] {logging_mixin.py:151} INFO - [2026-05-25T10:58:14.006+0000] {dagbag.py:539} INFO - Filling up the DagBag from /opt/airflow/dags/data_lake_pipeline.py
[2026-05-25T10:58:14.017+0000] {logging_mixin.py:151} INFO - [2026-05-25T10:58:14.016+0000] {dagbag.py:347} ERROR - Failed to import: /opt/airflow/dags/data_lake_pipeline.py
Traceback (most recent call last):
  File "/home/airflow/.local/lib/python3.8/site-packages/airflow/models/dagbag.py", line 343, in parse
    loader.exec_module(new_module)
  File "<frozen importlib._bootstrap_external>", line 843, in exec_module
  File "<frozen importlib._bootstrap>", line 219, in _call_with_frames_removed
  File "/opt/airflow/dags/data_lake_pipeline.py", line 4, in <module>
    import src.load_to_staging as load_to_staging
ModuleNotFoundError: No module named 'src'
[2026-05-25T10:58:14.017+0000] {processor.py:841} WARNING - No viable dags retrieved from /opt/airflow/dags/data_lake_pipeline.py
[2026-05-25T10:58:14.035+0000] {processor.py:179} INFO - Processing /opt/airflow/dags/data_lake_pipeline.py took 0.036 seconds
[2026-05-25T10:58:44.307+0000] {processor.py:157} INFO - Started process (PID=697) to work on /opt/airflow/dags/data_lake_pipeline.py
[2026-05-25T10:58:44.310+0000] {processor.py:829} INFO - Processing file /opt/airflow/dags/data_lake_pipeline.py for tasks to queue
[2026-05-25T10:58:44.311+0000] {logging_mixin.py:151} INFO - [2026-05-25T10:58:44.311+0000] {dagbag.py:539} INFO - Filling up the DagBag from /opt/airflow/dags/data_lake_pipeline.py
[2026-05-25T10:58:44.327+0000] {logging_mixin.py:151} INFO - [2026-05-25T10:58:44.325+0000] {dagbag.py:347} ERROR - Failed to import: /opt/airflow/dags/data_lake_pipeline.py
Traceback (most recent call last):
  File "/home/airflow/.local/lib/python3.8/site-packages/airflow/models/dagbag.py", line 343, in parse
    loader.exec_module(new_module)
  File "<frozen importlib._bootstrap_external>", line 843, in exec_module
  File "<frozen importlib._bootstrap>", line 219, in _call_with_frames_removed
  File "/opt/airflow/dags/data_lake_pipeline.py", line 4, in <module>
    import src.load_to_staging as load_to_staging
ModuleNotFoundError: No module named 'src'
[2026-05-25T10:58:44.328+0000] {processor.py:841} WARNING - No viable dags retrieved from /opt/airflow/dags/data_lake_pipeline.py
[2026-05-25T10:58:44.346+0000] {processor.py:179} INFO - Processing /opt/airflow/dags/data_lake_pipeline.py took 0.045 seconds
[2026-05-25T10:59:14.637+0000] {processor.py:157} INFO - Started process (PID=707) to work on /opt/airflow/dags/data_lake_pipeline.py
[2026-05-25T10:59:14.640+0000] {processor.py:829} INFO - Processing file /opt/airflow/dags/data_lake_pipeline.py for tasks to queue
[2026-05-25T10:59:14.641+0000] {logging_mixin.py:151} INFO - [2026-05-25T10:59:14.640+0000] {dagbag.py:539} INFO - Filling up the DagBag from /opt/airflow/dags/data_lake_pipeline.py
[2026-05-25T10:59:14.648+0000] {logging_mixin.py:151} INFO - [2026-05-25T10:59:14.647+0000] {dagbag.py:347} ERROR - Failed to import: /opt/airflow/dags/data_lake_pipeline.py
Traceback (most recent call last):
  File "/home/airflow/.local/lib/python3.8/site-packages/airflow/models/dagbag.py", line 343, in parse
    loader.exec_module(new_module)
  File "<frozen importlib._bootstrap_external>", line 843, in exec_module
  File "<frozen importlib._bootstrap>", line 219, in _call_with_frames_removed
  File "/opt/airflow/dags/data_lake_pipeline.py", line 4, in <module>
    import src.load_to_staging as load_to_staging
ModuleNotFoundError: No module named 'src'
[2026-05-25T10:59:14.648+0000] {processor.py:841} WARNING - No viable dags retrieved from /opt/airflow/dags/data_lake_pipeline.py
[2026-05-25T10:59:14.663+0000] {processor.py:179} INFO - Processing /opt/airflow/dags/data_lake_pipeline.py took 0.030 seconds
[2026-05-25T10:59:36.858+0000] {processor.py:157} INFO - Started process (PID=717) to work on /opt/airflow/dags/data_lake_pipeline.py
[2026-05-25T10:59:36.859+0000] {processor.py:829} INFO - Processing file /opt/airflow/dags/data_lake_pipeline.py for tasks to queue
[2026-05-25T10:59:36.860+0000] {logging_mixin.py:151} INFO - [2026-05-25T10:59:36.860+0000] {dagbag.py:539} INFO - Filling up the DagBag from /opt/airflow/dags/data_lake_pipeline.py
[2026-05-25T10:59:36.873+0000] {logging_mixin.py:151} INFO - [2026-05-25T10:59:36.871+0000] {dagbag.py:347} ERROR - Failed to import: /opt/airflow/dags/data_lake_pipeline.py
Traceback (most recent call last):
  File "/home/airflow/.local/lib/python3.8/site-packages/airflow/models/dagbag.py", line 343, in parse
    loader.exec_module(new_module)
  File "<frozen importlib._bootstrap_external>", line 843, in exec_module
  File "<frozen importlib._bootstrap>", line 219, in _call_with_frames_removed
  File "/opt/airflow/dags/data_lake_pipeline.py", line 4, in <module>
    import src.load_to_staging as load_to_staging
ModuleNotFoundError: No module named 'src'
[2026-05-25T10:59:36.873+0000] {processor.py:841} WARNING - No viable dags retrieved from /opt/airflow/dags/data_lake_pipeline.py
[2026-05-25T10:59:36.894+0000] {processor.py:179} INFO - Processing /opt/airflow/dags/data_lake_pipeline.py took 0.039 seconds
[2026-05-25T11:00:07.123+0000] {processor.py:157} INFO - Started process (PID=727) to work on /opt/airflow/dags/data_lake_pipeline.py
[2026-05-25T11:00:07.124+0000] {processor.py:829} INFO - Processing file /opt/airflow/dags/data_lake_pipeline.py for tasks to queue
[2026-05-25T11:00:07.125+0000] {logging_mixin.py:151} INFO - [2026-05-25T11:00:07.125+0000] {dagbag.py:539} INFO - Filling up the DagBag from /opt/airflow/dags/data_lake_pipeline.py
[2026-05-25T11:00:07.135+0000] {logging_mixin.py:151} INFO - [2026-05-25T11:00:07.133+0000] {dagbag.py:347} ERROR - Failed to import: /opt/airflow/dags/data_lake_pipeline.py
Traceback (most recent call last):
  File "/home/airflow/.local/lib/python3.8/site-packages/airflow/models/dagbag.py", line 343, in parse
    loader.exec_module(new_module)
  File "<frozen importlib._bootstrap_external>", line 843, in exec_module
  File "<frozen importlib._bootstrap>", line 219, in _call_with_frames_removed
  File "/opt/airflow/dags/data_lake_pipeline.py", line 4, in <module>
    import src.load_to_staging as load_to_staging
ModuleNotFoundError: No module named 'src'
[2026-05-25T11:00:07.135+0000] {processor.py:841} WARNING - No viable dags retrieved from /opt/airflow/dags/data_lake_pipeline.py
[2026-05-25T11:00:07.152+0000] {processor.py:179} INFO - Processing /opt/airflow/dags/data_lake_pipeline.py took 0.032 seconds
[2026-05-25T11:00:37.453+0000] {processor.py:157} INFO - Started process (PID=737) to work on /opt/airflow/dags/data_lake_pipeline.py
[2026-05-25T11:00:37.456+0000] {processor.py:829} INFO - Processing file /opt/airflow/dags/data_lake_pipeline.py for tasks to queue
[2026-05-25T11:00:37.457+0000] {logging_mixin.py:151} INFO - [2026-05-25T11:00:37.457+0000] {dagbag.py:539} INFO - Filling up the DagBag from /opt/airflow/dags/data_lake_pipeline.py
[2026-05-25T11:00:37.469+0000] {logging_mixin.py:151} INFO - [2026-05-25T11:00:37.467+0000] {dagbag.py:347} ERROR - Failed to import: /opt/airflow/dags/data_lake_pipeline.py
Traceback (most recent call last):
  File "/home/airflow/.local/lib/python3.8/site-packages/airflow/models/dagbag.py", line 343, in parse
    loader.exec_module(new_module)
  File "<frozen importlib._bootstrap_external>", line 843, in exec_module
  File "<frozen importlib._bootstrap>", line 219, in _call_with_frames_removed
  File "/opt/airflow/dags/data_lake_pipeline.py", line 4, in <module>
    import src.load_to_staging as load_to_staging
ModuleNotFoundError: No module named 'src'
[2026-05-25T11:00:37.469+0000] {processor.py:841} WARNING - No viable dags retrieved from /opt/airflow/dags/data_lake_pipeline.py
[2026-05-25T11:00:37.486+0000] {processor.py:179} INFO - Processing /opt/airflow/dags/data_lake_pipeline.py took 0.037 seconds
[2026-05-25T11:01:07.844+0000] {processor.py:157} INFO - Started process (PID=747) to work on /opt/airflow/dags/data_lake_pipeline.py
[2026-05-25T11:01:07.848+0000] {processor.py:829} INFO - Processing file /opt/airflow/dags/data_lake_pipeline.py for tasks to queue
[2026-05-25T11:01:07.851+0000] {logging_mixin.py:151} INFO - [2026-05-25T11:01:07.849+0000] {dagbag.py:539} INFO - Filling up the DagBag from /opt/airflow/dags/data_lake_pipeline.py
[2026-05-25T11:01:07.913+0000] {logging_mixin.py:151} INFO - [2026-05-25T11:01:07.911+0000] {dagbag.py:347} ERROR - Failed to import: /opt/airflow/dags/data_lake_pipeline.py
Traceback (most recent call last):
  File "/home/airflow/.local/lib/python3.8/site-packages/airflow/models/dagbag.py", line 343, in parse
    loader.exec_module(new_module)
  File "<frozen importlib._bootstrap_external>", line 843, in exec_module
  File "<frozen importlib._bootstrap>", line 219, in _call_with_frames_removed
  File "/opt/airflow/dags/data_lake_pipeline.py", line 4, in <module>
    import src.load_to_staging as load_to_staging
ModuleNotFoundError: No module named 'src'
[2026-05-25T11:01:07.914+0000] {processor.py:841} WARNING - No viable dags retrieved from /opt/airflow/dags/data_lake_pipeline.py
[2026-05-25T11:01:07.926+0000] {processor.py:179} INFO - Processing /opt/airflow/dags/data_lake_pipeline.py took 0.090 seconds
[2026-05-25T11:01:38.128+0000] {processor.py:157} INFO - Started process (PID=757) to work on /opt/airflow/dags/data_lake_pipeline.py
[2026-05-25T11:01:38.129+0000] {processor.py:829} INFO - Processing file /opt/airflow/dags/data_lake_pipeline.py for tasks to queue
[2026-05-25T11:01:38.130+0000] {logging_mixin.py:151} INFO - [2026-05-25T11:01:38.130+0000] {dagbag.py:539} INFO - Filling up the DagBag from /opt/airflow/dags/data_lake_pipeline.py
[2026-05-25T11:01:38.137+0000] {logging_mixin.py:151} INFO - [2026-05-25T11:01:38.136+0000] {dagbag.py:347} ERROR - Failed to import: /opt/airflow/dags/data_lake_pipeline.py
Traceback (most recent call last):
  File "/home/airflow/.local/lib/python3.8/site-packages/airflow/models/dagbag.py", line 343, in parse
    loader.exec_module(new_module)
  File "<frozen importlib._bootstrap_external>", line 843, in exec_module
  File "<frozen importlib._bootstrap>", line 219, in _call_with_frames_removed
  File "/opt/airflow/dags/data_lake_pipeline.py", line 4, in <module>
    import src.load_to_staging as load_to_staging
ModuleNotFoundError: No module named 'src'
[2026-05-25T11:01:38.137+0000] {processor.py:841} WARNING - No viable dags retrieved from /opt/airflow/dags/data_lake_pipeline.py
[2026-05-25T11:01:38.150+0000] {processor.py:179} INFO - Processing /opt/airflow/dags/data_lake_pipeline.py took 0.025 seconds
[2026-05-25T11:02:08.407+0000] {processor.py:157} INFO - Started process (PID=767) to work on /opt/airflow/dags/data_lake_pipeline.py
[2026-05-25T11:02:08.408+0000] {processor.py:829} INFO - Processing file /opt/airflow/dags/data_lake_pipeline.py for tasks to queue
[2026-05-25T11:02:08.409+0000] {logging_mixin.py:151} INFO - [2026-05-25T11:02:08.409+0000] {dagbag.py:539} INFO - Filling up the DagBag from /opt/airflow/dags/data_lake_pipeline.py
[2026-05-25T11:02:08.418+0000] {logging_mixin.py:151} INFO - [2026-05-25T11:02:08.416+0000] {dagbag.py:347} ERROR - Failed to import: /opt/airflow/dags/data_lake_pipeline.py
Traceback (most recent call last):
  File "/home/airflow/.local/lib/python3.8/site-packages/airflow/models/dagbag.py", line 343, in parse
    loader.exec_module(new_module)
  File "<frozen importlib._bootstrap_external>", line 843, in exec_module
  File "<frozen importlib._bootstrap>", line 219, in _call_with_frames_removed
  File "/opt/airflow/dags/data_lake_pipeline.py", line 4, in <module>
    import src.load_to_staging as load_to_staging
ModuleNotFoundError: No module named 'src'
[2026-05-25T11:02:08.419+0000] {processor.py:841} WARNING - No viable dags retrieved from /opt/airflow/dags/data_lake_pipeline.py
[2026-05-25T11:02:08.437+0000] {processor.py:179} INFO - Processing /opt/airflow/dags/data_lake_pipeline.py took 0.033 seconds
[2026-05-25T11:02:38.759+0000] {processor.py:157} INFO - Started process (PID=777) to work on /opt/airflow/dags/data_lake_pipeline.py
[2026-05-25T11:02:38.762+0000] {processor.py:829} INFO - Processing file /opt/airflow/dags/data_lake_pipeline.py for tasks to queue
[2026-05-25T11:02:38.763+0000] {logging_mixin.py:151} INFO - [2026-05-25T11:02:38.763+0000] {dagbag.py:539} INFO - Filling up the DagBag from /opt/airflow/dags/data_lake_pipeline.py
[2026-05-25T11:02:38.784+0000] {logging_mixin.py:151} INFO - [2026-05-25T11:02:38.782+0000] {dagbag.py:347} ERROR - Failed to import: /opt/airflow/dags/data_lake_pipeline.py
Traceback (most recent call last):
  File "/home/airflow/.local/lib/python3.8/site-packages/airflow/models/dagbag.py", line 343, in parse
    loader.exec_module(new_module)
  File "<frozen importlib._bootstrap_external>", line 843, in exec_module
  File "<frozen importlib._bootstrap>", line 219, in _call_with_frames_removed
  File "/opt/airflow/dags/data_lake_pipeline.py", line 4, in <module>
    import src.load_to_staging as load_to_staging
ModuleNotFoundError: No module named 'src'
[2026-05-25T11:02:38.785+0000] {processor.py:841} WARNING - No viable dags retrieved from /opt/airflow/dags/data_lake_pipeline.py
[2026-05-25T11:02:38.805+0000] {processor.py:179} INFO - Processing /opt/airflow/dags/data_lake_pipeline.py took 0.051 seconds
[2026-05-25T11:03:09.082+0000] {processor.py:157} INFO - Started process (PID=787) to work on /opt/airflow/dags/data_lake_pipeline.py
[2026-05-25T11:03:09.084+0000] {processor.py:829} INFO - Processing file /opt/airflow/dags/data_lake_pipeline.py for tasks to queue
[2026-05-25T11:03:09.085+0000] {logging_mixin.py:151} INFO - [2026-05-25T11:03:09.085+0000] {dagbag.py:539} INFO - Filling up the DagBag from /opt/airflow/dags/data_lake_pipeline.py
[2026-05-25T11:03:09.101+0000] {logging_mixin.py:151} INFO - [2026-05-25T11:03:09.098+0000] {dagbag.py:347} ERROR - Failed to import: /opt/airflow/dags/data_lake_pipeline.py
Traceback (most recent call last):
  File "/home/airflow/.local/lib/python3.8/site-packages/airflow/models/dagbag.py", line 343, in parse
    loader.exec_module(new_module)
  File "<frozen importlib._bootstrap_external>", line 843, in exec_module
  File "<frozen importlib._bootstrap>", line 219, in _call_with_frames_removed
  File "/opt/airflow/dags/data_lake_pipeline.py", line 4, in <module>
    import src.load_to_staging as load_to_staging
ModuleNotFoundError: No module named 'src'
[2026-05-25T11:03:09.102+0000] {processor.py:841} WARNING - No viable dags retrieved from /opt/airflow/dags/data_lake_pipeline.py
[2026-05-25T11:03:09.122+0000] {processor.py:179} INFO - Processing /opt/airflow/dags/data_lake_pipeline.py took 0.046 seconds
[2026-05-25T11:03:39.369+0000] {processor.py:157} INFO - Started process (PID=797) to work on /opt/airflow/dags/data_lake_pipeline.py
[2026-05-25T11:03:39.371+0000] {processor.py:829} INFO - Processing file /opt/airflow/dags/data_lake_pipeline.py for tasks to queue
[2026-05-25T11:03:39.373+0000] {logging_mixin.py:151} INFO - [2026-05-25T11:03:39.372+0000] {dagbag.py:539} INFO - Filling up the DagBag from /opt/airflow/dags/data_lake_pipeline.py
[2026-05-25T11:03:39.385+0000] {logging_mixin.py:151} INFO - [2026-05-25T11:03:39.384+0000] {dagbag.py:347} ERROR - Failed to import: /opt/airflow/dags/data_lake_pipeline.py
Traceback (most recent call last):
  File "/home/airflow/.local/lib/python3.8/site-packages/airflow/models/dagbag.py", line 343, in parse
    loader.exec_module(new_module)
  File "<frozen importlib._bootstrap_external>", line 843, in exec_module
  File "<frozen importlib._bootstrap>", line 219, in _call_with_frames_removed
  File "/opt/airflow/dags/data_lake_pipeline.py", line 4, in <module>
    import src.load_to_staging as load_to_staging
ModuleNotFoundError: No module named 'src'
[2026-05-25T11:03:39.386+0000] {processor.py:841} WARNING - No viable dags retrieved from /opt/airflow/dags/data_lake_pipeline.py
[2026-05-25T11:03:39.407+0000] {processor.py:179} INFO - Processing /opt/airflow/dags/data_lake_pipeline.py took 0.046 seconds
[2026-05-25T11:04:09.641+0000] {processor.py:157} INFO - Started process (PID=807) to work on /opt/airflow/dags/data_lake_pipeline.py
[2026-05-25T11:04:09.642+0000] {processor.py:829} INFO - Processing file /opt/airflow/dags/data_lake_pipeline.py for tasks to queue
[2026-05-25T11:04:09.643+0000] {logging_mixin.py:151} INFO - [2026-05-25T11:04:09.643+0000] {dagbag.py:539} INFO - Filling up the DagBag from /opt/airflow/dags/data_lake_pipeline.py
[2026-05-25T11:04:09.656+0000] {logging_mixin.py:151} INFO - [2026-05-25T11:04:09.654+0000] {dagbag.py:347} ERROR - Failed to import: /opt/airflow/dags/data_lake_pipeline.py
Traceback (most recent call last):
  File "/home/airflow/.local/lib/python3.8/site-packages/airflow/models/dagbag.py", line 343, in parse
    loader.exec_module(new_module)
  File "<frozen importlib._bootstrap_external>", line 843, in exec_module
  File "<frozen importlib._bootstrap>", line 219, in _call_with_frames_removed
  File "/opt/airflow/dags/data_lake_pipeline.py", line 4, in <module>
    import src.load_to_staging as load_to_staging
ModuleNotFoundError: No module named 'src'
[2026-05-25T11:04:09.656+0000] {processor.py:841} WARNING - No viable dags retrieved from /opt/airflow/dags/data_lake_pipeline.py
[2026-05-25T11:04:09.671+0000] {processor.py:179} INFO - Processing /opt/airflow/dags/data_lake_pipeline.py took 0.035 seconds
[2026-05-25T11:04:39.932+0000] {processor.py:157} INFO - Started process (PID=817) to work on /opt/airflow/dags/data_lake_pipeline.py
[2026-05-25T11:04:39.935+0000] {processor.py:829} INFO - Processing file /opt/airflow/dags/data_lake_pipeline.py for tasks to queue
[2026-05-25T11:04:39.936+0000] {logging_mixin.py:151} INFO - [2026-05-25T11:04:39.936+0000] {dagbag.py:539} INFO - Filling up the DagBag from /opt/airflow/dags/data_lake_pipeline.py
[2026-05-25T11:04:39.950+0000] {logging_mixin.py:151} INFO - [2026-05-25T11:04:39.948+0000] {dagbag.py:347} ERROR - Failed to import: /opt/airflow/dags/data_lake_pipeline.py
Traceback (most recent call last):
  File "/home/airflow/.local/lib/python3.8/site-packages/airflow/models/dagbag.py", line 343, in parse
    loader.exec_module(new_module)
  File "<frozen importlib._bootstrap_external>", line 843, in exec_module
  File "<frozen importlib._bootstrap>", line 219, in _call_with_frames_removed
  File "/opt/airflow/dags/data_lake_pipeline.py", line 4, in <module>
    import src.load_to_staging as load_to_staging
ModuleNotFoundError: No module named 'src'
[2026-05-25T11:04:39.951+0000] {processor.py:841} WARNING - No viable dags retrieved from /opt/airflow/dags/data_lake_pipeline.py
[2026-05-25T11:04:39.971+0000] {processor.py:179} INFO - Processing /opt/airflow/dags/data_lake_pipeline.py took 0.045 seconds
[2026-05-25T11:05:10.300+0000] {processor.py:157} INFO - Started process (PID=827) to work on /opt/airflow/dags/data_lake_pipeline.py
[2026-05-25T11:05:10.304+0000] {processor.py:829} INFO - Processing file /opt/airflow/dags/data_lake_pipeline.py for tasks to queue
[2026-05-25T11:05:10.305+0000] {logging_mixin.py:151} INFO - [2026-05-25T11:05:10.304+0000] {dagbag.py:539} INFO - Filling up the DagBag from /opt/airflow/dags/data_lake_pipeline.py
[2026-05-25T11:05:10.318+0000] {logging_mixin.py:151} INFO - [2026-05-25T11:05:10.317+0000] {dagbag.py:347} ERROR - Failed to import: /opt/airflow/dags/data_lake_pipeline.py
Traceback (most recent call last):
  File "/home/airflow/.local/lib/python3.8/site-packages/airflow/models/dagbag.py", line 343, in parse
    loader.exec_module(new_module)
  File "<frozen importlib._bootstrap_external>", line 843, in exec_module
  File "<frozen importlib._bootstrap>", line 219, in _call_with_frames_removed
  File "/opt/airflow/dags/data_lake_pipeline.py", line 4, in <module>
    import src.load_to_staging as load_to_staging
ModuleNotFoundError: No module named 'src'
[2026-05-25T11:05:10.319+0000] {processor.py:841} WARNING - No viable dags retrieved from /opt/airflow/dags/data_lake_pipeline.py
[2026-05-25T11:05:10.339+0000] {processor.py:179} INFO - Processing /opt/airflow/dags/data_lake_pipeline.py took 0.045 seconds
[2026-05-25T11:05:40.591+0000] {processor.py:157} INFO - Started process (PID=837) to work on /opt/airflow/dags/data_lake_pipeline.py
[2026-05-25T11:05:40.593+0000] {processor.py:829} INFO - Processing file /opt/airflow/dags/data_lake_pipeline.py for tasks to queue
[2026-05-25T11:05:40.594+0000] {logging_mixin.py:151} INFO - [2026-05-25T11:05:40.594+0000] {dagbag.py:539} INFO - Filling up the DagBag from /opt/airflow/dags/data_lake_pipeline.py
[2026-05-25T11:05:40.610+0000] {logging_mixin.py:151} INFO - [2026-05-25T11:05:40.608+0000] {dagbag.py:347} ERROR - Failed to import: /opt/airflow/dags/data_lake_pipeline.py
Traceback (most recent call last):
  File "/home/airflow/.local/lib/python3.8/site-packages/airflow/models/dagbag.py", line 343, in parse
    loader.exec_module(new_module)
  File "<frozen importlib._bootstrap_external>", line 843, in exec_module
  File "<frozen importlib._bootstrap>", line 219, in _call_with_frames_removed
  File "/opt/airflow/dags/data_lake_pipeline.py", line 4, in <module>
    import src.load_to_staging as load_to_staging
ModuleNotFoundError: No module named 'src'
[2026-05-25T11:05:40.611+0000] {processor.py:841} WARNING - No viable dags retrieved from /opt/airflow/dags/data_lake_pipeline.py
[2026-05-25T11:05:40.634+0000] {processor.py:179} INFO - Processing /opt/airflow/dags/data_lake_pipeline.py took 0.048 seconds
[2026-05-25T11:06:10.905+0000] {processor.py:157} INFO - Started process (PID=847) to work on /opt/airflow/dags/data_lake_pipeline.py
[2026-05-25T11:06:10.907+0000] {processor.py:829} INFO - Processing file /opt/airflow/dags/data_lake_pipeline.py for tasks to queue
[2026-05-25T11:06:10.908+0000] {logging_mixin.py:151} INFO - [2026-05-25T11:06:10.908+0000] {dagbag.py:539} INFO - Filling up the DagBag from /opt/airflow/dags/data_lake_pipeline.py
[2026-05-25T11:06:10.921+0000] {logging_mixin.py:151} INFO - [2026-05-25T11:06:10.920+0000] {dagbag.py:347} ERROR - Failed to import: /opt/airflow/dags/data_lake_pipeline.py
Traceback (most recent call last):
  File "/home/airflow/.local/lib/python3.8/site-packages/airflow/models/dagbag.py", line 343, in parse
    loader.exec_module(new_module)
  File "<frozen importlib._bootstrap_external>", line 843, in exec_module
  File "<frozen importlib._bootstrap>", line 219, in _call_with_frames_removed
  File "/opt/airflow/dags/data_lake_pipeline.py", line 4, in <module>
    import src.load_to_staging as load_to_staging
ModuleNotFoundError: No module named 'src'
[2026-05-25T11:06:10.922+0000] {processor.py:841} WARNING - No viable dags retrieved from /opt/airflow/dags/data_lake_pipeline.py
[2026-05-25T11:06:10.942+0000] {processor.py:179} INFO - Processing /opt/airflow/dags/data_lake_pipeline.py took 0.044 seconds
[2026-05-25T11:06:41.190+0000] {processor.py:157} INFO - Started process (PID=857) to work on /opt/airflow/dags/data_lake_pipeline.py
[2026-05-25T11:06:41.192+0000] {processor.py:829} INFO - Processing file /opt/airflow/dags/data_lake_pipeline.py for tasks to queue
[2026-05-25T11:06:41.193+0000] {logging_mixin.py:151} INFO - [2026-05-25T11:06:41.192+0000] {dagbag.py:539} INFO - Filling up the DagBag from /opt/airflow/dags/data_lake_pipeline.py
[2026-05-25T11:06:41.202+0000] {logging_mixin.py:151} INFO - [2026-05-25T11:06:41.200+0000] {dagbag.py:347} ERROR - Failed to import: /opt/airflow/dags/data_lake_pipeline.py
Traceback (most recent call last):
  File "/home/airflow/.local/lib/python3.8/site-packages/airflow/models/dagbag.py", line 343, in parse
    loader.exec_module(new_module)
  File "<frozen importlib._bootstrap_external>", line 843, in exec_module
  File "<frozen importlib._bootstrap>", line 219, in _call_with_frames_removed
  File "/opt/airflow/dags/data_lake_pipeline.py", line 4, in <module>
    import src.load_to_staging as load_to_staging
ModuleNotFoundError: No module named 'src'
[2026-05-25T11:06:41.202+0000] {processor.py:841} WARNING - No viable dags retrieved from /opt/airflow/dags/data_lake_pipeline.py
[2026-05-25T11:06:41.219+0000] {processor.py:179} INFO - Processing /opt/airflow/dags/data_lake_pipeline.py took 0.032 seconds
[2026-05-25T11:07:11.473+0000] {processor.py:157} INFO - Started process (PID=867) to work on /opt/airflow/dags/data_lake_pipeline.py
[2026-05-25T11:07:11.475+0000] {processor.py:829} INFO - Processing file /opt/airflow/dags/data_lake_pipeline.py for tasks to queue
[2026-05-25T11:07:11.477+0000] {logging_mixin.py:151} INFO - [2026-05-25T11:07:11.476+0000] {dagbag.py:539} INFO - Filling up the DagBag from /opt/airflow/dags/data_lake_pipeline.py
[2026-05-25T11:07:11.488+0000] {logging_mixin.py:151} INFO - [2026-05-25T11:07:11.487+0000] {dagbag.py:347} ERROR - Failed to import: /opt/airflow/dags/data_lake_pipeline.py
Traceback (most recent call last):
  File "/home/airflow/.local/lib/python3.8/site-packages/airflow/models/dagbag.py", line 343, in parse
    loader.exec_module(new_module)
  File "<frozen importlib._bootstrap_external>", line 843, in exec_module
  File "<frozen importlib._bootstrap>", line 219, in _call_with_frames_removed
  File "/opt/airflow/dags/data_lake_pipeline.py", line 4, in <module>
    import src.load_to_staging as load_to_staging
ModuleNotFoundError: No module named 'src'
[2026-05-25T11:07:11.489+0000] {processor.py:841} WARNING - No viable dags retrieved from /opt/airflow/dags/data_lake_pipeline.py
[2026-05-25T11:07:11.509+0000] {processor.py:179} INFO - Processing /opt/airflow/dags/data_lake_pipeline.py took 0.040 seconds
[2026-05-25T11:07:41.761+0000] {processor.py:157} INFO - Started process (PID=877) to work on /opt/airflow/dags/data_lake_pipeline.py
[2026-05-25T11:07:41.763+0000] {processor.py:829} INFO - Processing file /opt/airflow/dags/data_lake_pipeline.py for tasks to queue
[2026-05-25T11:07:41.764+0000] {logging_mixin.py:151} INFO - [2026-05-25T11:07:41.763+0000] {dagbag.py:539} INFO - Filling up the DagBag from /opt/airflow/dags/data_lake_pipeline.py
[2026-05-25T11:07:41.771+0000] {logging_mixin.py:151} INFO - [2026-05-25T11:07:41.770+0000] {dagbag.py:347} ERROR - Failed to import: /opt/airflow/dags/data_lake_pipeline.py
Traceback (most recent call last):
  File "/home/airflow/.local/lib/python3.8/site-packages/airflow/models/dagbag.py", line 343, in parse
    loader.exec_module(new_module)
  File "<frozen importlib._bootstrap_external>", line 843, in exec_module
  File "<frozen importlib._bootstrap>", line 219, in _call_with_frames_removed
  File "/opt/airflow/dags/data_lake_pipeline.py", line 4, in <module>
    import src.load_to_staging as load_to_staging
ModuleNotFoundError: No module named 'src'
[2026-05-25T11:07:41.771+0000] {processor.py:841} WARNING - No viable dags retrieved from /opt/airflow/dags/data_lake_pipeline.py
[2026-05-25T11:07:41.790+0000] {processor.py:179} INFO - Processing /opt/airflow/dags/data_lake_pipeline.py took 0.032 seconds
[2026-05-25T11:08:12.025+0000] {processor.py:157} INFO - Started process (PID=887) to work on /opt/airflow/dags/data_lake_pipeline.py
[2026-05-25T11:08:12.027+0000] {processor.py:829} INFO - Processing file /opt/airflow/dags/data_lake_pipeline.py for tasks to queue
[2026-05-25T11:08:12.028+0000] {logging_mixin.py:151} INFO - [2026-05-25T11:08:12.028+0000] {dagbag.py:539} INFO - Filling up the DagBag from /opt/airflow/dags/data_lake_pipeline.py
[2026-05-25T11:08:12.041+0000] {logging_mixin.py:151} INFO - [2026-05-25T11:08:12.039+0000] {dagbag.py:347} ERROR - Failed to import: /opt/airflow/dags/data_lake_pipeline.py
Traceback (most recent call last):
  File "/home/airflow/.local/lib/python3.8/site-packages/airflow/models/dagbag.py", line 343, in parse
    loader.exec_module(new_module)
  File "<frozen importlib._bootstrap_external>", line 843, in exec_module
  File "<frozen importlib._bootstrap>", line 219, in _call_with_frames_removed
  File "/opt/airflow/dags/data_lake_pipeline.py", line 4, in <module>
    import src.load_to_staging as load_to_staging
ModuleNotFoundError: No module named 'src'
[2026-05-25T11:08:12.041+0000] {processor.py:841} WARNING - No viable dags retrieved from /opt/airflow/dags/data_lake_pipeline.py
[2026-05-25T11:08:12.060+0000] {processor.py:179} INFO - Processing /opt/airflow/dags/data_lake_pipeline.py took 0.040 seconds
[2026-05-25T11:08:42.319+0000] {processor.py:157} INFO - Started process (PID=897) to work on /opt/airflow/dags/data_lake_pipeline.py
[2026-05-25T11:08:42.321+0000] {processor.py:829} INFO - Processing file /opt/airflow/dags/data_lake_pipeline.py for tasks to queue
[2026-05-25T11:08:42.321+0000] {logging_mixin.py:151} INFO - [2026-05-25T11:08:42.321+0000] {dagbag.py:539} INFO - Filling up the DagBag from /opt/airflow/dags/data_lake_pipeline.py
[2026-05-25T11:08:42.338+0000] {logging_mixin.py:151} INFO - [2026-05-25T11:08:42.337+0000] {dagbag.py:347} ERROR - Failed to import: /opt/airflow/dags/data_lake_pipeline.py
Traceback (most recent call last):
  File "/home/airflow/.local/lib/python3.8/site-packages/airflow/models/dagbag.py", line 343, in parse
    loader.exec_module(new_module)
  File "<frozen importlib._bootstrap_external>", line 843, in exec_module
  File "<frozen importlib._bootstrap>", line 219, in _call_with_frames_removed
  File "/opt/airflow/dags/data_lake_pipeline.py", line 4, in <module>
    import src.load_to_staging as load_to_staging
ModuleNotFoundError: No module named 'src'
[2026-05-25T11:08:42.339+0000] {processor.py:841} WARNING - No viable dags retrieved from /opt/airflow/dags/data_lake_pipeline.py
[2026-05-25T11:08:42.371+0000] {processor.py:179} INFO - Processing /opt/airflow/dags/data_lake_pipeline.py took 0.057 seconds
[2026-05-25T11:08:43.335+0000] {processor.py:157} INFO - Started process (PID=902) to work on /opt/airflow/dags/data_lake_pipeline.py
[2026-05-25T11:08:43.336+0000] {processor.py:829} INFO - Processing file /opt/airflow/dags/data_lake_pipeline.py for tasks to queue
[2026-05-25T11:08:43.337+0000] {logging_mixin.py:151} INFO - [2026-05-25T11:08:43.337+0000] {dagbag.py:539} INFO - Filling up the DagBag from /opt/airflow/dags/data_lake_pipeline.py
[2026-05-25T11:08:43.346+0000] {logging_mixin.py:151} INFO - [2026-05-25T11:08:43.345+0000] {dagbag.py:347} ERROR - Failed to import: /opt/airflow/dags/data_lake_pipeline.py
Traceback (most recent call last):
  File "/home/airflow/.local/lib/python3.8/site-packages/airflow/models/dagbag.py", line 343, in parse
    loader.exec_module(new_module)
  File "<frozen importlib._bootstrap_external>", line 843, in exec_module
  File "<frozen importlib._bootstrap>", line 219, in _call_with_frames_removed
  File "/opt/airflow/dags/data_lake_pipeline.py", line 4, in <module>
    import src.load_to_staging as load_to_staging
ModuleNotFoundError: No module named 'src'
[2026-05-25T11:08:43.346+0000] {processor.py:841} WARNING - No viable dags retrieved from /opt/airflow/dags/data_lake_pipeline.py
[2026-05-25T11:08:43.362+0000] {processor.py:179} INFO - Processing /opt/airflow/dags/data_lake_pipeline.py took 0.029 seconds
[2026-05-25T11:09:13.600+0000] {processor.py:157} INFO - Started process (PID=912) to work on /opt/airflow/dags/data_lake_pipeline.py
[2026-05-25T11:09:13.601+0000] {processor.py:829} INFO - Processing file /opt/airflow/dags/data_lake_pipeline.py for tasks to queue
[2026-05-25T11:09:13.601+0000] {logging_mixin.py:151} INFO - [2026-05-25T11:09:13.601+0000] {dagbag.py:539} INFO - Filling up the DagBag from /opt/airflow/dags/data_lake_pipeline.py
[2026-05-25T11:09:13.610+0000] {logging_mixin.py:151} INFO - [2026-05-25T11:09:13.609+0000] {dagbag.py:347} ERROR - Failed to import: /opt/airflow/dags/data_lake_pipeline.py
Traceback (most recent call last):
  File "/home/airflow/.local/lib/python3.8/site-packages/airflow/models/dagbag.py", line 343, in parse
    loader.exec_module(new_module)
  File "<frozen importlib._bootstrap_external>", line 843, in exec_module
  File "<frozen importlib._bootstrap>", line 219, in _call_with_frames_removed
  File "/opt/airflow/dags/data_lake_pipeline.py", line 4, in <module>
    import src.load_to_staging as load_to_staging
ModuleNotFoundError: No module named 'src'
[2026-05-25T11:09:13.611+0000] {processor.py:841} WARNING - No viable dags retrieved from /opt/airflow/dags/data_lake_pipeline.py
[2026-05-25T11:09:13.625+0000] {processor.py:179} INFO - Processing /opt/airflow/dags/data_lake_pipeline.py took 0.028 seconds
[2026-05-25T11:09:43.892+0000] {processor.py:157} INFO - Started process (PID=922) to work on /opt/airflow/dags/data_lake_pipeline.py
[2026-05-25T11:09:43.895+0000] {processor.py:829} INFO - Processing file /opt/airflow/dags/data_lake_pipeline.py for tasks to queue
[2026-05-25T11:09:43.897+0000] {logging_mixin.py:151} INFO - [2026-05-25T11:09:43.896+0000] {dagbag.py:539} INFO - Filling up the DagBag from /opt/airflow/dags/data_lake_pipeline.py
[2026-05-25T11:09:43.909+0000] {logging_mixin.py:151} INFO - [2026-05-25T11:09:43.907+0000] {dagbag.py:347} ERROR - Failed to import: /opt/airflow/dags/data_lake_pipeline.py
Traceback (most recent call last):
  File "/home/airflow/.local/lib/python3.8/site-packages/airflow/models/dagbag.py", line 343, in parse
    loader.exec_module(new_module)
  File "<frozen importlib._bootstrap_external>", line 843, in exec_module
  File "<frozen importlib._bootstrap>", line 219, in _call_with_frames_removed
  File "/opt/airflow/dags/data_lake_pipeline.py", line 4, in <module>
    import src.load_to_staging as load_to_staging
ModuleNotFoundError: No module named 'src'
[2026-05-25T11:09:43.910+0000] {processor.py:841} WARNING - No viable dags retrieved from /opt/airflow/dags/data_lake_pipeline.py
[2026-05-25T11:09:43.930+0000] {processor.py:179} INFO - Processing /opt/airflow/dags/data_lake_pipeline.py took 0.045 seconds
[2026-05-25T11:10:14.212+0000] {processor.py:157} INFO - Started process (PID=932) to work on /opt/airflow/dags/data_lake_pipeline.py
[2026-05-25T11:10:14.214+0000] {processor.py:829} INFO - Processing file /opt/airflow/dags/data_lake_pipeline.py for tasks to queue
[2026-05-25T11:10:14.215+0000] {logging_mixin.py:151} INFO - [2026-05-25T11:10:14.215+0000] {dagbag.py:539} INFO - Filling up the DagBag from /opt/airflow/dags/data_lake_pipeline.py
[2026-05-25T11:10:14.229+0000] {logging_mixin.py:151} INFO - [2026-05-25T11:10:14.227+0000] {dagbag.py:347} ERROR - Failed to import: /opt/airflow/dags/data_lake_pipeline.py
Traceback (most recent call last):
  File "/home/airflow/.local/lib/python3.8/site-packages/airflow/models/dagbag.py", line 343, in parse
    loader.exec_module(new_module)
  File "<frozen importlib._bootstrap_external>", line 843, in exec_module
  File "<frozen importlib._bootstrap>", line 219, in _call_with_frames_removed
  File "/opt/airflow/dags/data_lake_pipeline.py", line 4, in <module>
    import src.load_to_staging as load_to_staging
ModuleNotFoundError: No module named 'src'
[2026-05-25T11:10:14.230+0000] {processor.py:841} WARNING - No viable dags retrieved from /opt/airflow/dags/data_lake_pipeline.py
[2026-05-25T11:10:14.250+0000] {processor.py:179} INFO - Processing /opt/airflow/dags/data_lake_pipeline.py took 0.045 seconds
[2026-05-25T11:10:44.507+0000] {processor.py:157} INFO - Started process (PID=942) to work on /opt/airflow/dags/data_lake_pipeline.py
[2026-05-25T11:10:44.509+0000] {processor.py:829} INFO - Processing file /opt/airflow/dags/data_lake_pipeline.py for tasks to queue
[2026-05-25T11:10:44.510+0000] {logging_mixin.py:151} INFO - [2026-05-25T11:10:44.509+0000] {dagbag.py:539} INFO - Filling up the DagBag from /opt/airflow/dags/data_lake_pipeline.py
[2026-05-25T11:10:44.518+0000] {logging_mixin.py:151} INFO - [2026-05-25T11:10:44.517+0000] {dagbag.py:347} ERROR - Failed to import: /opt/airflow/dags/data_lake_pipeline.py
Traceback (most recent call last):
  File "/home/airflow/.local/lib/python3.8/site-packages/airflow/models/dagbag.py", line 343, in parse
    loader.exec_module(new_module)
  File "<frozen importlib._bootstrap_external>", line 843, in exec_module
  File "<frozen importlib._bootstrap>", line 219, in _call_with_frames_removed
  File "/opt/airflow/dags/data_lake_pipeline.py", line 4, in <module>
    import src.load_to_staging as load_to_staging
ModuleNotFoundError: No module named 'src'
[2026-05-25T11:10:44.519+0000] {processor.py:841} WARNING - No viable dags retrieved from /opt/airflow/dags/data_lake_pipeline.py
[2026-05-25T11:10:44.535+0000] {processor.py:179} INFO - Processing /opt/airflow/dags/data_lake_pipeline.py took 0.032 seconds
[2026-05-25T11:11:14.805+0000] {processor.py:157} INFO - Started process (PID=952) to work on /opt/airflow/dags/data_lake_pipeline.py
[2026-05-25T11:11:14.807+0000] {processor.py:829} INFO - Processing file /opt/airflow/dags/data_lake_pipeline.py for tasks to queue
[2026-05-25T11:11:14.808+0000] {logging_mixin.py:151} INFO - [2026-05-25T11:11:14.808+0000] {dagbag.py:539} INFO - Filling up the DagBag from /opt/airflow/dags/data_lake_pipeline.py
[2026-05-25T11:11:14.819+0000] {logging_mixin.py:151} INFO - [2026-05-25T11:11:14.818+0000] {dagbag.py:347} ERROR - Failed to import: /opt/airflow/dags/data_lake_pipeline.py
Traceback (most recent call last):
  File "/home/airflow/.local/lib/python3.8/site-packages/airflow/models/dagbag.py", line 343, in parse
    loader.exec_module(new_module)
  File "<frozen importlib._bootstrap_external>", line 843, in exec_module
  File "<frozen importlib._bootstrap>", line 219, in _call_with_frames_removed
  File "/opt/airflow/dags/data_lake_pipeline.py", line 4, in <module>
    import src.load_to_staging as load_to_staging
ModuleNotFoundError: No module named 'src'
[2026-05-25T11:11:14.819+0000] {processor.py:841} WARNING - No viable dags retrieved from /opt/airflow/dags/data_lake_pipeline.py
[2026-05-25T11:11:14.839+0000] {processor.py:179} INFO - Processing /opt/airflow/dags/data_lake_pipeline.py took 0.038 seconds
[2026-05-25T11:11:22.920+0000] {processor.py:157} INFO - Started process (PID=957) to work on /opt/airflow/dags/data_lake_pipeline.py
[2026-05-25T11:11:22.923+0000] {processor.py:829} INFO - Processing file /opt/airflow/dags/data_lake_pipeline.py for tasks to queue
[2026-05-25T11:11:22.925+0000] {logging_mixin.py:151} INFO - [2026-05-25T11:11:22.924+0000] {dagbag.py:539} INFO - Filling up the DagBag from /opt/airflow/dags/data_lake_pipeline.py
[2026-05-25T11:11:23.103+0000] {logging_mixin.py:151} INFO - [2026-05-25T11:11:23.100+0000] {dagbag.py:347} ERROR - Failed to import: /opt/airflow/dags/data_lake_pipeline.py
Traceback (most recent call last):
  File "/home/airflow/.local/lib/python3.8/site-packages/airflow/models/dagbag.py", line 343, in parse
    loader.exec_module(new_module)
  File "<frozen importlib._bootstrap_external>", line 843, in exec_module
  File "<frozen importlib._bootstrap>", line 219, in _call_with_frames_removed
  File "/opt/airflow/dags/data_lake_pipeline.py", line 5, in <module>
    import src.load_to_staging as load_to_staging
ModuleNotFoundError: No module named 'src'
[2026-05-25T11:11:23.104+0000] {processor.py:841} WARNING - No viable dags retrieved from /opt/airflow/dags/data_lake_pipeline.py
[2026-05-25T11:11:23.123+0000] {processor.py:179} INFO - Processing /opt/airflow/dags/data_lake_pipeline.py took 0.208 seconds
[2026-05-25T11:11:53.269+0000] {processor.py:157} INFO - Started process (PID=967) to work on /opt/airflow/dags/data_lake_pipeline.py
[2026-05-25T11:11:53.273+0000] {processor.py:829} INFO - Processing file /opt/airflow/dags/data_lake_pipeline.py for tasks to queue
[2026-05-25T11:11:53.275+0000] {logging_mixin.py:151} INFO - [2026-05-25T11:11:53.275+0000] {dagbag.py:539} INFO - Filling up the DagBag from /opt/airflow/dags/data_lake_pipeline.py
[2026-05-25T11:11:53.395+0000] {logging_mixin.py:151} INFO - [2026-05-25T11:11:53.392+0000] {dagbag.py:347} ERROR - Failed to import: /opt/airflow/dags/data_lake_pipeline.py
Traceback (most recent call last):
  File "/home/airflow/.local/lib/python3.8/site-packages/airflow/models/dagbag.py", line 343, in parse
    loader.exec_module(new_module)
  File "<frozen importlib._bootstrap_external>", line 843, in exec_module
  File "<frozen importlib._bootstrap>", line 219, in _call_with_frames_removed
  File "/opt/airflow/dags/data_lake_pipeline.py", line 5, in <module>
    import src.load_to_staging as load_to_staging
ModuleNotFoundError: No module named 'src'
[2026-05-25T11:11:53.395+0000] {processor.py:841} WARNING - No viable dags retrieved from /opt/airflow/dags/data_lake_pipeline.py
[2026-05-25T11:11:53.414+0000] {processor.py:179} INFO - Processing /opt/airflow/dags/data_lake_pipeline.py took 0.149 seconds
[2026-05-25T11:12:23.569+0000] {processor.py:157} INFO - Started process (PID=977) to work on /opt/airflow/dags/data_lake_pipeline.py
[2026-05-25T11:12:23.571+0000] {processor.py:829} INFO - Processing file /opt/airflow/dags/data_lake_pipeline.py for tasks to queue
[2026-05-25T11:12:23.573+0000] {logging_mixin.py:151} INFO - [2026-05-25T11:12:23.572+0000] {dagbag.py:539} INFO - Filling up the DagBag from /opt/airflow/dags/data_lake_pipeline.py
[2026-05-25T11:12:23.690+0000] {logging_mixin.py:151} INFO - [2026-05-25T11:12:23.687+0000] {dagbag.py:347} ERROR - Failed to import: /opt/airflow/dags/data_lake_pipeline.py
Traceback (most recent call last):
  File "/home/airflow/.local/lib/python3.8/site-packages/airflow/models/dagbag.py", line 343, in parse
    loader.exec_module(new_module)
  File "<frozen importlib._bootstrap_external>", line 843, in exec_module
  File "<frozen importlib._bootstrap>", line 219, in _call_with_frames_removed
  File "/opt/airflow/dags/data_lake_pipeline.py", line 5, in <module>
    import src.load_to_staging as load_to_staging
ModuleNotFoundError: No module named 'src'
[2026-05-25T11:12:23.691+0000] {processor.py:841} WARNING - No viable dags retrieved from /opt/airflow/dags/data_lake_pipeline.py
[2026-05-25T11:12:23.710+0000] {processor.py:179} INFO - Processing /opt/airflow/dags/data_lake_pipeline.py took 0.150 seconds
[2026-05-25T11:12:53.845+0000] {processor.py:157} INFO - Started process (PID=987) to work on /opt/airflow/dags/data_lake_pipeline.py
[2026-05-25T11:12:53.847+0000] {processor.py:829} INFO - Processing file /opt/airflow/dags/data_lake_pipeline.py for tasks to queue
[2026-05-25T11:12:53.848+0000] {logging_mixin.py:151} INFO - [2026-05-25T11:12:53.847+0000] {dagbag.py:539} INFO - Filling up the DagBag from /opt/airflow/dags/data_lake_pipeline.py
[2026-05-25T11:12:53.930+0000] {logging_mixin.py:151} INFO - [2026-05-25T11:12:53.928+0000] {dagbag.py:347} ERROR - Failed to import: /opt/airflow/dags/data_lake_pipeline.py
Traceback (most recent call last):
  File "/home/airflow/.local/lib/python3.8/site-packages/airflow/models/dagbag.py", line 343, in parse
    loader.exec_module(new_module)
  File "<frozen importlib._bootstrap_external>", line 843, in exec_module
  File "<frozen importlib._bootstrap>", line 219, in _call_with_frames_removed
  File "/opt/airflow/dags/data_lake_pipeline.py", line 5, in <module>
    import src.load_to_staging as load_to_staging
ModuleNotFoundError: No module named 'src'
[2026-05-25T11:12:53.930+0000] {processor.py:841} WARNING - No viable dags retrieved from /opt/airflow/dags/data_lake_pipeline.py
[2026-05-25T11:12:53.939+0000] {processor.py:179} INFO - Processing /opt/airflow/dags/data_lake_pipeline.py took 0.098 seconds
[2026-05-25T11:13:11.065+0000] {processor.py:157} INFO - Started process (PID=997) to work on /opt/airflow/dags/data_lake_pipeline.py
[2026-05-25T11:13:11.068+0000] {processor.py:829} INFO - Processing file /opt/airflow/dags/data_lake_pipeline.py for tasks to queue
[2026-05-25T11:13:11.070+0000] {logging_mixin.py:151} INFO - [2026-05-25T11:13:11.069+0000] {dagbag.py:539} INFO - Filling up the DagBag from /opt/airflow/dags/data_lake_pipeline.py
[2026-05-25T11:13:11.176+0000] {logging_mixin.py:151} INFO - [2026-05-25T11:13:11.174+0000] {dagbag.py:347} ERROR - Failed to import: /opt/airflow/dags/data_lake_pipeline.py
Traceback (most recent call last):
  File "/home/airflow/.local/lib/python3.8/site-packages/airflow/models/dagbag.py", line 343, in parse
    loader.exec_module(new_module)
  File "<frozen importlib._bootstrap_external>", line 843, in exec_module
  File "<frozen importlib._bootstrap>", line 219, in _call_with_frames_removed
  File "/opt/airflow/dags/data_lake_pipeline.py", line 5, in <module>
    sys.path.append('/opt/airflow')
NameError: name 'sys' is not defined
[2026-05-25T11:13:11.177+0000] {processor.py:841} WARNING - No viable dags retrieved from /opt/airflow/dags/data_lake_pipeline.py
[2026-05-25T11:13:11.195+0000] {processor.py:179} INFO - Processing /opt/airflow/dags/data_lake_pipeline.py took 0.141 seconds
[2026-05-25T11:13:18.137+0000] {processor.py:157} INFO - Started process (PID=1002) to work on /opt/airflow/dags/data_lake_pipeline.py
[2026-05-25T11:13:18.139+0000] {processor.py:829} INFO - Processing file /opt/airflow/dags/data_lake_pipeline.py for tasks to queue
[2026-05-25T11:13:18.140+0000] {logging_mixin.py:151} INFO - [2026-05-25T11:13:18.139+0000] {dagbag.py:539} INFO - Filling up the DagBag from /opt/airflow/dags/data_lake_pipeline.py
[2026-05-25T11:13:18.222+0000] {logging_mixin.py:151} INFO - [2026-05-25T11:13:18.220+0000] {dagbag.py:347} ERROR - Failed to import: /opt/airflow/dags/data_lake_pipeline.py
Traceback (most recent call last):
  File "/home/airflow/.local/lib/python3.8/site-packages/airflow/models/dagbag.py", line 343, in parse
    loader.exec_module(new_module)
  File "<frozen importlib._bootstrap_external>", line 843, in exec_module
  File "<frozen importlib._bootstrap>", line 219, in _call_with_frames_removed
  File "/opt/airflow/dags/data_lake_pipeline.py", line 7, in <module>
    import src.load_to_staging as load_to_staging
ModuleNotFoundError: No module named 'src'
[2026-05-25T11:13:18.222+0000] {processor.py:841} WARNING - No viable dags retrieved from /opt/airflow/dags/data_lake_pipeline.py
[2026-05-25T11:13:18.233+0000] {processor.py:179} INFO - Processing /opt/airflow/dags/data_lake_pipeline.py took 0.102 seconds
[2026-05-25T11:13:48.393+0000] {processor.py:157} INFO - Started process (PID=1012) to work on /opt/airflow/dags/data_lake_pipeline.py
[2026-05-25T11:13:48.395+0000] {processor.py:829} INFO - Processing file /opt/airflow/dags/data_lake_pipeline.py for tasks to queue
[2026-05-25T11:13:48.396+0000] {logging_mixin.py:151} INFO - [2026-05-25T11:13:48.396+0000] {dagbag.py:539} INFO - Filling up the DagBag from /opt/airflow/dags/data_lake_pipeline.py
[2026-05-25T11:13:48.481+0000] {logging_mixin.py:151} INFO - [2026-05-25T11:13:48.479+0000] {dagbag.py:347} ERROR - Failed to import: /opt/airflow/dags/data_lake_pipeline.py
Traceback (most recent call last):
  File "/home/airflow/.local/lib/python3.8/site-packages/airflow/models/dagbag.py", line 343, in parse
    loader.exec_module(new_module)
  File "<frozen importlib._bootstrap_external>", line 843, in exec_module
  File "<frozen importlib._bootstrap>", line 219, in _call_with_frames_removed
  File "/opt/airflow/dags/data_lake_pipeline.py", line 7, in <module>
    import src.load_to_staging as load_to_staging
ModuleNotFoundError: No module named 'src'
[2026-05-25T11:13:48.481+0000] {processor.py:841} WARNING - No viable dags retrieved from /opt/airflow/dags/data_lake_pipeline.py
[2026-05-25T11:13:48.493+0000] {processor.py:179} INFO - Processing /opt/airflow/dags/data_lake_pipeline.py took 0.106 seconds
[2026-05-25T11:14:18.751+0000] {processor.py:157} INFO - Started process (PID=1022) to work on /opt/airflow/dags/data_lake_pipeline.py
[2026-05-25T11:14:18.753+0000] {processor.py:829} INFO - Processing file /opt/airflow/dags/data_lake_pipeline.py for tasks to queue
[2026-05-25T11:14:18.754+0000] {logging_mixin.py:151} INFO - [2026-05-25T11:14:18.753+0000] {dagbag.py:539} INFO - Filling up the DagBag from /opt/airflow/dags/data_lake_pipeline.py
[2026-05-25T11:14:18.837+0000] {logging_mixin.py:151} INFO - [2026-05-25T11:14:18.835+0000] {dagbag.py:347} ERROR - Failed to import: /opt/airflow/dags/data_lake_pipeline.py
Traceback (most recent call last):
  File "/home/airflow/.local/lib/python3.8/site-packages/airflow/models/dagbag.py", line 343, in parse
    loader.exec_module(new_module)
  File "<frozen importlib._bootstrap_external>", line 843, in exec_module
  File "<frozen importlib._bootstrap>", line 219, in _call_with_frames_removed
  File "/opt/airflow/dags/data_lake_pipeline.py", line 7, in <module>
    import src.load_to_staging as load_to_staging
ModuleNotFoundError: No module named 'src'
[2026-05-25T11:14:18.837+0000] {processor.py:841} WARNING - No viable dags retrieved from /opt/airflow/dags/data_lake_pipeline.py
[2026-05-25T11:14:18.846+0000] {processor.py:179} INFO - Processing /opt/airflow/dags/data_lake_pipeline.py took 0.099 seconds
[2026-05-25T11:14:49.038+0000] {processor.py:157} INFO - Started process (PID=1032) to work on /opt/airflow/dags/data_lake_pipeline.py
[2026-05-25T11:14:49.041+0000] {processor.py:829} INFO - Processing file /opt/airflow/dags/data_lake_pipeline.py for tasks to queue
[2026-05-25T11:14:49.042+0000] {logging_mixin.py:151} INFO - [2026-05-25T11:14:49.041+0000] {dagbag.py:539} INFO - Filling up the DagBag from /opt/airflow/dags/data_lake_pipeline.py
[2026-05-25T11:14:49.123+0000] {logging_mixin.py:151} INFO - [2026-05-25T11:14:49.121+0000] {dagbag.py:347} ERROR - Failed to import: /opt/airflow/dags/data_lake_pipeline.py
Traceback (most recent call last):
  File "/home/airflow/.local/lib/python3.8/site-packages/airflow/models/dagbag.py", line 343, in parse
    loader.exec_module(new_module)
  File "<frozen importlib._bootstrap_external>", line 843, in exec_module
  File "<frozen importlib._bootstrap>", line 219, in _call_with_frames_removed
  File "/opt/airflow/dags/data_lake_pipeline.py", line 7, in <module>
    import src.load_to_staging as load_to_staging
ModuleNotFoundError: No module named 'src'
[2026-05-25T11:14:49.123+0000] {processor.py:841} WARNING - No viable dags retrieved from /opt/airflow/dags/data_lake_pipeline.py
[2026-05-25T11:14:49.133+0000] {processor.py:179} INFO - Processing /opt/airflow/dags/data_lake_pipeline.py took 0.099 seconds
[2026-05-25T11:15:09.229+0000] {processor.py:157} INFO - Started process (PID=1042) to work on /opt/airflow/dags/data_lake_pipeline.py
[2026-05-25T11:15:09.232+0000] {processor.py:829} INFO - Processing file /opt/airflow/dags/data_lake_pipeline.py for tasks to queue
[2026-05-25T11:15:09.233+0000] {logging_mixin.py:151} INFO - [2026-05-25T11:15:09.233+0000] {dagbag.py:539} INFO - Filling up the DagBag from /opt/airflow/dags/data_lake_pipeline.py
[2026-05-25T11:15:09.313+0000] {logging_mixin.py:151} INFO - [2026-05-25T11:15:09.311+0000] {dagbag.py:347} ERROR - Failed to import: /opt/airflow/dags/data_lake_pipeline.py
Traceback (most recent call last):
  File "/home/airflow/.local/lib/python3.8/site-packages/airflow/models/dagbag.py", line 343, in parse
    loader.exec_module(new_module)
  File "<frozen importlib._bootstrap_external>", line 843, in exec_module
  File "<frozen importlib._bootstrap>", line 219, in _call_with_frames_removed
  File "/opt/airflow/dags/data_lake_pipeline.py", line 7, in <module>
    import src.load_to_staging as load_to_staging
ModuleNotFoundError: No module named 'src'
[2026-05-25T11:15:09.313+0000] {processor.py:841} WARNING - No viable dags retrieved from /opt/airflow/dags/data_lake_pipeline.py
[2026-05-25T11:15:09.322+0000] {processor.py:179} INFO - Processing /opt/airflow/dags/data_lake_pipeline.py took 0.099 seconds
[2026-05-25T11:15:39.559+0000] {processor.py:157} INFO - Started process (PID=1052) to work on /opt/airflow/dags/data_lake_pipeline.py
[2026-05-25T11:15:39.562+0000] {processor.py:829} INFO - Processing file /opt/airflow/dags/data_lake_pipeline.py for tasks to queue
[2026-05-25T11:15:39.563+0000] {logging_mixin.py:151} INFO - [2026-05-25T11:15:39.562+0000] {dagbag.py:539} INFO - Filling up the DagBag from /opt/airflow/dags/data_lake_pipeline.py
[2026-05-25T11:15:39.669+0000] {logging_mixin.py:151} INFO - [2026-05-25T11:15:39.666+0000] {dagbag.py:347} ERROR - Failed to import: /opt/airflow/dags/data_lake_pipeline.py
Traceback (most recent call last):
  File "/home/airflow/.local/lib/python3.8/site-packages/airflow/models/dagbag.py", line 343, in parse
    loader.exec_module(new_module)
  File "<frozen importlib._bootstrap_external>", line 843, in exec_module
  File "<frozen importlib._bootstrap>", line 219, in _call_with_frames_removed
  File "/opt/airflow/dags/data_lake_pipeline.py", line 7, in <module>
    import src.load_to_staging as load_to_staging
ModuleNotFoundError: No module named 'src'
[2026-05-25T11:15:39.669+0000] {processor.py:841} WARNING - No viable dags retrieved from /opt/airflow/dags/data_lake_pipeline.py
[2026-05-25T11:15:39.682+0000] {processor.py:179} INFO - Processing /opt/airflow/dags/data_lake_pipeline.py took 0.128 seconds
[2026-05-25T11:16:09.872+0000] {processor.py:157} INFO - Started process (PID=1062) to work on /opt/airflow/dags/data_lake_pipeline.py
[2026-05-25T11:16:09.874+0000] {processor.py:829} INFO - Processing file /opt/airflow/dags/data_lake_pipeline.py for tasks to queue
[2026-05-25T11:16:09.875+0000] {logging_mixin.py:151} INFO - [2026-05-25T11:16:09.874+0000] {dagbag.py:539} INFO - Filling up the DagBag from /opt/airflow/dags/data_lake_pipeline.py
[2026-05-25T11:16:09.970+0000] {logging_mixin.py:151} INFO - [2026-05-25T11:16:09.968+0000] {dagbag.py:347} ERROR - Failed to import: /opt/airflow/dags/data_lake_pipeline.py
Traceback (most recent call last):
  File "/home/airflow/.local/lib/python3.8/site-packages/airflow/models/dagbag.py", line 343, in parse
    loader.exec_module(new_module)
  File "<frozen importlib._bootstrap_external>", line 843, in exec_module
  File "<frozen importlib._bootstrap>", line 219, in _call_with_frames_removed
  File "/opt/airflow/dags/data_lake_pipeline.py", line 7, in <module>
    import src.load_to_staging as load_to_staging
ModuleNotFoundError: No module named 'src'
[2026-05-25T11:16:09.970+0000] {processor.py:841} WARNING - No viable dags retrieved from /opt/airflow/dags/data_lake_pipeline.py
[2026-05-25T11:16:09.982+0000] {processor.py:179} INFO - Processing /opt/airflow/dags/data_lake_pipeline.py took 0.114 seconds
[2026-05-25T11:16:40.145+0000] {processor.py:157} INFO - Started process (PID=1072) to work on /opt/airflow/dags/data_lake_pipeline.py
[2026-05-25T11:16:40.148+0000] {processor.py:829} INFO - Processing file /opt/airflow/dags/data_lake_pipeline.py for tasks to queue
[2026-05-25T11:16:40.149+0000] {logging_mixin.py:151} INFO - [2026-05-25T11:16:40.149+0000] {dagbag.py:539} INFO - Filling up the DagBag from /opt/airflow/dags/data_lake_pipeline.py
[2026-05-25T11:16:40.245+0000] {logging_mixin.py:151} INFO - [2026-05-25T11:16:40.242+0000] {dagbag.py:347} ERROR - Failed to import: /opt/airflow/dags/data_lake_pipeline.py
Traceback (most recent call last):
  File "/home/airflow/.local/lib/python3.8/site-packages/airflow/models/dagbag.py", line 343, in parse
    loader.exec_module(new_module)
  File "<frozen importlib._bootstrap_external>", line 843, in exec_module
  File "<frozen importlib._bootstrap>", line 219, in _call_with_frames_removed
  File "/opt/airflow/dags/data_lake_pipeline.py", line 7, in <module>
    import src.load_to_staging as load_to_staging
ModuleNotFoundError: No module named 'src'
[2026-05-25T11:16:40.245+0000] {processor.py:841} WARNING - No viable dags retrieved from /opt/airflow/dags/data_lake_pipeline.py
[2026-05-25T11:16:40.257+0000] {processor.py:179} INFO - Processing /opt/airflow/dags/data_lake_pipeline.py took 0.119 seconds
[2026-05-25T11:17:10.535+0000] {processor.py:157} INFO - Started process (PID=1082) to work on /opt/airflow/dags/data_lake_pipeline.py
[2026-05-25T11:17:10.539+0000] {processor.py:829} INFO - Processing file /opt/airflow/dags/data_lake_pipeline.py for tasks to queue
[2026-05-25T11:17:10.541+0000] {logging_mixin.py:151} INFO - [2026-05-25T11:17:10.540+0000] {dagbag.py:539} INFO - Filling up the DagBag from /opt/airflow/dags/data_lake_pipeline.py
[2026-05-25T11:17:10.631+0000] {logging_mixin.py:151} INFO - [2026-05-25T11:17:10.630+0000] {dagbag.py:347} ERROR - Failed to import: /opt/airflow/dags/data_lake_pipeline.py
Traceback (most recent call last):
  File "/home/airflow/.local/lib/python3.8/site-packages/airflow/models/dagbag.py", line 343, in parse
    loader.exec_module(new_module)
  File "<frozen importlib._bootstrap_external>", line 843, in exec_module
  File "<frozen importlib._bootstrap>", line 219, in _call_with_frames_removed
  File "/opt/airflow/dags/data_lake_pipeline.py", line 7, in <module>
    import src.load_to_staging as load_to_staging
ModuleNotFoundError: No module named 'src'
[2026-05-25T11:17:10.632+0000] {processor.py:841} WARNING - No viable dags retrieved from /opt/airflow/dags/data_lake_pipeline.py
[2026-05-25T11:17:10.642+0000] {processor.py:179} INFO - Processing /opt/airflow/dags/data_lake_pipeline.py took 0.115 seconds
[2026-05-25T11:17:40.822+0000] {processor.py:157} INFO - Started process (PID=1092) to work on /opt/airflow/dags/data_lake_pipeline.py
[2026-05-25T11:17:40.824+0000] {processor.py:829} INFO - Processing file /opt/airflow/dags/data_lake_pipeline.py for tasks to queue
[2026-05-25T11:17:40.825+0000] {logging_mixin.py:151} INFO - [2026-05-25T11:17:40.824+0000] {dagbag.py:539} INFO - Filling up the DagBag from /opt/airflow/dags/data_lake_pipeline.py
[2026-05-25T11:17:40.902+0000] {logging_mixin.py:151} INFO - [2026-05-25T11:17:40.901+0000] {dagbag.py:347} ERROR - Failed to import: /opt/airflow/dags/data_lake_pipeline.py
Traceback (most recent call last):
  File "/home/airflow/.local/lib/python3.8/site-packages/airflow/models/dagbag.py", line 343, in parse
    loader.exec_module(new_module)
  File "<frozen importlib._bootstrap_external>", line 843, in exec_module
  File "<frozen importlib._bootstrap>", line 219, in _call_with_frames_removed
  File "/opt/airflow/dags/data_lake_pipeline.py", line 7, in <module>
    import src.load_to_staging as load_to_staging
ModuleNotFoundError: No module named 'src'
[2026-05-25T11:17:40.903+0000] {processor.py:841} WARNING - No viable dags retrieved from /opt/airflow/dags/data_lake_pipeline.py
[2026-05-25T11:17:40.911+0000] {processor.py:179} INFO - Processing /opt/airflow/dags/data_lake_pipeline.py took 0.093 seconds
[2026-05-25T11:18:11.144+0000] {processor.py:157} INFO - Started process (PID=1102) to work on /opt/airflow/dags/data_lake_pipeline.py
[2026-05-25T11:18:11.146+0000] {processor.py:829} INFO - Processing file /opt/airflow/dags/data_lake_pipeline.py for tasks to queue
[2026-05-25T11:18:11.147+0000] {logging_mixin.py:151} INFO - [2026-05-25T11:18:11.147+0000] {dagbag.py:539} INFO - Filling up the DagBag from /opt/airflow/dags/data_lake_pipeline.py
[2026-05-25T11:18:11.238+0000] {logging_mixin.py:151} INFO - [2026-05-25T11:18:11.236+0000] {dagbag.py:347} ERROR - Failed to import: /opt/airflow/dags/data_lake_pipeline.py
Traceback (most recent call last):
  File "/home/airflow/.local/lib/python3.8/site-packages/airflow/models/dagbag.py", line 343, in parse
    loader.exec_module(new_module)
  File "<frozen importlib._bootstrap_external>", line 843, in exec_module
  File "<frozen importlib._bootstrap>", line 219, in _call_with_frames_removed
  File "/opt/airflow/dags/data_lake_pipeline.py", line 7, in <module>
    import src.load_to_staging as load_to_staging
ModuleNotFoundError: No module named 'src'
[2026-05-25T11:18:11.238+0000] {processor.py:841} WARNING - No viable dags retrieved from /opt/airflow/dags/data_lake_pipeline.py
[2026-05-25T11:18:11.251+0000] {processor.py:179} INFO - Processing /opt/airflow/dags/data_lake_pipeline.py took 0.114 seconds
[2026-05-25T11:18:41.451+0000] {processor.py:157} INFO - Started process (PID=1112) to work on /opt/airflow/dags/data_lake_pipeline.py
[2026-05-25T11:18:41.454+0000] {processor.py:829} INFO - Processing file /opt/airflow/dags/data_lake_pipeline.py for tasks to queue
[2026-05-25T11:18:41.455+0000] {logging_mixin.py:151} INFO - [2026-05-25T11:18:41.454+0000] {dagbag.py:539} INFO - Filling up the DagBag from /opt/airflow/dags/data_lake_pipeline.py
[2026-05-25T11:18:41.554+0000] {logging_mixin.py:151} INFO - [2026-05-25T11:18:41.552+0000] {dagbag.py:347} ERROR - Failed to import: /opt/airflow/dags/data_lake_pipeline.py
Traceback (most recent call last):
  File "/home/airflow/.local/lib/python3.8/site-packages/airflow/models/dagbag.py", line 343, in parse
    loader.exec_module(new_module)
  File "<frozen importlib._bootstrap_external>", line 843, in exec_module
  File "<frozen importlib._bootstrap>", line 219, in _call_with_frames_removed
  File "/opt/airflow/dags/data_lake_pipeline.py", line 7, in <module>
    import src.load_to_staging as load_to_staging
ModuleNotFoundError: No module named 'src'
[2026-05-25T11:18:41.554+0000] {processor.py:841} WARNING - No viable dags retrieved from /opt/airflow/dags/data_lake_pipeline.py
[2026-05-25T11:18:41.566+0000] {processor.py:179} INFO - Processing /opt/airflow/dags/data_lake_pipeline.py took 0.121 seconds
[2026-05-25T11:19:11.813+0000] {processor.py:157} INFO - Started process (PID=1122) to work on /opt/airflow/dags/data_lake_pipeline.py
[2026-05-25T11:19:11.815+0000] {processor.py:829} INFO - Processing file /opt/airflow/dags/data_lake_pipeline.py for tasks to queue
[2026-05-25T11:19:11.816+0000] {logging_mixin.py:151} INFO - [2026-05-25T11:19:11.816+0000] {dagbag.py:539} INFO - Filling up the DagBag from /opt/airflow/dags/data_lake_pipeline.py
[2026-05-25T11:19:11.921+0000] {logging_mixin.py:151} INFO - [2026-05-25T11:19:11.919+0000] {dagbag.py:347} ERROR - Failed to import: /opt/airflow/dags/data_lake_pipeline.py
Traceback (most recent call last):
  File "/home/airflow/.local/lib/python3.8/site-packages/airflow/models/dagbag.py", line 343, in parse
    loader.exec_module(new_module)
  File "<frozen importlib._bootstrap_external>", line 843, in exec_module
  File "<frozen importlib._bootstrap>", line 219, in _call_with_frames_removed
  File "/opt/airflow/dags/data_lake_pipeline.py", line 7, in <module>
    import src.load_to_staging as load_to_staging
ModuleNotFoundError: No module named 'src'
[2026-05-25T11:19:11.921+0000] {processor.py:841} WARNING - No viable dags retrieved from /opt/airflow/dags/data_lake_pipeline.py
[2026-05-25T11:19:11.933+0000] {processor.py:179} INFO - Processing /opt/airflow/dags/data_lake_pipeline.py took 0.127 seconds
[2026-05-25T11:19:42.083+0000] {processor.py:157} INFO - Started process (PID=1132) to work on /opt/airflow/dags/data_lake_pipeline.py
[2026-05-25T11:19:42.085+0000] {processor.py:829} INFO - Processing file /opt/airflow/dags/data_lake_pipeline.py for tasks to queue
[2026-05-25T11:19:42.085+0000] {logging_mixin.py:151} INFO - [2026-05-25T11:19:42.085+0000] {dagbag.py:539} INFO - Filling up the DagBag from /opt/airflow/dags/data_lake_pipeline.py
[2026-05-25T11:19:42.178+0000] {logging_mixin.py:151} INFO - [2026-05-25T11:19:42.176+0000] {dagbag.py:347} ERROR - Failed to import: /opt/airflow/dags/data_lake_pipeline.py
Traceback (most recent call last):
  File "/home/airflow/.local/lib/python3.8/site-packages/airflow/models/dagbag.py", line 343, in parse
    loader.exec_module(new_module)
  File "<frozen importlib._bootstrap_external>", line 843, in exec_module
  File "<frozen importlib._bootstrap>", line 219, in _call_with_frames_removed
  File "/opt/airflow/dags/data_lake_pipeline.py", line 7, in <module>
    import src.load_to_staging as load_to_staging
ModuleNotFoundError: No module named 'src'
[2026-05-25T11:19:42.178+0000] {processor.py:841} WARNING - No viable dags retrieved from /opt/airflow/dags/data_lake_pipeline.py
[2026-05-25T11:19:42.189+0000] {processor.py:179} INFO - Processing /opt/airflow/dags/data_lake_pipeline.py took 0.109 seconds
[2026-05-25T11:20:12.418+0000] {processor.py:157} INFO - Started process (PID=1142) to work on /opt/airflow/dags/data_lake_pipeline.py
[2026-05-25T11:20:12.421+0000] {processor.py:829} INFO - Processing file /opt/airflow/dags/data_lake_pipeline.py for tasks to queue
[2026-05-25T11:20:12.424+0000] {logging_mixin.py:151} INFO - [2026-05-25T11:20:12.423+0000] {dagbag.py:539} INFO - Filling up the DagBag from /opt/airflow/dags/data_lake_pipeline.py
[2026-05-25T11:20:12.600+0000] {logging_mixin.py:151} INFO - [2026-05-25T11:20:12.598+0000] {dagbag.py:347} ERROR - Failed to import: /opt/airflow/dags/data_lake_pipeline.py
Traceback (most recent call last):
  File "/home/airflow/.local/lib/python3.8/site-packages/airflow/models/dagbag.py", line 343, in parse
    loader.exec_module(new_module)
  File "<frozen importlib._bootstrap_external>", line 843, in exec_module
  File "<frozen importlib._bootstrap>", line 219, in _call_with_frames_removed
  File "/opt/airflow/dags/data_lake_pipeline.py", line 7, in <module>
    import src.load_to_staging as load_to_staging
ModuleNotFoundError: No module named 'src'
[2026-05-25T11:20:12.600+0000] {processor.py:841} WARNING - No viable dags retrieved from /opt/airflow/dags/data_lake_pipeline.py
[2026-05-25T11:20:12.614+0000] {processor.py:179} INFO - Processing /opt/airflow/dags/data_lake_pipeline.py took 0.203 seconds
[2026-05-25T11:20:42.682+0000] {processor.py:157} INFO - Started process (PID=1152) to work on /opt/airflow/dags/data_lake_pipeline.py
[2026-05-25T11:20:42.685+0000] {processor.py:829} INFO - Processing file /opt/airflow/dags/data_lake_pipeline.py for tasks to queue
[2026-05-25T11:20:42.686+0000] {logging_mixin.py:151} INFO - [2026-05-25T11:20:42.686+0000] {dagbag.py:539} INFO - Filling up the DagBag from /opt/airflow/dags/data_lake_pipeline.py
[2026-05-25T11:20:42.772+0000] {logging_mixin.py:151} INFO - [2026-05-25T11:20:42.770+0000] {dagbag.py:347} ERROR - Failed to import: /opt/airflow/dags/data_lake_pipeline.py
Traceback (most recent call last):
  File "/home/airflow/.local/lib/python3.8/site-packages/airflow/models/dagbag.py", line 343, in parse
    loader.exec_module(new_module)
  File "<frozen importlib._bootstrap_external>", line 843, in exec_module
  File "<frozen importlib._bootstrap>", line 219, in _call_with_frames_removed
  File "/opt/airflow/dags/data_lake_pipeline.py", line 7, in <module>
    import src.load_to_staging as load_to_staging
ModuleNotFoundError: No module named 'src'
[2026-05-25T11:20:42.773+0000] {processor.py:841} WARNING - No viable dags retrieved from /opt/airflow/dags/data_lake_pipeline.py
[2026-05-25T11:20:42.785+0000] {processor.py:179} INFO - Processing /opt/airflow/dags/data_lake_pipeline.py took 0.107 seconds
[2026-05-25T11:21:13.032+0000] {processor.py:157} INFO - Started process (PID=1162) to work on /opt/airflow/dags/data_lake_pipeline.py
[2026-05-25T11:21:13.034+0000] {processor.py:829} INFO - Processing file /opt/airflow/dags/data_lake_pipeline.py for tasks to queue
[2026-05-25T11:21:13.035+0000] {logging_mixin.py:151} INFO - [2026-05-25T11:21:13.034+0000] {dagbag.py:539} INFO - Filling up the DagBag from /opt/airflow/dags/data_lake_pipeline.py
[2026-05-25T11:21:13.116+0000] {logging_mixin.py:151} INFO - [2026-05-25T11:21:13.114+0000] {dagbag.py:347} ERROR - Failed to import: /opt/airflow/dags/data_lake_pipeline.py
Traceback (most recent call last):
  File "/home/airflow/.local/lib/python3.8/site-packages/airflow/models/dagbag.py", line 343, in parse
    loader.exec_module(new_module)
  File "<frozen importlib._bootstrap_external>", line 843, in exec_module
  File "<frozen importlib._bootstrap>", line 219, in _call_with_frames_removed
  File "/opt/airflow/dags/data_lake_pipeline.py", line 7, in <module>
    import src.load_to_staging as load_to_staging
ModuleNotFoundError: No module named 'src'
[2026-05-25T11:21:13.116+0000] {processor.py:841} WARNING - No viable dags retrieved from /opt/airflow/dags/data_lake_pipeline.py
[2026-05-25T11:21:13.128+0000] {processor.py:179} INFO - Processing /opt/airflow/dags/data_lake_pipeline.py took 0.101 seconds
[2026-05-25T11:21:43.390+0000] {processor.py:157} INFO - Started process (PID=1172) to work on /opt/airflow/dags/data_lake_pipeline.py
[2026-05-25T11:21:43.394+0000] {processor.py:829} INFO - Processing file /opt/airflow/dags/data_lake_pipeline.py for tasks to queue
[2026-05-25T11:21:43.395+0000] {logging_mixin.py:151} INFO - [2026-05-25T11:21:43.395+0000] {dagbag.py:539} INFO - Filling up the DagBag from /opt/airflow/dags/data_lake_pipeline.py
[2026-05-25T11:21:43.484+0000] {logging_mixin.py:151} INFO - [2026-05-25T11:21:43.482+0000] {dagbag.py:347} ERROR - Failed to import: /opt/airflow/dags/data_lake_pipeline.py
Traceback (most recent call last):
  File "/home/airflow/.local/lib/python3.8/site-packages/airflow/models/dagbag.py", line 343, in parse
    loader.exec_module(new_module)
  File "<frozen importlib._bootstrap_external>", line 843, in exec_module
  File "<frozen importlib._bootstrap>", line 219, in _call_with_frames_removed
  File "/opt/airflow/dags/data_lake_pipeline.py", line 7, in <module>
    import src.load_to_staging as load_to_staging
ModuleNotFoundError: No module named 'src'
[2026-05-25T11:21:43.484+0000] {processor.py:841} WARNING - No viable dags retrieved from /opt/airflow/dags/data_lake_pipeline.py
[2026-05-25T11:21:43.497+0000] {processor.py:179} INFO - Processing /opt/airflow/dags/data_lake_pipeline.py took 0.111 seconds
[2026-05-25T11:22:13.676+0000] {processor.py:157} INFO - Started process (PID=1182) to work on /opt/airflow/dags/data_lake_pipeline.py
[2026-05-25T11:22:13.678+0000] {processor.py:829} INFO - Processing file /opt/airflow/dags/data_lake_pipeline.py for tasks to queue
[2026-05-25T11:22:13.679+0000] {logging_mixin.py:151} INFO - [2026-05-25T11:22:13.678+0000] {dagbag.py:539} INFO - Filling up the DagBag from /opt/airflow/dags/data_lake_pipeline.py
[2026-05-25T11:22:13.776+0000] {logging_mixin.py:151} INFO - [2026-05-25T11:22:13.772+0000] {dagbag.py:347} ERROR - Failed to import: /opt/airflow/dags/data_lake_pipeline.py
Traceback (most recent call last):
  File "/home/airflow/.local/lib/python3.8/site-packages/airflow/models/dagbag.py", line 343, in parse
    loader.exec_module(new_module)
  File "<frozen importlib._bootstrap_external>", line 843, in exec_module
  File "<frozen importlib._bootstrap>", line 219, in _call_with_frames_removed
  File "/opt/airflow/dags/data_lake_pipeline.py", line 7, in <module>
    import src.load_to_staging as load_to_staging
ModuleNotFoundError: No module named 'src'
[2026-05-25T11:22:13.777+0000] {processor.py:841} WARNING - No viable dags retrieved from /opt/airflow/dags/data_lake_pipeline.py
[2026-05-25T11:22:13.793+0000] {processor.py:179} INFO - Processing /opt/airflow/dags/data_lake_pipeline.py took 0.121 seconds
[2026-05-25T11:22:44.127+0000] {processor.py:157} INFO - Started process (PID=1192) to work on /opt/airflow/dags/data_lake_pipeline.py
[2026-05-25T11:22:44.131+0000] {processor.py:829} INFO - Processing file /opt/airflow/dags/data_lake_pipeline.py for tasks to queue
[2026-05-25T11:22:44.132+0000] {logging_mixin.py:151} INFO - [2026-05-25T11:22:44.132+0000] {dagbag.py:539} INFO - Filling up the DagBag from /opt/airflow/dags/data_lake_pipeline.py
[2026-05-25T11:22:44.242+0000] {logging_mixin.py:151} INFO - [2026-05-25T11:22:44.239+0000] {dagbag.py:347} ERROR - Failed to import: /opt/airflow/dags/data_lake_pipeline.py
Traceback (most recent call last):
  File "/home/airflow/.local/lib/python3.8/site-packages/airflow/models/dagbag.py", line 343, in parse
    loader.exec_module(new_module)
  File "<frozen importlib._bootstrap_external>", line 843, in exec_module
  File "<frozen importlib._bootstrap>", line 219, in _call_with_frames_removed
  File "/opt/airflow/dags/data_lake_pipeline.py", line 7, in <module>
    import src.load_to_staging as load_to_staging
ModuleNotFoundError: No module named 'src'
[2026-05-25T11:22:44.242+0000] {processor.py:841} WARNING - No viable dags retrieved from /opt/airflow/dags/data_lake_pipeline.py
[2026-05-25T11:22:44.267+0000] {processor.py:179} INFO - Processing /opt/airflow/dags/data_lake_pipeline.py took 0.147 seconds
[2026-05-25T11:23:14.447+0000] {processor.py:157} INFO - Started process (PID=1202) to work on /opt/airflow/dags/data_lake_pipeline.py
[2026-05-25T11:23:14.450+0000] {processor.py:829} INFO - Processing file /opt/airflow/dags/data_lake_pipeline.py for tasks to queue
[2026-05-25T11:23:14.451+0000] {logging_mixin.py:151} INFO - [2026-05-25T11:23:14.450+0000] {dagbag.py:539} INFO - Filling up the DagBag from /opt/airflow/dags/data_lake_pipeline.py
[2026-05-25T11:23:14.537+0000] {logging_mixin.py:151} INFO - [2026-05-25T11:23:14.535+0000] {dagbag.py:347} ERROR - Failed to import: /opt/airflow/dags/data_lake_pipeline.py
Traceback (most recent call last):
  File "/home/airflow/.local/lib/python3.8/site-packages/airflow/models/dagbag.py", line 343, in parse
    loader.exec_module(new_module)
  File "<frozen importlib._bootstrap_external>", line 843, in exec_module
  File "<frozen importlib._bootstrap>", line 219, in _call_with_frames_removed
  File "/opt/airflow/dags/data_lake_pipeline.py", line 7, in <module>
    import src.load_to_staging as load_to_staging
ModuleNotFoundError: No module named 'src'
[2026-05-25T11:23:14.537+0000] {processor.py:841} WARNING - No viable dags retrieved from /opt/airflow/dags/data_lake_pipeline.py
[2026-05-25T11:23:14.549+0000] {processor.py:179} INFO - Processing /opt/airflow/dags/data_lake_pipeline.py took 0.105 seconds
[2026-05-25T11:23:44.762+0000] {processor.py:157} INFO - Started process (PID=1212) to work on /opt/airflow/dags/data_lake_pipeline.py
[2026-05-25T11:23:44.765+0000] {processor.py:829} INFO - Processing file /opt/airflow/dags/data_lake_pipeline.py for tasks to queue
[2026-05-25T11:23:44.767+0000] {logging_mixin.py:151} INFO - [2026-05-25T11:23:44.766+0000] {dagbag.py:539} INFO - Filling up the DagBag from /opt/airflow/dags/data_lake_pipeline.py
[2026-05-25T11:23:44.850+0000] {logging_mixin.py:151} INFO - [2026-05-25T11:23:44.848+0000] {dagbag.py:347} ERROR - Failed to import: /opt/airflow/dags/data_lake_pipeline.py
Traceback (most recent call last):
  File "/home/airflow/.local/lib/python3.8/site-packages/airflow/models/dagbag.py", line 343, in parse
    loader.exec_module(new_module)
  File "<frozen importlib._bootstrap_external>", line 843, in exec_module
  File "<frozen importlib._bootstrap>", line 219, in _call_with_frames_removed
  File "/opt/airflow/dags/data_lake_pipeline.py", line 7, in <module>
    import src.load_to_staging as load_to_staging
ModuleNotFoundError: No module named 'src'
[2026-05-25T11:23:44.851+0000] {processor.py:841} WARNING - No viable dags retrieved from /opt/airflow/dags/data_lake_pipeline.py
[2026-05-25T11:23:44.867+0000] {processor.py:179} INFO - Processing /opt/airflow/dags/data_lake_pipeline.py took 0.110 seconds
[2026-05-25T11:24:15.058+0000] {processor.py:157} INFO - Started process (PID=1222) to work on /opt/airflow/dags/data_lake_pipeline.py
[2026-05-25T11:24:15.059+0000] {processor.py:829} INFO - Processing file /opt/airflow/dags/data_lake_pipeline.py for tasks to queue
[2026-05-25T11:24:15.061+0000] {logging_mixin.py:151} INFO - [2026-05-25T11:24:15.060+0000] {dagbag.py:539} INFO - Filling up the DagBag from /opt/airflow/dags/data_lake_pipeline.py
[2026-05-25T11:24:15.149+0000] {logging_mixin.py:151} INFO - [2026-05-25T11:24:15.146+0000] {dagbag.py:347} ERROR - Failed to import: /opt/airflow/dags/data_lake_pipeline.py
Traceback (most recent call last):
  File "/home/airflow/.local/lib/python3.8/site-packages/airflow/models/dagbag.py", line 343, in parse
    loader.exec_module(new_module)
  File "<frozen importlib._bootstrap_external>", line 843, in exec_module
  File "<frozen importlib._bootstrap>", line 219, in _call_with_frames_removed
  File "/opt/airflow/dags/data_lake_pipeline.py", line 7, in <module>
    import src.load_to_staging as load_to_staging
ModuleNotFoundError: No module named 'src'
[2026-05-25T11:24:15.149+0000] {processor.py:841} WARNING - No viable dags retrieved from /opt/airflow/dags/data_lake_pipeline.py
[2026-05-25T11:24:15.160+0000] {processor.py:179} INFO - Processing /opt/airflow/dags/data_lake_pipeline.py took 0.107 seconds
[2026-05-25T11:24:45.393+0000] {processor.py:157} INFO - Started process (PID=1232) to work on /opt/airflow/dags/data_lake_pipeline.py
[2026-05-25T11:24:45.396+0000] {processor.py:829} INFO - Processing file /opt/airflow/dags/data_lake_pipeline.py for tasks to queue
[2026-05-25T11:24:45.398+0000] {logging_mixin.py:151} INFO - [2026-05-25T11:24:45.397+0000] {dagbag.py:539} INFO - Filling up the DagBag from /opt/airflow/dags/data_lake_pipeline.py
[2026-05-25T11:24:45.492+0000] {logging_mixin.py:151} INFO - [2026-05-25T11:24:45.490+0000] {dagbag.py:347} ERROR - Failed to import: /opt/airflow/dags/data_lake_pipeline.py
Traceback (most recent call last):
  File "/home/airflow/.local/lib/python3.8/site-packages/airflow/models/dagbag.py", line 343, in parse
    loader.exec_module(new_module)
  File "<frozen importlib._bootstrap_external>", line 843, in exec_module
  File "<frozen importlib._bootstrap>", line 219, in _call_with_frames_removed
  File "/opt/airflow/dags/data_lake_pipeline.py", line 7, in <module>
    import src.load_to_staging as load_to_staging
ModuleNotFoundError: No module named 'src'
[2026-05-25T11:24:45.492+0000] {processor.py:841} WARNING - No viable dags retrieved from /opt/airflow/dags/data_lake_pipeline.py
[2026-05-25T11:24:45.505+0000] {processor.py:179} INFO - Processing /opt/airflow/dags/data_lake_pipeline.py took 0.118 seconds
[2026-05-25T11:25:15.678+0000] {processor.py:157} INFO - Started process (PID=1242) to work on /opt/airflow/dags/data_lake_pipeline.py
[2026-05-25T11:25:15.681+0000] {processor.py:829} INFO - Processing file /opt/airflow/dags/data_lake_pipeline.py for tasks to queue
[2026-05-25T11:25:15.683+0000] {logging_mixin.py:151} INFO - [2026-05-25T11:25:15.682+0000] {dagbag.py:539} INFO - Filling up the DagBag from /opt/airflow/dags/data_lake_pipeline.py
[2026-05-25T11:25:15.773+0000] {logging_mixin.py:151} INFO - [2026-05-25T11:25:15.770+0000] {dagbag.py:347} ERROR - Failed to import: /opt/airflow/dags/data_lake_pipeline.py
Traceback (most recent call last):
  File "/home/airflow/.local/lib/python3.8/site-packages/airflow/models/dagbag.py", line 343, in parse
    loader.exec_module(new_module)
  File "<frozen importlib._bootstrap_external>", line 843, in exec_module
  File "<frozen importlib._bootstrap>", line 219, in _call_with_frames_removed
  File "/opt/airflow/dags/data_lake_pipeline.py", line 7, in <module>
    import src.load_to_staging as load_to_staging
ModuleNotFoundError: No module named 'src'
[2026-05-25T11:25:15.773+0000] {processor.py:841} WARNING - No viable dags retrieved from /opt/airflow/dags/data_lake_pipeline.py
[2026-05-25T11:25:15.788+0000] {processor.py:179} INFO - Processing /opt/airflow/dags/data_lake_pipeline.py took 0.116 seconds
[2026-05-25T11:25:45.951+0000] {processor.py:157} INFO - Started process (PID=1252) to work on /opt/airflow/dags/data_lake_pipeline.py
[2026-05-25T11:25:45.953+0000] {processor.py:829} INFO - Processing file /opt/airflow/dags/data_lake_pipeline.py for tasks to queue
[2026-05-25T11:25:45.954+0000] {logging_mixin.py:151} INFO - [2026-05-25T11:25:45.953+0000] {dagbag.py:539} INFO - Filling up the DagBag from /opt/airflow/dags/data_lake_pipeline.py
[2026-05-25T11:25:46.044+0000] {logging_mixin.py:151} INFO - [2026-05-25T11:25:46.041+0000] {dagbag.py:347} ERROR - Failed to import: /opt/airflow/dags/data_lake_pipeline.py
Traceback (most recent call last):
  File "/home/airflow/.local/lib/python3.8/site-packages/airflow/models/dagbag.py", line 343, in parse
    loader.exec_module(new_module)
  File "<frozen importlib._bootstrap_external>", line 843, in exec_module
  File "<frozen importlib._bootstrap>", line 219, in _call_with_frames_removed
  File "/opt/airflow/dags/data_lake_pipeline.py", line 7, in <module>
    import src.load_to_staging as load_to_staging
ModuleNotFoundError: No module named 'src'
[2026-05-25T11:25:46.044+0000] {processor.py:841} WARNING - No viable dags retrieved from /opt/airflow/dags/data_lake_pipeline.py
[2026-05-25T11:25:46.057+0000] {processor.py:179} INFO - Processing /opt/airflow/dags/data_lake_pipeline.py took 0.113 seconds
[2026-05-25T11:26:16.229+0000] {processor.py:157} INFO - Started process (PID=1262) to work on /opt/airflow/dags/data_lake_pipeline.py
[2026-05-25T11:26:16.230+0000] {processor.py:829} INFO - Processing file /opt/airflow/dags/data_lake_pipeline.py for tasks to queue
[2026-05-25T11:26:16.231+0000] {logging_mixin.py:151} INFO - [2026-05-25T11:26:16.231+0000] {dagbag.py:539} INFO - Filling up the DagBag from /opt/airflow/dags/data_lake_pipeline.py
[2026-05-25T11:26:16.308+0000] {logging_mixin.py:151} INFO - [2026-05-25T11:26:16.307+0000] {dagbag.py:347} ERROR - Failed to import: /opt/airflow/dags/data_lake_pipeline.py
Traceback (most recent call last):
  File "/home/airflow/.local/lib/python3.8/site-packages/airflow/models/dagbag.py", line 343, in parse
    loader.exec_module(new_module)
  File "<frozen importlib._bootstrap_external>", line 843, in exec_module
  File "<frozen importlib._bootstrap>", line 219, in _call_with_frames_removed
  File "/opt/airflow/dags/data_lake_pipeline.py", line 7, in <module>
    import src.load_to_staging as load_to_staging
ModuleNotFoundError: No module named 'src'
[2026-05-25T11:26:16.308+0000] {processor.py:841} WARNING - No viable dags retrieved from /opt/airflow/dags/data_lake_pipeline.py
[2026-05-25T11:26:16.319+0000] {processor.py:179} INFO - Processing /opt/airflow/dags/data_lake_pipeline.py took 0.094 seconds
[2026-05-25T11:26:46.529+0000] {processor.py:157} INFO - Started process (PID=1272) to work on /opt/airflow/dags/data_lake_pipeline.py
[2026-05-25T11:26:46.531+0000] {processor.py:829} INFO - Processing file /opt/airflow/dags/data_lake_pipeline.py for tasks to queue
[2026-05-25T11:26:46.532+0000] {logging_mixin.py:151} INFO - [2026-05-25T11:26:46.531+0000] {dagbag.py:539} INFO - Filling up the DagBag from /opt/airflow/dags/data_lake_pipeline.py
[2026-05-25T11:26:46.621+0000] {logging_mixin.py:151} INFO - [2026-05-25T11:26:46.619+0000] {dagbag.py:347} ERROR - Failed to import: /opt/airflow/dags/data_lake_pipeline.py
Traceback (most recent call last):
  File "/home/airflow/.local/lib/python3.8/site-packages/airflow/models/dagbag.py", line 343, in parse
    loader.exec_module(new_module)
  File "<frozen importlib._bootstrap_external>", line 843, in exec_module
  File "<frozen importlib._bootstrap>", line 219, in _call_with_frames_removed
  File "/opt/airflow/dags/data_lake_pipeline.py", line 7, in <module>
    import src.load_to_staging as load_to_staging
ModuleNotFoundError: No module named 'src'
[2026-05-25T11:26:46.621+0000] {processor.py:841} WARNING - No viable dags retrieved from /opt/airflow/dags/data_lake_pipeline.py
[2026-05-25T11:26:46.634+0000] {processor.py:179} INFO - Processing /opt/airflow/dags/data_lake_pipeline.py took 0.109 seconds
[2026-05-25T11:27:16.756+0000] {processor.py:157} INFO - Started process (PID=1282) to work on /opt/airflow/dags/data_lake_pipeline.py
[2026-05-25T11:27:16.759+0000] {processor.py:829} INFO - Processing file /opt/airflow/dags/data_lake_pipeline.py for tasks to queue
[2026-05-25T11:27:16.760+0000] {logging_mixin.py:151} INFO - [2026-05-25T11:27:16.759+0000] {dagbag.py:539} INFO - Filling up the DagBag from /opt/airflow/dags/data_lake_pipeline.py
[2026-05-25T11:27:16.867+0000] {logging_mixin.py:151} INFO - [2026-05-25T11:27:16.864+0000] {dagbag.py:347} ERROR - Failed to import: /opt/airflow/dags/data_lake_pipeline.py
Traceback (most recent call last):
  File "/home/airflow/.local/lib/python3.8/site-packages/airflow/models/dagbag.py", line 343, in parse
    loader.exec_module(new_module)
  File "<frozen importlib._bootstrap_external>", line 843, in exec_module
  File "<frozen importlib._bootstrap>", line 219, in _call_with_frames_removed
  File "/opt/airflow/dags/data_lake_pipeline.py", line 7, in <module>
    import src.load_to_staging as load_to_staging
ModuleNotFoundError: No module named 'src'
[2026-05-25T11:27:16.867+0000] {processor.py:841} WARNING - No viable dags retrieved from /opt/airflow/dags/data_lake_pipeline.py
[2026-05-25T11:27:16.889+0000] {processor.py:179} INFO - Processing /opt/airflow/dags/data_lake_pipeline.py took 0.137 seconds
[2026-05-25T11:27:47.006+0000] {processor.py:157} INFO - Started process (PID=1292) to work on /opt/airflow/dags/data_lake_pipeline.py
[2026-05-25T11:27:47.008+0000] {processor.py:829} INFO - Processing file /opt/airflow/dags/data_lake_pipeline.py for tasks to queue
[2026-05-25T11:27:47.012+0000] {logging_mixin.py:151} INFO - [2026-05-25T11:27:47.011+0000] {dagbag.py:539} INFO - Filling up the DagBag from /opt/airflow/dags/data_lake_pipeline.py
[2026-05-25T11:27:47.105+0000] {logging_mixin.py:151} INFO - [2026-05-25T11:27:47.102+0000] {dagbag.py:347} ERROR - Failed to import: /opt/airflow/dags/data_lake_pipeline.py
Traceback (most recent call last):
  File "/home/airflow/.local/lib/python3.8/site-packages/airflow/models/dagbag.py", line 343, in parse
    loader.exec_module(new_module)
  File "<frozen importlib._bootstrap_external>", line 843, in exec_module
  File "<frozen importlib._bootstrap>", line 219, in _call_with_frames_removed
  File "/opt/airflow/dags/data_lake_pipeline.py", line 7, in <module>
    import src.load_to_staging as load_to_staging
ModuleNotFoundError: No module named 'src'
[2026-05-25T11:27:47.105+0000] {processor.py:841} WARNING - No viable dags retrieved from /opt/airflow/dags/data_lake_pipeline.py
[2026-05-25T11:27:47.119+0000] {processor.py:179} INFO - Processing /opt/airflow/dags/data_lake_pipeline.py took 0.119 seconds
[2026-05-25T11:28:17.248+0000] {processor.py:157} INFO - Started process (PID=1302) to work on /opt/airflow/dags/data_lake_pipeline.py
[2026-05-25T11:28:17.250+0000] {processor.py:829} INFO - Processing file /opt/airflow/dags/data_lake_pipeline.py for tasks to queue
[2026-05-25T11:28:17.251+0000] {logging_mixin.py:151} INFO - [2026-05-25T11:28:17.250+0000] {dagbag.py:539} INFO - Filling up the DagBag from /opt/airflow/dags/data_lake_pipeline.py
[2026-05-25T11:28:17.330+0000] {logging_mixin.py:151} INFO - [2026-05-25T11:28:17.329+0000] {dagbag.py:347} ERROR - Failed to import: /opt/airflow/dags/data_lake_pipeline.py
Traceback (most recent call last):
  File "/home/airflow/.local/lib/python3.8/site-packages/airflow/models/dagbag.py", line 343, in parse
    loader.exec_module(new_module)
  File "<frozen importlib._bootstrap_external>", line 843, in exec_module
  File "<frozen importlib._bootstrap>", line 219, in _call_with_frames_removed
  File "/opt/airflow/dags/data_lake_pipeline.py", line 7, in <module>
    import src.load_to_staging as load_to_staging
ModuleNotFoundError: No module named 'src'
[2026-05-25T11:28:17.331+0000] {processor.py:841} WARNING - No viable dags retrieved from /opt/airflow/dags/data_lake_pipeline.py
[2026-05-25T11:28:17.340+0000] {processor.py:179} INFO - Processing /opt/airflow/dags/data_lake_pipeline.py took 0.098 seconds
[2026-05-25T11:28:47.574+0000] {processor.py:157} INFO - Started process (PID=1312) to work on /opt/airflow/dags/data_lake_pipeline.py
[2026-05-25T11:28:47.578+0000] {processor.py:829} INFO - Processing file /opt/airflow/dags/data_lake_pipeline.py for tasks to queue
[2026-05-25T11:28:47.579+0000] {logging_mixin.py:151} INFO - [2026-05-25T11:28:47.579+0000] {dagbag.py:539} INFO - Filling up the DagBag from /opt/airflow/dags/data_lake_pipeline.py
[2026-05-25T11:28:47.674+0000] {logging_mixin.py:151} INFO - [2026-05-25T11:28:47.673+0000] {dagbag.py:347} ERROR - Failed to import: /opt/airflow/dags/data_lake_pipeline.py
Traceback (most recent call last):
  File "/home/airflow/.local/lib/python3.8/site-packages/airflow/models/dagbag.py", line 343, in parse
    loader.exec_module(new_module)
  File "<frozen importlib._bootstrap_external>", line 843, in exec_module
  File "<frozen importlib._bootstrap>", line 219, in _call_with_frames_removed
  File "/opt/airflow/dags/data_lake_pipeline.py", line 7, in <module>
    import src.load_to_staging as load_to_staging
ModuleNotFoundError: No module named 'src'
[2026-05-25T11:28:47.674+0000] {processor.py:841} WARNING - No viable dags retrieved from /opt/airflow/dags/data_lake_pipeline.py
[2026-05-25T11:28:47.686+0000] {processor.py:179} INFO - Processing /opt/airflow/dags/data_lake_pipeline.py took 0.116 seconds
[2026-05-25T11:29:17.832+0000] {processor.py:157} INFO - Started process (PID=1322) to work on /opt/airflow/dags/data_lake_pipeline.py
[2026-05-25T11:29:17.835+0000] {processor.py:829} INFO - Processing file /opt/airflow/dags/data_lake_pipeline.py for tasks to queue
[2026-05-25T11:29:17.836+0000] {logging_mixin.py:151} INFO - [2026-05-25T11:29:17.836+0000] {dagbag.py:539} INFO - Filling up the DagBag from /opt/airflow/dags/data_lake_pipeline.py
[2026-05-25T11:29:17.919+0000] {logging_mixin.py:151} INFO - [2026-05-25T11:29:17.917+0000] {dagbag.py:347} ERROR - Failed to import: /opt/airflow/dags/data_lake_pipeline.py
Traceback (most recent call last):
  File "/home/airflow/.local/lib/python3.8/site-packages/airflow/models/dagbag.py", line 343, in parse
    loader.exec_module(new_module)
  File "<frozen importlib._bootstrap_external>", line 843, in exec_module
  File "<frozen importlib._bootstrap>", line 219, in _call_with_frames_removed
  File "/opt/airflow/dags/data_lake_pipeline.py", line 7, in <module>
    import src.load_to_staging as load_to_staging
ModuleNotFoundError: No module named 'src'
[2026-05-25T11:29:17.919+0000] {processor.py:841} WARNING - No viable dags retrieved from /opt/airflow/dags/data_lake_pipeline.py
[2026-05-25T11:29:17.929+0000] {processor.py:179} INFO - Processing /opt/airflow/dags/data_lake_pipeline.py took 0.099 seconds
[2026-05-25T11:29:48.111+0000] {processor.py:157} INFO - Started process (PID=1332) to work on /opt/airflow/dags/data_lake_pipeline.py
[2026-05-25T11:29:48.113+0000] {processor.py:829} INFO - Processing file /opt/airflow/dags/data_lake_pipeline.py for tasks to queue
[2026-05-25T11:29:48.113+0000] {logging_mixin.py:151} INFO - [2026-05-25T11:29:48.113+0000] {dagbag.py:539} INFO - Filling up the DagBag from /opt/airflow/dags/data_lake_pipeline.py
[2026-05-25T11:29:48.189+0000] {logging_mixin.py:151} INFO - [2026-05-25T11:29:48.187+0000] {dagbag.py:347} ERROR - Failed to import: /opt/airflow/dags/data_lake_pipeline.py
Traceback (most recent call last):
  File "/home/airflow/.local/lib/python3.8/site-packages/airflow/models/dagbag.py", line 343, in parse
    loader.exec_module(new_module)
  File "<frozen importlib._bootstrap_external>", line 843, in exec_module
  File "<frozen importlib._bootstrap>", line 219, in _call_with_frames_removed
  File "/opt/airflow/dags/data_lake_pipeline.py", line 7, in <module>
    import src.load_to_staging as load_to_staging
ModuleNotFoundError: No module named 'src'
[2026-05-25T11:29:48.189+0000] {processor.py:841} WARNING - No viable dags retrieved from /opt/airflow/dags/data_lake_pipeline.py
[2026-05-25T11:29:48.199+0000] {processor.py:179} INFO - Processing /opt/airflow/dags/data_lake_pipeline.py took 0.090 seconds
[2026-05-25T11:30:18.428+0000] {processor.py:157} INFO - Started process (PID=1342) to work on /opt/airflow/dags/data_lake_pipeline.py
[2026-05-25T11:30:18.430+0000] {processor.py:829} INFO - Processing file /opt/airflow/dags/data_lake_pipeline.py for tasks to queue
[2026-05-25T11:30:18.431+0000] {logging_mixin.py:151} INFO - [2026-05-25T11:30:18.430+0000] {dagbag.py:539} INFO - Filling up the DagBag from /opt/airflow/dags/data_lake_pipeline.py
[2026-05-25T11:30:18.508+0000] {logging_mixin.py:151} INFO - [2026-05-25T11:30:18.507+0000] {dagbag.py:347} ERROR - Failed to import: /opt/airflow/dags/data_lake_pipeline.py
Traceback (most recent call last):
  File "/home/airflow/.local/lib/python3.8/site-packages/airflow/models/dagbag.py", line 343, in parse
    loader.exec_module(new_module)
  File "<frozen importlib._bootstrap_external>", line 843, in exec_module
  File "<frozen importlib._bootstrap>", line 219, in _call_with_frames_removed
  File "/opt/airflow/dags/data_lake_pipeline.py", line 7, in <module>
    import src.load_to_staging as load_to_staging
ModuleNotFoundError: No module named 'src'
[2026-05-25T11:30:18.508+0000] {processor.py:841} WARNING - No viable dags retrieved from /opt/airflow/dags/data_lake_pipeline.py
[2026-05-25T11:30:18.517+0000] {processor.py:179} INFO - Processing /opt/airflow/dags/data_lake_pipeline.py took 0.094 seconds
[2026-05-25T11:30:48.794+0000] {processor.py:157} INFO - Started process (PID=1352) to work on /opt/airflow/dags/data_lake_pipeline.py
[2026-05-25T11:30:48.797+0000] {processor.py:829} INFO - Processing file /opt/airflow/dags/data_lake_pipeline.py for tasks to queue
[2026-05-25T11:30:48.797+0000] {logging_mixin.py:151} INFO - [2026-05-25T11:30:48.797+0000] {dagbag.py:539} INFO - Filling up the DagBag from /opt/airflow/dags/data_lake_pipeline.py
[2026-05-25T11:30:48.889+0000] {logging_mixin.py:151} INFO - [2026-05-25T11:30:48.888+0000] {dagbag.py:347} ERROR - Failed to import: /opt/airflow/dags/data_lake_pipeline.py
Traceback (most recent call last):
  File "/home/airflow/.local/lib/python3.8/site-packages/airflow/models/dagbag.py", line 343, in parse
    loader.exec_module(new_module)
  File "<frozen importlib._bootstrap_external>", line 843, in exec_module
  File "<frozen importlib._bootstrap>", line 219, in _call_with_frames_removed
  File "/opt/airflow/dags/data_lake_pipeline.py", line 7, in <module>
    import src.load_to_staging as load_to_staging
ModuleNotFoundError: No module named 'src'
[2026-05-25T11:30:48.889+0000] {processor.py:841} WARNING - No viable dags retrieved from /opt/airflow/dags/data_lake_pipeline.py
[2026-05-25T11:30:48.898+0000] {processor.py:179} INFO - Processing /opt/airflow/dags/data_lake_pipeline.py took 0.108 seconds
[2026-05-25T11:31:19.090+0000] {processor.py:157} INFO - Started process (PID=1362) to work on /opt/airflow/dags/data_lake_pipeline.py
[2026-05-25T11:31:19.093+0000] {processor.py:829} INFO - Processing file /opt/airflow/dags/data_lake_pipeline.py for tasks to queue
[2026-05-25T11:31:19.094+0000] {logging_mixin.py:151} INFO - [2026-05-25T11:31:19.093+0000] {dagbag.py:539} INFO - Filling up the DagBag from /opt/airflow/dags/data_lake_pipeline.py
[2026-05-25T11:31:19.175+0000] {logging_mixin.py:151} INFO - [2026-05-25T11:31:19.173+0000] {dagbag.py:347} ERROR - Failed to import: /opt/airflow/dags/data_lake_pipeline.py
Traceback (most recent call last):
  File "/home/airflow/.local/lib/python3.8/site-packages/airflow/models/dagbag.py", line 343, in parse
    loader.exec_module(new_module)
  File "<frozen importlib._bootstrap_external>", line 843, in exec_module
  File "<frozen importlib._bootstrap>", line 219, in _call_with_frames_removed
  File "/opt/airflow/dags/data_lake_pipeline.py", line 7, in <module>
    import src.load_to_staging as load_to_staging
ModuleNotFoundError: No module named 'src'
[2026-05-25T11:31:19.175+0000] {processor.py:841} WARNING - No viable dags retrieved from /opt/airflow/dags/data_lake_pipeline.py
[2026-05-25T11:31:19.184+0000] {processor.py:179} INFO - Processing /opt/airflow/dags/data_lake_pipeline.py took 0.098 seconds
[2026-05-25T11:31:49.380+0000] {processor.py:157} INFO - Started process (PID=1372) to work on /opt/airflow/dags/data_lake_pipeline.py
[2026-05-25T11:31:49.384+0000] {processor.py:829} INFO - Processing file /opt/airflow/dags/data_lake_pipeline.py for tasks to queue
[2026-05-25T11:31:49.386+0000] {logging_mixin.py:151} INFO - [2026-05-25T11:31:49.385+0000] {dagbag.py:539} INFO - Filling up the DagBag from /opt/airflow/dags/data_lake_pipeline.py
[2026-05-25T11:31:49.462+0000] {logging_mixin.py:151} INFO - [2026-05-25T11:31:49.460+0000] {dagbag.py:347} ERROR - Failed to import: /opt/airflow/dags/data_lake_pipeline.py
Traceback (most recent call last):
  File "/home/airflow/.local/lib/python3.8/site-packages/airflow/models/dagbag.py", line 343, in parse
    loader.exec_module(new_module)
  File "<frozen importlib._bootstrap_external>", line 843, in exec_module
  File "<frozen importlib._bootstrap>", line 219, in _call_with_frames_removed
  File "/opt/airflow/dags/data_lake_pipeline.py", line 7, in <module>
    import src.load_to_staging as load_to_staging
ModuleNotFoundError: No module named 'src'
[2026-05-25T11:31:49.462+0000] {processor.py:841} WARNING - No viable dags retrieved from /opt/airflow/dags/data_lake_pipeline.py
[2026-05-25T11:31:49.471+0000] {processor.py:179} INFO - Processing /opt/airflow/dags/data_lake_pipeline.py took 0.095 seconds
[2026-05-25T11:32:19.708+0000] {processor.py:157} INFO - Started process (PID=1382) to work on /opt/airflow/dags/data_lake_pipeline.py
[2026-05-25T11:32:19.710+0000] {processor.py:829} INFO - Processing file /opt/airflow/dags/data_lake_pipeline.py for tasks to queue
[2026-05-25T11:32:19.712+0000] {logging_mixin.py:151} INFO - [2026-05-25T11:32:19.711+0000] {dagbag.py:539} INFO - Filling up the DagBag from /opt/airflow/dags/data_lake_pipeline.py
[2026-05-25T11:32:19.789+0000] {logging_mixin.py:151} INFO - [2026-05-25T11:32:19.788+0000] {dagbag.py:347} ERROR - Failed to import: /opt/airflow/dags/data_lake_pipeline.py
Traceback (most recent call last):
  File "/home/airflow/.local/lib/python3.8/site-packages/airflow/models/dagbag.py", line 343, in parse
    loader.exec_module(new_module)
  File "<frozen importlib._bootstrap_external>", line 843, in exec_module
  File "<frozen importlib._bootstrap>", line 219, in _call_with_frames_removed
  File "/opt/airflow/dags/data_lake_pipeline.py", line 7, in <module>
    import src.load_to_staging as load_to_staging
ModuleNotFoundError: No module named 'src'
[2026-05-25T11:32:19.789+0000] {processor.py:841} WARNING - No viable dags retrieved from /opt/airflow/dags/data_lake_pipeline.py
[2026-05-25T11:32:19.798+0000] {processor.py:179} INFO - Processing /opt/airflow/dags/data_lake_pipeline.py took 0.094 seconds
[2026-05-25T11:32:50.034+0000] {processor.py:157} INFO - Started process (PID=1392) to work on /opt/airflow/dags/data_lake_pipeline.py
[2026-05-25T11:32:50.038+0000] {processor.py:829} INFO - Processing file /opt/airflow/dags/data_lake_pipeline.py for tasks to queue
[2026-05-25T11:32:50.039+0000] {logging_mixin.py:151} INFO - [2026-05-25T11:32:50.039+0000] {dagbag.py:539} INFO - Filling up the DagBag from /opt/airflow/dags/data_lake_pipeline.py
[2026-05-25T11:32:50.117+0000] {logging_mixin.py:151} INFO - [2026-05-25T11:32:50.114+0000] {dagbag.py:347} ERROR - Failed to import: /opt/airflow/dags/data_lake_pipeline.py
Traceback (most recent call last):
  File "/home/airflow/.local/lib/python3.8/site-packages/airflow/models/dagbag.py", line 343, in parse
    loader.exec_module(new_module)
  File "<frozen importlib._bootstrap_external>", line 843, in exec_module
  File "<frozen importlib._bootstrap>", line 219, in _call_with_frames_removed
  File "/opt/airflow/dags/data_lake_pipeline.py", line 7, in <module>
    import src.load_to_staging as load_to_staging
ModuleNotFoundError: No module named 'src'
[2026-05-25T11:32:50.117+0000] {processor.py:841} WARNING - No viable dags retrieved from /opt/airflow/dags/data_lake_pipeline.py
[2026-05-25T11:32:50.129+0000] {processor.py:179} INFO - Processing /opt/airflow/dags/data_lake_pipeline.py took 0.101 seconds
[2026-05-25T11:33:20.325+0000] {processor.py:157} INFO - Started process (PID=1402) to work on /opt/airflow/dags/data_lake_pipeline.py
[2026-05-25T11:33:20.328+0000] {processor.py:829} INFO - Processing file /opt/airflow/dags/data_lake_pipeline.py for tasks to queue
[2026-05-25T11:33:20.329+0000] {logging_mixin.py:151} INFO - [2026-05-25T11:33:20.329+0000] {dagbag.py:539} INFO - Filling up the DagBag from /opt/airflow/dags/data_lake_pipeline.py
[2026-05-25T11:33:20.420+0000] {logging_mixin.py:151} INFO - [2026-05-25T11:33:20.419+0000] {dagbag.py:347} ERROR - Failed to import: /opt/airflow/dags/data_lake_pipeline.py
Traceback (most recent call last):
  File "/home/airflow/.local/lib/python3.8/site-packages/airflow/models/dagbag.py", line 343, in parse
    loader.exec_module(new_module)
  File "<frozen importlib._bootstrap_external>", line 843, in exec_module
  File "<frozen importlib._bootstrap>", line 219, in _call_with_frames_removed
  File "/opt/airflow/dags/data_lake_pipeline.py", line 7, in <module>
    import src.load_to_staging as load_to_staging
ModuleNotFoundError: No module named 'src'
[2026-05-25T11:33:20.421+0000] {processor.py:841} WARNING - No viable dags retrieved from /opt/airflow/dags/data_lake_pipeline.py
[2026-05-25T11:33:20.431+0000] {processor.py:179} INFO - Processing /opt/airflow/dags/data_lake_pipeline.py took 0.109 seconds
[2026-05-25T11:33:50.665+0000] {processor.py:157} INFO - Started process (PID=1412) to work on /opt/airflow/dags/data_lake_pipeline.py
[2026-05-25T11:33:50.670+0000] {processor.py:829} INFO - Processing file /opt/airflow/dags/data_lake_pipeline.py for tasks to queue
[2026-05-25T11:33:50.671+0000] {logging_mixin.py:151} INFO - [2026-05-25T11:33:50.671+0000] {dagbag.py:539} INFO - Filling up the DagBag from /opt/airflow/dags/data_lake_pipeline.py
[2026-05-25T11:33:50.747+0000] {logging_mixin.py:151} INFO - [2026-05-25T11:33:50.746+0000] {dagbag.py:347} ERROR - Failed to import: /opt/airflow/dags/data_lake_pipeline.py
Traceback (most recent call last):
  File "/home/airflow/.local/lib/python3.8/site-packages/airflow/models/dagbag.py", line 343, in parse
    loader.exec_module(new_module)
  File "<frozen importlib._bootstrap_external>", line 843, in exec_module
  File "<frozen importlib._bootstrap>", line 219, in _call_with_frames_removed
  File "/opt/airflow/dags/data_lake_pipeline.py", line 7, in <module>
    import src.load_to_staging as load_to_staging
ModuleNotFoundError: No module named 'src'
[2026-05-25T11:33:50.748+0000] {processor.py:841} WARNING - No viable dags retrieved from /opt/airflow/dags/data_lake_pipeline.py
[2026-05-25T11:33:50.756+0000] {processor.py:179} INFO - Processing /opt/airflow/dags/data_lake_pipeline.py took 0.095 seconds
[2026-05-25T11:34:21.029+0000] {processor.py:157} INFO - Started process (PID=1422) to work on /opt/airflow/dags/data_lake_pipeline.py
[2026-05-25T11:34:21.031+0000] {processor.py:829} INFO - Processing file /opt/airflow/dags/data_lake_pipeline.py for tasks to queue
[2026-05-25T11:34:21.032+0000] {logging_mixin.py:151} INFO - [2026-05-25T11:34:21.032+0000] {dagbag.py:539} INFO - Filling up the DagBag from /opt/airflow/dags/data_lake_pipeline.py
[2026-05-25T11:34:21.113+0000] {logging_mixin.py:151} INFO - [2026-05-25T11:34:21.112+0000] {dagbag.py:347} ERROR - Failed to import: /opt/airflow/dags/data_lake_pipeline.py
Traceback (most recent call last):
  File "/home/airflow/.local/lib/python3.8/site-packages/airflow/models/dagbag.py", line 343, in parse
    loader.exec_module(new_module)
  File "<frozen importlib._bootstrap_external>", line 843, in exec_module
  File "<frozen importlib._bootstrap>", line 219, in _call_with_frames_removed
  File "/opt/airflow/dags/data_lake_pipeline.py", line 7, in <module>
    import src.load_to_staging as load_to_staging
ModuleNotFoundError: No module named 'src'
[2026-05-25T11:34:21.113+0000] {processor.py:841} WARNING - No viable dags retrieved from /opt/airflow/dags/data_lake_pipeline.py
[2026-05-25T11:34:21.123+0000] {processor.py:179} INFO - Processing /opt/airflow/dags/data_lake_pipeline.py took 0.099 seconds
[2026-05-25T11:34:51.297+0000] {processor.py:157} INFO - Started process (PID=1432) to work on /opt/airflow/dags/data_lake_pipeline.py
[2026-05-25T11:34:51.301+0000] {processor.py:829} INFO - Processing file /opt/airflow/dags/data_lake_pipeline.py for tasks to queue
[2026-05-25T11:34:51.302+0000] {logging_mixin.py:151} INFO - [2026-05-25T11:34:51.302+0000] {dagbag.py:539} INFO - Filling up the DagBag from /opt/airflow/dags/data_lake_pipeline.py
[2026-05-25T11:34:51.381+0000] {logging_mixin.py:151} INFO - [2026-05-25T11:34:51.379+0000] {dagbag.py:347} ERROR - Failed to import: /opt/airflow/dags/data_lake_pipeline.py
Traceback (most recent call last):
  File "/home/airflow/.local/lib/python3.8/site-packages/airflow/models/dagbag.py", line 343, in parse
    loader.exec_module(new_module)
  File "<frozen importlib._bootstrap_external>", line 843, in exec_module
  File "<frozen importlib._bootstrap>", line 219, in _call_with_frames_removed
  File "/opt/airflow/dags/data_lake_pipeline.py", line 7, in <module>
    import src.load_to_staging as load_to_staging
ModuleNotFoundError: No module named 'src'
[2026-05-25T11:34:51.381+0000] {processor.py:841} WARNING - No viable dags retrieved from /opt/airflow/dags/data_lake_pipeline.py
[2026-05-25T11:34:51.391+0000] {processor.py:179} INFO - Processing /opt/airflow/dags/data_lake_pipeline.py took 0.098 seconds
[2026-05-25T11:35:00.406+0000] {processor.py:157} INFO - Started process (PID=1437) to work on /opt/airflow/dags/data_lake_pipeline.py
[2026-05-25T11:35:00.409+0000] {processor.py:829} INFO - Processing file /opt/airflow/dags/data_lake_pipeline.py for tasks to queue
[2026-05-25T11:35:00.411+0000] {logging_mixin.py:151} INFO - [2026-05-25T11:35:00.410+0000] {dagbag.py:539} INFO - Filling up the DagBag from /opt/airflow/dags/data_lake_pipeline.py
[2026-05-25T11:35:00.501+0000] {logging_mixin.py:151} INFO - [2026-05-25T11:35:00.499+0000] {dagbag.py:347} ERROR - Failed to import: /opt/airflow/dags/data_lake_pipeline.py
Traceback (most recent call last):
  File "/home/airflow/.local/lib/python3.8/site-packages/airflow/models/dagbag.py", line 343, in parse
    loader.exec_module(new_module)
  File "<frozen importlib._bootstrap_external>", line 843, in exec_module
  File "<frozen importlib._bootstrap>", line 219, in _call_with_frames_removed
  File "/opt/airflow/dags/data_lake_pipeline.py", line 7, in <module>
    import src.load_to_staging as load_to_staging
ModuleNotFoundError: No module named 'src'
[2026-05-25T11:35:00.502+0000] {processor.py:841} WARNING - No viable dags retrieved from /opt/airflow/dags/data_lake_pipeline.py
[2026-05-25T11:35:00.513+0000] {processor.py:179} INFO - Processing /opt/airflow/dags/data_lake_pipeline.py took 0.113 seconds
[2026-05-25T11:35:30.800+0000] {processor.py:157} INFO - Started process (PID=1447) to work on /opt/airflow/dags/data_lake_pipeline.py
[2026-05-25T11:35:30.803+0000] {processor.py:829} INFO - Processing file /opt/airflow/dags/data_lake_pipeline.py for tasks to queue
[2026-05-25T11:35:30.804+0000] {logging_mixin.py:151} INFO - [2026-05-25T11:35:30.804+0000] {dagbag.py:539} INFO - Filling up the DagBag from /opt/airflow/dags/data_lake_pipeline.py
[2026-05-25T11:35:30.881+0000] {logging_mixin.py:151} INFO - [2026-05-25T11:35:30.879+0000] {dagbag.py:347} ERROR - Failed to import: /opt/airflow/dags/data_lake_pipeline.py
Traceback (most recent call last):
  File "/home/airflow/.local/lib/python3.8/site-packages/airflow/models/dagbag.py", line 343, in parse
    loader.exec_module(new_module)
  File "<frozen importlib._bootstrap_external>", line 843, in exec_module
  File "<frozen importlib._bootstrap>", line 219, in _call_with_frames_removed
  File "/opt/airflow/dags/data_lake_pipeline.py", line 7, in <module>
    import src.load_to_staging as load_to_staging
ModuleNotFoundError: No module named 'src'
[2026-05-25T11:35:30.881+0000] {processor.py:841} WARNING - No viable dags retrieved from /opt/airflow/dags/data_lake_pipeline.py
[2026-05-25T11:35:30.890+0000] {processor.py:179} INFO - Processing /opt/airflow/dags/data_lake_pipeline.py took 0.093 seconds
[2026-05-25T11:36:01.072+0000] {processor.py:157} INFO - Started process (PID=1457) to work on /opt/airflow/dags/data_lake_pipeline.py
[2026-05-25T11:36:01.074+0000] {processor.py:829} INFO - Processing file /opt/airflow/dags/data_lake_pipeline.py for tasks to queue
[2026-05-25T11:36:01.075+0000] {logging_mixin.py:151} INFO - [2026-05-25T11:36:01.075+0000] {dagbag.py:539} INFO - Filling up the DagBag from /opt/airflow/dags/data_lake_pipeline.py
[2026-05-25T11:36:01.157+0000] {logging_mixin.py:151} INFO - [2026-05-25T11:36:01.155+0000] {dagbag.py:347} ERROR - Failed to import: /opt/airflow/dags/data_lake_pipeline.py
Traceback (most recent call last):
  File "/home/airflow/.local/lib/python3.8/site-packages/airflow/models/dagbag.py", line 343, in parse
    loader.exec_module(new_module)
  File "<frozen importlib._bootstrap_external>", line 843, in exec_module
  File "<frozen importlib._bootstrap>", line 219, in _call_with_frames_removed
  File "/opt/airflow/dags/data_lake_pipeline.py", line 7, in <module>
    import src.load_to_staging as load_to_staging
ModuleNotFoundError: No module named 'src'
[2026-05-25T11:36:01.157+0000] {processor.py:841} WARNING - No viable dags retrieved from /opt/airflow/dags/data_lake_pipeline.py
[2026-05-25T11:36:01.168+0000] {processor.py:179} INFO - Processing /opt/airflow/dags/data_lake_pipeline.py took 0.099 seconds
[2026-05-25T11:36:31.360+0000] {processor.py:157} INFO - Started process (PID=1467) to work on /opt/airflow/dags/data_lake_pipeline.py
[2026-05-25T11:36:31.361+0000] {processor.py:829} INFO - Processing file /opt/airflow/dags/data_lake_pipeline.py for tasks to queue
[2026-05-25T11:36:31.362+0000] {logging_mixin.py:151} INFO - [2026-05-25T11:36:31.362+0000] {dagbag.py:539} INFO - Filling up the DagBag from /opt/airflow/dags/data_lake_pipeline.py
[2026-05-25T11:36:31.442+0000] {logging_mixin.py:151} INFO - [2026-05-25T11:36:31.440+0000] {dagbag.py:347} ERROR - Failed to import: /opt/airflow/dags/data_lake_pipeline.py
Traceback (most recent call last):
  File "/home/airflow/.local/lib/python3.8/site-packages/airflow/models/dagbag.py", line 343, in parse
    loader.exec_module(new_module)
  File "<frozen importlib._bootstrap_external>", line 843, in exec_module
  File "<frozen importlib._bootstrap>", line 219, in _call_with_frames_removed
  File "/opt/airflow/dags/data_lake_pipeline.py", line 7, in <module>
    import src.load_to_staging as load_to_staging
ModuleNotFoundError: No module named 'src'
[2026-05-25T11:36:31.442+0000] {processor.py:841} WARNING - No viable dags retrieved from /opt/airflow/dags/data_lake_pipeline.py
[2026-05-25T11:36:31.454+0000] {processor.py:179} INFO - Processing /opt/airflow/dags/data_lake_pipeline.py took 0.097 seconds
[2026-05-25T11:37:01.679+0000] {processor.py:157} INFO - Started process (PID=1477) to work on /opt/airflow/dags/data_lake_pipeline.py
[2026-05-25T11:37:01.681+0000] {processor.py:829} INFO - Processing file /opt/airflow/dags/data_lake_pipeline.py for tasks to queue
[2026-05-25T11:37:01.682+0000] {logging_mixin.py:151} INFO - [2026-05-25T11:37:01.682+0000] {dagbag.py:539} INFO - Filling up the DagBag from /opt/airflow/dags/data_lake_pipeline.py
[2026-05-25T11:37:01.773+0000] {logging_mixin.py:151} INFO - [2026-05-25T11:37:01.769+0000] {dagbag.py:347} ERROR - Failed to import: /opt/airflow/dags/data_lake_pipeline.py
Traceback (most recent call last):
  File "/home/airflow/.local/lib/python3.8/site-packages/airflow/models/dagbag.py", line 343, in parse
    loader.exec_module(new_module)
  File "<frozen importlib._bootstrap_external>", line 843, in exec_module
  File "<frozen importlib._bootstrap>", line 219, in _call_with_frames_removed
  File "/opt/airflow/dags/data_lake_pipeline.py", line 7, in <module>
    import src.load_to_staging as load_to_staging
ModuleNotFoundError: No module named 'src'
[2026-05-25T11:37:01.773+0000] {processor.py:841} WARNING - No viable dags retrieved from /opt/airflow/dags/data_lake_pipeline.py
[2026-05-25T11:37:01.786+0000] {processor.py:179} INFO - Processing /opt/airflow/dags/data_lake_pipeline.py took 0.112 seconds
[2026-05-25T11:37:31.986+0000] {processor.py:157} INFO - Started process (PID=1487) to work on /opt/airflow/dags/data_lake_pipeline.py
[2026-05-25T11:37:31.989+0000] {processor.py:829} INFO - Processing file /opt/airflow/dags/data_lake_pipeline.py for tasks to queue
[2026-05-25T11:37:31.990+0000] {logging_mixin.py:151} INFO - [2026-05-25T11:37:31.989+0000] {dagbag.py:539} INFO - Filling up the DagBag from /opt/airflow/dags/data_lake_pipeline.py
[2026-05-25T11:37:32.065+0000] {logging_mixin.py:151} INFO - [2026-05-25T11:37:32.063+0000] {dagbag.py:347} ERROR - Failed to import: /opt/airflow/dags/data_lake_pipeline.py
Traceback (most recent call last):
  File "/home/airflow/.local/lib/python3.8/site-packages/airflow/models/dagbag.py", line 343, in parse
    loader.exec_module(new_module)
  File "<frozen importlib._bootstrap_external>", line 843, in exec_module
  File "<frozen importlib._bootstrap>", line 219, in _call_with_frames_removed
  File "/opt/airflow/dags/data_lake_pipeline.py", line 7, in <module>
    import src.load_to_staging as load_to_staging
ModuleNotFoundError: No module named 'src'
[2026-05-25T11:37:32.065+0000] {processor.py:841} WARNING - No viable dags retrieved from /opt/airflow/dags/data_lake_pipeline.py
[2026-05-25T11:37:32.075+0000] {processor.py:179} INFO - Processing /opt/airflow/dags/data_lake_pipeline.py took 0.093 seconds
[2026-05-25T11:37:46.157+0000] {processor.py:157} INFO - Started process (PID=1497) to work on /opt/airflow/dags/data_lake_pipeline.py
[2026-05-25T11:37:46.161+0000] {processor.py:829} INFO - Processing file /opt/airflow/dags/data_lake_pipeline.py for tasks to queue
[2026-05-25T11:37:46.166+0000] {logging_mixin.py:151} INFO - [2026-05-25T11:37:46.166+0000] {dagbag.py:539} INFO - Filling up the DagBag from /opt/airflow/dags/data_lake_pipeline.py
[2026-05-25T11:37:46.242+0000] {logging_mixin.py:151} INFO - [2026-05-25T11:37:46.240+0000] {dagbag.py:347} ERROR - Failed to import: /opt/airflow/dags/data_lake_pipeline.py
Traceback (most recent call last):
  File "/home/airflow/.local/lib/python3.8/site-packages/airflow/models/dagbag.py", line 343, in parse
    loader.exec_module(new_module)
  File "<frozen importlib._bootstrap_external>", line 843, in exec_module
  File "<frozen importlib._bootstrap>", line 219, in _call_with_frames_removed
  File "/opt/airflow/dags/data_lake_pipeline.py", line 7, in <module>
    import src.load_to_staging as load_to_staging
ModuleNotFoundError: No module named 'src'
[2026-05-25T11:37:46.242+0000] {processor.py:841} WARNING - No viable dags retrieved from /opt/airflow/dags/data_lake_pipeline.py
[2026-05-25T11:37:46.251+0000] {processor.py:179} INFO - Processing /opt/airflow/dags/data_lake_pipeline.py took 0.096 seconds
[2026-05-25T11:38:16.406+0000] {processor.py:157} INFO - Started process (PID=1507) to work on /opt/airflow/dags/data_lake_pipeline.py
[2026-05-25T11:38:16.408+0000] {processor.py:829} INFO - Processing file /opt/airflow/dags/data_lake_pipeline.py for tasks to queue
[2026-05-25T11:38:16.409+0000] {logging_mixin.py:151} INFO - [2026-05-25T11:38:16.408+0000] {dagbag.py:539} INFO - Filling up the DagBag from /opt/airflow/dags/data_lake_pipeline.py
[2026-05-25T11:38:16.478+0000] {logging_mixin.py:151} INFO - [2026-05-25T11:38:16.476+0000] {dagbag.py:347} ERROR - Failed to import: /opt/airflow/dags/data_lake_pipeline.py
Traceback (most recent call last):
  File "/home/airflow/.local/lib/python3.8/site-packages/airflow/models/dagbag.py", line 343, in parse
    loader.exec_module(new_module)
  File "<frozen importlib._bootstrap_external>", line 843, in exec_module
  File "<frozen importlib._bootstrap>", line 219, in _call_with_frames_removed
  File "/opt/airflow/dags/data_lake_pipeline.py", line 7, in <module>
    import src.load_to_staging as load_to_staging
ModuleNotFoundError: No module named 'src'
[2026-05-25T11:38:16.478+0000] {processor.py:841} WARNING - No viable dags retrieved from /opt/airflow/dags/data_lake_pipeline.py
[2026-05-25T11:38:16.489+0000] {processor.py:179} INFO - Processing /opt/airflow/dags/data_lake_pipeline.py took 0.088 seconds
[2026-05-25T11:38:20.474+0000] {processor.py:157} INFO - Started process (PID=1512) to work on /opt/airflow/dags/data_lake_pipeline.py
[2026-05-25T11:38:20.477+0000] {processor.py:829} INFO - Processing file /opt/airflow/dags/data_lake_pipeline.py for tasks to queue
[2026-05-25T11:38:20.478+0000] {logging_mixin.py:151} INFO - [2026-05-25T11:38:20.477+0000] {dagbag.py:539} INFO - Filling up the DagBag from /opt/airflow/dags/data_lake_pipeline.py
[2026-05-25T11:38:20.483+0000] {logging_mixin.py:151} INFO - [2026-05-25T11:38:20.481+0000] {dagbag.py:347} ERROR - Failed to import: /opt/airflow/dags/data_lake_pipeline.py
Traceback (most recent call last):
  File "/home/airflow/.local/lib/python3.8/site-packages/airflow/models/dagbag.py", line 343, in parse
    loader.exec_module(new_module)
  File "<frozen importlib._bootstrap_external>", line 839, in exec_module
  File "<frozen importlib._bootstrap_external>", line 976, in get_code
  File "<frozen importlib._bootstrap_external>", line 906, in source_to_code
  File "<frozen importlib._bootstrap>", line 219, in _call_with_frames_removed
  File "/opt/airflow/dags/data_lake_pipeline.py", line 71
    ensure_bucket(s3)
                    ^
IndentationError: unindent does not match any outer indentation level
[2026-05-25T11:38:20.483+0000] {processor.py:841} WARNING - No viable dags retrieved from /opt/airflow/dags/data_lake_pipeline.py
[2026-05-25T11:38:20.503+0000] {processor.py:179} INFO - Processing /opt/airflow/dags/data_lake_pipeline.py took 0.033 seconds
[2026-05-25T11:38:50.740+0000] {processor.py:157} INFO - Started process (PID=1522) to work on /opt/airflow/dags/data_lake_pipeline.py
[2026-05-25T11:38:50.741+0000] {processor.py:829} INFO - Processing file /opt/airflow/dags/data_lake_pipeline.py for tasks to queue
[2026-05-25T11:38:50.742+0000] {logging_mixin.py:151} INFO - [2026-05-25T11:38:50.742+0000] {dagbag.py:539} INFO - Filling up the DagBag from /opt/airflow/dags/data_lake_pipeline.py
[2026-05-25T11:38:50.744+0000] {logging_mixin.py:151} INFO - [2026-05-25T11:38:50.744+0000] {dagbag.py:347} ERROR - Failed to import: /opt/airflow/dags/data_lake_pipeline.py
Traceback (most recent call last):
  File "/home/airflow/.local/lib/python3.8/site-packages/airflow/models/dagbag.py", line 343, in parse
    loader.exec_module(new_module)
  File "<frozen importlib._bootstrap_external>", line 839, in exec_module
  File "<frozen importlib._bootstrap_external>", line 976, in get_code
  File "<frozen importlib._bootstrap_external>", line 906, in source_to_code
  File "<frozen importlib._bootstrap>", line 219, in _call_with_frames_removed
  File "/opt/airflow/dags/data_lake_pipeline.py", line 71
    ensure_bucket(s3)
                    ^
IndentationError: unindent does not match any outer indentation level
[2026-05-25T11:38:50.745+0000] {processor.py:841} WARNING - No viable dags retrieved from /opt/airflow/dags/data_lake_pipeline.py
[2026-05-25T11:38:50.756+0000] {processor.py:179} INFO - Processing /opt/airflow/dags/data_lake_pipeline.py took 0.018 seconds
[2026-05-25T11:39:21.044+0000] {processor.py:157} INFO - Started process (PID=1532) to work on /opt/airflow/dags/data_lake_pipeline.py
[2026-05-25T11:39:21.046+0000] {processor.py:829} INFO - Processing file /opt/airflow/dags/data_lake_pipeline.py for tasks to queue
[2026-05-25T11:39:21.047+0000] {logging_mixin.py:151} INFO - [2026-05-25T11:39:21.047+0000] {dagbag.py:539} INFO - Filling up the DagBag from /opt/airflow/dags/data_lake_pipeline.py
[2026-05-25T11:39:21.051+0000] {logging_mixin.py:151} INFO - [2026-05-25T11:39:21.050+0000] {dagbag.py:347} ERROR - Failed to import: /opt/airflow/dags/data_lake_pipeline.py
Traceback (most recent call last):
  File "/home/airflow/.local/lib/python3.8/site-packages/airflow/models/dagbag.py", line 343, in parse
    loader.exec_module(new_module)
  File "<frozen importlib._bootstrap_external>", line 839, in exec_module
  File "<frozen importlib._bootstrap_external>", line 976, in get_code
  File "<frozen importlib._bootstrap_external>", line 906, in source_to_code
  File "<frozen importlib._bootstrap>", line 219, in _call_with_frames_removed
  File "/opt/airflow/dags/data_lake_pipeline.py", line 71
    ensure_bucket(s3)
                    ^
IndentationError: unindent does not match any outer indentation level
[2026-05-25T11:39:21.052+0000] {processor.py:841} WARNING - No viable dags retrieved from /opt/airflow/dags/data_lake_pipeline.py
[2026-05-25T11:39:21.067+0000] {processor.py:179} INFO - Processing /opt/airflow/dags/data_lake_pipeline.py took 0.027 seconds
[2026-05-25T11:39:51.332+0000] {processor.py:157} INFO - Started process (PID=1542) to work on /opt/airflow/dags/data_lake_pipeline.py
[2026-05-25T11:39:51.335+0000] {processor.py:829} INFO - Processing file /opt/airflow/dags/data_lake_pipeline.py for tasks to queue
[2026-05-25T11:39:51.335+0000] {logging_mixin.py:151} INFO - [2026-05-25T11:39:51.335+0000] {dagbag.py:539} INFO - Filling up the DagBag from /opt/airflow/dags/data_lake_pipeline.py
[2026-05-25T11:39:51.339+0000] {logging_mixin.py:151} INFO - [2026-05-25T11:39:51.338+0000] {dagbag.py:347} ERROR - Failed to import: /opt/airflow/dags/data_lake_pipeline.py
Traceback (most recent call last):
  File "/home/airflow/.local/lib/python3.8/site-packages/airflow/models/dagbag.py", line 343, in parse
    loader.exec_module(new_module)
  File "<frozen importlib._bootstrap_external>", line 839, in exec_module
  File "<frozen importlib._bootstrap_external>", line 976, in get_code
  File "<frozen importlib._bootstrap_external>", line 906, in source_to_code
  File "<frozen importlib._bootstrap>", line 219, in _call_with_frames_removed
  File "/opt/airflow/dags/data_lake_pipeline.py", line 71
    ensure_bucket(s3)
                    ^
IndentationError: unindent does not match any outer indentation level
[2026-05-25T11:39:51.340+0000] {processor.py:841} WARNING - No viable dags retrieved from /opt/airflow/dags/data_lake_pipeline.py
[2026-05-25T11:39:51.356+0000] {processor.py:179} INFO - Processing /opt/airflow/dags/data_lake_pipeline.py took 0.027 seconds
[2026-05-25T11:40:21.659+0000] {processor.py:157} INFO - Started process (PID=1552) to work on /opt/airflow/dags/data_lake_pipeline.py
[2026-05-25T11:40:21.662+0000] {processor.py:829} INFO - Processing file /opt/airflow/dags/data_lake_pipeline.py for tasks to queue
[2026-05-25T11:40:21.663+0000] {logging_mixin.py:151} INFO - [2026-05-25T11:40:21.662+0000] {dagbag.py:539} INFO - Filling up the DagBag from /opt/airflow/dags/data_lake_pipeline.py
[2026-05-25T11:40:21.668+0000] {logging_mixin.py:151} INFO - [2026-05-25T11:40:21.666+0000] {dagbag.py:347} ERROR - Failed to import: /opt/airflow/dags/data_lake_pipeline.py
Traceback (most recent call last):
  File "/home/airflow/.local/lib/python3.8/site-packages/airflow/models/dagbag.py", line 343, in parse
    loader.exec_module(new_module)
  File "<frozen importlib._bootstrap_external>", line 839, in exec_module
  File "<frozen importlib._bootstrap_external>", line 976, in get_code
  File "<frozen importlib._bootstrap_external>", line 906, in source_to_code
  File "<frozen importlib._bootstrap>", line 219, in _call_with_frames_removed
  File "/opt/airflow/dags/data_lake_pipeline.py", line 71
    ensure_bucket(s3)
                    ^
IndentationError: unindent does not match any outer indentation level
[2026-05-25T11:40:21.668+0000] {processor.py:841} WARNING - No viable dags retrieved from /opt/airflow/dags/data_lake_pipeline.py
[2026-05-25T11:40:21.685+0000] {processor.py:179} INFO - Processing /opt/airflow/dags/data_lake_pipeline.py took 0.029 seconds
[2026-05-25T11:40:51.941+0000] {processor.py:157} INFO - Started process (PID=1562) to work on /opt/airflow/dags/data_lake_pipeline.py
[2026-05-25T11:40:51.942+0000] {processor.py:829} INFO - Processing file /opt/airflow/dags/data_lake_pipeline.py for tasks to queue
[2026-05-25T11:40:51.943+0000] {logging_mixin.py:151} INFO - [2026-05-25T11:40:51.942+0000] {dagbag.py:539} INFO - Filling up the DagBag from /opt/airflow/dags/data_lake_pipeline.py
[2026-05-25T11:40:51.946+0000] {logging_mixin.py:151} INFO - [2026-05-25T11:40:51.945+0000] {dagbag.py:347} ERROR - Failed to import: /opt/airflow/dags/data_lake_pipeline.py
Traceback (most recent call last):
  File "/home/airflow/.local/lib/python3.8/site-packages/airflow/models/dagbag.py", line 343, in parse
    loader.exec_module(new_module)
  File "<frozen importlib._bootstrap_external>", line 839, in exec_module
  File "<frozen importlib._bootstrap_external>", line 976, in get_code
  File "<frozen importlib._bootstrap_external>", line 906, in source_to_code
  File "<frozen importlib._bootstrap>", line 219, in _call_with_frames_removed
  File "/opt/airflow/dags/data_lake_pipeline.py", line 71
    ensure_bucket(s3)
                    ^
IndentationError: unindent does not match any outer indentation level
[2026-05-25T11:40:51.946+0000] {processor.py:841} WARNING - No viable dags retrieved from /opt/airflow/dags/data_lake_pipeline.py
[2026-05-25T11:40:51.961+0000] {processor.py:179} INFO - Processing /opt/airflow/dags/data_lake_pipeline.py took 0.023 seconds
[2026-05-25T11:41:20.261+0000] {processor.py:157} INFO - Started process (PID=1572) to work on /opt/airflow/dags/data_lake_pipeline.py
[2026-05-25T11:41:20.262+0000] {processor.py:829} INFO - Processing file /opt/airflow/dags/data_lake_pipeline.py for tasks to queue
[2026-05-25T11:41:20.262+0000] {logging_mixin.py:151} INFO - [2026-05-25T11:41:20.262+0000] {dagbag.py:539} INFO - Filling up the DagBag from /opt/airflow/dags/data_lake_pipeline.py
[2026-05-25T11:41:20.351+0000] {logging_mixin.py:151} INFO - [2026-05-25T11:41:20.349+0000] {dagbag.py:347} ERROR - Failed to import: /opt/airflow/dags/data_lake_pipeline.py
Traceback (most recent call last):
  File "/home/airflow/.local/lib/python3.8/site-packages/airflow/models/dagbag.py", line 343, in parse
    loader.exec_module(new_module)
  File "<frozen importlib._bootstrap_external>", line 843, in exec_module
  File "<frozen importlib._bootstrap>", line 219, in _call_with_frames_removed
  File "/opt/airflow/dags/data_lake_pipeline.py", line 7, in <module>
    import src.load_to_staging as load_to_staging
ModuleNotFoundError: No module named 'src'
[2026-05-25T11:41:20.356+0000] {processor.py:841} WARNING - No viable dags retrieved from /opt/airflow/dags/data_lake_pipeline.py
[2026-05-25T11:41:20.366+0000] {processor.py:179} INFO - Processing /opt/airflow/dags/data_lake_pipeline.py took 0.107 seconds
[2026-05-25T11:41:50.620+0000] {processor.py:157} INFO - Started process (PID=1582) to work on /opt/airflow/dags/data_lake_pipeline.py
[2026-05-25T11:41:50.622+0000] {processor.py:829} INFO - Processing file /opt/airflow/dags/data_lake_pipeline.py for tasks to queue
[2026-05-25T11:41:50.623+0000] {logging_mixin.py:151} INFO - [2026-05-25T11:41:50.623+0000] {dagbag.py:539} INFO - Filling up the DagBag from /opt/airflow/dags/data_lake_pipeline.py
[2026-05-25T11:41:50.701+0000] {logging_mixin.py:151} INFO - [2026-05-25T11:41:50.699+0000] {dagbag.py:347} ERROR - Failed to import: /opt/airflow/dags/data_lake_pipeline.py
Traceback (most recent call last):
  File "/home/airflow/.local/lib/python3.8/site-packages/airflow/models/dagbag.py", line 343, in parse
    loader.exec_module(new_module)
  File "<frozen importlib._bootstrap_external>", line 843, in exec_module
  File "<frozen importlib._bootstrap>", line 219, in _call_with_frames_removed
  File "/opt/airflow/dags/data_lake_pipeline.py", line 7, in <module>
    import src.load_to_staging as load_to_staging
ModuleNotFoundError: No module named 'src'
[2026-05-25T11:41:50.701+0000] {processor.py:841} WARNING - No viable dags retrieved from /opt/airflow/dags/data_lake_pipeline.py
[2026-05-25T11:41:50.710+0000] {processor.py:179} INFO - Processing /opt/airflow/dags/data_lake_pipeline.py took 0.093 seconds
[2026-05-25T11:42:20.969+0000] {processor.py:157} INFO - Started process (PID=1592) to work on /opt/airflow/dags/data_lake_pipeline.py
[2026-05-25T11:42:20.971+0000] {processor.py:829} INFO - Processing file /opt/airflow/dags/data_lake_pipeline.py for tasks to queue
[2026-05-25T11:42:20.971+0000] {logging_mixin.py:151} INFO - [2026-05-25T11:42:20.971+0000] {dagbag.py:539} INFO - Filling up the DagBag from /opt/airflow/dags/data_lake_pipeline.py
[2026-05-25T11:42:21.048+0000] {logging_mixin.py:151} INFO - [2026-05-25T11:42:21.047+0000] {dagbag.py:347} ERROR - Failed to import: /opt/airflow/dags/data_lake_pipeline.py
Traceback (most recent call last):
  File "/home/airflow/.local/lib/python3.8/site-packages/airflow/models/dagbag.py", line 343, in parse
    loader.exec_module(new_module)
  File "<frozen importlib._bootstrap_external>", line 843, in exec_module
  File "<frozen importlib._bootstrap>", line 219, in _call_with_frames_removed
  File "/opt/airflow/dags/data_lake_pipeline.py", line 7, in <module>
    import src.load_to_staging as load_to_staging
ModuleNotFoundError: No module named 'src'
[2026-05-25T11:42:21.049+0000] {processor.py:841} WARNING - No viable dags retrieved from /opt/airflow/dags/data_lake_pipeline.py
[2026-05-25T11:42:21.057+0000] {processor.py:179} INFO - Processing /opt/airflow/dags/data_lake_pipeline.py took 0.092 seconds
[2026-05-25T11:42:51.293+0000] {processor.py:157} INFO - Started process (PID=1602) to work on /opt/airflow/dags/data_lake_pipeline.py
[2026-05-25T11:42:51.296+0000] {processor.py:829} INFO - Processing file /opt/airflow/dags/data_lake_pipeline.py for tasks to queue
[2026-05-25T11:42:51.298+0000] {logging_mixin.py:151} INFO - [2026-05-25T11:42:51.297+0000] {dagbag.py:539} INFO - Filling up the DagBag from /opt/airflow/dags/data_lake_pipeline.py
[2026-05-25T11:42:51.380+0000] {logging_mixin.py:151} INFO - [2026-05-25T11:42:51.379+0000] {dagbag.py:347} ERROR - Failed to import: /opt/airflow/dags/data_lake_pipeline.py
Traceback (most recent call last):
  File "/home/airflow/.local/lib/python3.8/site-packages/airflow/models/dagbag.py", line 343, in parse
    loader.exec_module(new_module)
  File "<frozen importlib._bootstrap_external>", line 843, in exec_module
  File "<frozen importlib._bootstrap>", line 219, in _call_with_frames_removed
  File "/opt/airflow/dags/data_lake_pipeline.py", line 7, in <module>
    import src.load_to_staging as load_to_staging
ModuleNotFoundError: No module named 'src'
[2026-05-25T11:42:51.381+0000] {processor.py:841} WARNING - No viable dags retrieved from /opt/airflow/dags/data_lake_pipeline.py
[2026-05-25T11:42:51.391+0000] {processor.py:179} INFO - Processing /opt/airflow/dags/data_lake_pipeline.py took 0.103 seconds
[2026-05-25T11:43:21.655+0000] {processor.py:157} INFO - Started process (PID=1612) to work on /opt/airflow/dags/data_lake_pipeline.py
[2026-05-25T11:43:21.657+0000] {processor.py:829} INFO - Processing file /opt/airflow/dags/data_lake_pipeline.py for tasks to queue
[2026-05-25T11:43:21.658+0000] {logging_mixin.py:151} INFO - [2026-05-25T11:43:21.658+0000] {dagbag.py:539} INFO - Filling up the DagBag from /opt/airflow/dags/data_lake_pipeline.py
[2026-05-25T11:43:21.744+0000] {logging_mixin.py:151} INFO - [2026-05-25T11:43:21.742+0000] {dagbag.py:347} ERROR - Failed to import: /opt/airflow/dags/data_lake_pipeline.py
Traceback (most recent call last):
  File "/home/airflow/.local/lib/python3.8/site-packages/airflow/models/dagbag.py", line 343, in parse
    loader.exec_module(new_module)
  File "<frozen importlib._bootstrap_external>", line 843, in exec_module
  File "<frozen importlib._bootstrap>", line 219, in _call_with_frames_removed
  File "/opt/airflow/dags/data_lake_pipeline.py", line 7, in <module>
    import src.load_to_staging as load_to_staging
ModuleNotFoundError: No module named 'src'
[2026-05-25T11:43:21.744+0000] {processor.py:841} WARNING - No viable dags retrieved from /opt/airflow/dags/data_lake_pipeline.py
[2026-05-25T11:43:21.754+0000] {processor.py:179} INFO - Processing /opt/airflow/dags/data_lake_pipeline.py took 0.103 seconds
[2026-05-25T11:43:35.787+0000] {processor.py:157} INFO - Started process (PID=1617) to work on /opt/airflow/dags/data_lake_pipeline.py
[2026-05-25T11:43:35.790+0000] {processor.py:829} INFO - Processing file /opt/airflow/dags/data_lake_pipeline.py for tasks to queue
[2026-05-25T11:43:35.791+0000] {logging_mixin.py:151} INFO - [2026-05-25T11:43:35.790+0000] {dagbag.py:539} INFO - Filling up the DagBag from /opt/airflow/dags/data_lake_pipeline.py
[2026-05-25T11:43:35.872+0000] {logging_mixin.py:151} INFO - [2026-05-25T11:43:35.870+0000] {dagbag.py:347} ERROR - Failed to import: /opt/airflow/dags/data_lake_pipeline.py
Traceback (most recent call last):
  File "/home/airflow/.local/lib/python3.8/site-packages/airflow/models/dagbag.py", line 343, in parse
    loader.exec_module(new_module)
  File "<frozen importlib._bootstrap_external>", line 843, in exec_module
  File "<frozen importlib._bootstrap>", line 219, in _call_with_frames_removed
  File "/opt/airflow/dags/data_lake_pipeline.py", line 7, in <module>
    import src.load_to_staging as load_to_staging
ModuleNotFoundError: No module named 'src'
[2026-05-25T11:43:35.872+0000] {processor.py:841} WARNING - No viable dags retrieved from /opt/airflow/dags/data_lake_pipeline.py
[2026-05-25T11:43:35.884+0000] {processor.py:179} INFO - Processing /opt/airflow/dags/data_lake_pipeline.py took 0.101 seconds
[2026-05-25T11:44:06.237+0000] {processor.py:157} INFO - Started process (PID=1627) to work on /opt/airflow/dags/data_lake_pipeline.py
[2026-05-25T11:44:06.238+0000] {processor.py:829} INFO - Processing file /opt/airflow/dags/data_lake_pipeline.py for tasks to queue
[2026-05-25T11:44:06.239+0000] {logging_mixin.py:151} INFO - [2026-05-25T11:44:06.239+0000] {dagbag.py:539} INFO - Filling up the DagBag from /opt/airflow/dags/data_lake_pipeline.py
[2026-05-25T11:44:06.323+0000] {logging_mixin.py:151} INFO - [2026-05-25T11:44:06.321+0000] {dagbag.py:347} ERROR - Failed to import: /opt/airflow/dags/data_lake_pipeline.py
Traceback (most recent call last):
  File "/home/airflow/.local/lib/python3.8/site-packages/airflow/models/dagbag.py", line 343, in parse
    loader.exec_module(new_module)
  File "<frozen importlib._bootstrap_external>", line 843, in exec_module
  File "<frozen importlib._bootstrap>", line 219, in _call_with_frames_removed
  File "/opt/airflow/dags/data_lake_pipeline.py", line 7, in <module>
    import src.load_to_staging as load_to_staging
ModuleNotFoundError: No module named 'src'
[2026-05-25T11:44:06.324+0000] {processor.py:841} WARNING - No viable dags retrieved from /opt/airflow/dags/data_lake_pipeline.py
[2026-05-25T11:44:06.339+0000] {processor.py:179} INFO - Processing /opt/airflow/dags/data_lake_pipeline.py took 0.107 seconds
[2026-05-25T11:44:36.566+0000] {processor.py:157} INFO - Started process (PID=1637) to work on /opt/airflow/dags/data_lake_pipeline.py
[2026-05-25T11:44:36.568+0000] {processor.py:829} INFO - Processing file /opt/airflow/dags/data_lake_pipeline.py for tasks to queue
[2026-05-25T11:44:36.570+0000] {logging_mixin.py:151} INFO - [2026-05-25T11:44:36.569+0000] {dagbag.py:539} INFO - Filling up the DagBag from /opt/airflow/dags/data_lake_pipeline.py
[2026-05-25T11:44:36.677+0000] {logging_mixin.py:151} INFO - [2026-05-25T11:44:36.673+0000] {dagbag.py:347} ERROR - Failed to import: /opt/airflow/dags/data_lake_pipeline.py
Traceback (most recent call last):
  File "/home/airflow/.local/lib/python3.8/site-packages/airflow/models/dagbag.py", line 343, in parse
    loader.exec_module(new_module)
  File "<frozen importlib._bootstrap_external>", line 843, in exec_module
  File "<frozen importlib._bootstrap>", line 219, in _call_with_frames_removed
  File "/opt/airflow/dags/data_lake_pipeline.py", line 7, in <module>
    import src.load_to_staging as load_to_staging
ModuleNotFoundError: No module named 'src'
[2026-05-25T11:44:36.677+0000] {processor.py:841} WARNING - No viable dags retrieved from /opt/airflow/dags/data_lake_pipeline.py
[2026-05-25T11:44:36.696+0000] {processor.py:179} INFO - Processing /opt/airflow/dags/data_lake_pipeline.py took 0.136 seconds
[2026-05-25T11:45:06.850+0000] {processor.py:157} INFO - Started process (PID=1647) to work on /opt/airflow/dags/data_lake_pipeline.py
[2026-05-25T11:45:06.854+0000] {processor.py:829} INFO - Processing file /opt/airflow/dags/data_lake_pipeline.py for tasks to queue
[2026-05-25T11:45:06.855+0000] {logging_mixin.py:151} INFO - [2026-05-25T11:45:06.855+0000] {dagbag.py:539} INFO - Filling up the DagBag from /opt/airflow/dags/data_lake_pipeline.py
[2026-05-25T11:45:06.931+0000] {logging_mixin.py:151} INFO - [2026-05-25T11:45:06.930+0000] {dagbag.py:347} ERROR - Failed to import: /opt/airflow/dags/data_lake_pipeline.py
Traceback (most recent call last):
  File "/home/airflow/.local/lib/python3.8/site-packages/airflow/models/dagbag.py", line 343, in parse
    loader.exec_module(new_module)
  File "<frozen importlib._bootstrap_external>", line 843, in exec_module
  File "<frozen importlib._bootstrap>", line 219, in _call_with_frames_removed
  File "/opt/airflow/dags/data_lake_pipeline.py", line 7, in <module>
    import src.load_to_staging as load_to_staging
ModuleNotFoundError: No module named 'src'
[2026-05-25T11:45:06.931+0000] {processor.py:841} WARNING - No viable dags retrieved from /opt/airflow/dags/data_lake_pipeline.py
[2026-05-25T11:45:06.942+0000] {processor.py:179} INFO - Processing /opt/airflow/dags/data_lake_pipeline.py took 0.096 seconds
[2026-05-25T11:45:37.153+0000] {processor.py:157} INFO - Started process (PID=1657) to work on /opt/airflow/dags/data_lake_pipeline.py
[2026-05-25T11:45:37.157+0000] {processor.py:829} INFO - Processing file /opt/airflow/dags/data_lake_pipeline.py for tasks to queue
[2026-05-25T11:45:37.158+0000] {logging_mixin.py:151} INFO - [2026-05-25T11:45:37.157+0000] {dagbag.py:539} INFO - Filling up the DagBag from /opt/airflow/dags/data_lake_pipeline.py
[2026-05-25T11:45:37.235+0000] {logging_mixin.py:151} INFO - [2026-05-25T11:45:37.233+0000] {dagbag.py:347} ERROR - Failed to import: /opt/airflow/dags/data_lake_pipeline.py
Traceback (most recent call last):
  File "/home/airflow/.local/lib/python3.8/site-packages/airflow/models/dagbag.py", line 343, in parse
    loader.exec_module(new_module)
  File "<frozen importlib._bootstrap_external>", line 843, in exec_module
  File "<frozen importlib._bootstrap>", line 219, in _call_with_frames_removed
  File "/opt/airflow/dags/data_lake_pipeline.py", line 7, in <module>
    import src.load_to_staging as load_to_staging
ModuleNotFoundError: No module named 'src'
[2026-05-25T11:45:37.235+0000] {processor.py:841} WARNING - No viable dags retrieved from /opt/airflow/dags/data_lake_pipeline.py
[2026-05-25T11:45:37.245+0000] {processor.py:179} INFO - Processing /opt/airflow/dags/data_lake_pipeline.py took 0.094 seconds
[2026-05-25T11:46:07.441+0000] {processor.py:157} INFO - Started process (PID=1667) to work on /opt/airflow/dags/data_lake_pipeline.py
[2026-05-25T11:46:07.443+0000] {processor.py:829} INFO - Processing file /opt/airflow/dags/data_lake_pipeline.py for tasks to queue
[2026-05-25T11:46:07.444+0000] {logging_mixin.py:151} INFO - [2026-05-25T11:46:07.444+0000] {dagbag.py:539} INFO - Filling up the DagBag from /opt/airflow/dags/data_lake_pipeline.py
[2026-05-25T11:46:07.533+0000] {logging_mixin.py:151} INFO - [2026-05-25T11:46:07.531+0000] {dagbag.py:347} ERROR - Failed to import: /opt/airflow/dags/data_lake_pipeline.py
Traceback (most recent call last):
  File "/home/airflow/.local/lib/python3.8/site-packages/airflow/models/dagbag.py", line 343, in parse
    loader.exec_module(new_module)
  File "<frozen importlib._bootstrap_external>", line 843, in exec_module
  File "<frozen importlib._bootstrap>", line 219, in _call_with_frames_removed
  File "/opt/airflow/dags/data_lake_pipeline.py", line 7, in <module>
    import src.load_to_staging as load_to_staging
ModuleNotFoundError: No module named 'src'
[2026-05-25T11:46:07.533+0000] {processor.py:841} WARNING - No viable dags retrieved from /opt/airflow/dags/data_lake_pipeline.py
[2026-05-25T11:46:07.544+0000] {processor.py:179} INFO - Processing /opt/airflow/dags/data_lake_pipeline.py took 0.108 seconds
[2026-05-25T11:46:37.722+0000] {processor.py:157} INFO - Started process (PID=1677) to work on /opt/airflow/dags/data_lake_pipeline.py
[2026-05-25T11:46:37.725+0000] {processor.py:829} INFO - Processing file /opt/airflow/dags/data_lake_pipeline.py for tasks to queue
[2026-05-25T11:46:37.726+0000] {logging_mixin.py:151} INFO - [2026-05-25T11:46:37.725+0000] {dagbag.py:539} INFO - Filling up the DagBag from /opt/airflow/dags/data_lake_pipeline.py
[2026-05-25T11:46:37.801+0000] {logging_mixin.py:151} INFO - [2026-05-25T11:46:37.799+0000] {dagbag.py:347} ERROR - Failed to import: /opt/airflow/dags/data_lake_pipeline.py
Traceback (most recent call last):
  File "/home/airflow/.local/lib/python3.8/site-packages/airflow/models/dagbag.py", line 343, in parse
    loader.exec_module(new_module)
  File "<frozen importlib._bootstrap_external>", line 843, in exec_module
  File "<frozen importlib._bootstrap>", line 219, in _call_with_frames_removed
  File "/opt/airflow/dags/data_lake_pipeline.py", line 7, in <module>
    import src.load_to_staging as load_to_staging
ModuleNotFoundError: No module named 'src'
[2026-05-25T11:46:37.801+0000] {processor.py:841} WARNING - No viable dags retrieved from /opt/airflow/dags/data_lake_pipeline.py
[2026-05-25T11:46:37.809+0000] {processor.py:179} INFO - Processing /opt/airflow/dags/data_lake_pipeline.py took 0.091 seconds
[2026-05-25T11:47:08.014+0000] {processor.py:157} INFO - Started process (PID=1687) to work on /opt/airflow/dags/data_lake_pipeline.py
[2026-05-25T11:47:08.016+0000] {processor.py:829} INFO - Processing file /opt/airflow/dags/data_lake_pipeline.py for tasks to queue
[2026-05-25T11:47:08.017+0000] {logging_mixin.py:151} INFO - [2026-05-25T11:47:08.017+0000] {dagbag.py:539} INFO - Filling up the DagBag from /opt/airflow/dags/data_lake_pipeline.py
[2026-05-25T11:47:08.090+0000] {logging_mixin.py:151} INFO - [2026-05-25T11:47:08.089+0000] {dagbag.py:347} ERROR - Failed to import: /opt/airflow/dags/data_lake_pipeline.py
Traceback (most recent call last):
  File "/home/airflow/.local/lib/python3.8/site-packages/airflow/models/dagbag.py", line 343, in parse
    loader.exec_module(new_module)
  File "<frozen importlib._bootstrap_external>", line 843, in exec_module
  File "<frozen importlib._bootstrap>", line 219, in _call_with_frames_removed
  File "/opt/airflow/dags/data_lake_pipeline.py", line 7, in <module>
    import src.load_to_staging as load_to_staging
ModuleNotFoundError: No module named 'src'
[2026-05-25T11:47:08.090+0000] {processor.py:841} WARNING - No viable dags retrieved from /opt/airflow/dags/data_lake_pipeline.py
[2026-05-25T11:47:08.099+0000] {processor.py:179} INFO - Processing /opt/airflow/dags/data_lake_pipeline.py took 0.088 seconds
[2026-05-25T11:47:38.275+0000] {processor.py:157} INFO - Started process (PID=1697) to work on /opt/airflow/dags/data_lake_pipeline.py
[2026-05-25T11:47:38.277+0000] {processor.py:829} INFO - Processing file /opt/airflow/dags/data_lake_pipeline.py for tasks to queue
[2026-05-25T11:47:38.277+0000] {logging_mixin.py:151} INFO - [2026-05-25T11:47:38.277+0000] {dagbag.py:539} INFO - Filling up the DagBag from /opt/airflow/dags/data_lake_pipeline.py
[2026-05-25T11:47:38.362+0000] {logging_mixin.py:151} INFO - [2026-05-25T11:47:38.360+0000] {dagbag.py:347} ERROR - Failed to import: /opt/airflow/dags/data_lake_pipeline.py
Traceback (most recent call last):
  File "/home/airflow/.local/lib/python3.8/site-packages/airflow/models/dagbag.py", line 343, in parse
    loader.exec_module(new_module)
  File "<frozen importlib._bootstrap_external>", line 843, in exec_module
  File "<frozen importlib._bootstrap>", line 219, in _call_with_frames_removed
  File "/opt/airflow/dags/data_lake_pipeline.py", line 7, in <module>
    import src.load_to_staging as load_to_staging
ModuleNotFoundError: No module named 'src'
[2026-05-25T11:47:38.362+0000] {processor.py:841} WARNING - No viable dags retrieved from /opt/airflow/dags/data_lake_pipeline.py
[2026-05-25T11:47:38.375+0000] {processor.py:179} INFO - Processing /opt/airflow/dags/data_lake_pipeline.py took 0.103 seconds
[2026-05-25T11:48:08.547+0000] {processor.py:157} INFO - Started process (PID=1707) to work on /opt/airflow/dags/data_lake_pipeline.py
[2026-05-25T11:48:08.549+0000] {processor.py:829} INFO - Processing file /opt/airflow/dags/data_lake_pipeline.py for tasks to queue
[2026-05-25T11:48:08.550+0000] {logging_mixin.py:151} INFO - [2026-05-25T11:48:08.550+0000] {dagbag.py:539} INFO - Filling up the DagBag from /opt/airflow/dags/data_lake_pipeline.py
[2026-05-25T11:48:08.627+0000] {logging_mixin.py:151} INFO - [2026-05-25T11:48:08.625+0000] {dagbag.py:347} ERROR - Failed to import: /opt/airflow/dags/data_lake_pipeline.py
Traceback (most recent call last):
  File "/home/airflow/.local/lib/python3.8/site-packages/airflow/models/dagbag.py", line 343, in parse
    loader.exec_module(new_module)
  File "<frozen importlib._bootstrap_external>", line 843, in exec_module
  File "<frozen importlib._bootstrap>", line 219, in _call_with_frames_removed
  File "/opt/airflow/dags/data_lake_pipeline.py", line 7, in <module>
    import src.load_to_staging as load_to_staging
ModuleNotFoundError: No module named 'src'
[2026-05-25T11:48:08.627+0000] {processor.py:841} WARNING - No viable dags retrieved from /opt/airflow/dags/data_lake_pipeline.py
[2026-05-25T11:48:08.636+0000] {processor.py:179} INFO - Processing /opt/airflow/dags/data_lake_pipeline.py took 0.092 seconds
[2026-05-25T11:48:38.833+0000] {processor.py:157} INFO - Started process (PID=1717) to work on /opt/airflow/dags/data_lake_pipeline.py
[2026-05-25T11:48:38.835+0000] {processor.py:829} INFO - Processing file /opt/airflow/dags/data_lake_pipeline.py for tasks to queue
[2026-05-25T11:48:38.836+0000] {logging_mixin.py:151} INFO - [2026-05-25T11:48:38.835+0000] {dagbag.py:539} INFO - Filling up the DagBag from /opt/airflow/dags/data_lake_pipeline.py
[2026-05-25T11:48:38.908+0000] {logging_mixin.py:151} INFO - [2026-05-25T11:48:38.907+0000] {dagbag.py:347} ERROR - Failed to import: /opt/airflow/dags/data_lake_pipeline.py
Traceback (most recent call last):
  File "/home/airflow/.local/lib/python3.8/site-packages/airflow/models/dagbag.py", line 343, in parse
    loader.exec_module(new_module)
  File "<frozen importlib._bootstrap_external>", line 843, in exec_module
  File "<frozen importlib._bootstrap>", line 219, in _call_with_frames_removed
  File "/opt/airflow/dags/data_lake_pipeline.py", line 7, in <module>
    import src.load_to_staging as load_to_staging
ModuleNotFoundError: No module named 'src'
[2026-05-25T11:48:38.909+0000] {processor.py:841} WARNING - No viable dags retrieved from /opt/airflow/dags/data_lake_pipeline.py
[2026-05-25T11:48:38.921+0000] {processor.py:179} INFO - Processing /opt/airflow/dags/data_lake_pipeline.py took 0.093 seconds
[2026-05-25T11:49:09.122+0000] {processor.py:157} INFO - Started process (PID=1727) to work on /opt/airflow/dags/data_lake_pipeline.py
[2026-05-25T11:49:09.124+0000] {processor.py:829} INFO - Processing file /opt/airflow/dags/data_lake_pipeline.py for tasks to queue
[2026-05-25T11:49:09.126+0000] {logging_mixin.py:151} INFO - [2026-05-25T11:49:09.126+0000] {dagbag.py:539} INFO - Filling up the DagBag from /opt/airflow/dags/data_lake_pipeline.py
[2026-05-25T11:49:09.228+0000] {logging_mixin.py:151} INFO - [2026-05-25T11:49:09.226+0000] {dagbag.py:347} ERROR - Failed to import: /opt/airflow/dags/data_lake_pipeline.py
Traceback (most recent call last):
  File "/home/airflow/.local/lib/python3.8/site-packages/airflow/models/dagbag.py", line 343, in parse
    loader.exec_module(new_module)
  File "<frozen importlib._bootstrap_external>", line 843, in exec_module
  File "<frozen importlib._bootstrap>", line 219, in _call_with_frames_removed
  File "/opt/airflow/dags/data_lake_pipeline.py", line 7, in <module>
    import src.load_to_staging as load_to_staging
ModuleNotFoundError: No module named 'src'
[2026-05-25T11:49:09.228+0000] {processor.py:841} WARNING - No viable dags retrieved from /opt/airflow/dags/data_lake_pipeline.py
[2026-05-25T11:49:09.238+0000] {processor.py:179} INFO - Processing /opt/airflow/dags/data_lake_pipeline.py took 0.121 seconds
[2026-05-25T11:49:39.393+0000] {processor.py:157} INFO - Started process (PID=1737) to work on /opt/airflow/dags/data_lake_pipeline.py
[2026-05-25T11:49:39.395+0000] {processor.py:829} INFO - Processing file /opt/airflow/dags/data_lake_pipeline.py for tasks to queue
[2026-05-25T11:49:39.396+0000] {logging_mixin.py:151} INFO - [2026-05-25T11:49:39.396+0000] {dagbag.py:539} INFO - Filling up the DagBag from /opt/airflow/dags/data_lake_pipeline.py
[2026-05-25T11:49:39.478+0000] {logging_mixin.py:151} INFO - [2026-05-25T11:49:39.476+0000] {dagbag.py:347} ERROR - Failed to import: /opt/airflow/dags/data_lake_pipeline.py
Traceback (most recent call last):
  File "/home/airflow/.local/lib/python3.8/site-packages/airflow/models/dagbag.py", line 343, in parse
    loader.exec_module(new_module)
  File "<frozen importlib._bootstrap_external>", line 843, in exec_module
  File "<frozen importlib._bootstrap>", line 219, in _call_with_frames_removed
  File "/opt/airflow/dags/data_lake_pipeline.py", line 7, in <module>
    import src.load_to_staging as load_to_staging
ModuleNotFoundError: No module named 'src'
[2026-05-25T11:49:39.478+0000] {processor.py:841} WARNING - No viable dags retrieved from /opt/airflow/dags/data_lake_pipeline.py
[2026-05-25T11:49:39.488+0000] {processor.py:179} INFO - Processing /opt/airflow/dags/data_lake_pipeline.py took 0.099 seconds
[2026-05-25T11:50:09.651+0000] {processor.py:157} INFO - Started process (PID=1747) to work on /opt/airflow/dags/data_lake_pipeline.py
[2026-05-25T11:50:09.652+0000] {processor.py:829} INFO - Processing file /opt/airflow/dags/data_lake_pipeline.py for tasks to queue
[2026-05-25T11:50:09.653+0000] {logging_mixin.py:151} INFO - [2026-05-25T11:50:09.652+0000] {dagbag.py:539} INFO - Filling up the DagBag from /opt/airflow/dags/data_lake_pipeline.py
[2026-05-25T11:50:09.736+0000] {logging_mixin.py:151} INFO - [2026-05-25T11:50:09.734+0000] {dagbag.py:347} ERROR - Failed to import: /opt/airflow/dags/data_lake_pipeline.py
Traceback (most recent call last):
  File "/home/airflow/.local/lib/python3.8/site-packages/airflow/models/dagbag.py", line 343, in parse
    loader.exec_module(new_module)
  File "<frozen importlib._bootstrap_external>", line 843, in exec_module
  File "<frozen importlib._bootstrap>", line 219, in _call_with_frames_removed
  File "/opt/airflow/dags/data_lake_pipeline.py", line 7, in <module>
    import src.load_to_staging as load_to_staging
ModuleNotFoundError: No module named 'src'
[2026-05-25T11:50:09.736+0000] {processor.py:841} WARNING - No viable dags retrieved from /opt/airflow/dags/data_lake_pipeline.py
[2026-05-25T11:50:09.748+0000] {processor.py:179} INFO - Processing /opt/airflow/dags/data_lake_pipeline.py took 0.100 seconds
[2026-05-25T11:50:39.975+0000] {processor.py:157} INFO - Started process (PID=1757) to work on /opt/airflow/dags/data_lake_pipeline.py
[2026-05-25T11:50:39.977+0000] {processor.py:829} INFO - Processing file /opt/airflow/dags/data_lake_pipeline.py for tasks to queue
[2026-05-25T11:50:39.978+0000] {logging_mixin.py:151} INFO - [2026-05-25T11:50:39.977+0000] {dagbag.py:539} INFO - Filling up the DagBag from /opt/airflow/dags/data_lake_pipeline.py
[2026-05-25T11:50:40.078+0000] {logging_mixin.py:151} INFO - [2026-05-25T11:50:40.075+0000] {dagbag.py:347} ERROR - Failed to import: /opt/airflow/dags/data_lake_pipeline.py
Traceback (most recent call last):
  File "/home/airflow/.local/lib/python3.8/site-packages/airflow/models/dagbag.py", line 343, in parse
    loader.exec_module(new_module)
  File "<frozen importlib._bootstrap_external>", line 843, in exec_module
  File "<frozen importlib._bootstrap>", line 219, in _call_with_frames_removed
  File "/opt/airflow/dags/data_lake_pipeline.py", line 7, in <module>
    import src.load_to_staging as load_to_staging
ModuleNotFoundError: No module named 'src'
[2026-05-25T11:50:40.079+0000] {processor.py:841} WARNING - No viable dags retrieved from /opt/airflow/dags/data_lake_pipeline.py
[2026-05-25T11:50:40.097+0000] {processor.py:179} INFO - Processing /opt/airflow/dags/data_lake_pipeline.py took 0.126 seconds
[2026-05-25T11:51:10.400+0000] {processor.py:157} INFO - Started process (PID=1767) to work on /opt/airflow/dags/data_lake_pipeline.py
[2026-05-25T11:51:10.403+0000] {processor.py:829} INFO - Processing file /opt/airflow/dags/data_lake_pipeline.py for tasks to queue
[2026-05-25T11:51:10.404+0000] {logging_mixin.py:151} INFO - [2026-05-25T11:51:10.404+0000] {dagbag.py:539} INFO - Filling up the DagBag from /opt/airflow/dags/data_lake_pipeline.py
[2026-05-25T11:51:10.505+0000] {logging_mixin.py:151} INFO - [2026-05-25T11:51:10.501+0000] {dagbag.py:347} ERROR - Failed to import: /opt/airflow/dags/data_lake_pipeline.py
Traceback (most recent call last):
  File "/home/airflow/.local/lib/python3.8/site-packages/airflow/models/dagbag.py", line 343, in parse
    loader.exec_module(new_module)
  File "<frozen importlib._bootstrap_external>", line 843, in exec_module
  File "<frozen importlib._bootstrap>", line 219, in _call_with_frames_removed
  File "/opt/airflow/dags/data_lake_pipeline.py", line 7, in <module>
    import src.load_to_staging as load_to_staging
ModuleNotFoundError: No module named 'src'
[2026-05-25T11:51:10.505+0000] {processor.py:841} WARNING - No viable dags retrieved from /opt/airflow/dags/data_lake_pipeline.py
[2026-05-25T11:51:10.522+0000] {processor.py:179} INFO - Processing /opt/airflow/dags/data_lake_pipeline.py took 0.128 seconds
[2026-05-25T11:51:40.672+0000] {processor.py:157} INFO - Started process (PID=1777) to work on /opt/airflow/dags/data_lake_pipeline.py
[2026-05-25T11:51:40.674+0000] {processor.py:829} INFO - Processing file /opt/airflow/dags/data_lake_pipeline.py for tasks to queue
[2026-05-25T11:51:40.675+0000] {logging_mixin.py:151} INFO - [2026-05-25T11:51:40.674+0000] {dagbag.py:539} INFO - Filling up the DagBag from /opt/airflow/dags/data_lake_pipeline.py
[2026-05-25T11:51:40.752+0000] {logging_mixin.py:151} INFO - [2026-05-25T11:51:40.750+0000] {dagbag.py:347} ERROR - Failed to import: /opt/airflow/dags/data_lake_pipeline.py
Traceback (most recent call last):
  File "/home/airflow/.local/lib/python3.8/site-packages/airflow/models/dagbag.py", line 343, in parse
    loader.exec_module(new_module)
  File "<frozen importlib._bootstrap_external>", line 843, in exec_module
  File "<frozen importlib._bootstrap>", line 219, in _call_with_frames_removed
  File "/opt/airflow/dags/data_lake_pipeline.py", line 7, in <module>
    import src.load_to_staging as load_to_staging
ModuleNotFoundError: No module named 'src'
[2026-05-25T11:51:40.752+0000] {processor.py:841} WARNING - No viable dags retrieved from /opt/airflow/dags/data_lake_pipeline.py
[2026-05-25T11:51:40.762+0000] {processor.py:179} INFO - Processing /opt/airflow/dags/data_lake_pipeline.py took 0.094 seconds
[2026-05-25T11:52:10.956+0000] {processor.py:157} INFO - Started process (PID=1787) to work on /opt/airflow/dags/data_lake_pipeline.py
[2026-05-25T11:52:10.958+0000] {processor.py:829} INFO - Processing file /opt/airflow/dags/data_lake_pipeline.py for tasks to queue
[2026-05-25T11:52:10.959+0000] {logging_mixin.py:151} INFO - [2026-05-25T11:52:10.959+0000] {dagbag.py:539} INFO - Filling up the DagBag from /opt/airflow/dags/data_lake_pipeline.py
[2026-05-25T11:52:11.047+0000] {logging_mixin.py:151} INFO - [2026-05-25T11:52:11.045+0000] {dagbag.py:347} ERROR - Failed to import: /opt/airflow/dags/data_lake_pipeline.py
Traceback (most recent call last):
  File "/home/airflow/.local/lib/python3.8/site-packages/airflow/models/dagbag.py", line 343, in parse
    loader.exec_module(new_module)
  File "<frozen importlib._bootstrap_external>", line 843, in exec_module
  File "<frozen importlib._bootstrap>", line 219, in _call_with_frames_removed
  File "/opt/airflow/dags/data_lake_pipeline.py", line 7, in <module>
    import src.load_to_staging as load_to_staging
ModuleNotFoundError: No module named 'src'
[2026-05-25T11:52:11.048+0000] {processor.py:841} WARNING - No viable dags retrieved from /opt/airflow/dags/data_lake_pipeline.py
[2026-05-25T11:52:11.062+0000] {processor.py:179} INFO - Processing /opt/airflow/dags/data_lake_pipeline.py took 0.111 seconds
[2026-05-25T11:52:41.284+0000] {processor.py:157} INFO - Started process (PID=1797) to work on /opt/airflow/dags/data_lake_pipeline.py
[2026-05-25T11:52:41.286+0000] {processor.py:829} INFO - Processing file /opt/airflow/dags/data_lake_pipeline.py for tasks to queue
[2026-05-25T11:52:41.287+0000] {logging_mixin.py:151} INFO - [2026-05-25T11:52:41.287+0000] {dagbag.py:539} INFO - Filling up the DagBag from /opt/airflow/dags/data_lake_pipeline.py
[2026-05-25T11:52:41.382+0000] {logging_mixin.py:151} INFO - [2026-05-25T11:52:41.376+0000] {dagbag.py:347} ERROR - Failed to import: /opt/airflow/dags/data_lake_pipeline.py
Traceback (most recent call last):
  File "/home/airflow/.local/lib/python3.8/site-packages/airflow/models/dagbag.py", line 343, in parse
    loader.exec_module(new_module)
  File "<frozen importlib._bootstrap_external>", line 843, in exec_module
  File "<frozen importlib._bootstrap>", line 219, in _call_with_frames_removed
  File "/opt/airflow/dags/data_lake_pipeline.py", line 7, in <module>
    import src.load_to_staging as load_to_staging
ModuleNotFoundError: No module named 'src'
[2026-05-25T11:52:41.382+0000] {processor.py:841} WARNING - No viable dags retrieved from /opt/airflow/dags/data_lake_pipeline.py
[2026-05-25T11:52:41.442+0000] {processor.py:179} INFO - Processing /opt/airflow/dags/data_lake_pipeline.py took 0.165 seconds
[2026-05-25T11:53:11.554+0000] {processor.py:157} INFO - Started process (PID=1807) to work on /opt/airflow/dags/data_lake_pipeline.py
[2026-05-25T11:53:11.557+0000] {processor.py:829} INFO - Processing file /opt/airflow/dags/data_lake_pipeline.py for tasks to queue
[2026-05-25T11:53:11.558+0000] {logging_mixin.py:151} INFO - [2026-05-25T11:53:11.558+0000] {dagbag.py:539} INFO - Filling up the DagBag from /opt/airflow/dags/data_lake_pipeline.py
[2026-05-25T11:53:11.644+0000] {logging_mixin.py:151} INFO - [2026-05-25T11:53:11.641+0000] {dagbag.py:347} ERROR - Failed to import: /opt/airflow/dags/data_lake_pipeline.py
Traceback (most recent call last):
  File "/home/airflow/.local/lib/python3.8/site-packages/airflow/models/dagbag.py", line 343, in parse
    loader.exec_module(new_module)
  File "<frozen importlib._bootstrap_external>", line 843, in exec_module
  File "<frozen importlib._bootstrap>", line 219, in _call_with_frames_removed
  File "/opt/airflow/dags/data_lake_pipeline.py", line 7, in <module>
    import src.load_to_staging as load_to_staging
ModuleNotFoundError: No module named 'src'
[2026-05-25T11:53:11.644+0000] {processor.py:841} WARNING - No viable dags retrieved from /opt/airflow/dags/data_lake_pipeline.py
[2026-05-25T11:53:11.658+0000] {processor.py:179} INFO - Processing /opt/airflow/dags/data_lake_pipeline.py took 0.110 seconds
[2026-05-25T11:53:41.826+0000] {processor.py:157} INFO - Started process (PID=1817) to work on /opt/airflow/dags/data_lake_pipeline.py
[2026-05-25T11:53:41.829+0000] {processor.py:829} INFO - Processing file /opt/airflow/dags/data_lake_pipeline.py for tasks to queue
[2026-05-25T11:53:41.829+0000] {logging_mixin.py:151} INFO - [2026-05-25T11:53:41.829+0000] {dagbag.py:539} INFO - Filling up the DagBag from /opt/airflow/dags/data_lake_pipeline.py
[2026-05-25T11:53:41.913+0000] {logging_mixin.py:151} INFO - [2026-05-25T11:53:41.911+0000] {dagbag.py:347} ERROR - Failed to import: /opt/airflow/dags/data_lake_pipeline.py
Traceback (most recent call last):
  File "/home/airflow/.local/lib/python3.8/site-packages/airflow/models/dagbag.py", line 343, in parse
    loader.exec_module(new_module)
  File "<frozen importlib._bootstrap_external>", line 843, in exec_module
  File "<frozen importlib._bootstrap>", line 219, in _call_with_frames_removed
  File "/opt/airflow/dags/data_lake_pipeline.py", line 7, in <module>
    import src.load_to_staging as load_to_staging
ModuleNotFoundError: No module named 'src'
[2026-05-25T11:53:41.914+0000] {processor.py:841} WARNING - No viable dags retrieved from /opt/airflow/dags/data_lake_pipeline.py
[2026-05-25T11:53:41.927+0000] {processor.py:179} INFO - Processing /opt/airflow/dags/data_lake_pipeline.py took 0.105 seconds
[2026-05-25T11:54:12.127+0000] {processor.py:157} INFO - Started process (PID=1827) to work on /opt/airflow/dags/data_lake_pipeline.py
[2026-05-25T11:54:12.129+0000] {processor.py:829} INFO - Processing file /opt/airflow/dags/data_lake_pipeline.py for tasks to queue
[2026-05-25T11:54:12.130+0000] {logging_mixin.py:151} INFO - [2026-05-25T11:54:12.129+0000] {dagbag.py:539} INFO - Filling up the DagBag from /opt/airflow/dags/data_lake_pipeline.py
[2026-05-25T11:54:12.215+0000] {logging_mixin.py:151} INFO - [2026-05-25T11:54:12.212+0000] {dagbag.py:347} ERROR - Failed to import: /opt/airflow/dags/data_lake_pipeline.py
Traceback (most recent call last):
  File "/home/airflow/.local/lib/python3.8/site-packages/airflow/models/dagbag.py", line 343, in parse
    loader.exec_module(new_module)
  File "<frozen importlib._bootstrap_external>", line 843, in exec_module
  File "<frozen importlib._bootstrap>", line 219, in _call_with_frames_removed
  File "/opt/airflow/dags/data_lake_pipeline.py", line 7, in <module>
    import src.load_to_staging as load_to_staging
ModuleNotFoundError: No module named 'src'
[2026-05-25T11:54:12.215+0000] {processor.py:841} WARNING - No viable dags retrieved from /opt/airflow/dags/data_lake_pipeline.py
[2026-05-25T11:54:12.228+0000] {processor.py:179} INFO - Processing /opt/airflow/dags/data_lake_pipeline.py took 0.106 seconds
[2026-05-25T11:54:42.412+0000] {processor.py:157} INFO - Started process (PID=1837) to work on /opt/airflow/dags/data_lake_pipeline.py
[2026-05-25T11:54:42.415+0000] {processor.py:829} INFO - Processing file /opt/airflow/dags/data_lake_pipeline.py for tasks to queue
[2026-05-25T11:54:42.416+0000] {logging_mixin.py:151} INFO - [2026-05-25T11:54:42.416+0000] {dagbag.py:539} INFO - Filling up the DagBag from /opt/airflow/dags/data_lake_pipeline.py
[2026-05-25T11:54:42.479+0000] {logging_mixin.py:151} INFO - [2026-05-25T11:54:42.478+0000] {dagbag.py:347} ERROR - Failed to import: /opt/airflow/dags/data_lake_pipeline.py
Traceback (most recent call last):
  File "/home/airflow/.local/lib/python3.8/site-packages/airflow/models/dagbag.py", line 343, in parse
    loader.exec_module(new_module)
  File "<frozen importlib._bootstrap_external>", line 843, in exec_module
  File "<frozen importlib._bootstrap>", line 219, in _call_with_frames_removed
  File "/opt/airflow/dags/data_lake_pipeline.py", line 7, in <module>
    import src.load_to_staging as load_to_staging
ModuleNotFoundError: No module named 'src'
[2026-05-25T11:54:42.479+0000] {processor.py:841} WARNING - No viable dags retrieved from /opt/airflow/dags/data_lake_pipeline.py
[2026-05-25T11:54:42.487+0000] {processor.py:179} INFO - Processing /opt/airflow/dags/data_lake_pipeline.py took 0.077 seconds
[2026-05-25T11:55:12.667+0000] {processor.py:157} INFO - Started process (PID=1847) to work on /opt/airflow/dags/data_lake_pipeline.py
[2026-05-25T11:55:12.669+0000] {processor.py:829} INFO - Processing file /opt/airflow/dags/data_lake_pipeline.py for tasks to queue
[2026-05-25T11:55:12.670+0000] {logging_mixin.py:151} INFO - [2026-05-25T11:55:12.670+0000] {dagbag.py:539} INFO - Filling up the DagBag from /opt/airflow/dags/data_lake_pipeline.py
[2026-05-25T11:55:12.749+0000] {logging_mixin.py:151} INFO - [2026-05-25T11:55:12.748+0000] {dagbag.py:347} ERROR - Failed to import: /opt/airflow/dags/data_lake_pipeline.py
Traceback (most recent call last):
  File "/home/airflow/.local/lib/python3.8/site-packages/airflow/models/dagbag.py", line 343, in parse
    loader.exec_module(new_module)
  File "<frozen importlib._bootstrap_external>", line 843, in exec_module
  File "<frozen importlib._bootstrap>", line 219, in _call_with_frames_removed
  File "/opt/airflow/dags/data_lake_pipeline.py", line 7, in <module>
    import src.load_to_staging as load_to_staging
ModuleNotFoundError: No module named 'src'
[2026-05-25T11:55:12.749+0000] {processor.py:841} WARNING - No viable dags retrieved from /opt/airflow/dags/data_lake_pipeline.py
[2026-05-25T11:55:12.759+0000] {processor.py:179} INFO - Processing /opt/airflow/dags/data_lake_pipeline.py took 0.095 seconds
[2026-05-25T11:55:42.928+0000] {processor.py:157} INFO - Started process (PID=1857) to work on /opt/airflow/dags/data_lake_pipeline.py
[2026-05-25T11:55:42.931+0000] {processor.py:829} INFO - Processing file /opt/airflow/dags/data_lake_pipeline.py for tasks to queue
[2026-05-25T11:55:42.932+0000] {logging_mixin.py:151} INFO - [2026-05-25T11:55:42.932+0000] {dagbag.py:539} INFO - Filling up the DagBag from /opt/airflow/dags/data_lake_pipeline.py
[2026-05-25T11:55:43.016+0000] {logging_mixin.py:151} INFO - [2026-05-25T11:55:43.013+0000] {dagbag.py:347} ERROR - Failed to import: /opt/airflow/dags/data_lake_pipeline.py
Traceback (most recent call last):
  File "/home/airflow/.local/lib/python3.8/site-packages/airflow/models/dagbag.py", line 343, in parse
    loader.exec_module(new_module)
  File "<frozen importlib._bootstrap_external>", line 843, in exec_module
  File "<frozen importlib._bootstrap>", line 219, in _call_with_frames_removed
  File "/opt/airflow/dags/data_lake_pipeline.py", line 7, in <module>
    import src.load_to_staging as load_to_staging
ModuleNotFoundError: No module named 'src'
[2026-05-25T11:55:43.016+0000] {processor.py:841} WARNING - No viable dags retrieved from /opt/airflow/dags/data_lake_pipeline.py
[2026-05-25T11:55:43.028+0000] {processor.py:179} INFO - Processing /opt/airflow/dags/data_lake_pipeline.py took 0.106 seconds
[2026-05-25T11:56:13.240+0000] {processor.py:157} INFO - Started process (PID=1867) to work on /opt/airflow/dags/data_lake_pipeline.py
[2026-05-25T11:56:13.241+0000] {processor.py:829} INFO - Processing file /opt/airflow/dags/data_lake_pipeline.py for tasks to queue
[2026-05-25T11:56:13.242+0000] {logging_mixin.py:151} INFO - [2026-05-25T11:56:13.242+0000] {dagbag.py:539} INFO - Filling up the DagBag from /opt/airflow/dags/data_lake_pipeline.py
[2026-05-25T11:56:13.326+0000] {logging_mixin.py:151} INFO - [2026-05-25T11:56:13.324+0000] {dagbag.py:347} ERROR - Failed to import: /opt/airflow/dags/data_lake_pipeline.py
Traceback (most recent call last):
  File "/home/airflow/.local/lib/python3.8/site-packages/airflow/models/dagbag.py", line 343, in parse
    loader.exec_module(new_module)
  File "<frozen importlib._bootstrap_external>", line 843, in exec_module
  File "<frozen importlib._bootstrap>", line 219, in _call_with_frames_removed
  File "/opt/airflow/dags/data_lake_pipeline.py", line 7, in <module>
    import src.load_to_staging as load_to_staging
ModuleNotFoundError: No module named 'src'
[2026-05-25T11:56:13.326+0000] {processor.py:841} WARNING - No viable dags retrieved from /opt/airflow/dags/data_lake_pipeline.py
[2026-05-25T11:56:13.335+0000] {processor.py:179} INFO - Processing /opt/airflow/dags/data_lake_pipeline.py took 0.099 seconds
[2026-05-25T11:56:43.524+0000] {processor.py:157} INFO - Started process (PID=1877) to work on /opt/airflow/dags/data_lake_pipeline.py
[2026-05-25T11:56:43.527+0000] {processor.py:829} INFO - Processing file /opt/airflow/dags/data_lake_pipeline.py for tasks to queue
[2026-05-25T11:56:43.528+0000] {logging_mixin.py:151} INFO - [2026-05-25T11:56:43.528+0000] {dagbag.py:539} INFO - Filling up the DagBag from /opt/airflow/dags/data_lake_pipeline.py
[2026-05-25T11:56:43.613+0000] {logging_mixin.py:151} INFO - [2026-05-25T11:56:43.611+0000] {dagbag.py:347} ERROR - Failed to import: /opt/airflow/dags/data_lake_pipeline.py
Traceback (most recent call last):
  File "/home/airflow/.local/lib/python3.8/site-packages/airflow/models/dagbag.py", line 343, in parse
    loader.exec_module(new_module)
  File "<frozen importlib._bootstrap_external>", line 843, in exec_module
  File "<frozen importlib._bootstrap>", line 219, in _call_with_frames_removed
  File "/opt/airflow/dags/data_lake_pipeline.py", line 7, in <module>
    import src.load_to_staging as load_to_staging
ModuleNotFoundError: No module named 'src'
[2026-05-25T11:56:43.614+0000] {processor.py:841} WARNING - No viable dags retrieved from /opt/airflow/dags/data_lake_pipeline.py
[2026-05-25T11:56:43.627+0000] {processor.py:179} INFO - Processing /opt/airflow/dags/data_lake_pipeline.py took 0.107 seconds
[2026-05-25T11:57:13.839+0000] {processor.py:157} INFO - Started process (PID=1887) to work on /opt/airflow/dags/data_lake_pipeline.py
[2026-05-25T11:57:13.841+0000] {processor.py:829} INFO - Processing file /opt/airflow/dags/data_lake_pipeline.py for tasks to queue
[2026-05-25T11:57:13.842+0000] {logging_mixin.py:151} INFO - [2026-05-25T11:57:13.842+0000] {dagbag.py:539} INFO - Filling up the DagBag from /opt/airflow/dags/data_lake_pipeline.py
[2026-05-25T11:57:13.917+0000] {logging_mixin.py:151} INFO - [2026-05-25T11:57:13.915+0000] {dagbag.py:347} ERROR - Failed to import: /opt/airflow/dags/data_lake_pipeline.py
Traceback (most recent call last):
  File "/home/airflow/.local/lib/python3.8/site-packages/airflow/models/dagbag.py", line 343, in parse
    loader.exec_module(new_module)
  File "<frozen importlib._bootstrap_external>", line 843, in exec_module
  File "<frozen importlib._bootstrap>", line 219, in _call_with_frames_removed
  File "/opt/airflow/dags/data_lake_pipeline.py", line 7, in <module>
    import src.load_to_staging as load_to_staging
ModuleNotFoundError: No module named 'src'
[2026-05-25T11:57:13.917+0000] {processor.py:841} WARNING - No viable dags retrieved from /opt/airflow/dags/data_lake_pipeline.py
[2026-05-25T11:57:13.926+0000] {processor.py:179} INFO - Processing /opt/airflow/dags/data_lake_pipeline.py took 0.091 seconds
[2026-05-25T11:57:44.163+0000] {processor.py:157} INFO - Started process (PID=1897) to work on /opt/airflow/dags/data_lake_pipeline.py
[2026-05-25T11:57:44.165+0000] {processor.py:829} INFO - Processing file /opt/airflow/dags/data_lake_pipeline.py for tasks to queue
[2026-05-25T11:57:44.167+0000] {logging_mixin.py:151} INFO - [2026-05-25T11:57:44.166+0000] {dagbag.py:539} INFO - Filling up the DagBag from /opt/airflow/dags/data_lake_pipeline.py
[2026-05-25T11:57:44.249+0000] {logging_mixin.py:151} INFO - [2026-05-25T11:57:44.247+0000] {dagbag.py:347} ERROR - Failed to import: /opt/airflow/dags/data_lake_pipeline.py
Traceback (most recent call last):
  File "/home/airflow/.local/lib/python3.8/site-packages/airflow/models/dagbag.py", line 343, in parse
    loader.exec_module(new_module)
  File "<frozen importlib._bootstrap_external>", line 843, in exec_module
  File "<frozen importlib._bootstrap>", line 219, in _call_with_frames_removed
  File "/opt/airflow/dags/data_lake_pipeline.py", line 7, in <module>
    import src.load_to_staging as load_to_staging
ModuleNotFoundError: No module named 'src'
[2026-05-25T11:57:44.250+0000] {processor.py:841} WARNING - No viable dags retrieved from /opt/airflow/dags/data_lake_pipeline.py
[2026-05-25T11:57:44.274+0000] {processor.py:179} INFO - Processing /opt/airflow/dags/data_lake_pipeline.py took 0.116 seconds
[2026-05-25T11:58:37.809+0000] {processor.py:157} INFO - Started process (PID=166) to work on /opt/airflow/dags/data_lake_pipeline.py
[2026-05-25T11:58:37.811+0000] {processor.py:829} INFO - Processing file /opt/airflow/dags/data_lake_pipeline.py for tasks to queue
[2026-05-25T11:58:37.813+0000] {logging_mixin.py:151} INFO - [2026-05-25T11:58:37.812+0000] {dagbag.py:539} INFO - Filling up the DagBag from /opt/airflow/dags/data_lake_pipeline.py
[2026-05-25T11:58:38.012+0000] {logging_mixin.py:151} INFO - [2026-05-25T11:58:38.011+0000] {dagbag.py:347} ERROR - Failed to import: /opt/airflow/dags/data_lake_pipeline.py
Traceback (most recent call last):
  File "/home/airflow/.local/lib/python3.8/site-packages/airflow/models/dagbag.py", line 343, in parse
    loader.exec_module(new_module)
  File "<frozen importlib._bootstrap_external>", line 843, in exec_module
  File "<frozen importlib._bootstrap>", line 219, in _call_with_frames_removed
  File "/opt/airflow/dags/data_lake_pipeline.py", line 7, in <module>
    import src.load_to_staging as load_to_staging
ModuleNotFoundError: No module named 'src'
[2026-05-25T11:58:38.012+0000] {processor.py:841} WARNING - No viable dags retrieved from /opt/airflow/dags/data_lake_pipeline.py
[2026-05-25T11:58:38.026+0000] {processor.py:179} INFO - Processing /opt/airflow/dags/data_lake_pipeline.py took 0.220 seconds
[2026-05-25T11:59:08.245+0000] {processor.py:157} INFO - Started process (PID=171) to work on /opt/airflow/dags/data_lake_pipeline.py
[2026-05-25T11:59:08.247+0000] {processor.py:829} INFO - Processing file /opt/airflow/dags/data_lake_pipeline.py for tasks to queue
[2026-05-25T11:59:08.248+0000] {logging_mixin.py:151} INFO - [2026-05-25T11:59:08.248+0000] {dagbag.py:539} INFO - Filling up the DagBag from /opt/airflow/dags/data_lake_pipeline.py
[2026-05-25T11:59:08.426+0000] {logging_mixin.py:151} INFO - [2026-05-25T11:59:08.425+0000] {dagbag.py:347} ERROR - Failed to import: /opt/airflow/dags/data_lake_pipeline.py
Traceback (most recent call last):
  File "/home/airflow/.local/lib/python3.8/site-packages/airflow/models/dagbag.py", line 343, in parse
    loader.exec_module(new_module)
  File "<frozen importlib._bootstrap_external>", line 843, in exec_module
  File "<frozen importlib._bootstrap>", line 219, in _call_with_frames_removed
  File "/opt/airflow/dags/data_lake_pipeline.py", line 7, in <module>
    import src.load_to_staging as load_to_staging
ModuleNotFoundError: No module named 'src'
[2026-05-25T11:59:08.427+0000] {processor.py:841} WARNING - No viable dags retrieved from /opt/airflow/dags/data_lake_pipeline.py
[2026-05-25T11:59:08.439+0000] {processor.py:179} INFO - Processing /opt/airflow/dags/data_lake_pipeline.py took 0.202 seconds
[2026-05-25T11:59:38.478+0000] {processor.py:157} INFO - Started process (PID=176) to work on /opt/airflow/dags/data_lake_pipeline.py
[2026-05-25T11:59:38.480+0000] {processor.py:829} INFO - Processing file /opt/airflow/dags/data_lake_pipeline.py for tasks to queue
[2026-05-25T11:59:38.481+0000] {logging_mixin.py:151} INFO - [2026-05-25T11:59:38.481+0000] {dagbag.py:539} INFO - Filling up the DagBag from /opt/airflow/dags/data_lake_pipeline.py
[2026-05-25T11:59:38.658+0000] {logging_mixin.py:151} INFO - [2026-05-25T11:59:38.657+0000] {dagbag.py:347} ERROR - Failed to import: /opt/airflow/dags/data_lake_pipeline.py
Traceback (most recent call last):
  File "/home/airflow/.local/lib/python3.8/site-packages/airflow/models/dagbag.py", line 343, in parse
    loader.exec_module(new_module)
  File "<frozen importlib._bootstrap_external>", line 843, in exec_module
  File "<frozen importlib._bootstrap>", line 219, in _call_with_frames_removed
  File "/opt/airflow/dags/data_lake_pipeline.py", line 7, in <module>
    import src.load_to_staging as load_to_staging
ModuleNotFoundError: No module named 'src'
[2026-05-25T11:59:38.658+0000] {processor.py:841} WARNING - No viable dags retrieved from /opt/airflow/dags/data_lake_pipeline.py
[2026-05-25T11:59:38.667+0000] {processor.py:179} INFO - Processing /opt/airflow/dags/data_lake_pipeline.py took 0.195 seconds
[2026-05-25T12:00:08.910+0000] {processor.py:157} INFO - Started process (PID=181) to work on /opt/airflow/dags/data_lake_pipeline.py
[2026-05-25T12:00:08.911+0000] {processor.py:829} INFO - Processing file /opt/airflow/dags/data_lake_pipeline.py for tasks to queue
[2026-05-25T12:00:08.912+0000] {logging_mixin.py:151} INFO - [2026-05-25T12:00:08.912+0000] {dagbag.py:539} INFO - Filling up the DagBag from /opt/airflow/dags/data_lake_pipeline.py
[2026-05-25T12:00:09.102+0000] {logging_mixin.py:151} INFO - [2026-05-25T12:00:09.101+0000] {dagbag.py:347} ERROR - Failed to import: /opt/airflow/dags/data_lake_pipeline.py
Traceback (most recent call last):
  File "/home/airflow/.local/lib/python3.8/site-packages/airflow/models/dagbag.py", line 343, in parse
    loader.exec_module(new_module)
  File "<frozen importlib._bootstrap_external>", line 843, in exec_module
  File "<frozen importlib._bootstrap>", line 219, in _call_with_frames_removed
  File "/opt/airflow/dags/data_lake_pipeline.py", line 7, in <module>
    import src.load_to_staging as load_to_staging
ModuleNotFoundError: No module named 'src'
[2026-05-25T12:00:09.102+0000] {processor.py:841} WARNING - No viable dags retrieved from /opt/airflow/dags/data_lake_pipeline.py
[2026-05-25T12:00:09.113+0000] {processor.py:179} INFO - Processing /opt/airflow/dags/data_lake_pipeline.py took 0.206 seconds
[2026-05-25T12:00:39.193+0000] {processor.py:157} INFO - Started process (PID=186) to work on /opt/airflow/dags/data_lake_pipeline.py
[2026-05-25T12:00:39.195+0000] {processor.py:829} INFO - Processing file /opt/airflow/dags/data_lake_pipeline.py for tasks to queue
[2026-05-25T12:00:39.196+0000] {logging_mixin.py:151} INFO - [2026-05-25T12:00:39.195+0000] {dagbag.py:539} INFO - Filling up the DagBag from /opt/airflow/dags/data_lake_pipeline.py
[2026-05-25T12:00:39.339+0000] {logging_mixin.py:151} INFO - [2026-05-25T12:00:39.338+0000] {dagbag.py:347} ERROR - Failed to import: /opt/airflow/dags/data_lake_pipeline.py
Traceback (most recent call last):
  File "/home/airflow/.local/lib/python3.8/site-packages/airflow/models/dagbag.py", line 343, in parse
    loader.exec_module(new_module)
  File "<frozen importlib._bootstrap_external>", line 843, in exec_module
  File "<frozen importlib._bootstrap>", line 219, in _call_with_frames_removed
  File "/opt/airflow/dags/data_lake_pipeline.py", line 7, in <module>
    import src.load_to_staging as load_to_staging
ModuleNotFoundError: No module named 'src'
[2026-05-25T12:00:39.339+0000] {processor.py:841} WARNING - No viable dags retrieved from /opt/airflow/dags/data_lake_pipeline.py
[2026-05-25T12:00:39.349+0000] {processor.py:179} INFO - Processing /opt/airflow/dags/data_lake_pipeline.py took 0.161 seconds
[2026-05-25T12:01:09.698+0000] {processor.py:157} INFO - Started process (PID=191) to work on /opt/airflow/dags/data_lake_pipeline.py
[2026-05-25T12:01:09.700+0000] {processor.py:829} INFO - Processing file /opt/airflow/dags/data_lake_pipeline.py for tasks to queue
[2026-05-25T12:01:09.700+0000] {logging_mixin.py:151} INFO - [2026-05-25T12:01:09.700+0000] {dagbag.py:539} INFO - Filling up the DagBag from /opt/airflow/dags/data_lake_pipeline.py
[2026-05-25T12:01:09.777+0000] {logging_mixin.py:151} INFO - [2026-05-25T12:01:09.775+0000] {dagbag.py:347} ERROR - Failed to import: /opt/airflow/dags/data_lake_pipeline.py
Traceback (most recent call last):
  File "/home/airflow/.local/lib/python3.8/site-packages/airflow/models/dagbag.py", line 343, in parse
    loader.exec_module(new_module)
  File "<frozen importlib._bootstrap_external>", line 843, in exec_module
  File "<frozen importlib._bootstrap>", line 219, in _call_with_frames_removed
  File "/opt/airflow/dags/data_lake_pipeline.py", line 7, in <module>
    import src.load_to_staging as load_to_staging
ModuleNotFoundError: No module named 'src'
[2026-05-25T12:01:09.777+0000] {processor.py:841} WARNING - No viable dags retrieved from /opt/airflow/dags/data_lake_pipeline.py
[2026-05-25T12:01:09.787+0000] {processor.py:179} INFO - Processing /opt/airflow/dags/data_lake_pipeline.py took 0.092 seconds
[2026-05-25T12:01:39.994+0000] {processor.py:157} INFO - Started process (PID=196) to work on /opt/airflow/dags/data_lake_pipeline.py
[2026-05-25T12:01:39.996+0000] {processor.py:829} INFO - Processing file /opt/airflow/dags/data_lake_pipeline.py for tasks to queue
[2026-05-25T12:01:39.997+0000] {logging_mixin.py:151} INFO - [2026-05-25T12:01:39.996+0000] {dagbag.py:539} INFO - Filling up the DagBag from /opt/airflow/dags/data_lake_pipeline.py
[2026-05-25T12:01:40.071+0000] {logging_mixin.py:151} INFO - [2026-05-25T12:01:40.070+0000] {dagbag.py:347} ERROR - Failed to import: /opt/airflow/dags/data_lake_pipeline.py
Traceback (most recent call last):
  File "/home/airflow/.local/lib/python3.8/site-packages/airflow/models/dagbag.py", line 343, in parse
    loader.exec_module(new_module)
  File "<frozen importlib._bootstrap_external>", line 843, in exec_module
  File "<frozen importlib._bootstrap>", line 219, in _call_with_frames_removed
  File "/opt/airflow/dags/data_lake_pipeline.py", line 7, in <module>
    import src.load_to_staging as load_to_staging
ModuleNotFoundError: No module named 'src'
[2026-05-25T12:01:40.072+0000] {processor.py:841} WARNING - No viable dags retrieved from /opt/airflow/dags/data_lake_pipeline.py
[2026-05-25T12:01:40.082+0000] {processor.py:179} INFO - Processing /opt/airflow/dags/data_lake_pipeline.py took 0.092 seconds
[2026-05-25T12:02:10.307+0000] {processor.py:157} INFO - Started process (PID=201) to work on /opt/airflow/dags/data_lake_pipeline.py
[2026-05-25T12:02:10.309+0000] {processor.py:829} INFO - Processing file /opt/airflow/dags/data_lake_pipeline.py for tasks to queue
[2026-05-25T12:02:10.310+0000] {logging_mixin.py:151} INFO - [2026-05-25T12:02:10.309+0000] {dagbag.py:539} INFO - Filling up the DagBag from /opt/airflow/dags/data_lake_pipeline.py
[2026-05-25T12:02:10.395+0000] {logging_mixin.py:151} INFO - [2026-05-25T12:02:10.393+0000] {dagbag.py:347} ERROR - Failed to import: /opt/airflow/dags/data_lake_pipeline.py
Traceback (most recent call last):
  File "/home/airflow/.local/lib/python3.8/site-packages/airflow/models/dagbag.py", line 343, in parse
    loader.exec_module(new_module)
  File "<frozen importlib._bootstrap_external>", line 843, in exec_module
  File "<frozen importlib._bootstrap>", line 219, in _call_with_frames_removed
  File "/opt/airflow/dags/data_lake_pipeline.py", line 7, in <module>
    import src.load_to_staging as load_to_staging
ModuleNotFoundError: No module named 'src'
[2026-05-25T12:02:10.395+0000] {processor.py:841} WARNING - No viable dags retrieved from /opt/airflow/dags/data_lake_pipeline.py
[2026-05-25T12:02:10.408+0000] {processor.py:179} INFO - Processing /opt/airflow/dags/data_lake_pipeline.py took 0.105 seconds
[2026-05-25T12:02:40.584+0000] {processor.py:157} INFO - Started process (PID=206) to work on /opt/airflow/dags/data_lake_pipeline.py
[2026-05-25T12:02:40.587+0000] {processor.py:829} INFO - Processing file /opt/airflow/dags/data_lake_pipeline.py for tasks to queue
[2026-05-25T12:02:40.588+0000] {logging_mixin.py:151} INFO - [2026-05-25T12:02:40.587+0000] {dagbag.py:539} INFO - Filling up the DagBag from /opt/airflow/dags/data_lake_pipeline.py
[2026-05-25T12:02:40.677+0000] {logging_mixin.py:151} INFO - [2026-05-25T12:02:40.675+0000] {dagbag.py:347} ERROR - Failed to import: /opt/airflow/dags/data_lake_pipeline.py
Traceback (most recent call last):
  File "/home/airflow/.local/lib/python3.8/site-packages/airflow/models/dagbag.py", line 343, in parse
    loader.exec_module(new_module)
  File "<frozen importlib._bootstrap_external>", line 843, in exec_module
  File "<frozen importlib._bootstrap>", line 219, in _call_with_frames_removed
  File "/opt/airflow/dags/data_lake_pipeline.py", line 7, in <module>
    import src.load_to_staging as load_to_staging
ModuleNotFoundError: No module named 'src'
[2026-05-25T12:02:40.678+0000] {processor.py:841} WARNING - No viable dags retrieved from /opt/airflow/dags/data_lake_pipeline.py
[2026-05-25T12:02:40.691+0000] {processor.py:179} INFO - Processing /opt/airflow/dags/data_lake_pipeline.py took 0.113 seconds
[2026-05-25T12:03:10.928+0000] {processor.py:157} INFO - Started process (PID=211) to work on /opt/airflow/dags/data_lake_pipeline.py
[2026-05-25T12:03:10.930+0000] {processor.py:829} INFO - Processing file /opt/airflow/dags/data_lake_pipeline.py for tasks to queue
[2026-05-25T12:03:10.931+0000] {logging_mixin.py:151} INFO - [2026-05-25T12:03:10.931+0000] {dagbag.py:539} INFO - Filling up the DagBag from /opt/airflow/dags/data_lake_pipeline.py
[2026-05-25T12:03:11.008+0000] {logging_mixin.py:151} INFO - [2026-05-25T12:03:11.006+0000] {dagbag.py:347} ERROR - Failed to import: /opt/airflow/dags/data_lake_pipeline.py
Traceback (most recent call last):
  File "/home/airflow/.local/lib/python3.8/site-packages/airflow/models/dagbag.py", line 343, in parse
    loader.exec_module(new_module)
  File "<frozen importlib._bootstrap_external>", line 843, in exec_module
  File "<frozen importlib._bootstrap>", line 219, in _call_with_frames_removed
  File "/opt/airflow/dags/data_lake_pipeline.py", line 7, in <module>
    import src.load_to_staging as load_to_staging
ModuleNotFoundError: No module named 'src'
[2026-05-25T12:03:11.008+0000] {processor.py:841} WARNING - No viable dags retrieved from /opt/airflow/dags/data_lake_pipeline.py
[2026-05-25T12:03:11.019+0000] {processor.py:179} INFO - Processing /opt/airflow/dags/data_lake_pipeline.py took 0.095 seconds
[2026-05-25T12:03:41.213+0000] {processor.py:157} INFO - Started process (PID=216) to work on /opt/airflow/dags/data_lake_pipeline.py
[2026-05-25T12:03:41.216+0000] {processor.py:829} INFO - Processing file /opt/airflow/dags/data_lake_pipeline.py for tasks to queue
[2026-05-25T12:03:41.217+0000] {logging_mixin.py:151} INFO - [2026-05-25T12:03:41.217+0000] {dagbag.py:539} INFO - Filling up the DagBag from /opt/airflow/dags/data_lake_pipeline.py
[2026-05-25T12:03:41.304+0000] {logging_mixin.py:151} INFO - [2026-05-25T12:03:41.302+0000] {dagbag.py:347} ERROR - Failed to import: /opt/airflow/dags/data_lake_pipeline.py
Traceback (most recent call last):
  File "/home/airflow/.local/lib/python3.8/site-packages/airflow/models/dagbag.py", line 343, in parse
    loader.exec_module(new_module)
  File "<frozen importlib._bootstrap_external>", line 843, in exec_module
  File "<frozen importlib._bootstrap>", line 219, in _call_with_frames_removed
  File "/opt/airflow/dags/data_lake_pipeline.py", line 7, in <module>
    import src.load_to_staging as load_to_staging
ModuleNotFoundError: No module named 'src'
[2026-05-25T12:03:41.304+0000] {processor.py:841} WARNING - No viable dags retrieved from /opt/airflow/dags/data_lake_pipeline.py
[2026-05-25T12:03:41.313+0000] {processor.py:179} INFO - Processing /opt/airflow/dags/data_lake_pipeline.py took 0.104 seconds
[2026-05-25T12:04:11.532+0000] {processor.py:157} INFO - Started process (PID=221) to work on /opt/airflow/dags/data_lake_pipeline.py
[2026-05-25T12:04:11.534+0000] {processor.py:829} INFO - Processing file /opt/airflow/dags/data_lake_pipeline.py for tasks to queue
[2026-05-25T12:04:11.535+0000] {logging_mixin.py:151} INFO - [2026-05-25T12:04:11.535+0000] {dagbag.py:539} INFO - Filling up the DagBag from /opt/airflow/dags/data_lake_pipeline.py
[2026-05-25T12:04:12.862+0000] {logging_mixin.py:151} WARNING - None of PyTorch, TensorFlow >= 2.0, or Flax have been found. Models won't be available and only tokenizers, configuration and file/data utilities can be used.
[2026-05-25T12:04:13.071+0000] {logging_mixin.py:151} INFO - [2026-05-25T12:04:13.070+0000] {dagbag.py:347} ERROR - Failed to import: /opt/airflow/dags/data_lake_pipeline.py
Traceback (most recent call last):
  File "/home/airflow/.local/lib/python3.8/site-packages/airflow/models/dagbag.py", line 343, in parse
    loader.exec_module(new_module)
  File "<frozen importlib._bootstrap_external>", line 843, in exec_module
  File "<frozen importlib._bootstrap>", line 219, in _call_with_frames_removed
  File "/opt/airflow/dags/data_lake_pipeline.py", line 8, in <module>
    import src.staging_to_curated as staging_to_curated
  File "/opt/airflow/src/staging_to_curated.py", line 18, in <module>
    from load_to_staging import create_mysql_connection
ModuleNotFoundError: No module named 'load_to_staging'
[2026-05-25T12:04:13.071+0000] {processor.py:841} WARNING - No viable dags retrieved from /opt/airflow/dags/data_lake_pipeline.py
[2026-05-25T12:04:13.083+0000] {processor.py:179} INFO - Processing /opt/airflow/dags/data_lake_pipeline.py took 1.556 seconds
[2026-05-25T12:04:43.375+0000] {processor.py:157} INFO - Started process (PID=230) to work on /opt/airflow/dags/data_lake_pipeline.py
[2026-05-25T12:04:43.378+0000] {processor.py:829} INFO - Processing file /opt/airflow/dags/data_lake_pipeline.py for tasks to queue
[2026-05-25T12:04:43.379+0000] {logging_mixin.py:151} INFO - [2026-05-25T12:04:43.379+0000] {dagbag.py:539} INFO - Filling up the DagBag from /opt/airflow/dags/data_lake_pipeline.py
[2026-05-25T12:04:43.988+0000] {logging_mixin.py:151} WARNING - None of PyTorch, TensorFlow >= 2.0, or Flax have been found. Models won't be available and only tokenizers, configuration and file/data utilities can be used.
[2026-05-25T12:04:44.030+0000] {logging_mixin.py:151} INFO - [2026-05-25T12:04:44.028+0000] {dagbag.py:347} ERROR - Failed to import: /opt/airflow/dags/data_lake_pipeline.py
Traceback (most recent call last):
  File "/home/airflow/.local/lib/python3.8/site-packages/airflow/models/dagbag.py", line 343, in parse
    loader.exec_module(new_module)
  File "<frozen importlib._bootstrap_external>", line 843, in exec_module
  File "<frozen importlib._bootstrap>", line 219, in _call_with_frames_removed
  File "/opt/airflow/dags/data_lake_pipeline.py", line 8, in <module>
    import src.staging_to_curated as staging_to_curated
  File "/opt/airflow/src/staging_to_curated.py", line 18, in <module>
    from load_to_staging import create_mysql_connection
ModuleNotFoundError: No module named 'load_to_staging'
[2026-05-25T12:04:44.030+0000] {processor.py:841} WARNING - No viable dags retrieved from /opt/airflow/dags/data_lake_pipeline.py
[2026-05-25T12:04:44.044+0000] {processor.py:179} INFO - Processing /opt/airflow/dags/data_lake_pipeline.py took 0.676 seconds
[2026-05-25T12:05:14.273+0000] {processor.py:157} INFO - Started process (PID=239) to work on /opt/airflow/dags/data_lake_pipeline.py
[2026-05-25T12:05:14.274+0000] {processor.py:829} INFO - Processing file /opt/airflow/dags/data_lake_pipeline.py for tasks to queue
[2026-05-25T12:05:14.275+0000] {logging_mixin.py:151} INFO - [2026-05-25T12:05:14.275+0000] {dagbag.py:539} INFO - Filling up the DagBag from /opt/airflow/dags/data_lake_pipeline.py
[2026-05-25T12:05:14.835+0000] {logging_mixin.py:151} WARNING - None of PyTorch, TensorFlow >= 2.0, or Flax have been found. Models won't be available and only tokenizers, configuration and file/data utilities can be used.
[2026-05-25T12:05:14.867+0000] {logging_mixin.py:151} INFO - [2026-05-25T12:05:14.866+0000] {dagbag.py:347} ERROR - Failed to import: /opt/airflow/dags/data_lake_pipeline.py
Traceback (most recent call last):
  File "/home/airflow/.local/lib/python3.8/site-packages/airflow/models/dagbag.py", line 343, in parse
    loader.exec_module(new_module)
  File "<frozen importlib._bootstrap_external>", line 843, in exec_module
  File "<frozen importlib._bootstrap>", line 219, in _call_with_frames_removed
  File "/opt/airflow/dags/data_lake_pipeline.py", line 8, in <module>
    import src.staging_to_curated as staging_to_curated
  File "/opt/airflow/src/staging_to_curated.py", line 18, in <module>
    from load_to_staging import create_mysql_connection
ModuleNotFoundError: No module named 'load_to_staging'
[2026-05-25T12:05:14.867+0000] {processor.py:841} WARNING - No viable dags retrieved from /opt/airflow/dags/data_lake_pipeline.py
[2026-05-25T12:05:14.877+0000] {processor.py:179} INFO - Processing /opt/airflow/dags/data_lake_pipeline.py took 0.609 seconds
[2026-05-25T12:05:31.386+0000] {processor.py:157} INFO - Started process (PID=248) to work on /opt/airflow/dags/data_lake_pipeline.py
[2026-05-25T12:05:31.388+0000] {processor.py:829} INFO - Processing file /opt/airflow/dags/data_lake_pipeline.py for tasks to queue
[2026-05-25T12:05:31.390+0000] {logging_mixin.py:151} INFO - [2026-05-25T12:05:31.389+0000] {dagbag.py:539} INFO - Filling up the DagBag from /opt/airflow/dags/data_lake_pipeline.py
[2026-05-25T12:05:32.000+0000] {logging_mixin.py:151} WARNING - None of PyTorch, TensorFlow >= 2.0, or Flax have been found. Models won't be available and only tokenizers, configuration and file/data utilities can be used.
[2026-05-25T12:05:32.054+0000] {processor.py:839} INFO - DAG(s) dict_keys(['data_lake_pipeline']) retrieved from /opt/airflow/dags/data_lake_pipeline.py
[2026-05-25T12:05:32.172+0000] {logging_mixin.py:151} INFO - [2026-05-25T12:05:32.172+0000] {manager.py:499} INFO - Created Permission View: %s
[2026-05-25T12:05:32.177+0000] {logging_mixin.py:151} INFO - [2026-05-25T12:05:32.176+0000] {manager.py:499} INFO - Created Permission View: %s
[2026-05-25T12:05:32.179+0000] {logging_mixin.py:151} INFO - [2026-05-25T12:05:32.179+0000] {manager.py:499} INFO - Created Permission View: %s
[2026-05-25T12:05:32.179+0000] {logging_mixin.py:151} INFO - [2026-05-25T12:05:32.179+0000] {security.py:708} INFO - Not syncing DAG-level permissions for DAG 'DAG:data_lake_pipeline' as access control is unset.
[2026-05-25T12:05:32.180+0000] {logging_mixin.py:151} INFO - [2026-05-25T12:05:32.179+0000] {dag.py:2915} INFO - Sync 1 DAGs
[2026-05-25T12:05:32.184+0000] {logging_mixin.py:151} INFO - [2026-05-25T12:05:32.184+0000] {dag.py:2937} INFO - Creating ORM DAG for data_lake_pipeline
[2026-05-25T12:05:32.184+0000] {logging_mixin.py:151} INFO - [2026-05-25T12:05:32.184+0000] {dag.py:3696} INFO - Setting next_dagrun for data_lake_pipeline to None, run_after=None
[2026-05-25T12:05:32.192+0000] {processor.py:179} INFO - Processing /opt/airflow/dags/data_lake_pipeline.py took 0.810 seconds
[2026-05-25T12:06:02.306+0000] {processor.py:157} INFO - Started process (PID=257) to work on /opt/airflow/dags/data_lake_pipeline.py
[2026-05-25T12:06:02.309+0000] {processor.py:829} INFO - Processing file /opt/airflow/dags/data_lake_pipeline.py for tasks to queue
[2026-05-25T12:06:02.311+0000] {logging_mixin.py:151} INFO - [2026-05-25T12:06:02.310+0000] {dagbag.py:539} INFO - Filling up the DagBag from /opt/airflow/dags/data_lake_pipeline.py
[2026-05-25T12:06:03.025+0000] {logging_mixin.py:151} WARNING - None of PyTorch, TensorFlow >= 2.0, or Flax have been found. Models won't be available and only tokenizers, configuration and file/data utilities can be used.
[2026-05-25T12:06:03.070+0000] {processor.py:839} INFO - DAG(s) dict_keys(['data_lake_pipeline']) retrieved from /opt/airflow/dags/data_lake_pipeline.py
[2026-05-25T12:06:03.087+0000] {logging_mixin.py:151} INFO - [2026-05-25T12:06:03.086+0000] {dag.py:2915} INFO - Sync 1 DAGs
[2026-05-25T12:06:03.093+0000] {logging_mixin.py:151} INFO - [2026-05-25T12:06:03.093+0000] {dag.py:3696} INFO - Setting next_dagrun for data_lake_pipeline to None, run_after=None
[2026-05-25T12:06:03.102+0000] {processor.py:179} INFO - Processing /opt/airflow/dags/data_lake_pipeline.py took 0.800 seconds
[2026-05-25T12:06:33.404+0000] {processor.py:157} INFO - Started process (PID=266) to work on /opt/airflow/dags/data_lake_pipeline.py
[2026-05-25T12:06:33.406+0000] {processor.py:829} INFO - Processing file /opt/airflow/dags/data_lake_pipeline.py for tasks to queue
[2026-05-25T12:06:33.407+0000] {logging_mixin.py:151} INFO - [2026-05-25T12:06:33.406+0000] {dagbag.py:539} INFO - Filling up the DagBag from /opt/airflow/dags/data_lake_pipeline.py
[2026-05-25T12:06:34.008+0000] {logging_mixin.py:151} WARNING - None of PyTorch, TensorFlow >= 2.0, or Flax have been found. Models won't be available and only tokenizers, configuration and file/data utilities can be used.
[2026-05-25T12:06:34.049+0000] {processor.py:839} INFO - DAG(s) dict_keys(['data_lake_pipeline']) retrieved from /opt/airflow/dags/data_lake_pipeline.py
[2026-05-25T12:06:34.061+0000] {logging_mixin.py:151} INFO - [2026-05-25T12:06:34.061+0000] {dag.py:2915} INFO - Sync 1 DAGs
[2026-05-25T12:06:34.066+0000] {logging_mixin.py:151} INFO - [2026-05-25T12:06:34.066+0000] {dag.py:3696} INFO - Setting next_dagrun for data_lake_pipeline to None, run_after=None
[2026-05-25T12:06:34.074+0000] {processor.py:179} INFO - Processing /opt/airflow/dags/data_lake_pipeline.py took 0.675 seconds
[2026-05-25T12:07:04.351+0000] {processor.py:157} INFO - Started process (PID=275) to work on /opt/airflow/dags/data_lake_pipeline.py
[2026-05-25T12:07:04.355+0000] {processor.py:829} INFO - Processing file /opt/airflow/dags/data_lake_pipeline.py for tasks to queue
[2026-05-25T12:07:04.356+0000] {logging_mixin.py:151} INFO - [2026-05-25T12:07:04.356+0000] {dagbag.py:539} INFO - Filling up the DagBag from /opt/airflow/dags/data_lake_pipeline.py
[2026-05-25T12:07:04.873+0000] {logging_mixin.py:151} WARNING - None of PyTorch, TensorFlow >= 2.0, or Flax have been found. Models won't be available and only tokenizers, configuration and file/data utilities can be used.
[2026-05-25T12:07:04.905+0000] {processor.py:839} INFO - DAG(s) dict_keys(['data_lake_pipeline']) retrieved from /opt/airflow/dags/data_lake_pipeline.py
[2026-05-25T12:07:04.916+0000] {logging_mixin.py:151} INFO - [2026-05-25T12:07:04.915+0000] {dag.py:2915} INFO - Sync 1 DAGs
[2026-05-25T12:07:04.920+0000] {logging_mixin.py:151} INFO - [2026-05-25T12:07:04.920+0000] {dag.py:3696} INFO - Setting next_dagrun for data_lake_pipeline to None, run_after=None
[2026-05-25T12:07:04.928+0000] {processor.py:179} INFO - Processing /opt/airflow/dags/data_lake_pipeline.py took 0.581 seconds
[2026-05-25T12:07:35.157+0000] {processor.py:157} INFO - Started process (PID=284) to work on /opt/airflow/dags/data_lake_pipeline.py
[2026-05-25T12:07:35.160+0000] {processor.py:829} INFO - Processing file /opt/airflow/dags/data_lake_pipeline.py for tasks to queue
[2026-05-25T12:07:35.162+0000] {logging_mixin.py:151} INFO - [2026-05-25T12:07:35.161+0000] {dagbag.py:539} INFO - Filling up the DagBag from /opt/airflow/dags/data_lake_pipeline.py
[2026-05-25T12:07:35.717+0000] {logging_mixin.py:151} WARNING - None of PyTorch, TensorFlow >= 2.0, or Flax have been found. Models won't be available and only tokenizers, configuration and file/data utilities can be used.
[2026-05-25T12:07:35.750+0000] {processor.py:839} INFO - DAG(s) dict_keys(['data_lake_pipeline']) retrieved from /opt/airflow/dags/data_lake_pipeline.py
[2026-05-25T12:07:35.761+0000] {logging_mixin.py:151} INFO - [2026-05-25T12:07:35.761+0000] {dag.py:2915} INFO - Sync 1 DAGs
[2026-05-25T12:07:35.767+0000] {logging_mixin.py:151} INFO - [2026-05-25T12:07:35.766+0000] {dag.py:3696} INFO - Setting next_dagrun for data_lake_pipeline to None, run_after=None
[2026-05-25T12:07:35.774+0000] {processor.py:179} INFO - Processing /opt/airflow/dags/data_lake_pipeline.py took 0.623 seconds
[2026-05-25T12:08:06.038+0000] {processor.py:157} INFO - Started process (PID=324) to work on /opt/airflow/dags/data_lake_pipeline.py
[2026-05-25T12:08:06.040+0000] {processor.py:829} INFO - Processing file /opt/airflow/dags/data_lake_pipeline.py for tasks to queue
[2026-05-25T12:08:06.041+0000] {logging_mixin.py:151} INFO - [2026-05-25T12:08:06.041+0000] {dagbag.py:539} INFO - Filling up the DagBag from /opt/airflow/dags/data_lake_pipeline.py
[2026-05-25T12:08:06.653+0000] {logging_mixin.py:151} WARNING - None of PyTorch, TensorFlow >= 2.0, or Flax have been found. Models won't be available and only tokenizers, configuration and file/data utilities can be used.
[2026-05-25T12:08:06.702+0000] {processor.py:839} INFO - DAG(s) dict_keys(['data_lake_pipeline']) retrieved from /opt/airflow/dags/data_lake_pipeline.py
[2026-05-25T12:08:06.718+0000] {logging_mixin.py:151} INFO - [2026-05-25T12:08:06.717+0000] {dag.py:2915} INFO - Sync 1 DAGs
[2026-05-25T12:08:06.725+0000] {logging_mixin.py:151} INFO - [2026-05-25T12:08:06.725+0000] {dag.py:3696} INFO - Setting next_dagrun for data_lake_pipeline to None, run_after=None
[2026-05-25T12:08:06.735+0000] {processor.py:179} INFO - Processing /opt/airflow/dags/data_lake_pipeline.py took 0.704 seconds
[2026-05-25T12:08:36.973+0000] {processor.py:157} INFO - Started process (PID=333) to work on /opt/airflow/dags/data_lake_pipeline.py
[2026-05-25T12:08:36.977+0000] {processor.py:829} INFO - Processing file /opt/airflow/dags/data_lake_pipeline.py for tasks to queue
[2026-05-25T12:08:36.978+0000] {logging_mixin.py:151} INFO - [2026-05-25T12:08:36.978+0000] {dagbag.py:539} INFO - Filling up the DagBag from /opt/airflow/dags/data_lake_pipeline.py
[2026-05-25T12:08:37.560+0000] {logging_mixin.py:151} WARNING - None of PyTorch, TensorFlow >= 2.0, or Flax have been found. Models won't be available and only tokenizers, configuration and file/data utilities can be used.
[2026-05-25T12:08:37.592+0000] {processor.py:839} INFO - DAG(s) dict_keys(['data_lake_pipeline']) retrieved from /opt/airflow/dags/data_lake_pipeline.py
[2026-05-25T12:08:37.604+0000] {logging_mixin.py:151} INFO - [2026-05-25T12:08:37.603+0000] {dag.py:2915} INFO - Sync 1 DAGs
[2026-05-25T12:08:37.609+0000] {logging_mixin.py:151} INFO - [2026-05-25T12:08:37.609+0000] {dag.py:3696} INFO - Setting next_dagrun for data_lake_pipeline to None, run_after=None
[2026-05-25T12:08:37.618+0000] {processor.py:179} INFO - Processing /opt/airflow/dags/data_lake_pipeline.py took 0.651 seconds
[2026-05-25T12:09:07.877+0000] {processor.py:157} INFO - Started process (PID=342) to work on /opt/airflow/dags/data_lake_pipeline.py
[2026-05-25T12:09:07.879+0000] {processor.py:829} INFO - Processing file /opt/airflow/dags/data_lake_pipeline.py for tasks to queue
[2026-05-25T12:09:07.881+0000] {logging_mixin.py:151} INFO - [2026-05-25T12:09:07.880+0000] {dagbag.py:539} INFO - Filling up the DagBag from /opt/airflow/dags/data_lake_pipeline.py
[2026-05-25T12:09:08.556+0000] {logging_mixin.py:151} WARNING - None of PyTorch, TensorFlow >= 2.0, or Flax have been found. Models won't be available and only tokenizers, configuration and file/data utilities can be used.
[2026-05-25T12:09:08.601+0000] {processor.py:839} INFO - DAG(s) dict_keys(['data_lake_pipeline']) retrieved from /opt/airflow/dags/data_lake_pipeline.py
[2026-05-25T12:09:08.618+0000] {logging_mixin.py:151} INFO - [2026-05-25T12:09:08.618+0000] {dag.py:2915} INFO - Sync 1 DAGs
[2026-05-25T12:09:08.625+0000] {logging_mixin.py:151} INFO - [2026-05-25T12:09:08.625+0000] {dag.py:3696} INFO - Setting next_dagrun for data_lake_pipeline to None, run_after=None
[2026-05-25T12:09:08.635+0000] {processor.py:179} INFO - Processing /opt/airflow/dags/data_lake_pipeline.py took 0.767 seconds
[2026-05-25T12:09:38.903+0000] {processor.py:157} INFO - Started process (PID=351) to work on /opt/airflow/dags/data_lake_pipeline.py
[2026-05-25T12:09:38.907+0000] {processor.py:829} INFO - Processing file /opt/airflow/dags/data_lake_pipeline.py for tasks to queue
[2026-05-25T12:09:38.908+0000] {logging_mixin.py:151} INFO - [2026-05-25T12:09:38.908+0000] {dagbag.py:539} INFO - Filling up the DagBag from /opt/airflow/dags/data_lake_pipeline.py
[2026-05-25T12:09:39.426+0000] {logging_mixin.py:151} WARNING - None of PyTorch, TensorFlow >= 2.0, or Flax have been found. Models won't be available and only tokenizers, configuration and file/data utilities can be used.
[2026-05-25T12:09:39.456+0000] {processor.py:839} INFO - DAG(s) dict_keys(['data_lake_pipeline']) retrieved from /opt/airflow/dags/data_lake_pipeline.py
[2026-05-25T12:09:39.467+0000] {logging_mixin.py:151} INFO - [2026-05-25T12:09:39.467+0000] {dag.py:2915} INFO - Sync 1 DAGs
[2026-05-25T12:09:39.472+0000] {logging_mixin.py:151} INFO - [2026-05-25T12:09:39.472+0000] {dag.py:3696} INFO - Setting next_dagrun for data_lake_pipeline to None, run_after=None
[2026-05-25T12:09:39.479+0000] {processor.py:179} INFO - Processing /opt/airflow/dags/data_lake_pipeline.py took 0.582 seconds
[2026-05-25T12:10:09.723+0000] {processor.py:157} INFO - Started process (PID=360) to work on /opt/airflow/dags/data_lake_pipeline.py
[2026-05-25T12:10:09.725+0000] {processor.py:829} INFO - Processing file /opt/airflow/dags/data_lake_pipeline.py for tasks to queue
[2026-05-25T12:10:09.726+0000] {logging_mixin.py:151} INFO - [2026-05-25T12:10:09.726+0000] {dagbag.py:539} INFO - Filling up the DagBag from /opt/airflow/dags/data_lake_pipeline.py
[2026-05-25T12:10:10.370+0000] {logging_mixin.py:151} WARNING - None of PyTorch, TensorFlow >= 2.0, or Flax have been found. Models won't be available and only tokenizers, configuration and file/data utilities can be used.
[2026-05-25T12:10:10.416+0000] {processor.py:839} INFO - DAG(s) dict_keys(['data_lake_pipeline']) retrieved from /opt/airflow/dags/data_lake_pipeline.py
[2026-05-25T12:10:10.430+0000] {logging_mixin.py:151} INFO - [2026-05-25T12:10:10.430+0000] {dag.py:2915} INFO - Sync 1 DAGs
[2026-05-25T12:10:10.436+0000] {logging_mixin.py:151} INFO - [2026-05-25T12:10:10.436+0000] {dag.py:3696} INFO - Setting next_dagrun for data_lake_pipeline to None, run_after=None
[2026-05-25T12:10:10.445+0000] {processor.py:179} INFO - Processing /opt/airflow/dags/data_lake_pipeline.py took 0.728 seconds
[2026-05-25T12:10:40.581+0000] {processor.py:157} INFO - Started process (PID=369) to work on /opt/airflow/dags/data_lake_pipeline.py
[2026-05-25T12:10:40.585+0000] {processor.py:829} INFO - Processing file /opt/airflow/dags/data_lake_pipeline.py for tasks to queue
[2026-05-25T12:10:40.586+0000] {logging_mixin.py:151} INFO - [2026-05-25T12:10:40.585+0000] {dagbag.py:539} INFO - Filling up the DagBag from /opt/airflow/dags/data_lake_pipeline.py
[2026-05-25T12:10:41.264+0000] {logging_mixin.py:151} WARNING - None of PyTorch, TensorFlow >= 2.0, or Flax have been found. Models won't be available and only tokenizers, configuration and file/data utilities can be used.
[2026-05-25T12:10:41.311+0000] {processor.py:839} INFO - DAG(s) dict_keys(['data_lake_pipeline']) retrieved from /opt/airflow/dags/data_lake_pipeline.py
[2026-05-25T12:10:41.326+0000] {logging_mixin.py:151} INFO - [2026-05-25T12:10:41.326+0000] {dag.py:2915} INFO - Sync 1 DAGs
[2026-05-25T12:10:41.333+0000] {logging_mixin.py:151} INFO - [2026-05-25T12:10:41.333+0000] {dag.py:3696} INFO - Setting next_dagrun for data_lake_pipeline to None, run_after=None
[2026-05-25T12:10:41.342+0000] {processor.py:179} INFO - Processing /opt/airflow/dags/data_lake_pipeline.py took 0.769 seconds
[2026-05-25T12:11:11.648+0000] {processor.py:157} INFO - Started process (PID=378) to work on /opt/airflow/dags/data_lake_pipeline.py
[2026-05-25T12:11:11.652+0000] {processor.py:829} INFO - Processing file /opt/airflow/dags/data_lake_pipeline.py for tasks to queue
[2026-05-25T12:11:11.654+0000] {logging_mixin.py:151} INFO - [2026-05-25T12:11:11.653+0000] {dagbag.py:539} INFO - Filling up the DagBag from /opt/airflow/dags/data_lake_pipeline.py
[2026-05-25T12:11:12.261+0000] {logging_mixin.py:151} WARNING - None of PyTorch, TensorFlow >= 2.0, or Flax have been found. Models won't be available and only tokenizers, configuration and file/data utilities can be used.
[2026-05-25T12:11:12.304+0000] {processor.py:839} INFO - DAG(s) dict_keys(['data_lake_pipeline']) retrieved from /opt/airflow/dags/data_lake_pipeline.py
[2026-05-25T12:11:12.344+0000] {logging_mixin.py:151} INFO - [2026-05-25T12:11:12.344+0000] {dag.py:2915} INFO - Sync 1 DAGs
[2026-05-25T12:11:12.351+0000] {logging_mixin.py:151} INFO - [2026-05-25T12:11:12.351+0000] {dag.py:3696} INFO - Setting next_dagrun for data_lake_pipeline to None, run_after=None
[2026-05-25T12:11:12.365+0000] {processor.py:179} INFO - Processing /opt/airflow/dags/data_lake_pipeline.py took 0.723 seconds
[2026-05-25T12:11:42.605+0000] {processor.py:157} INFO - Started process (PID=387) to work on /opt/airflow/dags/data_lake_pipeline.py
[2026-05-25T12:11:42.606+0000] {processor.py:829} INFO - Processing file /opt/airflow/dags/data_lake_pipeline.py for tasks to queue
[2026-05-25T12:11:42.607+0000] {logging_mixin.py:151} INFO - [2026-05-25T12:11:42.607+0000] {dagbag.py:539} INFO - Filling up the DagBag from /opt/airflow/dags/data_lake_pipeline.py
[2026-05-25T12:11:43.188+0000] {logging_mixin.py:151} WARNING - None of PyTorch, TensorFlow >= 2.0, or Flax have been found. Models won't be available and only tokenizers, configuration and file/data utilities can be used.
[2026-05-25T12:11:43.234+0000] {processor.py:839} INFO - DAG(s) dict_keys(['data_lake_pipeline']) retrieved from /opt/airflow/dags/data_lake_pipeline.py
[2026-05-25T12:11:43.248+0000] {logging_mixin.py:151} INFO - [2026-05-25T12:11:43.248+0000] {dag.py:2915} INFO - Sync 1 DAGs
[2026-05-25T12:11:43.254+0000] {logging_mixin.py:151} INFO - [2026-05-25T12:11:43.254+0000] {dag.py:3696} INFO - Setting next_dagrun for data_lake_pipeline to None, run_after=None
[2026-05-25T12:11:43.265+0000] {processor.py:179} INFO - Processing /opt/airflow/dags/data_lake_pipeline.py took 0.662 seconds
[2026-05-25T12:12:13.522+0000] {processor.py:157} INFO - Started process (PID=396) to work on /opt/airflow/dags/data_lake_pipeline.py
[2026-05-25T12:12:13.524+0000] {processor.py:829} INFO - Processing file /opt/airflow/dags/data_lake_pipeline.py for tasks to queue
[2026-05-25T12:12:13.526+0000] {logging_mixin.py:151} INFO - [2026-05-25T12:12:13.525+0000] {dagbag.py:539} INFO - Filling up the DagBag from /opt/airflow/dags/data_lake_pipeline.py
[2026-05-25T12:12:14.182+0000] {logging_mixin.py:151} WARNING - None of PyTorch, TensorFlow >= 2.0, or Flax have been found. Models won't be available and only tokenizers, configuration and file/data utilities can be used.
[2026-05-25T12:12:14.223+0000] {processor.py:839} INFO - DAG(s) dict_keys(['data_lake_pipeline']) retrieved from /opt/airflow/dags/data_lake_pipeline.py
[2026-05-25T12:12:14.236+0000] {logging_mixin.py:151} INFO - [2026-05-25T12:12:14.235+0000] {dag.py:2915} INFO - Sync 1 DAGs
[2026-05-25T12:12:14.241+0000] {logging_mixin.py:151} INFO - [2026-05-25T12:12:14.241+0000] {dag.py:3696} INFO - Setting next_dagrun for data_lake_pipeline to None, run_after=None
[2026-05-25T12:12:14.250+0000] {processor.py:179} INFO - Processing /opt/airflow/dags/data_lake_pipeline.py took 0.733 seconds
[2026-05-25T12:12:44.500+0000] {processor.py:157} INFO - Started process (PID=405) to work on /opt/airflow/dags/data_lake_pipeline.py
[2026-05-25T12:12:44.504+0000] {processor.py:829} INFO - Processing file /opt/airflow/dags/data_lake_pipeline.py for tasks to queue
[2026-05-25T12:12:44.505+0000] {logging_mixin.py:151} INFO - [2026-05-25T12:12:44.504+0000] {dagbag.py:539} INFO - Filling up the DagBag from /opt/airflow/dags/data_lake_pipeline.py
[2026-05-25T12:12:45.002+0000] {logging_mixin.py:151} WARNING - None of PyTorch, TensorFlow >= 2.0, or Flax have been found. Models won't be available and only tokenizers, configuration and file/data utilities can be used.
[2026-05-25T12:12:45.033+0000] {processor.py:839} INFO - DAG(s) dict_keys(['data_lake_pipeline']) retrieved from /opt/airflow/dags/data_lake_pipeline.py
[2026-05-25T12:12:45.044+0000] {logging_mixin.py:151} INFO - [2026-05-25T12:12:45.044+0000] {dag.py:2915} INFO - Sync 1 DAGs
[2026-05-25T12:12:45.050+0000] {logging_mixin.py:151} INFO - [2026-05-25T12:12:45.050+0000] {dag.py:3696} INFO - Setting next_dagrun for data_lake_pipeline to None, run_after=None
[2026-05-25T12:12:45.057+0000] {processor.py:179} INFO - Processing /opt/airflow/dags/data_lake_pipeline.py took 0.565 seconds
[2026-05-25T12:13:15.331+0000] {processor.py:157} INFO - Started process (PID=420) to work on /opt/airflow/dags/data_lake_pipeline.py
[2026-05-25T12:13:15.334+0000] {processor.py:829} INFO - Processing file /opt/airflow/dags/data_lake_pipeline.py for tasks to queue
[2026-05-25T12:13:15.335+0000] {logging_mixin.py:151} INFO - [2026-05-25T12:13:15.335+0000] {dagbag.py:539} INFO - Filling up the DagBag from /opt/airflow/dags/data_lake_pipeline.py
[2026-05-25T12:13:15.912+0000] {logging_mixin.py:151} WARNING - None of PyTorch, TensorFlow >= 2.0, or Flax have been found. Models won't be available and only tokenizers, configuration and file/data utilities can be used.
[2026-05-25T12:13:15.943+0000] {processor.py:839} INFO - DAG(s) dict_keys(['data_lake_pipeline']) retrieved from /opt/airflow/dags/data_lake_pipeline.py
[2026-05-25T12:13:15.957+0000] {logging_mixin.py:151} INFO - [2026-05-25T12:13:15.957+0000] {dag.py:2915} INFO - Sync 1 DAGs
[2026-05-25T12:13:15.962+0000] {logging_mixin.py:151} INFO - [2026-05-25T12:13:15.961+0000] {dag.py:3696} INFO - Setting next_dagrun for data_lake_pipeline to None, run_after=None
[2026-05-25T12:13:15.969+0000] {processor.py:179} INFO - Processing /opt/airflow/dags/data_lake_pipeline.py took 0.645 seconds
[2026-05-25T12:13:46.253+0000] {processor.py:157} INFO - Started process (PID=429) to work on /opt/airflow/dags/data_lake_pipeline.py
[2026-05-25T12:13:46.256+0000] {processor.py:829} INFO - Processing file /opt/airflow/dags/data_lake_pipeline.py for tasks to queue
[2026-05-25T12:13:46.257+0000] {logging_mixin.py:151} INFO - [2026-05-25T12:13:46.257+0000] {dagbag.py:539} INFO - Filling up the DagBag from /opt/airflow/dags/data_lake_pipeline.py
[2026-05-25T12:13:46.888+0000] {logging_mixin.py:151} WARNING - None of PyTorch, TensorFlow >= 2.0, or Flax have been found. Models won't be available and only tokenizers, configuration and file/data utilities can be used.
[2026-05-25T12:13:46.934+0000] {processor.py:839} INFO - DAG(s) dict_keys(['data_lake_pipeline']) retrieved from /opt/airflow/dags/data_lake_pipeline.py
[2026-05-25T12:13:46.946+0000] {logging_mixin.py:151} INFO - [2026-05-25T12:13:46.946+0000] {dag.py:2915} INFO - Sync 1 DAGs
[2026-05-25T12:13:46.951+0000] {logging_mixin.py:151} INFO - [2026-05-25T12:13:46.951+0000] {dag.py:3696} INFO - Setting next_dagrun for data_lake_pipeline to None, run_after=None
[2026-05-25T12:13:46.958+0000] {processor.py:179} INFO - Processing /opt/airflow/dags/data_lake_pipeline.py took 0.710 seconds
[2026-05-25T12:14:17.256+0000] {processor.py:157} INFO - Started process (PID=438) to work on /opt/airflow/dags/data_lake_pipeline.py
[2026-05-25T12:14:17.258+0000] {processor.py:829} INFO - Processing file /opt/airflow/dags/data_lake_pipeline.py for tasks to queue
[2026-05-25T12:14:17.259+0000] {logging_mixin.py:151} INFO - [2026-05-25T12:14:17.259+0000] {dagbag.py:539} INFO - Filling up the DagBag from /opt/airflow/dags/data_lake_pipeline.py
[2026-05-25T12:14:17.874+0000] {logging_mixin.py:151} WARNING - None of PyTorch, TensorFlow >= 2.0, or Flax have been found. Models won't be available and only tokenizers, configuration and file/data utilities can be used.
[2026-05-25T12:14:17.906+0000] {processor.py:839} INFO - DAG(s) dict_keys(['data_lake_pipeline']) retrieved from /opt/airflow/dags/data_lake_pipeline.py
[2026-05-25T12:14:17.919+0000] {logging_mixin.py:151} INFO - [2026-05-25T12:14:17.919+0000] {dag.py:2915} INFO - Sync 1 DAGs
[2026-05-25T12:14:17.924+0000] {logging_mixin.py:151} INFO - [2026-05-25T12:14:17.924+0000] {dag.py:3696} INFO - Setting next_dagrun for data_lake_pipeline to None, run_after=None
[2026-05-25T12:14:17.932+0000] {processor.py:179} INFO - Processing /opt/airflow/dags/data_lake_pipeline.py took 0.683 seconds
[2026-05-25T12:14:48.153+0000] {processor.py:157} INFO - Started process (PID=447) to work on /opt/airflow/dags/data_lake_pipeline.py
[2026-05-25T12:14:48.155+0000] {processor.py:829} INFO - Processing file /opt/airflow/dags/data_lake_pipeline.py for tasks to queue
[2026-05-25T12:14:48.156+0000] {logging_mixin.py:151} INFO - [2026-05-25T12:14:48.156+0000] {dagbag.py:539} INFO - Filling up the DagBag from /opt/airflow/dags/data_lake_pipeline.py
[2026-05-25T12:14:48.732+0000] {logging_mixin.py:151} WARNING - None of PyTorch, TensorFlow >= 2.0, or Flax have been found. Models won't be available and only tokenizers, configuration and file/data utilities can be used.
[2026-05-25T12:14:48.773+0000] {processor.py:839} INFO - DAG(s) dict_keys(['data_lake_pipeline']) retrieved from /opt/airflow/dags/data_lake_pipeline.py
[2026-05-25T12:14:48.784+0000] {logging_mixin.py:151} INFO - [2026-05-25T12:14:48.784+0000] {dag.py:2915} INFO - Sync 1 DAGs
[2026-05-25T12:14:48.790+0000] {logging_mixin.py:151} INFO - [2026-05-25T12:14:48.790+0000] {dag.py:3696} INFO - Setting next_dagrun for data_lake_pipeline to None, run_after=None
[2026-05-25T12:14:48.798+0000] {processor.py:179} INFO - Processing /opt/airflow/dags/data_lake_pipeline.py took 0.649 seconds
[2026-05-25T12:15:19.074+0000] {processor.py:157} INFO - Started process (PID=456) to work on /opt/airflow/dags/data_lake_pipeline.py
[2026-05-25T12:15:19.076+0000] {processor.py:829} INFO - Processing file /opt/airflow/dags/data_lake_pipeline.py for tasks to queue
[2026-05-25T12:15:19.077+0000] {logging_mixin.py:151} INFO - [2026-05-25T12:15:19.077+0000] {dagbag.py:539} INFO - Filling up the DagBag from /opt/airflow/dags/data_lake_pipeline.py
[2026-05-25T12:15:19.822+0000] {logging_mixin.py:151} WARNING - None of PyTorch, TensorFlow >= 2.0, or Flax have been found. Models won't be available and only tokenizers, configuration and file/data utilities can be used.
[2026-05-25T12:15:19.873+0000] {processor.py:839} INFO - DAG(s) dict_keys(['data_lake_pipeline']) retrieved from /opt/airflow/dags/data_lake_pipeline.py
[2026-05-25T12:15:19.891+0000] {logging_mixin.py:151} INFO - [2026-05-25T12:15:19.890+0000] {dag.py:2915} INFO - Sync 1 DAGs
[2026-05-25T12:15:19.898+0000] {logging_mixin.py:151} INFO - [2026-05-25T12:15:19.898+0000] {dag.py:3696} INFO - Setting next_dagrun for data_lake_pipeline to None, run_after=None
[2026-05-25T12:15:19.906+0000] {processor.py:179} INFO - Processing /opt/airflow/dags/data_lake_pipeline.py took 0.836 seconds
[2026-05-25T12:15:50.195+0000] {processor.py:157} INFO - Started process (PID=465) to work on /opt/airflow/dags/data_lake_pipeline.py
[2026-05-25T12:15:50.198+0000] {processor.py:829} INFO - Processing file /opt/airflow/dags/data_lake_pipeline.py for tasks to queue
[2026-05-25T12:15:50.199+0000] {logging_mixin.py:151} INFO - [2026-05-25T12:15:50.198+0000] {dagbag.py:539} INFO - Filling up the DagBag from /opt/airflow/dags/data_lake_pipeline.py
[2026-05-25T12:15:50.911+0000] {logging_mixin.py:151} WARNING - None of PyTorch, TensorFlow >= 2.0, or Flax have been found. Models won't be available and only tokenizers, configuration and file/data utilities can be used.
[2026-05-25T12:15:50.971+0000] {processor.py:839} INFO - DAG(s) dict_keys(['data_lake_pipeline']) retrieved from /opt/airflow/dags/data_lake_pipeline.py
[2026-05-25T12:15:50.993+0000] {logging_mixin.py:151} INFO - [2026-05-25T12:15:50.992+0000] {dag.py:2915} INFO - Sync 1 DAGs
[2026-05-25T12:15:51.000+0000] {logging_mixin.py:151} INFO - [2026-05-25T12:15:51.000+0000] {dag.py:3696} INFO - Setting next_dagrun for data_lake_pipeline to None, run_after=None
[2026-05-25T12:15:51.015+0000] {processor.py:179} INFO - Processing /opt/airflow/dags/data_lake_pipeline.py took 0.833 seconds
[2026-05-25T12:16:21.331+0000] {processor.py:157} INFO - Started process (PID=474) to work on /opt/airflow/dags/data_lake_pipeline.py
[2026-05-25T12:16:21.333+0000] {processor.py:829} INFO - Processing file /opt/airflow/dags/data_lake_pipeline.py for tasks to queue
[2026-05-25T12:16:21.334+0000] {logging_mixin.py:151} INFO - [2026-05-25T12:16:21.333+0000] {dagbag.py:539} INFO - Filling up the DagBag from /opt/airflow/dags/data_lake_pipeline.py
[2026-05-25T12:16:22.081+0000] {logging_mixin.py:151} WARNING - None of PyTorch, TensorFlow >= 2.0, or Flax have been found. Models won't be available and only tokenizers, configuration and file/data utilities can be used.
[2026-05-25T12:16:22.129+0000] {processor.py:839} INFO - DAG(s) dict_keys(['data_lake_pipeline']) retrieved from /opt/airflow/dags/data_lake_pipeline.py
[2026-05-25T12:16:22.147+0000] {logging_mixin.py:151} INFO - [2026-05-25T12:16:22.146+0000] {dag.py:2915} INFO - Sync 1 DAGs
[2026-05-25T12:16:22.153+0000] {logging_mixin.py:151} INFO - [2026-05-25T12:16:22.153+0000] {dag.py:3696} INFO - Setting next_dagrun for data_lake_pipeline to None, run_after=None
[2026-05-25T12:16:22.162+0000] {processor.py:179} INFO - Processing /opt/airflow/dags/data_lake_pipeline.py took 0.835 seconds
[2026-05-25T12:16:25.219+0000] {processor.py:157} INFO - Started process (PID=483) to work on /opt/airflow/dags/data_lake_pipeline.py
[2026-05-25T12:16:25.222+0000] {processor.py:829} INFO - Processing file /opt/airflow/dags/data_lake_pipeline.py for tasks to queue
[2026-05-25T12:16:25.223+0000] {logging_mixin.py:151} INFO - [2026-05-25T12:16:25.222+0000] {dagbag.py:539} INFO - Filling up the DagBag from /opt/airflow/dags/data_lake_pipeline.py
[2026-05-25T12:16:25.782+0000] {logging_mixin.py:151} WARNING - None of PyTorch, TensorFlow >= 2.0, or Flax have been found. Models won't be available and only tokenizers, configuration and file/data utilities can be used.
[2026-05-25T12:16:25.813+0000] {processor.py:839} INFO - DAG(s) dict_keys(['data_lake_pipeline']) retrieved from /opt/airflow/dags/data_lake_pipeline.py
[2026-05-25T12:16:25.867+0000] {logging_mixin.py:151} INFO - [2026-05-25T12:16:25.867+0000] {security.py:708} INFO - Not syncing DAG-level permissions for DAG 'DAG:data_lake_pipeline' as access control is unset.
[2026-05-25T12:16:25.868+0000] {logging_mixin.py:151} INFO - [2026-05-25T12:16:25.867+0000] {dag.py:2915} INFO - Sync 1 DAGs
[2026-05-25T12:16:25.873+0000] {logging_mixin.py:151} INFO - [2026-05-25T12:16:25.873+0000] {dag.py:3696} INFO - Setting next_dagrun for data_lake_pipeline to None, run_after=None
[2026-05-25T12:16:25.884+0000] {processor.py:179} INFO - Processing /opt/airflow/dags/data_lake_pipeline.py took 0.668 seconds
[2026-05-25T12:16:30.522+0000] {processor.py:157} INFO - Started process (PID=492) to work on /opt/airflow/dags/data_lake_pipeline.py
[2026-05-25T12:16:30.524+0000] {processor.py:829} INFO - Processing file /opt/airflow/dags/data_lake_pipeline.py for tasks to queue
[2026-05-25T12:16:30.525+0000] {logging_mixin.py:151} INFO - [2026-05-25T12:16:30.525+0000] {dagbag.py:539} INFO - Filling up the DagBag from /opt/airflow/dags/data_lake_pipeline.py
[2026-05-25T12:16:31.062+0000] {logging_mixin.py:151} WARNING - None of PyTorch, TensorFlow >= 2.0, or Flax have been found. Models won't be available and only tokenizers, configuration and file/data utilities can be used.
[2026-05-25T12:16:31.100+0000] {processor.py:839} INFO - DAG(s) dict_keys(['data_lake_pipeline']) retrieved from /opt/airflow/dags/data_lake_pipeline.py
[2026-05-25T12:16:31.107+0000] {logging_mixin.py:151} INFO - [2026-05-25T12:16:31.106+0000] {dag.py:2915} INFO - Sync 1 DAGs
[2026-05-25T12:16:31.113+0000] {logging_mixin.py:151} INFO - [2026-05-25T12:16:31.113+0000] {dag.py:3696} INFO - Setting next_dagrun for data_lake_pipeline to None, run_after=None
[2026-05-25T12:16:31.124+0000] {processor.py:179} INFO - Processing /opt/airflow/dags/data_lake_pipeline.py took 0.606 seconds
[2026-05-25T12:16:57.175+0000] {processor.py:157} INFO - Started process (PID=501) to work on /opt/airflow/dags/data_lake_pipeline.py
[2026-05-25T12:16:57.177+0000] {processor.py:829} INFO - Processing file /opt/airflow/dags/data_lake_pipeline.py for tasks to queue
[2026-05-25T12:16:57.178+0000] {logging_mixin.py:151} INFO - [2026-05-25T12:16:57.178+0000] {dagbag.py:539} INFO - Filling up the DagBag from /opt/airflow/dags/data_lake_pipeline.py
[2026-05-25T12:16:58.031+0000] {logging_mixin.py:151} WARNING - None of PyTorch, TensorFlow >= 2.0, or Flax have been found. Models won't be available and only tokenizers, configuration and file/data utilities can be used.
[2026-05-25T12:16:58.088+0000] {processor.py:839} INFO - DAG(s) dict_keys(['data_lake_pipeline']) retrieved from /opt/airflow/dags/data_lake_pipeline.py
[2026-05-25T12:16:58.104+0000] {logging_mixin.py:151} INFO - [2026-05-25T12:16:58.103+0000] {dag.py:2915} INFO - Sync 1 DAGs
[2026-05-25T12:16:58.114+0000] {logging_mixin.py:151} INFO - [2026-05-25T12:16:58.114+0000] {dag.py:3696} INFO - Setting next_dagrun for data_lake_pipeline to None, run_after=None
[2026-05-25T12:16:58.127+0000] {processor.py:179} INFO - Processing /opt/airflow/dags/data_lake_pipeline.py took 0.957 seconds
[2026-05-25T12:17:28.445+0000] {processor.py:157} INFO - Started process (PID=510) to work on /opt/airflow/dags/data_lake_pipeline.py
[2026-05-25T12:17:28.447+0000] {processor.py:829} INFO - Processing file /opt/airflow/dags/data_lake_pipeline.py for tasks to queue
[2026-05-25T12:17:28.448+0000] {logging_mixin.py:151} INFO - [2026-05-25T12:17:28.448+0000] {dagbag.py:539} INFO - Filling up the DagBag from /opt/airflow/dags/data_lake_pipeline.py
[2026-05-25T12:17:29.109+0000] {logging_mixin.py:151} WARNING - None of PyTorch, TensorFlow >= 2.0, or Flax have been found. Models won't be available and only tokenizers, configuration and file/data utilities can be used.
[2026-05-25T12:17:29.154+0000] {processor.py:839} INFO - DAG(s) dict_keys(['data_lake_pipeline']) retrieved from /opt/airflow/dags/data_lake_pipeline.py
[2026-05-25T12:17:29.167+0000] {logging_mixin.py:151} INFO - [2026-05-25T12:17:29.167+0000] {dag.py:2915} INFO - Sync 1 DAGs
[2026-05-25T12:17:29.173+0000] {logging_mixin.py:151} INFO - [2026-05-25T12:17:29.173+0000] {dag.py:3696} INFO - Setting next_dagrun for data_lake_pipeline to None, run_after=None
[2026-05-25T12:17:29.181+0000] {processor.py:179} INFO - Processing /opt/airflow/dags/data_lake_pipeline.py took 0.744 seconds
[2026-05-25T12:17:59.456+0000] {processor.py:157} INFO - Started process (PID=554) to work on /opt/airflow/dags/data_lake_pipeline.py
[2026-05-25T12:17:59.459+0000] {processor.py:829} INFO - Processing file /opt/airflow/dags/data_lake_pipeline.py for tasks to queue
[2026-05-25T12:17:59.460+0000] {logging_mixin.py:151} INFO - [2026-05-25T12:17:59.459+0000] {dagbag.py:539} INFO - Filling up the DagBag from /opt/airflow/dags/data_lake_pipeline.py
[2026-05-25T12:17:59.990+0000] {logging_mixin.py:151} WARNING - None of PyTorch, TensorFlow >= 2.0, or Flax have been found. Models won't be available and only tokenizers, configuration and file/data utilities can be used.
[2026-05-25T12:18:00.024+0000] {processor.py:839} INFO - DAG(s) dict_keys(['data_lake_pipeline']) retrieved from /opt/airflow/dags/data_lake_pipeline.py
[2026-05-25T12:18:00.035+0000] {logging_mixin.py:151} INFO - [2026-05-25T12:18:00.035+0000] {dag.py:2915} INFO - Sync 1 DAGs
[2026-05-25T12:18:00.040+0000] {logging_mixin.py:151} INFO - [2026-05-25T12:18:00.040+0000] {dag.py:3696} INFO - Setting next_dagrun for data_lake_pipeline to None, run_after=None
[2026-05-25T12:18:00.047+0000] {processor.py:179} INFO - Processing /opt/airflow/dags/data_lake_pipeline.py took 0.597 seconds
[2026-05-25T12:18:30.300+0000] {processor.py:157} INFO - Started process (PID=563) to work on /opt/airflow/dags/data_lake_pipeline.py
[2026-05-25T12:18:30.302+0000] {processor.py:829} INFO - Processing file /opt/airflow/dags/data_lake_pipeline.py for tasks to queue
[2026-05-25T12:18:30.304+0000] {logging_mixin.py:151} INFO - [2026-05-25T12:18:30.303+0000] {dagbag.py:539} INFO - Filling up the DagBag from /opt/airflow/dags/data_lake_pipeline.py
[2026-05-25T12:18:31.054+0000] {logging_mixin.py:151} WARNING - None of PyTorch, TensorFlow >= 2.0, or Flax have been found. Models won't be available and only tokenizers, configuration and file/data utilities can be used.
[2026-05-25T12:18:31.100+0000] {processor.py:839} INFO - DAG(s) dict_keys(['data_lake_pipeline']) retrieved from /opt/airflow/dags/data_lake_pipeline.py
[2026-05-25T12:18:31.115+0000] {logging_mixin.py:151} INFO - [2026-05-25T12:18:31.114+0000] {dag.py:2915} INFO - Sync 1 DAGs
[2026-05-25T12:18:31.120+0000] {logging_mixin.py:151} INFO - [2026-05-25T12:18:31.120+0000] {dag.py:3696} INFO - Setting next_dagrun for data_lake_pipeline to None, run_after=None
[2026-05-25T12:18:31.128+0000] {processor.py:179} INFO - Processing /opt/airflow/dags/data_lake_pipeline.py took 0.834 seconds
[2026-05-25T12:19:01.285+0000] {processor.py:157} INFO - Started process (PID=572) to work on /opt/airflow/dags/data_lake_pipeline.py
[2026-05-25T12:19:01.288+0000] {processor.py:829} INFO - Processing file /opt/airflow/dags/data_lake_pipeline.py for tasks to queue
[2026-05-25T12:19:01.289+0000] {logging_mixin.py:151} INFO - [2026-05-25T12:19:01.289+0000] {dagbag.py:539} INFO - Filling up the DagBag from /opt/airflow/dags/data_lake_pipeline.py
[2026-05-25T12:19:02.206+0000] {logging_mixin.py:151} WARNING - None of PyTorch, TensorFlow >= 2.0, or Flax have been found. Models won't be available and only tokenizers, configuration and file/data utilities can be used.
[2026-05-25T12:19:02.265+0000] {processor.py:839} INFO - DAG(s) dict_keys(['data_lake_pipeline']) retrieved from /opt/airflow/dags/data_lake_pipeline.py
[2026-05-25T12:19:02.281+0000] {logging_mixin.py:151} INFO - [2026-05-25T12:19:02.280+0000] {dag.py:2915} INFO - Sync 1 DAGs
[2026-05-25T12:19:02.288+0000] {logging_mixin.py:151} INFO - [2026-05-25T12:19:02.288+0000] {dag.py:3696} INFO - Setting next_dagrun for data_lake_pipeline to None, run_after=None
[2026-05-25T12:19:02.297+0000] {processor.py:179} INFO - Processing /opt/airflow/dags/data_lake_pipeline.py took 1.021 seconds
[2026-05-25T12:19:12.356+0000] {processor.py:157} INFO - Started process (PID=581) to work on /opt/airflow/dags/data_lake_pipeline.py
[2026-05-25T12:19:12.358+0000] {processor.py:829} INFO - Processing file /opt/airflow/dags/data_lake_pipeline.py for tasks to queue
[2026-05-25T12:19:12.359+0000] {logging_mixin.py:151} INFO - [2026-05-25T12:19:12.359+0000] {dagbag.py:539} INFO - Filling up the DagBag from /opt/airflow/dags/data_lake_pipeline.py
[2026-05-25T12:19:12.899+0000] {logging_mixin.py:151} WARNING - None of PyTorch, TensorFlow >= 2.0, or Flax have been found. Models won't be available and only tokenizers, configuration and file/data utilities can be used.
[2026-05-25T12:19:12.935+0000] {processor.py:839} INFO - DAG(s) dict_keys(['data_lake_pipeline']) retrieved from /opt/airflow/dags/data_lake_pipeline.py
[2026-05-25T12:19:12.949+0000] {logging_mixin.py:151} INFO - [2026-05-25T12:19:12.949+0000] {dag.py:2915} INFO - Sync 1 DAGs
[2026-05-25T12:19:12.955+0000] {logging_mixin.py:151} INFO - [2026-05-25T12:19:12.955+0000] {dag.py:3696} INFO - Setting next_dagrun for data_lake_pipeline to None, run_after=None
[2026-05-25T12:19:12.965+0000] {processor.py:179} INFO - Processing /opt/airflow/dags/data_lake_pipeline.py took 0.614 seconds
[2026-05-25T12:19:43.224+0000] {processor.py:157} INFO - Started process (PID=596) to work on /opt/airflow/dags/data_lake_pipeline.py
[2026-05-25T12:19:43.227+0000] {processor.py:829} INFO - Processing file /opt/airflow/dags/data_lake_pipeline.py for tasks to queue
[2026-05-25T12:19:43.229+0000] {logging_mixin.py:151} INFO - [2026-05-25T12:19:43.228+0000] {dagbag.py:539} INFO - Filling up the DagBag from /opt/airflow/dags/data_lake_pipeline.py
[2026-05-25T12:19:43.954+0000] {logging_mixin.py:151} WARNING - None of PyTorch, TensorFlow >= 2.0, or Flax have been found. Models won't be available and only tokenizers, configuration and file/data utilities can be used.
[2026-05-25T12:19:44.013+0000] {processor.py:839} INFO - DAG(s) dict_keys(['data_lake_pipeline']) retrieved from /opt/airflow/dags/data_lake_pipeline.py
[2026-05-25T12:19:44.027+0000] {logging_mixin.py:151} INFO - [2026-05-25T12:19:44.027+0000] {dag.py:2915} INFO - Sync 1 DAGs
[2026-05-25T12:19:44.033+0000] {logging_mixin.py:151} INFO - [2026-05-25T12:19:44.033+0000] {dag.py:3696} INFO - Setting next_dagrun for data_lake_pipeline to None, run_after=None
[2026-05-25T12:19:44.041+0000] {processor.py:179} INFO - Processing /opt/airflow/dags/data_lake_pipeline.py took 0.825 seconds
[2026-05-25T12:20:14.330+0000] {processor.py:157} INFO - Started process (PID=605) to work on /opt/airflow/dags/data_lake_pipeline.py
[2026-05-25T12:20:14.332+0000] {processor.py:829} INFO - Processing file /opt/airflow/dags/data_lake_pipeline.py for tasks to queue
[2026-05-25T12:20:14.334+0000] {logging_mixin.py:151} INFO - [2026-05-25T12:20:14.333+0000] {dagbag.py:539} INFO - Filling up the DagBag from /opt/airflow/dags/data_lake_pipeline.py
[2026-05-25T12:20:15.001+0000] {logging_mixin.py:151} WARNING - None of PyTorch, TensorFlow >= 2.0, or Flax have been found. Models won't be available and only tokenizers, configuration and file/data utilities can be used.
[2026-05-25T12:20:15.043+0000] {processor.py:839} INFO - DAG(s) dict_keys(['data_lake_pipeline']) retrieved from /opt/airflow/dags/data_lake_pipeline.py
[2026-05-25T12:20:15.056+0000] {logging_mixin.py:151} INFO - [2026-05-25T12:20:15.056+0000] {dag.py:2915} INFO - Sync 1 DAGs
[2026-05-25T12:20:15.061+0000] {logging_mixin.py:151} INFO - [2026-05-25T12:20:15.061+0000] {dag.py:3696} INFO - Setting next_dagrun for data_lake_pipeline to None, run_after=None
[2026-05-25T12:20:15.070+0000] {processor.py:179} INFO - Processing /opt/airflow/dags/data_lake_pipeline.py took 0.749 seconds
[2026-05-25T12:20:45.352+0000] {processor.py:157} INFO - Started process (PID=649) to work on /opt/airflow/dags/data_lake_pipeline.py
[2026-05-25T12:20:45.355+0000] {processor.py:829} INFO - Processing file /opt/airflow/dags/data_lake_pipeline.py for tasks to queue
[2026-05-25T12:20:45.357+0000] {logging_mixin.py:151} INFO - [2026-05-25T12:20:45.356+0000] {dagbag.py:539} INFO - Filling up the DagBag from /opt/airflow/dags/data_lake_pipeline.py
[2026-05-25T12:20:46.025+0000] {logging_mixin.py:151} WARNING - None of PyTorch, TensorFlow >= 2.0, or Flax have been found. Models won't be available and only tokenizers, configuration and file/data utilities can be used.
[2026-05-25T12:20:46.076+0000] {processor.py:839} INFO - DAG(s) dict_keys(['data_lake_pipeline']) retrieved from /opt/airflow/dags/data_lake_pipeline.py
[2026-05-25T12:20:46.090+0000] {logging_mixin.py:151} INFO - [2026-05-25T12:20:46.090+0000] {dag.py:2915} INFO - Sync 1 DAGs
[2026-05-25T12:20:46.097+0000] {logging_mixin.py:151} INFO - [2026-05-25T12:20:46.097+0000] {dag.py:3696} INFO - Setting next_dagrun for data_lake_pipeline to None, run_after=None
[2026-05-25T12:20:46.106+0000] {processor.py:179} INFO - Processing /opt/airflow/dags/data_lake_pipeline.py took 0.761 seconds
[2026-05-25T12:21:16.265+0000] {processor.py:157} INFO - Started process (PID=693) to work on /opt/airflow/dags/data_lake_pipeline.py
[2026-05-25T12:21:16.269+0000] {processor.py:829} INFO - Processing file /opt/airflow/dags/data_lake_pipeline.py for tasks to queue
[2026-05-25T12:21:16.272+0000] {logging_mixin.py:151} INFO - [2026-05-25T12:21:16.271+0000] {dagbag.py:539} INFO - Filling up the DagBag from /opt/airflow/dags/data_lake_pipeline.py
[2026-05-25T12:21:16.966+0000] {logging_mixin.py:151} WARNING - None of PyTorch, TensorFlow >= 2.0, or Flax have been found. Models won't be available and only tokenizers, configuration and file/data utilities can be used.
[2026-05-25T12:21:17.015+0000] {processor.py:839} INFO - DAG(s) dict_keys(['data_lake_pipeline']) retrieved from /opt/airflow/dags/data_lake_pipeline.py
[2026-05-25T12:21:17.031+0000] {logging_mixin.py:151} INFO - [2026-05-25T12:21:17.030+0000] {dag.py:2915} INFO - Sync 1 DAGs
[2026-05-25T12:21:17.037+0000] {logging_mixin.py:151} INFO - [2026-05-25T12:21:17.037+0000] {dag.py:3696} INFO - Setting next_dagrun for data_lake_pipeline to None, run_after=None
[2026-05-25T12:21:17.045+0000] {processor.py:179} INFO - Processing /opt/airflow/dags/data_lake_pipeline.py took 0.785 seconds
[2026-05-25T12:21:47.329+0000] {processor.py:157} INFO - Started process (PID=702) to work on /opt/airflow/dags/data_lake_pipeline.py
[2026-05-25T12:21:47.333+0000] {processor.py:829} INFO - Processing file /opt/airflow/dags/data_lake_pipeline.py for tasks to queue
[2026-05-25T12:21:47.334+0000] {logging_mixin.py:151} INFO - [2026-05-25T12:21:47.334+0000] {dagbag.py:539} INFO - Filling up the DagBag from /opt/airflow/dags/data_lake_pipeline.py
[2026-05-25T12:21:48.150+0000] {logging_mixin.py:151} WARNING - None of PyTorch, TensorFlow >= 2.0, or Flax have been found. Models won't be available and only tokenizers, configuration and file/data utilities can be used.
[2026-05-25T12:21:48.200+0000] {processor.py:839} INFO - DAG(s) dict_keys(['data_lake_pipeline']) retrieved from /opt/airflow/dags/data_lake_pipeline.py
[2026-05-25T12:21:48.215+0000] {logging_mixin.py:151} INFO - [2026-05-25T12:21:48.215+0000] {dag.py:2915} INFO - Sync 1 DAGs
[2026-05-25T12:21:48.221+0000] {logging_mixin.py:151} INFO - [2026-05-25T12:21:48.221+0000] {dag.py:3696} INFO - Setting next_dagrun for data_lake_pipeline to None, run_after=None
[2026-05-25T12:21:48.230+0000] {processor.py:179} INFO - Processing /opt/airflow/dags/data_lake_pipeline.py took 0.908 seconds
[2026-05-25T12:22:18.564+0000] {processor.py:157} INFO - Started process (PID=711) to work on /opt/airflow/dags/data_lake_pipeline.py
[2026-05-25T12:22:18.566+0000] {processor.py:829} INFO - Processing file /opt/airflow/dags/data_lake_pipeline.py for tasks to queue
[2026-05-25T12:22:18.568+0000] {logging_mixin.py:151} INFO - [2026-05-25T12:22:18.567+0000] {dagbag.py:539} INFO - Filling up the DagBag from /opt/airflow/dags/data_lake_pipeline.py
[2026-05-25T12:22:19.325+0000] {logging_mixin.py:151} WARNING - None of PyTorch, TensorFlow >= 2.0, or Flax have been found. Models won't be available and only tokenizers, configuration and file/data utilities can be used.
[2026-05-25T12:22:19.375+0000] {processor.py:839} INFO - DAG(s) dict_keys(['data_lake_pipeline']) retrieved from /opt/airflow/dags/data_lake_pipeline.py
[2026-05-25T12:22:19.389+0000] {logging_mixin.py:151} INFO - [2026-05-25T12:22:19.389+0000] {dag.py:2915} INFO - Sync 1 DAGs
[2026-05-25T12:22:19.395+0000] {logging_mixin.py:151} INFO - [2026-05-25T12:22:19.394+0000] {dag.py:3696} INFO - Setting next_dagrun for data_lake_pipeline to None, run_after=None
[2026-05-25T12:22:19.403+0000] {processor.py:179} INFO - Processing /opt/airflow/dags/data_lake_pipeline.py took 0.846 seconds
[2026-05-25T12:22:41.624+0000] {processor.py:157} INFO - Started process (PID=720) to work on /opt/airflow/dags/data_lake_pipeline.py
[2026-05-25T12:22:41.630+0000] {processor.py:829} INFO - Processing file /opt/airflow/dags/data_lake_pipeline.py for tasks to queue
[2026-05-25T12:22:41.632+0000] {logging_mixin.py:151} INFO - [2026-05-25T12:22:41.631+0000] {dagbag.py:539} INFO - Filling up the DagBag from /opt/airflow/dags/data_lake_pipeline.py
[2026-05-25T12:22:42.585+0000] {logging_mixin.py:151} WARNING - None of PyTorch, TensorFlow >= 2.0, or Flax have been found. Models won't be available and only tokenizers, configuration and file/data utilities can be used.
[2026-05-25T12:22:42.647+0000] {processor.py:839} INFO - DAG(s) dict_keys(['data_lake_pipeline']) retrieved from /opt/airflow/dags/data_lake_pipeline.py
[2026-05-25T12:22:42.665+0000] {logging_mixin.py:151} INFO - [2026-05-25T12:22:42.665+0000] {dag.py:2915} INFO - Sync 1 DAGs
[2026-05-25T12:22:42.673+0000] {logging_mixin.py:151} INFO - [2026-05-25T12:22:42.672+0000] {dag.py:3696} INFO - Setting next_dagrun for data_lake_pipeline to None, run_after=None
[2026-05-25T12:22:42.683+0000] {processor.py:179} INFO - Processing /opt/airflow/dags/data_lake_pipeline.py took 1.068 seconds
[2026-05-25T12:23:12.896+0000] {processor.py:157} INFO - Started process (PID=735) to work on /opt/airflow/dags/data_lake_pipeline.py
[2026-05-25T12:23:12.899+0000] {processor.py:829} INFO - Processing file /opt/airflow/dags/data_lake_pipeline.py for tasks to queue
[2026-05-25T12:23:12.901+0000] {logging_mixin.py:151} INFO - [2026-05-25T12:23:12.900+0000] {dagbag.py:539} INFO - Filling up the DagBag from /opt/airflow/dags/data_lake_pipeline.py
[2026-05-25T12:23:13.864+0000] {logging_mixin.py:151} WARNING - None of PyTorch, TensorFlow >= 2.0, or Flax have been found. Models won't be available and only tokenizers, configuration and file/data utilities can be used.
[2026-05-25T12:23:13.911+0000] {processor.py:839} INFO - DAG(s) dict_keys(['data_lake_pipeline']) retrieved from /opt/airflow/dags/data_lake_pipeline.py
[2026-05-25T12:23:13.948+0000] {logging_mixin.py:151} INFO - [2026-05-25T12:23:13.948+0000] {dag.py:2915} INFO - Sync 1 DAGs
[2026-05-25T12:23:13.956+0000] {logging_mixin.py:151} INFO - [2026-05-25T12:23:13.955+0000] {dag.py:3696} INFO - Setting next_dagrun for data_lake_pipeline to None, run_after=None
[2026-05-25T12:23:13.970+0000] {processor.py:179} INFO - Processing /opt/airflow/dags/data_lake_pipeline.py took 1.082 seconds
[2026-05-25T12:23:44.229+0000] {processor.py:157} INFO - Started process (PID=785) to work on /opt/airflow/dags/data_lake_pipeline.py
[2026-05-25T12:23:44.232+0000] {processor.py:829} INFO - Processing file /opt/airflow/dags/data_lake_pipeline.py for tasks to queue
[2026-05-25T12:23:44.233+0000] {logging_mixin.py:151} INFO - [2026-05-25T12:23:44.233+0000] {dagbag.py:539} INFO - Filling up the DagBag from /opt/airflow/dags/data_lake_pipeline.py
[2026-05-25T12:23:44.807+0000] {logging_mixin.py:151} WARNING - None of PyTorch, TensorFlow >= 2.0, or Flax have been found. Models won't be available and only tokenizers, configuration and file/data utilities can be used.
[2026-05-25T12:23:44.841+0000] {processor.py:839} INFO - DAG(s) dict_keys(['data_lake_pipeline']) retrieved from /opt/airflow/dags/data_lake_pipeline.py
[2026-05-25T12:23:44.853+0000] {logging_mixin.py:151} INFO - [2026-05-25T12:23:44.852+0000] {dag.py:2915} INFO - Sync 1 DAGs
[2026-05-25T12:23:44.857+0000] {logging_mixin.py:151} INFO - [2026-05-25T12:23:44.857+0000] {dag.py:3696} INFO - Setting next_dagrun for data_lake_pipeline to None, run_after=None
[2026-05-25T12:23:44.865+0000] {processor.py:179} INFO - Processing /opt/airflow/dags/data_lake_pipeline.py took 0.640 seconds
[2026-05-25T12:23:54.641+0000] {processor.py:157} INFO - Started process (PID=794) to work on /opt/airflow/dags/data_lake_pipeline.py
[2026-05-25T12:23:54.643+0000] {processor.py:829} INFO - Processing file /opt/airflow/dags/data_lake_pipeline.py for tasks to queue
[2026-05-25T12:23:54.644+0000] {logging_mixin.py:151} INFO - [2026-05-25T12:23:54.643+0000] {dagbag.py:539} INFO - Filling up the DagBag from /opt/airflow/dags/data_lake_pipeline.py
[2026-05-25T12:23:55.137+0000] {logging_mixin.py:151} WARNING - None of PyTorch, TensorFlow >= 2.0, or Flax have been found. Models won't be available and only tokenizers, configuration and file/data utilities can be used.
[2026-05-25T12:23:55.167+0000] {processor.py:839} INFO - DAG(s) dict_keys(['data_lake_pipeline']) retrieved from /opt/airflow/dags/data_lake_pipeline.py
[2026-05-25T12:23:55.177+0000] {logging_mixin.py:151} INFO - [2026-05-25T12:23:55.177+0000] {taskinstance.py:1937} ERROR - {'DAG Id': 'data_lake_pipeline', 'Task Id': 'tokenisation_and_import_to_mongodb', 'Run Id': 'manual__2026-05-25T12:23:22.904131+00:00', 'Hostname': '4f10631135a5'}
[2026-05-25T12:23:55.183+0000] {logging_mixin.py:151} INFO - [2026-05-25T12:23:55.183+0000] {taskinstance.py:1398} INFO - Marking task as UP_FOR_RETRY. dag_id=data_lake_pipeline, task_id=tokenisation_and_import_to_mongodb, execution_date=20260525T122322, start_date=20260525T122335, end_date=20260525T122355
[2026-05-25T12:23:55.186+0000] {processor.py:790} INFO - Executed failure callback for <TaskInstance: data_lake_pipeline.tokenisation_and_import_to_mongodb manual__2026-05-25T12:23:22.904131+00:00 [up_for_retry]> in state up_for_retry
[2026-05-25T12:23:55.187+0000] {logging_mixin.py:151} INFO - [2026-05-25T12:23:55.187+0000] {taskinstance.py:1937} ERROR - {'DAG Id': 'data_lake_pipeline', 'Task Id': 'tokenisation_and_import_to_mongodb', 'Run Id': 'manual__2026-05-25T12:23:22.904131+00:00', 'Hostname': '4f10631135a5'}
[2026-05-25T12:23:55.190+0000] {logging_mixin.py:151} INFO - [2026-05-25T12:23:55.190+0000] {taskinstance.py:1398} INFO - Marking task as FAILED. dag_id=data_lake_pipeline, task_id=tokenisation_and_import_to_mongodb, execution_date=20260525T122322, start_date=20260525T122335, end_date=20260525T122355
[2026-05-25T12:23:55.191+0000] {processor.py:790} INFO - Executed failure callback for <TaskInstance: data_lake_pipeline.tokenisation_and_import_to_mongodb manual__2026-05-25T12:23:22.904131+00:00 [failed]> in state failed
[2026-05-25T12:23:55.199+0000] {logging_mixin.py:151} INFO - [2026-05-25T12:23:55.198+0000] {dag.py:2915} INFO - Sync 1 DAGs
[2026-05-25T12:23:55.203+0000] {logging_mixin.py:151} INFO - [2026-05-25T12:23:55.203+0000] {dag.py:3696} INFO - Setting next_dagrun for data_lake_pipeline to None, run_after=None
[2026-05-25T12:23:55.209+0000] {processor.py:179} INFO - Processing /opt/airflow/dags/data_lake_pipeline.py took 0.570 seconds
[2026-05-25T12:24:25.475+0000] {processor.py:157} INFO - Started process (PID=803) to work on /opt/airflow/dags/data_lake_pipeline.py
[2026-05-25T12:24:25.478+0000] {processor.py:829} INFO - Processing file /opt/airflow/dags/data_lake_pipeline.py for tasks to queue
[2026-05-25T12:24:25.479+0000] {logging_mixin.py:151} INFO - [2026-05-25T12:24:25.478+0000] {dagbag.py:539} INFO - Filling up the DagBag from /opt/airflow/dags/data_lake_pipeline.py
[2026-05-25T12:24:26.213+0000] {logging_mixin.py:151} WARNING - None of PyTorch, TensorFlow >= 2.0, or Flax have been found. Models won't be available and only tokenizers, configuration and file/data utilities can be used.
[2026-05-25T12:24:26.259+0000] {processor.py:839} INFO - DAG(s) dict_keys(['data_lake_pipeline']) retrieved from /opt/airflow/dags/data_lake_pipeline.py
[2026-05-25T12:24:26.274+0000] {logging_mixin.py:151} INFO - [2026-05-25T12:24:26.273+0000] {dag.py:2915} INFO - Sync 1 DAGs
[2026-05-25T12:24:26.279+0000] {logging_mixin.py:151} INFO - [2026-05-25T12:24:26.279+0000] {dag.py:3696} INFO - Setting next_dagrun for data_lake_pipeline to None, run_after=None
[2026-05-25T12:24:26.287+0000] {processor.py:179} INFO - Processing /opt/airflow/dags/data_lake_pipeline.py took 0.819 seconds
[2026-05-25T12:24:56.481+0000] {processor.py:157} INFO - Started process (PID=812) to work on /opt/airflow/dags/data_lake_pipeline.py
[2026-05-25T12:24:56.483+0000] {processor.py:829} INFO - Processing file /opt/airflow/dags/data_lake_pipeline.py for tasks to queue
[2026-05-25T12:24:56.484+0000] {logging_mixin.py:151} INFO - [2026-05-25T12:24:56.484+0000] {dagbag.py:539} INFO - Filling up the DagBag from /opt/airflow/dags/data_lake_pipeline.py
[2026-05-25T12:24:57.102+0000] {logging_mixin.py:151} WARNING - None of PyTorch, TensorFlow >= 2.0, or Flax have been found. Models won't be available and only tokenizers, configuration and file/data utilities can be used.
[2026-05-25T12:24:57.143+0000] {processor.py:839} INFO - DAG(s) dict_keys(['data_lake_pipeline']) retrieved from /opt/airflow/dags/data_lake_pipeline.py
[2026-05-25T12:24:57.156+0000] {logging_mixin.py:151} INFO - [2026-05-25T12:24:57.155+0000] {dag.py:2915} INFO - Sync 1 DAGs
[2026-05-25T12:24:57.161+0000] {logging_mixin.py:151} INFO - [2026-05-25T12:24:57.161+0000] {dag.py:3696} INFO - Setting next_dagrun for data_lake_pipeline to None, run_after=None
[2026-05-25T12:24:57.169+0000] {processor.py:179} INFO - Processing /opt/airflow/dags/data_lake_pipeline.py took 0.693 seconds
[2026-05-25T12:25:27.485+0000] {processor.py:157} INFO - Started process (PID=833) to work on /opt/airflow/dags/data_lake_pipeline.py
[2026-05-25T12:25:27.488+0000] {processor.py:829} INFO - Processing file /opt/airflow/dags/data_lake_pipeline.py for tasks to queue
[2026-05-25T12:25:27.489+0000] {logging_mixin.py:151} INFO - [2026-05-25T12:25:27.488+0000] {dagbag.py:539} INFO - Filling up the DagBag from /opt/airflow/dags/data_lake_pipeline.py
[2026-05-25T12:25:28.019+0000] {logging_mixin.py:151} WARNING - None of PyTorch, TensorFlow >= 2.0, or Flax have been found. Models won't be available and only tokenizers, configuration and file/data utilities can be used.
[2026-05-25T12:25:28.050+0000] {processor.py:839} INFO - DAG(s) dict_keys(['data_lake_pipeline']) retrieved from /opt/airflow/dags/data_lake_pipeline.py
[2026-05-25T12:25:28.060+0000] {logging_mixin.py:151} INFO - [2026-05-25T12:25:28.060+0000] {dag.py:2915} INFO - Sync 1 DAGs
[2026-05-25T12:25:28.065+0000] {logging_mixin.py:151} INFO - [2026-05-25T12:25:28.065+0000] {dag.py:3696} INFO - Setting next_dagrun for data_lake_pipeline to None, run_after=None
[2026-05-25T12:25:28.072+0000] {processor.py:179} INFO - Processing /opt/airflow/dags/data_lake_pipeline.py took 0.592 seconds
[2026-05-25T12:25:35.187+0000] {processor.py:157} INFO - Started process (PID=842) to work on /opt/airflow/dags/data_lake_pipeline.py
[2026-05-25T12:25:35.189+0000] {processor.py:829} INFO - Processing file /opt/airflow/dags/data_lake_pipeline.py for tasks to queue
[2026-05-25T12:25:35.190+0000] {logging_mixin.py:151} INFO - [2026-05-25T12:25:35.190+0000] {dagbag.py:539} INFO - Filling up the DagBag from /opt/airflow/dags/data_lake_pipeline.py
[2026-05-25T12:25:35.675+0000] {logging_mixin.py:151} WARNING - None of PyTorch, TensorFlow >= 2.0, or Flax have been found. Models won't be available and only tokenizers, configuration and file/data utilities can be used.
[2026-05-25T12:25:35.705+0000] {processor.py:839} INFO - DAG(s) dict_keys(['data_lake_pipeline']) retrieved from /opt/airflow/dags/data_lake_pipeline.py
[2026-05-25T12:25:35.715+0000] {logging_mixin.py:151} INFO - [2026-05-25T12:25:35.714+0000] {taskinstance.py:1937} ERROR - {'DAG Id': 'data_lake_pipeline', 'Task Id': 'tokenisation_and_import_to_mongodb', 'Run Id': 'manual__2026-05-25T12:20:15.368130+00:00', 'Hostname': '4f10631135a5'}
[2026-05-25T12:25:35.720+0000] {logging_mixin.py:151} INFO - [2026-05-25T12:25:35.720+0000] {taskinstance.py:1398} INFO - Marking task as UP_FOR_RETRY. dag_id=data_lake_pipeline, task_id=tokenisation_and_import_to_mongodb, execution_date=20260525T122015, start_date=20260525T122526, end_date=20260525T122535
[2026-05-25T12:25:35.723+0000] {processor.py:790} INFO - Executed failure callback for <TaskInstance: data_lake_pipeline.tokenisation_and_import_to_mongodb manual__2026-05-25T12:20:15.368130+00:00 [up_for_retry]> in state up_for_retry
[2026-05-25T12:25:35.729+0000] {logging_mixin.py:151} INFO - [2026-05-25T12:25:35.729+0000] {dag.py:2915} INFO - Sync 1 DAGs
[2026-05-25T12:25:35.734+0000] {logging_mixin.py:151} INFO - [2026-05-25T12:25:35.734+0000] {dag.py:3696} INFO - Setting next_dagrun for data_lake_pipeline to None, run_after=None
[2026-05-25T12:25:35.740+0000] {processor.py:179} INFO - Processing /opt/airflow/dags/data_lake_pipeline.py took 0.556 seconds
[2026-05-25T12:26:05.340+0000] {processor.py:157} INFO - Started process (PID=863) to work on /opt/airflow/dags/data_lake_pipeline.py
[2026-05-25T12:26:05.342+0000] {processor.py:829} INFO - Processing file /opt/airflow/dags/data_lake_pipeline.py for tasks to queue
[2026-05-25T12:26:05.343+0000] {logging_mixin.py:151} INFO - [2026-05-25T12:26:05.342+0000] {dagbag.py:539} INFO - Filling up the DagBag from /opt/airflow/dags/data_lake_pipeline.py
[2026-05-25T12:26:05.854+0000] {logging_mixin.py:151} WARNING - None of PyTorch, TensorFlow >= 2.0, or Flax have been found. Models won't be available and only tokenizers, configuration and file/data utilities can be used.
[2026-05-25T12:26:05.885+0000] {processor.py:839} INFO - DAG(s) dict_keys(['data_lake_pipeline']) retrieved from /opt/airflow/dags/data_lake_pipeline.py
[2026-05-25T12:26:05.895+0000] {logging_mixin.py:151} INFO - [2026-05-25T12:26:05.895+0000] {taskinstance.py:1937} ERROR - {'DAG Id': 'data_lake_pipeline', 'Task Id': 'tokenisation_and_import_to_mongodb', 'Run Id': 'manual__2026-05-25T12:20:48.456528+00:00', 'Hostname': '4f10631135a5'}
[2026-05-25T12:26:05.900+0000] {logging_mixin.py:151} INFO - [2026-05-25T12:26:05.900+0000] {taskinstance.py:1398} INFO - Marking task as UP_FOR_RETRY. dag_id=data_lake_pipeline, task_id=tokenisation_and_import_to_mongodb, execution_date=20260525T122048, start_date=20260525T122601, end_date=20260525T122605
[2026-05-25T12:26:05.904+0000] {processor.py:790} INFO - Executed failure callback for <TaskInstance: data_lake_pipeline.tokenisation_and_import_to_mongodb manual__2026-05-25T12:20:48.456528+00:00 [up_for_retry]> in state up_for_retry
[2026-05-25T12:26:05.912+0000] {logging_mixin.py:151} INFO - [2026-05-25T12:26:05.911+0000] {dag.py:2915} INFO - Sync 1 DAGs
[2026-05-25T12:26:05.916+0000] {logging_mixin.py:151} INFO - [2026-05-25T12:26:05.916+0000] {dag.py:3696} INFO - Setting next_dagrun for data_lake_pipeline to None, run_after=None
[2026-05-25T12:26:05.922+0000] {processor.py:179} INFO - Processing /opt/airflow/dags/data_lake_pipeline.py took 0.586 seconds
[2026-05-25T12:26:36.210+0000] {processor.py:157} INFO - Started process (PID=872) to work on /opt/airflow/dags/data_lake_pipeline.py
[2026-05-25T12:26:36.212+0000] {processor.py:829} INFO - Processing file /opt/airflow/dags/data_lake_pipeline.py for tasks to queue
[2026-05-25T12:26:36.214+0000] {logging_mixin.py:151} INFO - [2026-05-25T12:26:36.213+0000] {dagbag.py:539} INFO - Filling up the DagBag from /opt/airflow/dags/data_lake_pipeline.py
[2026-05-25T12:26:36.930+0000] {logging_mixin.py:151} WARNING - None of PyTorch, TensorFlow >= 2.0, or Flax have been found. Models won't be available and only tokenizers, configuration and file/data utilities can be used.
[2026-05-25T12:26:36.973+0000] {processor.py:839} INFO - DAG(s) dict_keys(['data_lake_pipeline']) retrieved from /opt/airflow/dags/data_lake_pipeline.py
[2026-05-25T12:26:36.988+0000] {logging_mixin.py:151} INFO - [2026-05-25T12:26:36.987+0000] {dag.py:2915} INFO - Sync 1 DAGs
[2026-05-25T12:26:36.993+0000] {logging_mixin.py:151} INFO - [2026-05-25T12:26:36.993+0000] {dag.py:3696} INFO - Setting next_dagrun for data_lake_pipeline to None, run_after=None
[2026-05-25T12:26:37.002+0000] {processor.py:179} INFO - Processing /opt/airflow/dags/data_lake_pipeline.py took 0.797 seconds
[2026-05-25T12:27:07.440+0000] {processor.py:157} INFO - Started process (PID=881) to work on /opt/airflow/dags/data_lake_pipeline.py
[2026-05-25T12:27:07.442+0000] {processor.py:829} INFO - Processing file /opt/airflow/dags/data_lake_pipeline.py for tasks to queue
[2026-05-25T12:27:07.443+0000] {logging_mixin.py:151} INFO - [2026-05-25T12:27:07.443+0000] {dagbag.py:539} INFO - Filling up the DagBag from /opt/airflow/dags/data_lake_pipeline.py
[2026-05-25T12:27:08.045+0000] {logging_mixin.py:151} WARNING - None of PyTorch, TensorFlow >= 2.0, or Flax have been found. Models won't be available and only tokenizers, configuration and file/data utilities can be used.
[2026-05-25T12:27:08.077+0000] {processor.py:839} INFO - DAG(s) dict_keys(['data_lake_pipeline']) retrieved from /opt/airflow/dags/data_lake_pipeline.py
[2026-05-25T12:27:08.090+0000] {logging_mixin.py:151} INFO - [2026-05-25T12:27:08.090+0000] {dag.py:2915} INFO - Sync 1 DAGs
[2026-05-25T12:27:08.096+0000] {logging_mixin.py:151} INFO - [2026-05-25T12:27:08.096+0000] {dag.py:3696} INFO - Setting next_dagrun for data_lake_pipeline to None, run_after=None
[2026-05-25T12:27:08.103+0000] {processor.py:179} INFO - Processing /opt/airflow/dags/data_lake_pipeline.py took 0.671 seconds
[2026-05-25T12:27:38.352+0000] {processor.py:157} INFO - Started process (PID=890) to work on /opt/airflow/dags/data_lake_pipeline.py
[2026-05-25T12:27:38.355+0000] {processor.py:829} INFO - Processing file /opt/airflow/dags/data_lake_pipeline.py for tasks to queue
[2026-05-25T12:27:38.356+0000] {logging_mixin.py:151} INFO - [2026-05-25T12:27:38.356+0000] {dagbag.py:539} INFO - Filling up the DagBag from /opt/airflow/dags/data_lake_pipeline.py
[2026-05-25T12:27:38.883+0000] {logging_mixin.py:151} WARNING - None of PyTorch, TensorFlow >= 2.0, or Flax have been found. Models won't be available and only tokenizers, configuration and file/data utilities can be used.
[2026-05-25T12:27:38.923+0000] {processor.py:839} INFO - DAG(s) dict_keys(['data_lake_pipeline']) retrieved from /opt/airflow/dags/data_lake_pipeline.py
[2026-05-25T12:27:38.938+0000] {logging_mixin.py:151} INFO - [2026-05-25T12:27:38.937+0000] {dag.py:2915} INFO - Sync 1 DAGs
[2026-05-25T12:27:38.942+0000] {logging_mixin.py:151} INFO - [2026-05-25T12:27:38.942+0000] {dag.py:3696} INFO - Setting next_dagrun for data_lake_pipeline to None, run_after=None
[2026-05-25T12:27:38.950+0000] {processor.py:179} INFO - Processing /opt/airflow/dags/data_lake_pipeline.py took 0.602 seconds
[2026-05-25T12:28:09.223+0000] {processor.py:157} INFO - Started process (PID=899) to work on /opt/airflow/dags/data_lake_pipeline.py
[2026-05-25T12:28:09.226+0000] {processor.py:829} INFO - Processing file /opt/airflow/dags/data_lake_pipeline.py for tasks to queue
[2026-05-25T12:28:09.227+0000] {logging_mixin.py:151} INFO - [2026-05-25T12:28:09.227+0000] {dagbag.py:539} INFO - Filling up the DagBag from /opt/airflow/dags/data_lake_pipeline.py
[2026-05-25T12:28:09.730+0000] {logging_mixin.py:151} WARNING - None of PyTorch, TensorFlow >= 2.0, or Flax have been found. Models won't be available and only tokenizers, configuration and file/data utilities can be used.
[2026-05-25T12:28:09.760+0000] {processor.py:839} INFO - DAG(s) dict_keys(['data_lake_pipeline']) retrieved from /opt/airflow/dags/data_lake_pipeline.py
[2026-05-25T12:28:09.770+0000] {logging_mixin.py:151} INFO - [2026-05-25T12:28:09.769+0000] {dag.py:2915} INFO - Sync 1 DAGs
[2026-05-25T12:28:09.774+0000] {logging_mixin.py:151} INFO - [2026-05-25T12:28:09.774+0000] {dag.py:3696} INFO - Setting next_dagrun for data_lake_pipeline to None, run_after=None
[2026-05-25T12:28:09.781+0000] {processor.py:179} INFO - Processing /opt/airflow/dags/data_lake_pipeline.py took 0.562 seconds
[2026-05-25T12:28:39.854+0000] {processor.py:157} INFO - Started process (PID=908) to work on /opt/airflow/dags/data_lake_pipeline.py
[2026-05-25T12:28:39.857+0000] {processor.py:829} INFO - Processing file /opt/airflow/dags/data_lake_pipeline.py for tasks to queue
[2026-05-25T12:28:39.857+0000] {logging_mixin.py:151} INFO - [2026-05-25T12:28:39.857+0000] {dagbag.py:539} INFO - Filling up the DagBag from /opt/airflow/dags/data_lake_pipeline.py
[2026-05-25T12:28:40.334+0000] {logging_mixin.py:151} WARNING - None of PyTorch, TensorFlow >= 2.0, or Flax have been found. Models won't be available and only tokenizers, configuration and file/data utilities can be used.
[2026-05-25T12:28:40.364+0000] {processor.py:839} INFO - DAG(s) dict_keys(['data_lake_pipeline']) retrieved from /opt/airflow/dags/data_lake_pipeline.py
[2026-05-25T12:28:40.374+0000] {logging_mixin.py:151} INFO - [2026-05-25T12:28:40.373+0000] {dag.py:2915} INFO - Sync 1 DAGs
[2026-05-25T12:28:40.379+0000] {logging_mixin.py:151} INFO - [2026-05-25T12:28:40.379+0000] {dag.py:3696} INFO - Setting next_dagrun for data_lake_pipeline to None, run_after=None
[2026-05-25T12:28:40.386+0000] {processor.py:179} INFO - Processing /opt/airflow/dags/data_lake_pipeline.py took 0.534 seconds
[2026-05-25T12:29:10.689+0000] {processor.py:157} INFO - Started process (PID=917) to work on /opt/airflow/dags/data_lake_pipeline.py
[2026-05-25T12:29:10.692+0000] {processor.py:829} INFO - Processing file /opt/airflow/dags/data_lake_pipeline.py for tasks to queue
[2026-05-25T12:29:10.693+0000] {logging_mixin.py:151} INFO - [2026-05-25T12:29:10.692+0000] {dagbag.py:539} INFO - Filling up the DagBag from /opt/airflow/dags/data_lake_pipeline.py
[2026-05-25T12:29:11.452+0000] {logging_mixin.py:151} WARNING - None of PyTorch, TensorFlow >= 2.0, or Flax have been found. Models won't be available and only tokenizers, configuration and file/data utilities can be used.
[2026-05-25T12:29:11.496+0000] {processor.py:839} INFO - DAG(s) dict_keys(['data_lake_pipeline']) retrieved from /opt/airflow/dags/data_lake_pipeline.py
[2026-05-25T12:29:11.512+0000] {logging_mixin.py:151} INFO - [2026-05-25T12:29:11.512+0000] {dag.py:2915} INFO - Sync 1 DAGs
[2026-05-25T12:29:11.523+0000] {logging_mixin.py:151} INFO - [2026-05-25T12:29:11.523+0000] {dag.py:3696} INFO - Setting next_dagrun for data_lake_pipeline to None, run_after=None
[2026-05-25T12:29:11.531+0000] {processor.py:179} INFO - Processing /opt/airflow/dags/data_lake_pipeline.py took 0.851 seconds
[2026-05-25T12:34:14.313+0000] {processor.py:157} INFO - Started process (PID=926) to work on /opt/airflow/dags/data_lake_pipeline.py
[2026-05-25T12:34:14.315+0000] {processor.py:829} INFO - Processing file /opt/airflow/dags/data_lake_pipeline.py for tasks to queue
[2026-05-25T12:34:14.316+0000] {logging_mixin.py:151} INFO - [2026-05-25T12:34:14.316+0000] {dagbag.py:539} INFO - Filling up the DagBag from /opt/airflow/dags/data_lake_pipeline.py
[2026-05-25T12:34:15.592+0000] {logging_mixin.py:151} WARNING - None of PyTorch, TensorFlow >= 2.0, or Flax have been found. Models won't be available and only tokenizers, configuration and file/data utilities can be used.
[2026-05-25T12:34:15.632+0000] {processor.py:839} INFO - DAG(s) dict_keys(['data_lake_pipeline']) retrieved from /opt/airflow/dags/data_lake_pipeline.py
[2026-05-25T12:34:15.646+0000] {logging_mixin.py:151} INFO - [2026-05-25T12:34:15.646+0000] {dag.py:2915} INFO - Sync 1 DAGs
[2026-05-25T12:34:15.653+0000] {logging_mixin.py:151} INFO - [2026-05-25T12:34:15.652+0000] {dag.py:3696} INFO - Setting next_dagrun for data_lake_pipeline to None, run_after=None
[2026-05-25T12:34:15.661+0000] {processor.py:179} INFO - Processing /opt/airflow/dags/data_lake_pipeline.py took 1.352 seconds
[2026-05-25T12:34:25.213+0000] {processor.py:157} INFO - Started process (PID=949) to work on /opt/airflow/dags/data_lake_pipeline.py
[2026-05-25T12:34:25.216+0000] {processor.py:829} INFO - Processing file /opt/airflow/dags/data_lake_pipeline.py for tasks to queue
[2026-05-25T12:34:25.217+0000] {logging_mixin.py:151} INFO - [2026-05-25T12:34:25.216+0000] {dagbag.py:539} INFO - Filling up the DagBag from /opt/airflow/dags/data_lake_pipeline.py
[2026-05-25T12:34:25.755+0000] {logging_mixin.py:151} WARNING - None of PyTorch, TensorFlow >= 2.0, or Flax have been found. Models won't be available and only tokenizers, configuration and file/data utilities can be used.
[2026-05-25T12:34:25.795+0000] {processor.py:839} INFO - DAG(s) dict_keys(['data_lake_pipeline']) retrieved from /opt/airflow/dags/data_lake_pipeline.py
[2026-05-25T12:34:25.806+0000] {logging_mixin.py:151} INFO - [2026-05-25T12:34:25.805+0000] {taskinstance.py:1937} ERROR - {'DAG Id': 'data_lake_pipeline', 'Task Id': 'tokenisation_and_import_to_mongodb', 'Run Id': 'manual__2026-05-25T12:20:48.456528+00:00', 'Hostname': '4f10631135a5'}
[2026-05-25T12:34:25.811+0000] {logging_mixin.py:151} INFO - [2026-05-25T12:34:25.811+0000] {taskinstance.py:1398} INFO - Marking task as FAILED. dag_id=data_lake_pipeline, task_id=tokenisation_and_import_to_mongodb, execution_date=20260525T122048, start_date=20260525T123415, end_date=20260525T123425
[2026-05-25T12:34:25.815+0000] {processor.py:790} INFO - Executed failure callback for <TaskInstance: data_lake_pipeline.tokenisation_and_import_to_mongodb manual__2026-05-25T12:20:48.456528+00:00 [failed]> in state failed
[2026-05-25T12:34:25.822+0000] {logging_mixin.py:151} INFO - [2026-05-25T12:34:25.822+0000] {dag.py:2915} INFO - Sync 1 DAGs
[2026-05-25T12:34:25.827+0000] {logging_mixin.py:151} INFO - [2026-05-25T12:34:25.827+0000] {dag.py:3696} INFO - Setting next_dagrun for data_lake_pipeline to None, run_after=None
[2026-05-25T12:34:25.834+0000] {processor.py:179} INFO - Processing /opt/airflow/dags/data_lake_pipeline.py took 0.623 seconds
[2026-05-25T12:34:35.276+0000] {processor.py:157} INFO - Started process (PID=958) to work on /opt/airflow/dags/data_lake_pipeline.py
[2026-05-25T12:34:35.279+0000] {processor.py:829} INFO - Processing file /opt/airflow/dags/data_lake_pipeline.py for tasks to queue
[2026-05-25T12:34:35.279+0000] {logging_mixin.py:151} INFO - [2026-05-25T12:34:35.279+0000] {dagbag.py:539} INFO - Filling up the DagBag from /opt/airflow/dags/data_lake_pipeline.py
[2026-05-25T12:34:35.794+0000] {logging_mixin.py:151} WARNING - None of PyTorch, TensorFlow >= 2.0, or Flax have been found. Models won't be available and only tokenizers, configuration and file/data utilities can be used.
[2026-05-25T12:34:35.825+0000] {processor.py:839} INFO - DAG(s) dict_keys(['data_lake_pipeline']) retrieved from /opt/airflow/dags/data_lake_pipeline.py
[2026-05-25T12:34:35.837+0000] {logging_mixin.py:151} INFO - [2026-05-25T12:34:35.837+0000] {taskinstance.py:1937} ERROR - {'DAG Id': 'data_lake_pipeline', 'Task Id': 'tokenisation_and_import_to_mongodb', 'Run Id': 'manual__2026-05-25T12:20:15.368130+00:00', 'Hostname': '4f10631135a5'}
[2026-05-25T12:34:35.843+0000] {logging_mixin.py:151} INFO - [2026-05-25T12:34:35.843+0000] {taskinstance.py:1398} INFO - Marking task as FAILED. dag_id=data_lake_pipeline, task_id=tokenisation_and_import_to_mongodb, execution_date=20260525T122015, start_date=20260525T123415, end_date=20260525T123435
[2026-05-25T12:34:35.847+0000] {processor.py:790} INFO - Executed failure callback for <TaskInstance: data_lake_pipeline.tokenisation_and_import_to_mongodb manual__2026-05-25T12:20:15.368130+00:00 [failed]> in state failed
[2026-05-25T12:34:35.848+0000] {logging_mixin.py:151} INFO - [2026-05-25T12:34:35.848+0000] {taskinstance.py:1937} ERROR - {'DAG Id': 'data_lake_pipeline', 'Task Id': 'tokenisation_and_import_to_mongodb', 'Run Id': 'manual__2026-05-25T12:20:15.368130+00:00', 'Hostname': '4f10631135a5'}
[2026-05-25T12:34:35.851+0000] {logging_mixin.py:151} INFO - [2026-05-25T12:34:35.851+0000] {taskinstance.py:1398} INFO - Marking task as FAILED. dag_id=data_lake_pipeline, task_id=tokenisation_and_import_to_mongodb, execution_date=20260525T122015, start_date=20260525T123415, end_date=20260525T123435
[2026-05-25T12:34:35.852+0000] {processor.py:790} INFO - Executed failure callback for <TaskInstance: data_lake_pipeline.tokenisation_and_import_to_mongodb manual__2026-05-25T12:20:15.368130+00:00 [failed]> in state failed
[2026-05-25T12:34:35.859+0000] {logging_mixin.py:151} INFO - [2026-05-25T12:34:35.859+0000] {dag.py:2915} INFO - Sync 1 DAGs
[2026-05-25T12:34:35.864+0000] {logging_mixin.py:151} INFO - [2026-05-25T12:34:35.864+0000] {dag.py:3696} INFO - Setting next_dagrun for data_lake_pipeline to None, run_after=None
[2026-05-25T12:34:35.870+0000] {processor.py:179} INFO - Processing /opt/airflow/dags/data_lake_pipeline.py took 0.599 seconds
[2026-05-25T12:35:06.241+0000] {processor.py:157} INFO - Started process (PID=967) to work on /opt/airflow/dags/data_lake_pipeline.py
[2026-05-25T12:35:06.244+0000] {processor.py:829} INFO - Processing file /opt/airflow/dags/data_lake_pipeline.py for tasks to queue
[2026-05-25T12:35:06.247+0000] {logging_mixin.py:151} INFO - [2026-05-25T12:35:06.246+0000] {dagbag.py:539} INFO - Filling up the DagBag from /opt/airflow/dags/data_lake_pipeline.py
[2026-05-25T12:35:07.070+0000] {logging_mixin.py:151} WARNING - None of PyTorch, TensorFlow >= 2.0, or Flax have been found. Models won't be available and only tokenizers, configuration and file/data utilities can be used.
[2026-05-25T12:35:07.117+0000] {processor.py:839} INFO - DAG(s) dict_keys(['data_lake_pipeline']) retrieved from /opt/airflow/dags/data_lake_pipeline.py
[2026-05-25T12:35:07.133+0000] {logging_mixin.py:151} INFO - [2026-05-25T12:35:07.133+0000] {dag.py:2915} INFO - Sync 1 DAGs
[2026-05-25T12:35:07.139+0000] {logging_mixin.py:151} INFO - [2026-05-25T12:35:07.138+0000] {dag.py:3696} INFO - Setting next_dagrun for data_lake_pipeline to None, run_after=None
[2026-05-25T12:35:07.147+0000] {processor.py:179} INFO - Processing /opt/airflow/dags/data_lake_pipeline.py took 0.915 seconds
[2026-05-25T12:40:11.557+0000] {processor.py:157} INFO - Started process (PID=976) to work on /opt/airflow/dags/data_lake_pipeline.py
[2026-05-25T12:40:11.559+0000] {processor.py:829} INFO - Processing file /opt/airflow/dags/data_lake_pipeline.py for tasks to queue
[2026-05-25T12:40:11.560+0000] {logging_mixin.py:151} INFO - [2026-05-25T12:40:11.559+0000] {dagbag.py:539} INFO - Filling up the DagBag from /opt/airflow/dags/data_lake_pipeline.py
[2026-05-25T12:40:12.075+0000] {logging_mixin.py:151} WARNING - None of PyTorch, TensorFlow >= 2.0, or Flax have been found. Models won't be available and only tokenizers, configuration and file/data utilities can be used.
[2026-05-25T12:40:12.107+0000] {processor.py:839} INFO - DAG(s) dict_keys(['data_lake_pipeline']) retrieved from /opt/airflow/dags/data_lake_pipeline.py
[2026-05-25T12:40:12.118+0000] {logging_mixin.py:151} INFO - [2026-05-25T12:40:12.118+0000] {dag.py:2915} INFO - Sync 1 DAGs
[2026-05-25T12:40:12.124+0000] {logging_mixin.py:151} INFO - [2026-05-25T12:40:12.124+0000] {dag.py:3696} INFO - Setting next_dagrun for data_lake_pipeline to None, run_after=None
[2026-05-25T12:40:12.131+0000] {processor.py:179} INFO - Processing /opt/airflow/dags/data_lake_pipeline.py took 0.579 seconds
[2026-05-25T12:57:25.859+0000] {processor.py:157} INFO - Started process (PID=987) to work on /opt/airflow/dags/data_lake_pipeline.py
[2026-05-25T12:57:25.862+0000] {processor.py:829} INFO - Processing file /opt/airflow/dags/data_lake_pipeline.py for tasks to queue
[2026-05-25T12:57:25.863+0000] {logging_mixin.py:151} INFO - [2026-05-25T12:57:25.863+0000] {dagbag.py:539} INFO - Filling up the DagBag from /opt/airflow/dags/data_lake_pipeline.py
[2026-05-25T12:57:27.077+0000] {logging_mixin.py:151} WARNING - None of PyTorch, TensorFlow >= 2.0, or Flax have been found. Models won't be available and only tokenizers, configuration and file/data utilities can be used.
[2026-05-25T12:57:27.159+0000] {processor.py:839} INFO - DAG(s) dict_keys(['data_lake_pipeline']) retrieved from /opt/airflow/dags/data_lake_pipeline.py
[2026-05-25T12:57:27.195+0000] {logging_mixin.py:151} INFO - [2026-05-25T12:57:27.194+0000] {dag.py:2915} INFO - Sync 1 DAGs
[2026-05-25T12:57:27.201+0000] {logging_mixin.py:151} INFO - [2026-05-25T12:57:27.201+0000] {dag.py:3696} INFO - Setting next_dagrun for data_lake_pipeline to None, run_after=None
[2026-05-25T12:57:27.210+0000] {processor.py:179} INFO - Processing /opt/airflow/dags/data_lake_pipeline.py took 1.359 seconds
[2026-05-25T12:57:57.443+0000] {processor.py:157} INFO - Started process (PID=996) to work on /opt/airflow/dags/data_lake_pipeline.py
[2026-05-25T12:57:57.446+0000] {processor.py:829} INFO - Processing file /opt/airflow/dags/data_lake_pipeline.py for tasks to queue
[2026-05-25T12:57:57.448+0000] {logging_mixin.py:151} INFO - [2026-05-25T12:57:57.447+0000] {dagbag.py:539} INFO - Filling up the DagBag from /opt/airflow/dags/data_lake_pipeline.py
[2026-05-25T12:57:58.167+0000] {logging_mixin.py:151} WARNING - None of PyTorch, TensorFlow >= 2.0, or Flax have been found. Models won't be available and only tokenizers, configuration and file/data utilities can be used.
[2026-05-25T12:57:58.211+0000] {processor.py:839} INFO - DAG(s) dict_keys(['data_lake_pipeline']) retrieved from /opt/airflow/dags/data_lake_pipeline.py
[2026-05-25T12:57:58.227+0000] {logging_mixin.py:151} INFO - [2026-05-25T12:57:58.227+0000] {dag.py:2915} INFO - Sync 1 DAGs
[2026-05-25T12:57:58.233+0000] {logging_mixin.py:151} INFO - [2026-05-25T12:57:58.233+0000] {dag.py:3696} INFO - Setting next_dagrun for data_lake_pipeline to None, run_after=None
[2026-05-25T12:57:58.240+0000] {processor.py:179} INFO - Processing /opt/airflow/dags/data_lake_pipeline.py took 0.805 seconds
[2026-05-25T12:58:28.527+0000] {processor.py:157} INFO - Started process (PID=1005) to work on /opt/airflow/dags/data_lake_pipeline.py
[2026-05-25T12:58:28.529+0000] {processor.py:829} INFO - Processing file /opt/airflow/dags/data_lake_pipeline.py for tasks to queue
[2026-05-25T12:58:28.530+0000] {logging_mixin.py:151} INFO - [2026-05-25T12:58:28.530+0000] {dagbag.py:539} INFO - Filling up the DagBag from /opt/airflow/dags/data_lake_pipeline.py
[2026-05-25T12:58:29.048+0000] {logging_mixin.py:151} WARNING - None of PyTorch, TensorFlow >= 2.0, or Flax have been found. Models won't be available and only tokenizers, configuration and file/data utilities can be used.
[2026-05-25T12:58:29.080+0000] {processor.py:839} INFO - DAG(s) dict_keys(['data_lake_pipeline']) retrieved from /opt/airflow/dags/data_lake_pipeline.py
[2026-05-25T12:58:29.093+0000] {logging_mixin.py:151} INFO - [2026-05-25T12:58:29.093+0000] {dag.py:2915} INFO - Sync 1 DAGs
[2026-05-25T12:58:29.098+0000] {logging_mixin.py:151} INFO - [2026-05-25T12:58:29.098+0000] {dag.py:3696} INFO - Setting next_dagrun for data_lake_pipeline to None, run_after=None
[2026-05-25T12:58:29.105+0000] {processor.py:179} INFO - Processing /opt/airflow/dags/data_lake_pipeline.py took 0.585 seconds
[2026-05-25T12:58:59.404+0000] {processor.py:157} INFO - Started process (PID=1014) to work on /opt/airflow/dags/data_lake_pipeline.py
[2026-05-25T12:58:59.407+0000] {processor.py:829} INFO - Processing file /opt/airflow/dags/data_lake_pipeline.py for tasks to queue
[2026-05-25T12:58:59.408+0000] {logging_mixin.py:151} INFO - [2026-05-25T12:58:59.407+0000] {dagbag.py:539} INFO - Filling up the DagBag from /opt/airflow/dags/data_lake_pipeline.py
[2026-05-25T12:58:59.910+0000] {logging_mixin.py:151} WARNING - None of PyTorch, TensorFlow >= 2.0, or Flax have been found. Models won't be available and only tokenizers, configuration and file/data utilities can be used.
[2026-05-25T12:58:59.941+0000] {processor.py:839} INFO - DAG(s) dict_keys(['data_lake_pipeline']) retrieved from /opt/airflow/dags/data_lake_pipeline.py
[2026-05-25T12:58:59.952+0000] {logging_mixin.py:151} INFO - [2026-05-25T12:58:59.952+0000] {dag.py:2915} INFO - Sync 1 DAGs
[2026-05-25T12:58:59.958+0000] {logging_mixin.py:151} INFO - [2026-05-25T12:58:59.958+0000] {dag.py:3696} INFO - Setting next_dagrun for data_lake_pipeline to None, run_after=None
[2026-05-25T12:58:59.965+0000] {processor.py:179} INFO - Processing /opt/airflow/dags/data_lake_pipeline.py took 0.566 seconds
[2026-05-25T12:59:30.263+0000] {processor.py:157} INFO - Started process (PID=1023) to work on /opt/airflow/dags/data_lake_pipeline.py
[2026-05-25T12:59:30.266+0000] {processor.py:829} INFO - Processing file /opt/airflow/dags/data_lake_pipeline.py for tasks to queue
[2026-05-25T12:59:30.268+0000] {logging_mixin.py:151} INFO - [2026-05-25T12:59:30.267+0000] {dagbag.py:539} INFO - Filling up the DagBag from /opt/airflow/dags/data_lake_pipeline.py
[2026-05-25T12:59:30.986+0000] {logging_mixin.py:151} WARNING - None of PyTorch, TensorFlow >= 2.0, or Flax have been found. Models won't be available and only tokenizers, configuration and file/data utilities can be used.
[2026-05-25T12:59:31.027+0000] {processor.py:839} INFO - DAG(s) dict_keys(['data_lake_pipeline']) retrieved from /opt/airflow/dags/data_lake_pipeline.py
[2026-05-25T12:59:31.039+0000] {logging_mixin.py:151} INFO - [2026-05-25T12:59:31.039+0000] {dag.py:2915} INFO - Sync 1 DAGs
[2026-05-25T12:59:31.045+0000] {logging_mixin.py:151} INFO - [2026-05-25T12:59:31.045+0000] {dag.py:3696} INFO - Setting next_dagrun for data_lake_pipeline to None, run_after=None
[2026-05-25T12:59:31.053+0000] {processor.py:179} INFO - Processing /opt/airflow/dags/data_lake_pipeline.py took 0.796 seconds
[2026-05-25T13:00:01.354+0000] {processor.py:157} INFO - Started process (PID=1032) to work on /opt/airflow/dags/data_lake_pipeline.py
[2026-05-25T13:00:01.359+0000] {processor.py:829} INFO - Processing file /opt/airflow/dags/data_lake_pipeline.py for tasks to queue
[2026-05-25T13:00:01.359+0000] {logging_mixin.py:151} INFO - [2026-05-25T13:00:01.359+0000] {dagbag.py:539} INFO - Filling up the DagBag from /opt/airflow/dags/data_lake_pipeline.py
[2026-05-25T13:00:01.857+0000] {logging_mixin.py:151} WARNING - None of PyTorch, TensorFlow >= 2.0, or Flax have been found. Models won't be available and only tokenizers, configuration and file/data utilities can be used.
[2026-05-25T13:00:01.889+0000] {processor.py:839} INFO - DAG(s) dict_keys(['data_lake_pipeline']) retrieved from /opt/airflow/dags/data_lake_pipeline.py
[2026-05-25T13:00:01.899+0000] {logging_mixin.py:151} INFO - [2026-05-25T13:00:01.899+0000] {dag.py:2915} INFO - Sync 1 DAGs
[2026-05-25T13:00:01.904+0000] {logging_mixin.py:151} INFO - [2026-05-25T13:00:01.904+0000] {dag.py:3696} INFO - Setting next_dagrun for data_lake_pipeline to None, run_after=None
[2026-05-25T13:00:01.912+0000] {processor.py:179} INFO - Processing /opt/airflow/dags/data_lake_pipeline.py took 0.562 seconds
[2026-05-25T13:00:32.199+0000] {processor.py:157} INFO - Started process (PID=1041) to work on /opt/airflow/dags/data_lake_pipeline.py
[2026-05-25T13:00:32.202+0000] {processor.py:829} INFO - Processing file /opt/airflow/dags/data_lake_pipeline.py for tasks to queue
[2026-05-25T13:00:32.203+0000] {logging_mixin.py:151} INFO - [2026-05-25T13:00:32.203+0000] {dagbag.py:539} INFO - Filling up the DagBag from /opt/airflow/dags/data_lake_pipeline.py
[2026-05-25T13:00:32.734+0000] {logging_mixin.py:151} WARNING - None of PyTorch, TensorFlow >= 2.0, or Flax have been found. Models won't be available and only tokenizers, configuration and file/data utilities can be used.
[2026-05-25T13:00:32.767+0000] {processor.py:839} INFO - DAG(s) dict_keys(['data_lake_pipeline']) retrieved from /opt/airflow/dags/data_lake_pipeline.py
[2026-05-25T13:00:32.777+0000] {logging_mixin.py:151} INFO - [2026-05-25T13:00:32.777+0000] {dag.py:2915} INFO - Sync 1 DAGs
[2026-05-25T13:00:32.782+0000] {logging_mixin.py:151} INFO - [2026-05-25T13:00:32.782+0000] {dag.py:3696} INFO - Setting next_dagrun for data_lake_pipeline to None, run_after=None
[2026-05-25T13:00:32.790+0000] {processor.py:179} INFO - Processing /opt/airflow/dags/data_lake_pipeline.py took 0.596 seconds
[2026-05-25T13:01:02.974+0000] {processor.py:157} INFO - Started process (PID=1050) to work on /opt/airflow/dags/data_lake_pipeline.py
[2026-05-25T13:01:02.978+0000] {processor.py:829} INFO - Processing file /opt/airflow/dags/data_lake_pipeline.py for tasks to queue
[2026-05-25T13:01:02.981+0000] {logging_mixin.py:151} INFO - [2026-05-25T13:01:02.979+0000] {dagbag.py:539} INFO - Filling up the DagBag from /opt/airflow/dags/data_lake_pipeline.py
[2026-05-25T13:01:03.679+0000] {logging_mixin.py:151} WARNING - None of PyTorch, TensorFlow >= 2.0, or Flax have been found. Models won't be available and only tokenizers, configuration and file/data utilities can be used.
[2026-05-25T13:01:03.721+0000] {processor.py:839} INFO - DAG(s) dict_keys(['data_lake_pipeline']) retrieved from /opt/airflow/dags/data_lake_pipeline.py
[2026-05-25T13:01:03.733+0000] {logging_mixin.py:151} INFO - [2026-05-25T13:01:03.733+0000] {dag.py:2915} INFO - Sync 1 DAGs
[2026-05-25T13:01:03.739+0000] {logging_mixin.py:151} INFO - [2026-05-25T13:01:03.739+0000] {dag.py:3696} INFO - Setting next_dagrun for data_lake_pipeline to None, run_after=None
[2026-05-25T13:01:03.747+0000] {processor.py:179} INFO - Processing /opt/airflow/dags/data_lake_pipeline.py took 0.781 seconds
[2026-05-25T13:01:34.038+0000] {processor.py:157} INFO - Started process (PID=1059) to work on /opt/airflow/dags/data_lake_pipeline.py
[2026-05-25T13:01:34.042+0000] {processor.py:829} INFO - Processing file /opt/airflow/dags/data_lake_pipeline.py for tasks to queue
[2026-05-25T13:01:34.043+0000] {logging_mixin.py:151} INFO - [2026-05-25T13:01:34.042+0000] {dagbag.py:539} INFO - Filling up the DagBag from /opt/airflow/dags/data_lake_pipeline.py
[2026-05-25T13:01:34.581+0000] {logging_mixin.py:151} WARNING - None of PyTorch, TensorFlow >= 2.0, or Flax have been found. Models won't be available and only tokenizers, configuration and file/data utilities can be used.
[2026-05-25T13:01:34.614+0000] {processor.py:839} INFO - DAG(s) dict_keys(['data_lake_pipeline']) retrieved from /opt/airflow/dags/data_lake_pipeline.py
[2026-05-25T13:01:34.627+0000] {logging_mixin.py:151} INFO - [2026-05-25T13:01:34.626+0000] {dag.py:2915} INFO - Sync 1 DAGs
[2026-05-25T13:01:34.632+0000] {logging_mixin.py:151} INFO - [2026-05-25T13:01:34.632+0000] {dag.py:3696} INFO - Setting next_dagrun for data_lake_pipeline to None, run_after=None
[2026-05-25T13:01:34.639+0000] {processor.py:179} INFO - Processing /opt/airflow/dags/data_lake_pipeline.py took 0.605 seconds
[2026-05-25T13:02:04.913+0000] {processor.py:157} INFO - Started process (PID=1068) to work on /opt/airflow/dags/data_lake_pipeline.py
[2026-05-25T13:02:04.917+0000] {processor.py:829} INFO - Processing file /opt/airflow/dags/data_lake_pipeline.py for tasks to queue
[2026-05-25T13:02:04.919+0000] {logging_mixin.py:151} INFO - [2026-05-25T13:02:04.918+0000] {dagbag.py:539} INFO - Filling up the DagBag from /opt/airflow/dags/data_lake_pipeline.py
[2026-05-25T13:02:05.604+0000] {logging_mixin.py:151} WARNING - None of PyTorch, TensorFlow >= 2.0, or Flax have been found. Models won't be available and only tokenizers, configuration and file/data utilities can be used.
[2026-05-25T13:02:05.645+0000] {processor.py:839} INFO - DAG(s) dict_keys(['data_lake_pipeline']) retrieved from /opt/airflow/dags/data_lake_pipeline.py
[2026-05-25T13:02:05.657+0000] {logging_mixin.py:151} INFO - [2026-05-25T13:02:05.656+0000] {dag.py:2915} INFO - Sync 1 DAGs
[2026-05-25T13:02:05.662+0000] {logging_mixin.py:151} INFO - [2026-05-25T13:02:05.661+0000] {dag.py:3696} INFO - Setting next_dagrun for data_lake_pipeline to None, run_after=None
[2026-05-25T13:02:05.669+0000] {processor.py:179} INFO - Processing /opt/airflow/dags/data_lake_pipeline.py took 0.764 seconds
[2026-05-25T13:02:35.735+0000] {processor.py:157} INFO - Started process (PID=1077) to work on /opt/airflow/dags/data_lake_pipeline.py
[2026-05-25T13:02:35.739+0000] {processor.py:829} INFO - Processing file /opt/airflow/dags/data_lake_pipeline.py for tasks to queue
[2026-05-25T13:02:35.740+0000] {logging_mixin.py:151} INFO - [2026-05-25T13:02:35.739+0000] {dagbag.py:539} INFO - Filling up the DagBag from /opt/airflow/dags/data_lake_pipeline.py
[2026-05-25T13:02:36.276+0000] {logging_mixin.py:151} WARNING - None of PyTorch, TensorFlow >= 2.0, or Flax have been found. Models won't be available and only tokenizers, configuration and file/data utilities can be used.
[2026-05-25T13:02:36.308+0000] {processor.py:839} INFO - DAG(s) dict_keys(['data_lake_pipeline']) retrieved from /opt/airflow/dags/data_lake_pipeline.py
[2026-05-25T13:02:36.320+0000] {logging_mixin.py:151} INFO - [2026-05-25T13:02:36.319+0000] {dag.py:2915} INFO - Sync 1 DAGs
[2026-05-25T13:02:36.325+0000] {logging_mixin.py:151} INFO - [2026-05-25T13:02:36.325+0000] {dag.py:3696} INFO - Setting next_dagrun for data_lake_pipeline to None, run_after=None
[2026-05-25T13:02:36.333+0000] {processor.py:179} INFO - Processing /opt/airflow/dags/data_lake_pipeline.py took 0.603 seconds
[2026-05-25T13:03:06.621+0000] {processor.py:157} INFO - Started process (PID=1086) to work on /opt/airflow/dags/data_lake_pipeline.py
[2026-05-25T13:03:06.623+0000] {processor.py:829} INFO - Processing file /opt/airflow/dags/data_lake_pipeline.py for tasks to queue
[2026-05-25T13:03:06.625+0000] {logging_mixin.py:151} INFO - [2026-05-25T13:03:06.624+0000] {dagbag.py:539} INFO - Filling up the DagBag from /opt/airflow/dags/data_lake_pipeline.py
[2026-05-25T13:03:07.145+0000] {logging_mixin.py:151} WARNING - None of PyTorch, TensorFlow >= 2.0, or Flax have been found. Models won't be available and only tokenizers, configuration and file/data utilities can be used.
[2026-05-25T13:03:07.175+0000] {processor.py:839} INFO - DAG(s) dict_keys(['data_lake_pipeline']) retrieved from /opt/airflow/dags/data_lake_pipeline.py
[2026-05-25T13:03:07.185+0000] {logging_mixin.py:151} INFO - [2026-05-25T13:03:07.185+0000] {dag.py:2915} INFO - Sync 1 DAGs
[2026-05-25T13:03:07.191+0000] {logging_mixin.py:151} INFO - [2026-05-25T13:03:07.190+0000] {dag.py:3696} INFO - Setting next_dagrun for data_lake_pipeline to None, run_after=None
[2026-05-25T13:03:07.198+0000] {processor.py:179} INFO - Processing /opt/airflow/dags/data_lake_pipeline.py took 0.584 seconds
[2026-05-25T13:03:37.392+0000] {processor.py:157} INFO - Started process (PID=1095) to work on /opt/airflow/dags/data_lake_pipeline.py
[2026-05-25T13:03:37.395+0000] {processor.py:829} INFO - Processing file /opt/airflow/dags/data_lake_pipeline.py for tasks to queue
[2026-05-25T13:03:37.397+0000] {logging_mixin.py:151} INFO - [2026-05-25T13:03:37.396+0000] {dagbag.py:539} INFO - Filling up the DagBag from /opt/airflow/dags/data_lake_pipeline.py
[2026-05-25T13:03:37.978+0000] {logging_mixin.py:151} WARNING - None of PyTorch, TensorFlow >= 2.0, or Flax have been found. Models won't be available and only tokenizers, configuration and file/data utilities can be used.
[2026-05-25T13:03:38.018+0000] {processor.py:839} INFO - DAG(s) dict_keys(['data_lake_pipeline']) retrieved from /opt/airflow/dags/data_lake_pipeline.py
[2026-05-25T13:03:38.030+0000] {logging_mixin.py:151} INFO - [2026-05-25T13:03:38.029+0000] {dag.py:2915} INFO - Sync 1 DAGs
[2026-05-25T13:03:38.035+0000] {logging_mixin.py:151} INFO - [2026-05-25T13:03:38.035+0000] {dag.py:3696} INFO - Setting next_dagrun for data_lake_pipeline to None, run_after=None
[2026-05-25T13:03:38.043+0000] {processor.py:179} INFO - Processing /opt/airflow/dags/data_lake_pipeline.py took 0.656 seconds
[2026-05-25T13:04:08.329+0000] {processor.py:157} INFO - Started process (PID=1104) to work on /opt/airflow/dags/data_lake_pipeline.py
[2026-05-25T13:04:08.332+0000] {processor.py:829} INFO - Processing file /opt/airflow/dags/data_lake_pipeline.py for tasks to queue
[2026-05-25T13:04:08.333+0000] {logging_mixin.py:151} INFO - [2026-05-25T13:04:08.332+0000] {dagbag.py:539} INFO - Filling up the DagBag from /opt/airflow/dags/data_lake_pipeline.py
[2026-05-25T13:04:08.885+0000] {logging_mixin.py:151} WARNING - None of PyTorch, TensorFlow >= 2.0, or Flax have been found. Models won't be available and only tokenizers, configuration and file/data utilities can be used.
[2026-05-25T13:04:08.917+0000] {processor.py:839} INFO - DAG(s) dict_keys(['data_lake_pipeline']) retrieved from /opt/airflow/dags/data_lake_pipeline.py
[2026-05-25T13:04:08.928+0000] {logging_mixin.py:151} INFO - [2026-05-25T13:04:08.928+0000] {dag.py:2915} INFO - Sync 1 DAGs
[2026-05-25T13:04:08.933+0000] {logging_mixin.py:151} INFO - [2026-05-25T13:04:08.933+0000] {dag.py:3696} INFO - Setting next_dagrun for data_lake_pipeline to None, run_after=None
[2026-05-25T13:04:08.941+0000] {processor.py:179} INFO - Processing /opt/airflow/dags/data_lake_pipeline.py took 0.619 seconds
[2026-05-25T13:04:39.207+0000] {processor.py:157} INFO - Started process (PID=1113) to work on /opt/airflow/dags/data_lake_pipeline.py
[2026-05-25T13:04:39.209+0000] {processor.py:829} INFO - Processing file /opt/airflow/dags/data_lake_pipeline.py for tasks to queue
[2026-05-25T13:04:39.211+0000] {logging_mixin.py:151} INFO - [2026-05-25T13:04:39.210+0000] {dagbag.py:539} INFO - Filling up the DagBag from /opt/airflow/dags/data_lake_pipeline.py
[2026-05-25T13:04:39.797+0000] {logging_mixin.py:151} WARNING - None of PyTorch, TensorFlow >= 2.0, or Flax have been found. Models won't be available and only tokenizers, configuration and file/data utilities can be used.
[2026-05-25T13:04:39.827+0000] {processor.py:839} INFO - DAG(s) dict_keys(['data_lake_pipeline']) retrieved from /opt/airflow/dags/data_lake_pipeline.py
[2026-05-25T13:04:39.838+0000] {logging_mixin.py:151} INFO - [2026-05-25T13:04:39.837+0000] {dag.py:2915} INFO - Sync 1 DAGs
[2026-05-25T13:04:39.842+0000] {logging_mixin.py:151} INFO - [2026-05-25T13:04:39.842+0000] {dag.py:3696} INFO - Setting next_dagrun for data_lake_pipeline to None, run_after=None
[2026-05-25T13:04:39.850+0000] {processor.py:179} INFO - Processing /opt/airflow/dags/data_lake_pipeline.py took 0.649 seconds
[2026-05-25T13:05:10.116+0000] {processor.py:157} INFO - Started process (PID=1122) to work on /opt/airflow/dags/data_lake_pipeline.py
[2026-05-25T13:05:10.119+0000] {processor.py:829} INFO - Processing file /opt/airflow/dags/data_lake_pipeline.py for tasks to queue
[2026-05-25T13:05:10.120+0000] {logging_mixin.py:151} INFO - [2026-05-25T13:05:10.120+0000] {dagbag.py:539} INFO - Filling up the DagBag from /opt/airflow/dags/data_lake_pipeline.py
[2026-05-25T13:05:10.630+0000] {logging_mixin.py:151} WARNING - None of PyTorch, TensorFlow >= 2.0, or Flax have been found. Models won't be available and only tokenizers, configuration and file/data utilities can be used.
[2026-05-25T13:05:10.670+0000] {processor.py:839} INFO - DAG(s) dict_keys(['data_lake_pipeline']) retrieved from /opt/airflow/dags/data_lake_pipeline.py
[2026-05-25T13:05:10.680+0000] {logging_mixin.py:151} INFO - [2026-05-25T13:05:10.680+0000] {dag.py:2915} INFO - Sync 1 DAGs
[2026-05-25T13:05:10.686+0000] {logging_mixin.py:151} INFO - [2026-05-25T13:05:10.686+0000] {dag.py:3696} INFO - Setting next_dagrun for data_lake_pipeline to None, run_after=None
[2026-05-25T13:05:10.693+0000] {processor.py:179} INFO - Processing /opt/airflow/dags/data_lake_pipeline.py took 0.582 seconds
[2026-05-25T13:05:40.738+0000] {processor.py:157} INFO - Started process (PID=1131) to work on /opt/airflow/dags/data_lake_pipeline.py
[2026-05-25T13:05:40.740+0000] {processor.py:829} INFO - Processing file /opt/airflow/dags/data_lake_pipeline.py for tasks to queue
[2026-05-25T13:05:40.742+0000] {logging_mixin.py:151} INFO - [2026-05-25T13:05:40.741+0000] {dagbag.py:539} INFO - Filling up the DagBag from /opt/airflow/dags/data_lake_pipeline.py
[2026-05-25T13:05:41.278+0000] {logging_mixin.py:151} WARNING - None of PyTorch, TensorFlow >= 2.0, or Flax have been found. Models won't be available and only tokenizers, configuration and file/data utilities can be used.
[2026-05-25T13:05:41.309+0000] {processor.py:839} INFO - DAG(s) dict_keys(['data_lake_pipeline']) retrieved from /opt/airflow/dags/data_lake_pipeline.py
[2026-05-25T13:05:41.322+0000] {logging_mixin.py:151} INFO - [2026-05-25T13:05:41.321+0000] {dag.py:2915} INFO - Sync 1 DAGs
[2026-05-25T13:05:41.327+0000] {logging_mixin.py:151} INFO - [2026-05-25T13:05:41.326+0000] {dag.py:3696} INFO - Setting next_dagrun for data_lake_pipeline to None, run_after=None
[2026-05-25T13:05:41.334+0000] {processor.py:179} INFO - Processing /opt/airflow/dags/data_lake_pipeline.py took 0.602 seconds
[2026-05-25T13:06:11.603+0000] {processor.py:157} INFO - Started process (PID=1140) to work on /opt/airflow/dags/data_lake_pipeline.py
[2026-05-25T13:06:11.606+0000] {processor.py:829} INFO - Processing file /opt/airflow/dags/data_lake_pipeline.py for tasks to queue
[2026-05-25T13:06:11.607+0000] {logging_mixin.py:151} INFO - [2026-05-25T13:06:11.607+0000] {dagbag.py:539} INFO - Filling up the DagBag from /opt/airflow/dags/data_lake_pipeline.py
[2026-05-25T13:06:12.113+0000] {logging_mixin.py:151} WARNING - None of PyTorch, TensorFlow >= 2.0, or Flax have been found. Models won't be available and only tokenizers, configuration and file/data utilities can be used.
[2026-05-25T13:06:12.145+0000] {processor.py:839} INFO - DAG(s) dict_keys(['data_lake_pipeline']) retrieved from /opt/airflow/dags/data_lake_pipeline.py
[2026-05-25T13:06:12.155+0000] {logging_mixin.py:151} INFO - [2026-05-25T13:06:12.155+0000] {dag.py:2915} INFO - Sync 1 DAGs
[2026-05-25T13:06:12.161+0000] {logging_mixin.py:151} INFO - [2026-05-25T13:06:12.161+0000] {dag.py:3696} INFO - Setting next_dagrun for data_lake_pipeline to None, run_after=None
[2026-05-25T13:06:12.169+0000] {processor.py:179} INFO - Processing /opt/airflow/dags/data_lake_pipeline.py took 0.569 seconds
[2026-05-25T13:06:42.412+0000] {processor.py:157} INFO - Started process (PID=1149) to work on /opt/airflow/dags/data_lake_pipeline.py
[2026-05-25T13:06:42.415+0000] {processor.py:829} INFO - Processing file /opt/airflow/dags/data_lake_pipeline.py for tasks to queue
[2026-05-25T13:06:42.416+0000] {logging_mixin.py:151} INFO - [2026-05-25T13:06:42.415+0000] {dagbag.py:539} INFO - Filling up the DagBag from /opt/airflow/dags/data_lake_pipeline.py
[2026-05-25T13:06:42.907+0000] {logging_mixin.py:151} WARNING - None of PyTorch, TensorFlow >= 2.0, or Flax have been found. Models won't be available and only tokenizers, configuration and file/data utilities can be used.
[2026-05-25T13:06:42.938+0000] {processor.py:839} INFO - DAG(s) dict_keys(['data_lake_pipeline']) retrieved from /opt/airflow/dags/data_lake_pipeline.py
[2026-05-25T13:06:42.948+0000] {logging_mixin.py:151} INFO - [2026-05-25T13:06:42.948+0000] {dag.py:2915} INFO - Sync 1 DAGs
[2026-05-25T13:06:42.953+0000] {logging_mixin.py:151} INFO - [2026-05-25T13:06:42.953+0000] {dag.py:3696} INFO - Setting next_dagrun for data_lake_pipeline to None, run_after=None
[2026-05-25T13:06:42.961+0000] {processor.py:179} INFO - Processing /opt/airflow/dags/data_lake_pipeline.py took 0.552 seconds
[2026-05-25T13:07:13.231+0000] {processor.py:157} INFO - Started process (PID=1158) to work on /opt/airflow/dags/data_lake_pipeline.py
[2026-05-25T13:07:13.234+0000] {processor.py:829} INFO - Processing file /opt/airflow/dags/data_lake_pipeline.py for tasks to queue
[2026-05-25T13:07:13.235+0000] {logging_mixin.py:151} INFO - [2026-05-25T13:07:13.234+0000] {dagbag.py:539} INFO - Filling up the DagBag from /opt/airflow/dags/data_lake_pipeline.py
[2026-05-25T13:07:13.749+0000] {logging_mixin.py:151} WARNING - None of PyTorch, TensorFlow >= 2.0, or Flax have been found. Models won't be available and only tokenizers, configuration and file/data utilities can be used.
[2026-05-25T13:07:13.779+0000] {processor.py:839} INFO - DAG(s) dict_keys(['data_lake_pipeline']) retrieved from /opt/airflow/dags/data_lake_pipeline.py
[2026-05-25T13:07:13.789+0000] {logging_mixin.py:151} INFO - [2026-05-25T13:07:13.788+0000] {dag.py:2915} INFO - Sync 1 DAGs
[2026-05-25T13:07:13.794+0000] {logging_mixin.py:151} INFO - [2026-05-25T13:07:13.794+0000] {dag.py:3696} INFO - Setting next_dagrun for data_lake_pipeline to None, run_after=None
[2026-05-25T13:07:13.801+0000] {processor.py:179} INFO - Processing /opt/airflow/dags/data_lake_pipeline.py took 0.574 seconds
[2026-05-25T13:07:43.938+0000] {processor.py:157} INFO - Started process (PID=1167) to work on /opt/airflow/dags/data_lake_pipeline.py
[2026-05-25T13:07:43.942+0000] {processor.py:829} INFO - Processing file /opt/airflow/dags/data_lake_pipeline.py for tasks to queue
[2026-05-25T13:07:43.943+0000] {logging_mixin.py:151} INFO - [2026-05-25T13:07:43.943+0000] {dagbag.py:539} INFO - Filling up the DagBag from /opt/airflow/dags/data_lake_pipeline.py
[2026-05-25T13:07:44.528+0000] {logging_mixin.py:151} WARNING - None of PyTorch, TensorFlow >= 2.0, or Flax have been found. Models won't be available and only tokenizers, configuration and file/data utilities can be used.
[2026-05-25T13:07:44.568+0000] {processor.py:839} INFO - DAG(s) dict_keys(['data_lake_pipeline']) retrieved from /opt/airflow/dags/data_lake_pipeline.py
[2026-05-25T13:07:44.580+0000] {logging_mixin.py:151} INFO - [2026-05-25T13:07:44.580+0000] {dag.py:2915} INFO - Sync 1 DAGs
[2026-05-25T13:07:44.585+0000] {logging_mixin.py:151} INFO - [2026-05-25T13:07:44.585+0000] {dag.py:3696} INFO - Setting next_dagrun for data_lake_pipeline to None, run_after=None
[2026-05-25T13:07:44.593+0000] {processor.py:179} INFO - Processing /opt/airflow/dags/data_lake_pipeline.py took 0.658 seconds
[2026-05-25T13:08:14.892+0000] {processor.py:157} INFO - Started process (PID=1176) to work on /opt/airflow/dags/data_lake_pipeline.py
[2026-05-25T13:08:14.896+0000] {processor.py:829} INFO - Processing file /opt/airflow/dags/data_lake_pipeline.py for tasks to queue
[2026-05-25T13:08:14.897+0000] {logging_mixin.py:151} INFO - [2026-05-25T13:08:14.896+0000] {dagbag.py:539} INFO - Filling up the DagBag from /opt/airflow/dags/data_lake_pipeline.py
[2026-05-25T13:08:15.419+0000] {logging_mixin.py:151} WARNING - None of PyTorch, TensorFlow >= 2.0, or Flax have been found. Models won't be available and only tokenizers, configuration and file/data utilities can be used.
[2026-05-25T13:08:15.452+0000] {processor.py:839} INFO - DAG(s) dict_keys(['data_lake_pipeline']) retrieved from /opt/airflow/dags/data_lake_pipeline.py
[2026-05-25T13:08:15.464+0000] {logging_mixin.py:151} INFO - [2026-05-25T13:08:15.464+0000] {dag.py:2915} INFO - Sync 1 DAGs
[2026-05-25T13:08:15.470+0000] {logging_mixin.py:151} INFO - [2026-05-25T13:08:15.470+0000] {dag.py:3696} INFO - Setting next_dagrun for data_lake_pipeline to None, run_after=None
[2026-05-25T13:08:15.478+0000] {processor.py:179} INFO - Processing /opt/airflow/dags/data_lake_pipeline.py took 0.591 seconds
[2026-05-25T13:08:45.574+0000] {processor.py:157} INFO - Started process (PID=1185) to work on /opt/airflow/dags/data_lake_pipeline.py
[2026-05-25T13:08:45.577+0000] {processor.py:829} INFO - Processing file /opt/airflow/dags/data_lake_pipeline.py for tasks to queue
[2026-05-25T13:08:45.578+0000] {logging_mixin.py:151} INFO - [2026-05-25T13:08:45.577+0000] {dagbag.py:539} INFO - Filling up the DagBag from /opt/airflow/dags/data_lake_pipeline.py
[2026-05-25T13:08:46.139+0000] {logging_mixin.py:151} WARNING - None of PyTorch, TensorFlow >= 2.0, or Flax have been found. Models won't be available and only tokenizers, configuration and file/data utilities can be used.
[2026-05-25T13:08:46.171+0000] {processor.py:839} INFO - DAG(s) dict_keys(['data_lake_pipeline']) retrieved from /opt/airflow/dags/data_lake_pipeline.py
[2026-05-25T13:08:46.182+0000] {logging_mixin.py:151} INFO - [2026-05-25T13:08:46.182+0000] {dag.py:2915} INFO - Sync 1 DAGs
[2026-05-25T13:08:46.188+0000] {logging_mixin.py:151} INFO - [2026-05-25T13:08:46.188+0000] {dag.py:3696} INFO - Setting next_dagrun for data_lake_pipeline to None, run_after=None
[2026-05-25T13:08:46.197+0000] {processor.py:179} INFO - Processing /opt/airflow/dags/data_lake_pipeline.py took 0.629 seconds
[2026-05-25T13:09:16.466+0000] {processor.py:157} INFO - Started process (PID=1194) to work on /opt/airflow/dags/data_lake_pipeline.py
[2026-05-25T13:09:16.468+0000] {processor.py:829} INFO - Processing file /opt/airflow/dags/data_lake_pipeline.py for tasks to queue
[2026-05-25T13:09:16.469+0000] {logging_mixin.py:151} INFO - [2026-05-25T13:09:16.469+0000] {dagbag.py:539} INFO - Filling up the DagBag from /opt/airflow/dags/data_lake_pipeline.py
[2026-05-25T13:09:17.093+0000] {logging_mixin.py:151} WARNING - None of PyTorch, TensorFlow >= 2.0, or Flax have been found. Models won't be available and only tokenizers, configuration and file/data utilities can be used.
[2026-05-25T13:09:17.133+0000] {processor.py:839} INFO - DAG(s) dict_keys(['data_lake_pipeline']) retrieved from /opt/airflow/dags/data_lake_pipeline.py
[2026-05-25T13:09:17.145+0000] {logging_mixin.py:151} INFO - [2026-05-25T13:09:17.145+0000] {dag.py:2915} INFO - Sync 1 DAGs
[2026-05-25T13:09:17.151+0000] {logging_mixin.py:151} INFO - [2026-05-25T13:09:17.151+0000] {dag.py:3696} INFO - Setting next_dagrun for data_lake_pipeline to None, run_after=None
[2026-05-25T13:09:17.158+0000] {processor.py:179} INFO - Processing /opt/airflow/dags/data_lake_pipeline.py took 0.698 seconds
[2026-05-25T13:09:47.219+0000] {processor.py:157} INFO - Started process (PID=1203) to work on /opt/airflow/dags/data_lake_pipeline.py
[2026-05-25T13:09:47.222+0000] {processor.py:829} INFO - Processing file /opt/airflow/dags/data_lake_pipeline.py for tasks to queue
[2026-05-25T13:09:47.223+0000] {logging_mixin.py:151} INFO - [2026-05-25T13:09:47.223+0000] {dagbag.py:539} INFO - Filling up the DagBag from /opt/airflow/dags/data_lake_pipeline.py
[2026-05-25T13:09:47.745+0000] {logging_mixin.py:151} WARNING - None of PyTorch, TensorFlow >= 2.0, or Flax have been found. Models won't be available and only tokenizers, configuration and file/data utilities can be used.
[2026-05-25T13:09:47.775+0000] {processor.py:839} INFO - DAG(s) dict_keys(['data_lake_pipeline']) retrieved from /opt/airflow/dags/data_lake_pipeline.py
[2026-05-25T13:09:47.786+0000] {logging_mixin.py:151} INFO - [2026-05-25T13:09:47.785+0000] {dag.py:2915} INFO - Sync 1 DAGs
[2026-05-25T13:09:47.790+0000] {logging_mixin.py:151} INFO - [2026-05-25T13:09:47.790+0000] {dag.py:3696} INFO - Setting next_dagrun for data_lake_pipeline to None, run_after=None
[2026-05-25T13:09:47.797+0000] {processor.py:179} INFO - Processing /opt/airflow/dags/data_lake_pipeline.py took 0.584 seconds
[2026-05-25T13:10:18.056+0000] {processor.py:157} INFO - Started process (PID=1212) to work on /opt/airflow/dags/data_lake_pipeline.py
[2026-05-25T13:10:18.059+0000] {processor.py:829} INFO - Processing file /opt/airflow/dags/data_lake_pipeline.py for tasks to queue
[2026-05-25T13:10:18.060+0000] {logging_mixin.py:151} INFO - [2026-05-25T13:10:18.060+0000] {dagbag.py:539} INFO - Filling up the DagBag from /opt/airflow/dags/data_lake_pipeline.py
[2026-05-25T13:10:18.715+0000] {logging_mixin.py:151} WARNING - None of PyTorch, TensorFlow >= 2.0, or Flax have been found. Models won't be available and only tokenizers, configuration and file/data utilities can be used.
[2026-05-25T13:10:18.756+0000] {processor.py:839} INFO - DAG(s) dict_keys(['data_lake_pipeline']) retrieved from /opt/airflow/dags/data_lake_pipeline.py
[2026-05-25T13:10:18.770+0000] {logging_mixin.py:151} INFO - [2026-05-25T13:10:18.769+0000] {dag.py:2915} INFO - Sync 1 DAGs
[2026-05-25T13:10:18.775+0000] {logging_mixin.py:151} INFO - [2026-05-25T13:10:18.775+0000] {dag.py:3696} INFO - Setting next_dagrun for data_lake_pipeline to None, run_after=None
[2026-05-25T13:10:18.784+0000] {processor.py:179} INFO - Processing /opt/airflow/dags/data_lake_pipeline.py took 0.736 seconds
[2026-05-25T13:10:49.013+0000] {processor.py:157} INFO - Started process (PID=1221) to work on /opt/airflow/dags/data_lake_pipeline.py
[2026-05-25T13:10:49.017+0000] {processor.py:829} INFO - Processing file /opt/airflow/dags/data_lake_pipeline.py for tasks to queue
[2026-05-25T13:10:49.018+0000] {logging_mixin.py:151} INFO - [2026-05-25T13:10:49.017+0000] {dagbag.py:539} INFO - Filling up the DagBag from /opt/airflow/dags/data_lake_pipeline.py
[2026-05-25T13:10:49.581+0000] {logging_mixin.py:151} WARNING - None of PyTorch, TensorFlow >= 2.0, or Flax have been found. Models won't be available and only tokenizers, configuration and file/data utilities can be used.
[2026-05-25T13:10:49.613+0000] {processor.py:839} INFO - DAG(s) dict_keys(['data_lake_pipeline']) retrieved from /opt/airflow/dags/data_lake_pipeline.py
[2026-05-25T13:10:49.624+0000] {logging_mixin.py:151} INFO - [2026-05-25T13:10:49.623+0000] {dag.py:2915} INFO - Sync 1 DAGs
[2026-05-25T13:10:49.628+0000] {logging_mixin.py:151} INFO - [2026-05-25T13:10:49.628+0000] {dag.py:3696} INFO - Setting next_dagrun for data_lake_pipeline to None, run_after=None
[2026-05-25T13:10:49.636+0000] {processor.py:179} INFO - Processing /opt/airflow/dags/data_lake_pipeline.py took 0.631 seconds
[2026-05-25T13:11:19.959+0000] {processor.py:157} INFO - Started process (PID=1230) to work on /opt/airflow/dags/data_lake_pipeline.py
[2026-05-25T13:11:19.963+0000] {processor.py:829} INFO - Processing file /opt/airflow/dags/data_lake_pipeline.py for tasks to queue
[2026-05-25T13:11:19.964+0000] {logging_mixin.py:151} INFO - [2026-05-25T13:11:19.964+0000] {dagbag.py:539} INFO - Filling up the DagBag from /opt/airflow/dags/data_lake_pipeline.py
[2026-05-25T13:11:20.503+0000] {logging_mixin.py:151} WARNING - None of PyTorch, TensorFlow >= 2.0, or Flax have been found. Models won't be available and only tokenizers, configuration and file/data utilities can be used.
[2026-05-25T13:11:20.534+0000] {processor.py:839} INFO - DAG(s) dict_keys(['data_lake_pipeline']) retrieved from /opt/airflow/dags/data_lake_pipeline.py
[2026-05-25T13:11:20.545+0000] {logging_mixin.py:151} INFO - [2026-05-25T13:11:20.544+0000] {dag.py:2915} INFO - Sync 1 DAGs
[2026-05-25T13:11:20.550+0000] {logging_mixin.py:151} INFO - [2026-05-25T13:11:20.550+0000] {dag.py:3696} INFO - Setting next_dagrun for data_lake_pipeline to None, run_after=None
[2026-05-25T13:11:20.558+0000] {processor.py:179} INFO - Processing /opt/airflow/dags/data_lake_pipeline.py took 0.605 seconds
[2026-05-25T13:11:50.618+0000] {processor.py:157} INFO - Started process (PID=1239) to work on /opt/airflow/dags/data_lake_pipeline.py
[2026-05-25T13:11:50.622+0000] {processor.py:829} INFO - Processing file /opt/airflow/dags/data_lake_pipeline.py for tasks to queue
[2026-05-25T13:11:50.623+0000] {logging_mixin.py:151} INFO - [2026-05-25T13:11:50.623+0000] {dagbag.py:539} INFO - Filling up the DagBag from /opt/airflow/dags/data_lake_pipeline.py
[2026-05-25T13:11:51.293+0000] {logging_mixin.py:151} WARNING - None of PyTorch, TensorFlow >= 2.0, or Flax have been found. Models won't be available and only tokenizers, configuration and file/data utilities can be used.
[2026-05-25T13:11:51.342+0000] {processor.py:839} INFO - DAG(s) dict_keys(['data_lake_pipeline']) retrieved from /opt/airflow/dags/data_lake_pipeline.py
[2026-05-25T13:11:51.359+0000] {logging_mixin.py:151} INFO - [2026-05-25T13:11:51.359+0000] {dag.py:2915} INFO - Sync 1 DAGs
[2026-05-25T13:11:51.365+0000] {logging_mixin.py:151} INFO - [2026-05-25T13:11:51.365+0000] {dag.py:3696} INFO - Setting next_dagrun for data_lake_pipeline to None, run_after=None
[2026-05-25T13:11:51.374+0000] {processor.py:179} INFO - Processing /opt/airflow/dags/data_lake_pipeline.py took 0.760 seconds
[2026-05-25T13:12:21.669+0000] {processor.py:157} INFO - Started process (PID=1248) to work on /opt/airflow/dags/data_lake_pipeline.py
[2026-05-25T13:12:21.672+0000] {processor.py:829} INFO - Processing file /opt/airflow/dags/data_lake_pipeline.py for tasks to queue
[2026-05-25T13:12:21.673+0000] {logging_mixin.py:151} INFO - [2026-05-25T13:12:21.673+0000] {dagbag.py:539} INFO - Filling up the DagBag from /opt/airflow/dags/data_lake_pipeline.py
[2026-05-25T13:12:22.179+0000] {logging_mixin.py:151} WARNING - None of PyTorch, TensorFlow >= 2.0, or Flax have been found. Models won't be available and only tokenizers, configuration and file/data utilities can be used.
[2026-05-25T13:12:22.213+0000] {processor.py:839} INFO - DAG(s) dict_keys(['data_lake_pipeline']) retrieved from /opt/airflow/dags/data_lake_pipeline.py
[2026-05-25T13:12:22.223+0000] {logging_mixin.py:151} INFO - [2026-05-25T13:12:22.223+0000] {dag.py:2915} INFO - Sync 1 DAGs
[2026-05-25T13:12:22.229+0000] {logging_mixin.py:151} INFO - [2026-05-25T13:12:22.229+0000] {dag.py:3696} INFO - Setting next_dagrun for data_lake_pipeline to None, run_after=None
[2026-05-25T13:12:22.236+0000] {processor.py:179} INFO - Processing /opt/airflow/dags/data_lake_pipeline.py took 0.571 seconds
[2026-05-25T13:12:52.384+0000] {processor.py:157} INFO - Started process (PID=1257) to work on /opt/airflow/dags/data_lake_pipeline.py
[2026-05-25T13:12:52.385+0000] {processor.py:829} INFO - Processing file /opt/airflow/dags/data_lake_pipeline.py for tasks to queue
[2026-05-25T13:12:52.386+0000] {logging_mixin.py:151} INFO - [2026-05-25T13:12:52.386+0000] {dagbag.py:539} INFO - Filling up the DagBag from /opt/airflow/dags/data_lake_pipeline.py
[2026-05-25T13:12:52.911+0000] {logging_mixin.py:151} WARNING - None of PyTorch, TensorFlow >= 2.0, or Flax have been found. Models won't be available and only tokenizers, configuration and file/data utilities can be used.
[2026-05-25T13:12:52.943+0000] {processor.py:839} INFO - DAG(s) dict_keys(['data_lake_pipeline']) retrieved from /opt/airflow/dags/data_lake_pipeline.py
[2026-05-25T13:12:52.953+0000] {logging_mixin.py:151} INFO - [2026-05-25T13:12:52.953+0000] {dag.py:2915} INFO - Sync 1 DAGs
[2026-05-25T13:12:52.958+0000] {logging_mixin.py:151} INFO - [2026-05-25T13:12:52.957+0000] {dag.py:3696} INFO - Setting next_dagrun for data_lake_pipeline to None, run_after=None
[2026-05-25T13:12:52.965+0000] {processor.py:179} INFO - Processing /opt/airflow/dags/data_lake_pipeline.py took 0.583 seconds
[2026-05-25T13:13:23.278+0000] {processor.py:157} INFO - Started process (PID=1266) to work on /opt/airflow/dags/data_lake_pipeline.py
[2026-05-25T13:13:23.281+0000] {processor.py:829} INFO - Processing file /opt/airflow/dags/data_lake_pipeline.py for tasks to queue
[2026-05-25T13:13:23.282+0000] {logging_mixin.py:151} INFO - [2026-05-25T13:13:23.282+0000] {dagbag.py:539} INFO - Filling up the DagBag from /opt/airflow/dags/data_lake_pipeline.py
[2026-05-25T13:13:23.833+0000] {logging_mixin.py:151} WARNING - None of PyTorch, TensorFlow >= 2.0, or Flax have been found. Models won't be available and only tokenizers, configuration and file/data utilities can be used.
[2026-05-25T13:13:23.864+0000] {processor.py:839} INFO - DAG(s) dict_keys(['data_lake_pipeline']) retrieved from /opt/airflow/dags/data_lake_pipeline.py
[2026-05-25T13:13:23.875+0000] {logging_mixin.py:151} INFO - [2026-05-25T13:13:23.875+0000] {dag.py:2915} INFO - Sync 1 DAGs
[2026-05-25T13:13:23.880+0000] {logging_mixin.py:151} INFO - [2026-05-25T13:13:23.880+0000] {dag.py:3696} INFO - Setting next_dagrun for data_lake_pipeline to None, run_after=None
[2026-05-25T13:13:23.887+0000] {processor.py:179} INFO - Processing /opt/airflow/dags/data_lake_pipeline.py took 0.617 seconds
[2026-05-25T13:13:54.074+0000] {processor.py:157} INFO - Started process (PID=1275) to work on /opt/airflow/dags/data_lake_pipeline.py
[2026-05-25T13:13:54.076+0000] {processor.py:829} INFO - Processing file /opt/airflow/dags/data_lake_pipeline.py for tasks to queue
[2026-05-25T13:13:54.078+0000] {logging_mixin.py:151} INFO - [2026-05-25T13:13:54.077+0000] {dagbag.py:539} INFO - Filling up the DagBag from /opt/airflow/dags/data_lake_pipeline.py
[2026-05-25T13:13:54.719+0000] {logging_mixin.py:151} WARNING - None of PyTorch, TensorFlow >= 2.0, or Flax have been found. Models won't be available and only tokenizers, configuration and file/data utilities can be used.
[2026-05-25T13:13:54.760+0000] {processor.py:839} INFO - DAG(s) dict_keys(['data_lake_pipeline']) retrieved from /opt/airflow/dags/data_lake_pipeline.py
[2026-05-25T13:13:54.772+0000] {logging_mixin.py:151} INFO - [2026-05-25T13:13:54.772+0000] {dag.py:2915} INFO - Sync 1 DAGs
[2026-05-25T13:13:54.777+0000] {logging_mixin.py:151} INFO - [2026-05-25T13:13:54.777+0000] {dag.py:3696} INFO - Setting next_dagrun for data_lake_pipeline to None, run_after=None
[2026-05-25T13:13:54.784+0000] {processor.py:179} INFO - Processing /opt/airflow/dags/data_lake_pipeline.py took 0.717 seconds
[2026-05-25T13:14:25.113+0000] {processor.py:157} INFO - Started process (PID=1284) to work on /opt/airflow/dags/data_lake_pipeline.py
[2026-05-25T13:14:25.116+0000] {processor.py:829} INFO - Processing file /opt/airflow/dags/data_lake_pipeline.py for tasks to queue
[2026-05-25T13:14:25.118+0000] {logging_mixin.py:151} INFO - [2026-05-25T13:14:25.117+0000] {dagbag.py:539} INFO - Filling up the DagBag from /opt/airflow/dags/data_lake_pipeline.py
[2026-05-25T13:14:25.624+0000] {logging_mixin.py:151} WARNING - None of PyTorch, TensorFlow >= 2.0, or Flax have been found. Models won't be available and only tokenizers, configuration and file/data utilities can be used.
[2026-05-25T13:14:25.655+0000] {processor.py:839} INFO - DAG(s) dict_keys(['data_lake_pipeline']) retrieved from /opt/airflow/dags/data_lake_pipeline.py
[2026-05-25T13:14:25.665+0000] {logging_mixin.py:151} INFO - [2026-05-25T13:14:25.664+0000] {dag.py:2915} INFO - Sync 1 DAGs
[2026-05-25T13:14:25.669+0000] {logging_mixin.py:151} INFO - [2026-05-25T13:14:25.669+0000] {dag.py:3696} INFO - Setting next_dagrun for data_lake_pipeline to None, run_after=None
[2026-05-25T13:14:25.677+0000] {processor.py:179} INFO - Processing /opt/airflow/dags/data_lake_pipeline.py took 0.568 seconds
[2026-05-25T13:14:55.982+0000] {processor.py:157} INFO - Started process (PID=1293) to work on /opt/airflow/dags/data_lake_pipeline.py
[2026-05-25T13:14:55.984+0000] {processor.py:829} INFO - Processing file /opt/airflow/dags/data_lake_pipeline.py for tasks to queue
[2026-05-25T13:14:55.985+0000] {logging_mixin.py:151} INFO - [2026-05-25T13:14:55.985+0000] {dagbag.py:539} INFO - Filling up the DagBag from /opt/airflow/dags/data_lake_pipeline.py
[2026-05-25T13:14:56.522+0000] {logging_mixin.py:151} WARNING - None of PyTorch, TensorFlow >= 2.0, or Flax have been found. Models won't be available and only tokenizers, configuration and file/data utilities can be used.
[2026-05-25T13:14:56.555+0000] {processor.py:839} INFO - DAG(s) dict_keys(['data_lake_pipeline']) retrieved from /opt/airflow/dags/data_lake_pipeline.py
[2026-05-25T13:14:56.566+0000] {logging_mixin.py:151} INFO - [2026-05-25T13:14:56.566+0000] {dag.py:2915} INFO - Sync 1 DAGs
[2026-05-25T13:14:56.571+0000] {logging_mixin.py:151} INFO - [2026-05-25T13:14:56.571+0000] {dag.py:3696} INFO - Setting next_dagrun for data_lake_pipeline to None, run_after=None
[2026-05-25T13:14:56.579+0000] {processor.py:179} INFO - Processing /opt/airflow/dags/data_lake_pipeline.py took 0.603 seconds
[2026-05-25T13:15:26.917+0000] {processor.py:157} INFO - Started process (PID=1302) to work on /opt/airflow/dags/data_lake_pipeline.py
[2026-05-25T13:15:26.920+0000] {processor.py:829} INFO - Processing file /opt/airflow/dags/data_lake_pipeline.py for tasks to queue
[2026-05-25T13:15:26.921+0000] {logging_mixin.py:151} INFO - [2026-05-25T13:15:26.921+0000] {dagbag.py:539} INFO - Filling up the DagBag from /opt/airflow/dags/data_lake_pipeline.py
[2026-05-25T13:15:27.446+0000] {logging_mixin.py:151} WARNING - None of PyTorch, TensorFlow >= 2.0, or Flax have been found. Models won't be available and only tokenizers, configuration and file/data utilities can be used.
[2026-05-25T13:15:27.477+0000] {processor.py:839} INFO - DAG(s) dict_keys(['data_lake_pipeline']) retrieved from /opt/airflow/dags/data_lake_pipeline.py
[2026-05-25T13:15:27.487+0000] {logging_mixin.py:151} INFO - [2026-05-25T13:15:27.487+0000] {dag.py:2915} INFO - Sync 1 DAGs
[2026-05-25T13:15:27.492+0000] {logging_mixin.py:151} INFO - [2026-05-25T13:15:27.492+0000] {dag.py:3696} INFO - Setting next_dagrun for data_lake_pipeline to None, run_after=None
[2026-05-25T13:15:27.501+0000] {processor.py:179} INFO - Processing /opt/airflow/dags/data_lake_pipeline.py took 0.590 seconds
[2026-05-25T13:15:57.542+0000] {processor.py:157} INFO - Started process (PID=1311) to work on /opt/airflow/dags/data_lake_pipeline.py
[2026-05-25T13:15:57.546+0000] {processor.py:829} INFO - Processing file /opt/airflow/dags/data_lake_pipeline.py for tasks to queue
[2026-05-25T13:15:57.548+0000] {logging_mixin.py:151} INFO - [2026-05-25T13:15:57.547+0000] {dagbag.py:539} INFO - Filling up the DagBag from /opt/airflow/dags/data_lake_pipeline.py
[2026-05-25T13:15:58.124+0000] {logging_mixin.py:151} WARNING - None of PyTorch, TensorFlow >= 2.0, or Flax have been found. Models won't be available and only tokenizers, configuration and file/data utilities can be used.
[2026-05-25T13:15:58.155+0000] {processor.py:839} INFO - DAG(s) dict_keys(['data_lake_pipeline']) retrieved from /opt/airflow/dags/data_lake_pipeline.py
[2026-05-25T13:15:58.166+0000] {logging_mixin.py:151} INFO - [2026-05-25T13:15:58.166+0000] {dag.py:2915} INFO - Sync 1 DAGs
[2026-05-25T13:15:58.171+0000] {logging_mixin.py:151} INFO - [2026-05-25T13:15:58.171+0000] {dag.py:3696} INFO - Setting next_dagrun for data_lake_pipeline to None, run_after=None
[2026-05-25T13:15:58.178+0000] {processor.py:179} INFO - Processing /opt/airflow/dags/data_lake_pipeline.py took 0.641 seconds
[2026-05-25T13:16:28.476+0000] {processor.py:157} INFO - Started process (PID=1320) to work on /opt/airflow/dags/data_lake_pipeline.py
[2026-05-25T13:16:28.479+0000] {processor.py:829} INFO - Processing file /opt/airflow/dags/data_lake_pipeline.py for tasks to queue
[2026-05-25T13:16:28.479+0000] {logging_mixin.py:151} INFO - [2026-05-25T13:16:28.479+0000] {dagbag.py:539} INFO - Filling up the DagBag from /opt/airflow/dags/data_lake_pipeline.py
[2026-05-25T13:16:28.992+0000] {logging_mixin.py:151} WARNING - None of PyTorch, TensorFlow >= 2.0, or Flax have been found. Models won't be available and only tokenizers, configuration and file/data utilities can be used.
[2026-05-25T13:16:29.022+0000] {processor.py:839} INFO - DAG(s) dict_keys(['data_lake_pipeline']) retrieved from /opt/airflow/dags/data_lake_pipeline.py
[2026-05-25T13:16:29.032+0000] {logging_mixin.py:151} INFO - [2026-05-25T13:16:29.032+0000] {dag.py:2915} INFO - Sync 1 DAGs
[2026-05-25T13:16:29.037+0000] {logging_mixin.py:151} INFO - [2026-05-25T13:16:29.037+0000] {dag.py:3696} INFO - Setting next_dagrun for data_lake_pipeline to None, run_after=None
[2026-05-25T13:16:29.044+0000] {processor.py:179} INFO - Processing /opt/airflow/dags/data_lake_pipeline.py took 0.573 seconds
[2026-05-25T13:16:59.389+0000] {processor.py:157} INFO - Started process (PID=1329) to work on /opt/airflow/dags/data_lake_pipeline.py
[2026-05-25T13:16:59.395+0000] {processor.py:829} INFO - Processing file /opt/airflow/dags/data_lake_pipeline.py for tasks to queue
[2026-05-25T13:16:59.396+0000] {logging_mixin.py:151} INFO - [2026-05-25T13:16:59.396+0000] {dagbag.py:539} INFO - Filling up the DagBag from /opt/airflow/dags/data_lake_pipeline.py
[2026-05-25T13:16:59.922+0000] {logging_mixin.py:151} WARNING - None of PyTorch, TensorFlow >= 2.0, or Flax have been found. Models won't be available and only tokenizers, configuration and file/data utilities can be used.
[2026-05-25T13:16:59.965+0000] {processor.py:839} INFO - DAG(s) dict_keys(['data_lake_pipeline']) retrieved from /opt/airflow/dags/data_lake_pipeline.py
[2026-05-25T13:16:59.977+0000] {logging_mixin.py:151} INFO - [2026-05-25T13:16:59.976+0000] {dag.py:2915} INFO - Sync 1 DAGs
[2026-05-25T13:16:59.981+0000] {logging_mixin.py:151} INFO - [2026-05-25T13:16:59.981+0000] {dag.py:3696} INFO - Setting next_dagrun for data_lake_pipeline to None, run_after=None
[2026-05-25T13:16:59.989+0000] {processor.py:179} INFO - Processing /opt/airflow/dags/data_lake_pipeline.py took 0.605 seconds
[2026-05-25T13:17:30.307+0000] {processor.py:157} INFO - Started process (PID=1338) to work on /opt/airflow/dags/data_lake_pipeline.py
[2026-05-25T13:17:30.310+0000] {processor.py:829} INFO - Processing file /opt/airflow/dags/data_lake_pipeline.py for tasks to queue
[2026-05-25T13:17:30.311+0000] {logging_mixin.py:151} INFO - [2026-05-25T13:17:30.311+0000] {dagbag.py:539} INFO - Filling up the DagBag from /opt/airflow/dags/data_lake_pipeline.py
[2026-05-25T13:17:30.848+0000] {logging_mixin.py:151} WARNING - None of PyTorch, TensorFlow >= 2.0, or Flax have been found. Models won't be available and only tokenizers, configuration and file/data utilities can be used.
[2026-05-25T13:17:30.880+0000] {processor.py:839} INFO - DAG(s) dict_keys(['data_lake_pipeline']) retrieved from /opt/airflow/dags/data_lake_pipeline.py
[2026-05-25T13:17:30.891+0000] {logging_mixin.py:151} INFO - [2026-05-25T13:17:30.890+0000] {dag.py:2915} INFO - Sync 1 DAGs
[2026-05-25T13:17:30.896+0000] {logging_mixin.py:151} INFO - [2026-05-25T13:17:30.896+0000] {dag.py:3696} INFO - Setting next_dagrun for data_lake_pipeline to None, run_after=None
[2026-05-25T13:17:30.903+0000] {processor.py:179} INFO - Processing /opt/airflow/dags/data_lake_pipeline.py took 0.602 seconds
[2026-05-25T13:18:01.156+0000] {processor.py:157} INFO - Started process (PID=1347) to work on /opt/airflow/dags/data_lake_pipeline.py
[2026-05-25T13:18:01.160+0000] {processor.py:829} INFO - Processing file /opt/airflow/dags/data_lake_pipeline.py for tasks to queue
[2026-05-25T13:18:01.162+0000] {logging_mixin.py:151} INFO - [2026-05-25T13:18:01.161+0000] {dagbag.py:539} INFO - Filling up the DagBag from /opt/airflow/dags/data_lake_pipeline.py
[2026-05-25T13:18:01.725+0000] {logging_mixin.py:151} WARNING - None of PyTorch, TensorFlow >= 2.0, or Flax have been found. Models won't be available and only tokenizers, configuration and file/data utilities can be used.
[2026-05-25T13:18:01.756+0000] {processor.py:839} INFO - DAG(s) dict_keys(['data_lake_pipeline']) retrieved from /opt/airflow/dags/data_lake_pipeline.py
[2026-05-25T13:18:01.767+0000] {logging_mixin.py:151} INFO - [2026-05-25T13:18:01.767+0000] {dag.py:2915} INFO - Sync 1 DAGs
[2026-05-25T13:18:01.772+0000] {logging_mixin.py:151} INFO - [2026-05-25T13:18:01.772+0000] {dag.py:3696} INFO - Setting next_dagrun for data_lake_pipeline to None, run_after=None
[2026-05-25T13:18:01.780+0000] {processor.py:179} INFO - Processing /opt/airflow/dags/data_lake_pipeline.py took 0.630 seconds
[2026-05-25T13:18:32.098+0000] {processor.py:157} INFO - Started process (PID=1356) to work on /opt/airflow/dags/data_lake_pipeline.py
[2026-05-25T13:18:32.101+0000] {processor.py:829} INFO - Processing file /opt/airflow/dags/data_lake_pipeline.py for tasks to queue
[2026-05-25T13:18:32.102+0000] {logging_mixin.py:151} INFO - [2026-05-25T13:18:32.102+0000] {dagbag.py:539} INFO - Filling up the DagBag from /opt/airflow/dags/data_lake_pipeline.py
[2026-05-25T13:18:32.609+0000] {logging_mixin.py:151} WARNING - None of PyTorch, TensorFlow >= 2.0, or Flax have been found. Models won't be available and only tokenizers, configuration and file/data utilities can be used.
[2026-05-25T13:18:32.639+0000] {processor.py:839} INFO - DAG(s) dict_keys(['data_lake_pipeline']) retrieved from /opt/airflow/dags/data_lake_pipeline.py
[2026-05-25T13:18:32.649+0000] {logging_mixin.py:151} INFO - [2026-05-25T13:18:32.648+0000] {dag.py:2915} INFO - Sync 1 DAGs
[2026-05-25T13:18:32.654+0000] {logging_mixin.py:151} INFO - [2026-05-25T13:18:32.654+0000] {dag.py:3696} INFO - Setting next_dagrun for data_lake_pipeline to None, run_after=None
[2026-05-25T13:18:32.661+0000] {processor.py:179} INFO - Processing /opt/airflow/dags/data_lake_pipeline.py took 0.568 seconds
[2026-05-25T13:19:02.945+0000] {processor.py:157} INFO - Started process (PID=1365) to work on /opt/airflow/dags/data_lake_pipeline.py
[2026-05-25T13:19:02.949+0000] {processor.py:829} INFO - Processing file /opt/airflow/dags/data_lake_pipeline.py for tasks to queue
[2026-05-25T13:19:02.950+0000] {logging_mixin.py:151} INFO - [2026-05-25T13:19:02.950+0000] {dagbag.py:539} INFO - Filling up the DagBag from /opt/airflow/dags/data_lake_pipeline.py
[2026-05-25T13:19:03.457+0000] {logging_mixin.py:151} WARNING - None of PyTorch, TensorFlow >= 2.0, or Flax have been found. Models won't be available and only tokenizers, configuration and file/data utilities can be used.
[2026-05-25T13:19:03.487+0000] {processor.py:839} INFO - DAG(s) dict_keys(['data_lake_pipeline']) retrieved from /opt/airflow/dags/data_lake_pipeline.py
[2026-05-25T13:19:03.497+0000] {logging_mixin.py:151} INFO - [2026-05-25T13:19:03.497+0000] {dag.py:2915} INFO - Sync 1 DAGs
[2026-05-25T13:19:03.502+0000] {logging_mixin.py:151} INFO - [2026-05-25T13:19:03.501+0000] {dag.py:3696} INFO - Setting next_dagrun for data_lake_pipeline to None, run_after=None
[2026-05-25T13:19:03.509+0000] {processor.py:179} INFO - Processing /opt/airflow/dags/data_lake_pipeline.py took 0.568 seconds
[2026-05-25T13:19:33.795+0000] {processor.py:157} INFO - Started process (PID=1374) to work on /opt/airflow/dags/data_lake_pipeline.py
[2026-05-25T13:19:33.799+0000] {processor.py:829} INFO - Processing file /opt/airflow/dags/data_lake_pipeline.py for tasks to queue
[2026-05-25T13:19:33.800+0000] {logging_mixin.py:151} INFO - [2026-05-25T13:19:33.799+0000] {dagbag.py:539} INFO - Filling up the DagBag from /opt/airflow/dags/data_lake_pipeline.py
[2026-05-25T13:19:34.294+0000] {logging_mixin.py:151} WARNING - None of PyTorch, TensorFlow >= 2.0, or Flax have been found. Models won't be available and only tokenizers, configuration and file/data utilities can be used.
[2026-05-25T13:19:34.325+0000] {processor.py:839} INFO - DAG(s) dict_keys(['data_lake_pipeline']) retrieved from /opt/airflow/dags/data_lake_pipeline.py
[2026-05-25T13:19:34.335+0000] {logging_mixin.py:151} INFO - [2026-05-25T13:19:34.335+0000] {dag.py:2915} INFO - Sync 1 DAGs
[2026-05-25T13:19:34.341+0000] {logging_mixin.py:151} INFO - [2026-05-25T13:19:34.341+0000] {dag.py:3696} INFO - Setting next_dagrun for data_lake_pipeline to None, run_after=None
[2026-05-25T13:19:34.348+0000] {processor.py:179} INFO - Processing /opt/airflow/dags/data_lake_pipeline.py took 0.557 seconds
[2026-05-25T13:20:04.482+0000] {processor.py:157} INFO - Started process (PID=1383) to work on /opt/airflow/dags/data_lake_pipeline.py
[2026-05-25T13:20:04.486+0000] {processor.py:829} INFO - Processing file /opt/airflow/dags/data_lake_pipeline.py for tasks to queue
[2026-05-25T13:20:04.487+0000] {logging_mixin.py:151} INFO - [2026-05-25T13:20:04.487+0000] {dagbag.py:539} INFO - Filling up the DagBag from /opt/airflow/dags/data_lake_pipeline.py
[2026-05-25T13:20:05.004+0000] {logging_mixin.py:151} WARNING - None of PyTorch, TensorFlow >= 2.0, or Flax have been found. Models won't be available and only tokenizers, configuration and file/data utilities can be used.
[2026-05-25T13:20:05.037+0000] {processor.py:839} INFO - DAG(s) dict_keys(['data_lake_pipeline']) retrieved from /opt/airflow/dags/data_lake_pipeline.py
[2026-05-25T13:20:05.048+0000] {logging_mixin.py:151} INFO - [2026-05-25T13:20:05.048+0000] {dag.py:2915} INFO - Sync 1 DAGs
[2026-05-25T13:20:05.053+0000] {logging_mixin.py:151} INFO - [2026-05-25T13:20:05.053+0000] {dag.py:3696} INFO - Setting next_dagrun for data_lake_pipeline to None, run_after=None
[2026-05-25T13:20:05.060+0000] {processor.py:179} INFO - Processing /opt/airflow/dags/data_lake_pipeline.py took 0.582 seconds
[2026-05-25T13:20:35.380+0000] {processor.py:157} INFO - Started process (PID=1392) to work on /opt/airflow/dags/data_lake_pipeline.py
[2026-05-25T13:20:35.382+0000] {processor.py:829} INFO - Processing file /opt/airflow/dags/data_lake_pipeline.py for tasks to queue
[2026-05-25T13:20:35.382+0000] {logging_mixin.py:151} INFO - [2026-05-25T13:20:35.382+0000] {dagbag.py:539} INFO - Filling up the DagBag from /opt/airflow/dags/data_lake_pipeline.py
[2026-05-25T13:20:35.917+0000] {logging_mixin.py:151} WARNING - None of PyTorch, TensorFlow >= 2.0, or Flax have been found. Models won't be available and only tokenizers, configuration and file/data utilities can be used.
[2026-05-25T13:20:35.957+0000] {processor.py:839} INFO - DAG(s) dict_keys(['data_lake_pipeline']) retrieved from /opt/airflow/dags/data_lake_pipeline.py
[2026-05-25T13:20:35.968+0000] {logging_mixin.py:151} INFO - [2026-05-25T13:20:35.968+0000] {dag.py:2915} INFO - Sync 1 DAGs
[2026-05-25T13:20:35.973+0000] {logging_mixin.py:151} INFO - [2026-05-25T13:20:35.973+0000] {dag.py:3696} INFO - Setting next_dagrun for data_lake_pipeline to None, run_after=None
[2026-05-25T13:20:35.980+0000] {processor.py:179} INFO - Processing /opt/airflow/dags/data_lake_pipeline.py took 0.603 seconds
[2026-05-25T13:21:06.047+0000] {processor.py:157} INFO - Started process (PID=1401) to work on /opt/airflow/dags/data_lake_pipeline.py
[2026-05-25T13:21:06.051+0000] {processor.py:829} INFO - Processing file /opt/airflow/dags/data_lake_pipeline.py for tasks to queue
[2026-05-25T13:21:06.052+0000] {logging_mixin.py:151} INFO - [2026-05-25T13:21:06.051+0000] {dagbag.py:539} INFO - Filling up the DagBag from /opt/airflow/dags/data_lake_pipeline.py
[2026-05-25T13:21:06.553+0000] {logging_mixin.py:151} WARNING - None of PyTorch, TensorFlow >= 2.0, or Flax have been found. Models won't be available and only tokenizers, configuration and file/data utilities can be used.
[2026-05-25T13:21:06.585+0000] {processor.py:839} INFO - DAG(s) dict_keys(['data_lake_pipeline']) retrieved from /opt/airflow/dags/data_lake_pipeline.py
[2026-05-25T13:21:06.595+0000] {logging_mixin.py:151} INFO - [2026-05-25T13:21:06.595+0000] {dag.py:2915} INFO - Sync 1 DAGs
[2026-05-25T13:21:06.600+0000] {logging_mixin.py:151} INFO - [2026-05-25T13:21:06.600+0000] {dag.py:3696} INFO - Setting next_dagrun for data_lake_pipeline to None, run_after=None
[2026-05-25T13:21:06.610+0000] {processor.py:179} INFO - Processing /opt/airflow/dags/data_lake_pipeline.py took 0.567 seconds
[2026-05-25T13:21:36.917+0000] {processor.py:157} INFO - Started process (PID=1410) to work on /opt/airflow/dags/data_lake_pipeline.py
[2026-05-25T13:21:36.921+0000] {processor.py:829} INFO - Processing file /opt/airflow/dags/data_lake_pipeline.py for tasks to queue
[2026-05-25T13:21:36.922+0000] {logging_mixin.py:151} INFO - [2026-05-25T13:21:36.921+0000] {dagbag.py:539} INFO - Filling up the DagBag from /opt/airflow/dags/data_lake_pipeline.py
[2026-05-25T13:21:37.447+0000] {logging_mixin.py:151} WARNING - None of PyTorch, TensorFlow >= 2.0, or Flax have been found. Models won't be available and only tokenizers, configuration and file/data utilities can be used.
[2026-05-25T13:21:37.479+0000] {processor.py:839} INFO - DAG(s) dict_keys(['data_lake_pipeline']) retrieved from /opt/airflow/dags/data_lake_pipeline.py
[2026-05-25T13:21:37.490+0000] {logging_mixin.py:151} INFO - [2026-05-25T13:21:37.489+0000] {dag.py:2915} INFO - Sync 1 DAGs
[2026-05-25T13:21:37.495+0000] {logging_mixin.py:151} INFO - [2026-05-25T13:21:37.495+0000] {dag.py:3696} INFO - Setting next_dagrun for data_lake_pipeline to None, run_after=None
[2026-05-25T13:21:37.502+0000] {processor.py:179} INFO - Processing /opt/airflow/dags/data_lake_pipeline.py took 0.590 seconds
[2026-05-25T13:22:07.758+0000] {processor.py:157} INFO - Started process (PID=1419) to work on /opt/airflow/dags/data_lake_pipeline.py
[2026-05-25T13:22:07.761+0000] {processor.py:829} INFO - Processing file /opt/airflow/dags/data_lake_pipeline.py for tasks to queue
[2026-05-25T13:22:07.761+0000] {logging_mixin.py:151} INFO - [2026-05-25T13:22:07.761+0000] {dagbag.py:539} INFO - Filling up the DagBag from /opt/airflow/dags/data_lake_pipeline.py
[2026-05-25T13:22:08.254+0000] {logging_mixin.py:151} WARNING - None of PyTorch, TensorFlow >= 2.0, or Flax have been found. Models won't be available and only tokenizers, configuration and file/data utilities can be used.
[2026-05-25T13:22:08.285+0000] {processor.py:839} INFO - DAG(s) dict_keys(['data_lake_pipeline']) retrieved from /opt/airflow/dags/data_lake_pipeline.py
[2026-05-25T13:22:08.296+0000] {logging_mixin.py:151} INFO - [2026-05-25T13:22:08.295+0000] {dag.py:2915} INFO - Sync 1 DAGs
[2026-05-25T13:22:08.300+0000] {logging_mixin.py:151} INFO - [2026-05-25T13:22:08.300+0000] {dag.py:3696} INFO - Setting next_dagrun for data_lake_pipeline to None, run_after=None
[2026-05-25T13:22:08.307+0000] {processor.py:179} INFO - Processing /opt/airflow/dags/data_lake_pipeline.py took 0.553 seconds
[2026-05-25T13:22:38.491+0000] {processor.py:157} INFO - Started process (PID=1428) to work on /opt/airflow/dags/data_lake_pipeline.py
[2026-05-25T13:22:38.495+0000] {processor.py:829} INFO - Processing file /opt/airflow/dags/data_lake_pipeline.py for tasks to queue
[2026-05-25T13:22:38.496+0000] {logging_mixin.py:151} INFO - [2026-05-25T13:22:38.496+0000] {dagbag.py:539} INFO - Filling up the DagBag from /opt/airflow/dags/data_lake_pipeline.py
[2026-05-25T13:22:38.991+0000] {logging_mixin.py:151} WARNING - None of PyTorch, TensorFlow >= 2.0, or Flax have been found. Models won't be available and only tokenizers, configuration and file/data utilities can be used.
[2026-05-25T13:22:39.022+0000] {processor.py:839} INFO - DAG(s) dict_keys(['data_lake_pipeline']) retrieved from /opt/airflow/dags/data_lake_pipeline.py
[2026-05-25T13:22:39.031+0000] {logging_mixin.py:151} INFO - [2026-05-25T13:22:39.031+0000] {dag.py:2915} INFO - Sync 1 DAGs
[2026-05-25T13:22:39.036+0000] {logging_mixin.py:151} INFO - [2026-05-25T13:22:39.036+0000] {dag.py:3696} INFO - Setting next_dagrun for data_lake_pipeline to None, run_after=None
[2026-05-25T13:22:39.042+0000] {processor.py:179} INFO - Processing /opt/airflow/dags/data_lake_pipeline.py took 0.556 seconds
[2026-05-25T13:23:09.296+0000] {processor.py:157} INFO - Started process (PID=1437) to work on /opt/airflow/dags/data_lake_pipeline.py
[2026-05-25T13:23:09.300+0000] {processor.py:829} INFO - Processing file /opt/airflow/dags/data_lake_pipeline.py for tasks to queue
[2026-05-25T13:23:09.301+0000] {logging_mixin.py:151} INFO - [2026-05-25T13:23:09.301+0000] {dagbag.py:539} INFO - Filling up the DagBag from /opt/airflow/dags/data_lake_pipeline.py
[2026-05-25T13:23:09.798+0000] {logging_mixin.py:151} WARNING - None of PyTorch, TensorFlow >= 2.0, or Flax have been found. Models won't be available and only tokenizers, configuration and file/data utilities can be used.
[2026-05-25T13:23:09.831+0000] {processor.py:839} INFO - DAG(s) dict_keys(['data_lake_pipeline']) retrieved from /opt/airflow/dags/data_lake_pipeline.py
[2026-05-25T13:23:09.843+0000] {logging_mixin.py:151} INFO - [2026-05-25T13:23:09.842+0000] {dag.py:2915} INFO - Sync 1 DAGs
[2026-05-25T13:23:09.848+0000] {logging_mixin.py:151} INFO - [2026-05-25T13:23:09.848+0000] {dag.py:3696} INFO - Setting next_dagrun for data_lake_pipeline to None, run_after=None
[2026-05-25T13:23:09.856+0000] {processor.py:179} INFO - Processing /opt/airflow/dags/data_lake_pipeline.py took 0.564 seconds
[2026-05-25T13:23:40.152+0000] {processor.py:157} INFO - Started process (PID=1446) to work on /opt/airflow/dags/data_lake_pipeline.py
[2026-05-25T13:23:40.156+0000] {processor.py:829} INFO - Processing file /opt/airflow/dags/data_lake_pipeline.py for tasks to queue
[2026-05-25T13:23:40.157+0000] {logging_mixin.py:151} INFO - [2026-05-25T13:23:40.157+0000] {dagbag.py:539} INFO - Filling up the DagBag from /opt/airflow/dags/data_lake_pipeline.py
[2026-05-25T13:23:40.684+0000] {logging_mixin.py:151} WARNING - None of PyTorch, TensorFlow >= 2.0, or Flax have been found. Models won't be available and only tokenizers, configuration and file/data utilities can be used.
[2026-05-25T13:23:40.714+0000] {processor.py:839} INFO - DAG(s) dict_keys(['data_lake_pipeline']) retrieved from /opt/airflow/dags/data_lake_pipeline.py
[2026-05-25T13:23:40.724+0000] {logging_mixin.py:151} INFO - [2026-05-25T13:23:40.723+0000] {dag.py:2915} INFO - Sync 1 DAGs
[2026-05-25T13:23:40.729+0000] {logging_mixin.py:151} INFO - [2026-05-25T13:23:40.729+0000] {dag.py:3696} INFO - Setting next_dagrun for data_lake_pipeline to None, run_after=None
[2026-05-25T13:23:40.736+0000] {processor.py:179} INFO - Processing /opt/airflow/dags/data_lake_pipeline.py took 0.589 seconds
[2026-05-25T13:24:11.051+0000] {processor.py:157} INFO - Started process (PID=1455) to work on /opt/airflow/dags/data_lake_pipeline.py
[2026-05-25T13:24:11.065+0000] {processor.py:829} INFO - Processing file /opt/airflow/dags/data_lake_pipeline.py for tasks to queue
[2026-05-25T13:24:11.066+0000] {logging_mixin.py:151} INFO - [2026-05-25T13:24:11.065+0000] {dagbag.py:539} INFO - Filling up the DagBag from /opt/airflow/dags/data_lake_pipeline.py
[2026-05-25T13:24:11.593+0000] {logging_mixin.py:151} WARNING - None of PyTorch, TensorFlow >= 2.0, or Flax have been found. Models won't be available and only tokenizers, configuration and file/data utilities can be used.
[2026-05-25T13:24:11.624+0000] {processor.py:839} INFO - DAG(s) dict_keys(['data_lake_pipeline']) retrieved from /opt/airflow/dags/data_lake_pipeline.py
[2026-05-25T13:24:11.634+0000] {logging_mixin.py:151} INFO - [2026-05-25T13:24:11.634+0000] {dag.py:2915} INFO - Sync 1 DAGs
[2026-05-25T13:24:11.639+0000] {logging_mixin.py:151} INFO - [2026-05-25T13:24:11.639+0000] {dag.py:3696} INFO - Setting next_dagrun for data_lake_pipeline to None, run_after=None
[2026-05-25T13:24:11.646+0000] {processor.py:179} INFO - Processing /opt/airflow/dags/data_lake_pipeline.py took 0.599 seconds
[2026-05-25T13:24:41.748+0000] {processor.py:157} INFO - Started process (PID=1464) to work on /opt/airflow/dags/data_lake_pipeline.py
[2026-05-25T13:24:41.764+0000] {processor.py:829} INFO - Processing file /opt/airflow/dags/data_lake_pipeline.py for tasks to queue
[2026-05-25T13:24:41.765+0000] {logging_mixin.py:151} INFO - [2026-05-25T13:24:41.765+0000] {dagbag.py:539} INFO - Filling up the DagBag from /opt/airflow/dags/data_lake_pipeline.py
[2026-05-25T13:24:42.297+0000] {logging_mixin.py:151} WARNING - None of PyTorch, TensorFlow >= 2.0, or Flax have been found. Models won't be available and only tokenizers, configuration and file/data utilities can be used.
[2026-05-25T13:24:42.337+0000] {processor.py:839} INFO - DAG(s) dict_keys(['data_lake_pipeline']) retrieved from /opt/airflow/dags/data_lake_pipeline.py
[2026-05-25T13:24:42.349+0000] {logging_mixin.py:151} INFO - [2026-05-25T13:24:42.348+0000] {dag.py:2915} INFO - Sync 1 DAGs
[2026-05-25T13:24:42.354+0000] {logging_mixin.py:151} INFO - [2026-05-25T13:24:42.354+0000] {dag.py:3696} INFO - Setting next_dagrun for data_lake_pipeline to None, run_after=None
[2026-05-25T13:24:42.361+0000] {processor.py:179} INFO - Processing /opt/airflow/dags/data_lake_pipeline.py took 0.618 seconds
[2026-05-25T13:25:12.678+0000] {processor.py:157} INFO - Started process (PID=1473) to work on /opt/airflow/dags/data_lake_pipeline.py
[2026-05-25T13:25:12.682+0000] {processor.py:829} INFO - Processing file /opt/airflow/dags/data_lake_pipeline.py for tasks to queue
[2026-05-25T13:25:12.683+0000] {logging_mixin.py:151} INFO - [2026-05-25T13:25:12.683+0000] {dagbag.py:539} INFO - Filling up the DagBag from /opt/airflow/dags/data_lake_pipeline.py
[2026-05-25T13:25:13.187+0000] {logging_mixin.py:151} WARNING - None of PyTorch, TensorFlow >= 2.0, or Flax have been found. Models won't be available and only tokenizers, configuration and file/data utilities can be used.
[2026-05-25T13:25:13.218+0000] {processor.py:839} INFO - DAG(s) dict_keys(['data_lake_pipeline']) retrieved from /opt/airflow/dags/data_lake_pipeline.py
[2026-05-25T13:25:13.227+0000] {logging_mixin.py:151} INFO - [2026-05-25T13:25:13.227+0000] {dag.py:2915} INFO - Sync 1 DAGs
[2026-05-25T13:25:13.232+0000] {logging_mixin.py:151} INFO - [2026-05-25T13:25:13.232+0000] {dag.py:3696} INFO - Setting next_dagrun for data_lake_pipeline to None, run_after=None
[2026-05-25T13:25:13.239+0000] {processor.py:179} INFO - Processing /opt/airflow/dags/data_lake_pipeline.py took 0.566 seconds
[2026-05-25T13:25:43.477+0000] {processor.py:157} INFO - Started process (PID=1482) to work on /opt/airflow/dags/data_lake_pipeline.py
[2026-05-25T13:25:43.492+0000] {processor.py:829} INFO - Processing file /opt/airflow/dags/data_lake_pipeline.py for tasks to queue
[2026-05-25T13:25:43.492+0000] {logging_mixin.py:151} INFO - [2026-05-25T13:25:43.492+0000] {dagbag.py:539} INFO - Filling up the DagBag from /opt/airflow/dags/data_lake_pipeline.py
[2026-05-25T13:25:43.982+0000] {logging_mixin.py:151} WARNING - None of PyTorch, TensorFlow >= 2.0, or Flax have been found. Models won't be available and only tokenizers, configuration and file/data utilities can be used.
[2026-05-25T13:25:44.012+0000] {processor.py:839} INFO - DAG(s) dict_keys(['data_lake_pipeline']) retrieved from /opt/airflow/dags/data_lake_pipeline.py
[2026-05-25T13:25:44.022+0000] {logging_mixin.py:151} INFO - [2026-05-25T13:25:44.022+0000] {dag.py:2915} INFO - Sync 1 DAGs
[2026-05-25T13:25:44.027+0000] {logging_mixin.py:151} INFO - [2026-05-25T13:25:44.027+0000] {dag.py:3696} INFO - Setting next_dagrun for data_lake_pipeline to None, run_after=None
[2026-05-25T13:25:44.034+0000] {processor.py:179} INFO - Processing /opt/airflow/dags/data_lake_pipeline.py took 0.562 seconds
[2026-05-25T13:26:14.327+0000] {processor.py:157} INFO - Started process (PID=1491) to work on /opt/airflow/dags/data_lake_pipeline.py
[2026-05-25T13:26:14.331+0000] {processor.py:829} INFO - Processing file /opt/airflow/dags/data_lake_pipeline.py for tasks to queue
[2026-05-25T13:26:14.332+0000] {logging_mixin.py:151} INFO - [2026-05-25T13:26:14.332+0000] {dagbag.py:539} INFO - Filling up the DagBag from /opt/airflow/dags/data_lake_pipeline.py
[2026-05-25T13:26:14.838+0000] {logging_mixin.py:151} WARNING - None of PyTorch, TensorFlow >= 2.0, or Flax have been found. Models won't be available and only tokenizers, configuration and file/data utilities can be used.
[2026-05-25T13:26:14.869+0000] {processor.py:839} INFO - DAG(s) dict_keys(['data_lake_pipeline']) retrieved from /opt/airflow/dags/data_lake_pipeline.py
[2026-05-25T13:26:14.879+0000] {logging_mixin.py:151} INFO - [2026-05-25T13:26:14.879+0000] {dag.py:2915} INFO - Sync 1 DAGs
[2026-05-25T13:26:14.883+0000] {logging_mixin.py:151} INFO - [2026-05-25T13:26:14.883+0000] {dag.py:3696} INFO - Setting next_dagrun for data_lake_pipeline to None, run_after=None
[2026-05-25T13:26:14.890+0000] {processor.py:179} INFO - Processing /opt/airflow/dags/data_lake_pipeline.py took 0.567 seconds
[2026-05-25T13:26:45.077+0000] {processor.py:157} INFO - Started process (PID=1500) to work on /opt/airflow/dags/data_lake_pipeline.py
[2026-05-25T13:26:45.081+0000] {processor.py:829} INFO - Processing file /opt/airflow/dags/data_lake_pipeline.py for tasks to queue
[2026-05-25T13:26:45.082+0000] {logging_mixin.py:151} INFO - [2026-05-25T13:26:45.082+0000] {dagbag.py:539} INFO - Filling up the DagBag from /opt/airflow/dags/data_lake_pipeline.py
[2026-05-25T13:26:45.580+0000] {logging_mixin.py:151} WARNING - None of PyTorch, TensorFlow >= 2.0, or Flax have been found. Models won't be available and only tokenizers, configuration and file/data utilities can be used.
[2026-05-25T13:26:45.610+0000] {processor.py:839} INFO - DAG(s) dict_keys(['data_lake_pipeline']) retrieved from /opt/airflow/dags/data_lake_pipeline.py
[2026-05-25T13:26:45.620+0000] {logging_mixin.py:151} INFO - [2026-05-25T13:26:45.619+0000] {dag.py:2915} INFO - Sync 1 DAGs
[2026-05-25T13:26:45.624+0000] {logging_mixin.py:151} INFO - [2026-05-25T13:26:45.624+0000] {dag.py:3696} INFO - Setting next_dagrun for data_lake_pipeline to None, run_after=None
[2026-05-25T13:26:45.631+0000] {processor.py:179} INFO - Processing /opt/airflow/dags/data_lake_pipeline.py took 0.559 seconds
[2026-05-25T13:27:15.903+0000] {processor.py:157} INFO - Started process (PID=1509) to work on /opt/airflow/dags/data_lake_pipeline.py
[2026-05-25T13:27:15.907+0000] {processor.py:829} INFO - Processing file /opt/airflow/dags/data_lake_pipeline.py for tasks to queue
[2026-05-25T13:27:15.910+0000] {logging_mixin.py:151} INFO - [2026-05-25T13:27:15.909+0000] {dagbag.py:539} INFO - Filling up the DagBag from /opt/airflow/dags/data_lake_pipeline.py
[2026-05-25T13:27:16.440+0000] {logging_mixin.py:151} WARNING - None of PyTorch, TensorFlow >= 2.0, or Flax have been found. Models won't be available and only tokenizers, configuration and file/data utilities can be used.
[2026-05-25T13:27:16.471+0000] {processor.py:839} INFO - DAG(s) dict_keys(['data_lake_pipeline']) retrieved from /opt/airflow/dags/data_lake_pipeline.py
[2026-05-25T13:27:16.481+0000] {logging_mixin.py:151} INFO - [2026-05-25T13:27:16.481+0000] {dag.py:2915} INFO - Sync 1 DAGs
[2026-05-25T13:27:16.486+0000] {logging_mixin.py:151} INFO - [2026-05-25T13:27:16.486+0000] {dag.py:3696} INFO - Setting next_dagrun for data_lake_pipeline to None, run_after=None
[2026-05-25T13:27:16.494+0000] {processor.py:179} INFO - Processing /opt/airflow/dags/data_lake_pipeline.py took 0.598 seconds
[2026-05-25T13:27:46.807+0000] {processor.py:157} INFO - Started process (PID=1518) to work on /opt/airflow/dags/data_lake_pipeline.py
[2026-05-25T13:27:46.809+0000] {processor.py:829} INFO - Processing file /opt/airflow/dags/data_lake_pipeline.py for tasks to queue
[2026-05-25T13:27:46.810+0000] {logging_mixin.py:151} INFO - [2026-05-25T13:27:46.809+0000] {dagbag.py:539} INFO - Filling up the DagBag from /opt/airflow/dags/data_lake_pipeline.py
[2026-05-25T13:27:47.317+0000] {logging_mixin.py:151} WARNING - None of PyTorch, TensorFlow >= 2.0, or Flax have been found. Models won't be available and only tokenizers, configuration and file/data utilities can be used.
[2026-05-25T13:27:47.347+0000] {processor.py:839} INFO - DAG(s) dict_keys(['data_lake_pipeline']) retrieved from /opt/airflow/dags/data_lake_pipeline.py
[2026-05-25T13:27:47.357+0000] {logging_mixin.py:151} INFO - [2026-05-25T13:27:47.356+0000] {dag.py:2915} INFO - Sync 1 DAGs
[2026-05-25T13:27:47.362+0000] {logging_mixin.py:151} INFO - [2026-05-25T13:27:47.362+0000] {dag.py:3696} INFO - Setting next_dagrun for data_lake_pipeline to None, run_after=None
[2026-05-25T13:27:47.369+0000] {processor.py:179} INFO - Processing /opt/airflow/dags/data_lake_pipeline.py took 0.564 seconds
[2026-05-25T13:28:17.716+0000] {processor.py:157} INFO - Started process (PID=1527) to work on /opt/airflow/dags/data_lake_pipeline.py
[2026-05-25T13:28:17.719+0000] {processor.py:829} INFO - Processing file /opt/airflow/dags/data_lake_pipeline.py for tasks to queue
[2026-05-25T13:28:17.719+0000] {logging_mixin.py:151} INFO - [2026-05-25T13:28:17.719+0000] {dagbag.py:539} INFO - Filling up the DagBag from /opt/airflow/dags/data_lake_pipeline.py
[2026-05-25T13:28:18.268+0000] {logging_mixin.py:151} WARNING - None of PyTorch, TensorFlow >= 2.0, or Flax have been found. Models won't be available and only tokenizers, configuration and file/data utilities can be used.
[2026-05-25T13:28:18.298+0000] {processor.py:839} INFO - DAG(s) dict_keys(['data_lake_pipeline']) retrieved from /opt/airflow/dags/data_lake_pipeline.py
[2026-05-25T13:28:18.309+0000] {logging_mixin.py:151} INFO - [2026-05-25T13:28:18.308+0000] {dag.py:2915} INFO - Sync 1 DAGs
[2026-05-25T13:28:18.313+0000] {logging_mixin.py:151} INFO - [2026-05-25T13:28:18.313+0000] {dag.py:3696} INFO - Setting next_dagrun for data_lake_pipeline to None, run_after=None
[2026-05-25T13:28:18.320+0000] {processor.py:179} INFO - Processing /opt/airflow/dags/data_lake_pipeline.py took 0.608 seconds
[2026-05-25T13:28:48.479+0000] {processor.py:157} INFO - Started process (PID=1536) to work on /opt/airflow/dags/data_lake_pipeline.py
[2026-05-25T13:28:48.482+0000] {processor.py:829} INFO - Processing file /opt/airflow/dags/data_lake_pipeline.py for tasks to queue
[2026-05-25T13:28:48.483+0000] {logging_mixin.py:151} INFO - [2026-05-25T13:28:48.483+0000] {dagbag.py:539} INFO - Filling up the DagBag from /opt/airflow/dags/data_lake_pipeline.py
[2026-05-25T13:28:48.998+0000] {logging_mixin.py:151} WARNING - None of PyTorch, TensorFlow >= 2.0, or Flax have been found. Models won't be available and only tokenizers, configuration and file/data utilities can be used.
[2026-05-25T13:28:49.031+0000] {processor.py:839} INFO - DAG(s) dict_keys(['data_lake_pipeline']) retrieved from /opt/airflow/dags/data_lake_pipeline.py
[2026-05-25T13:28:49.042+0000] {logging_mixin.py:151} INFO - [2026-05-25T13:28:49.042+0000] {dag.py:2915} INFO - Sync 1 DAGs
[2026-05-25T13:28:49.047+0000] {logging_mixin.py:151} INFO - [2026-05-25T13:28:49.047+0000] {dag.py:3696} INFO - Setting next_dagrun for data_lake_pipeline to None, run_after=None
[2026-05-25T13:28:49.056+0000] {processor.py:179} INFO - Processing /opt/airflow/dags/data_lake_pipeline.py took 0.580 seconds
[2026-05-25T13:29:19.366+0000] {processor.py:157} INFO - Started process (PID=1545) to work on /opt/airflow/dags/data_lake_pipeline.py
[2026-05-25T13:29:19.369+0000] {processor.py:829} INFO - Processing file /opt/airflow/dags/data_lake_pipeline.py for tasks to queue
[2026-05-25T13:29:19.370+0000] {logging_mixin.py:151} INFO - [2026-05-25T13:29:19.369+0000] {dagbag.py:539} INFO - Filling up the DagBag from /opt/airflow/dags/data_lake_pipeline.py
[2026-05-25T13:29:19.862+0000] {logging_mixin.py:151} WARNING - None of PyTorch, TensorFlow >= 2.0, or Flax have been found. Models won't be available and only tokenizers, configuration and file/data utilities can be used.
[2026-05-25T13:29:19.893+0000] {processor.py:839} INFO - DAG(s) dict_keys(['data_lake_pipeline']) retrieved from /opt/airflow/dags/data_lake_pipeline.py
[2026-05-25T13:29:19.903+0000] {logging_mixin.py:151} INFO - [2026-05-25T13:29:19.903+0000] {dag.py:2915} INFO - Sync 1 DAGs
[2026-05-25T13:29:19.908+0000] {logging_mixin.py:151} INFO - [2026-05-25T13:29:19.908+0000] {dag.py:3696} INFO - Setting next_dagrun for data_lake_pipeline to None, run_after=None
[2026-05-25T13:29:19.916+0000] {processor.py:179} INFO - Processing /opt/airflow/dags/data_lake_pipeline.py took 0.554 seconds
[2026-05-25T13:29:50.067+0000] {processor.py:157} INFO - Started process (PID=1554) to work on /opt/airflow/dags/data_lake_pipeline.py
[2026-05-25T13:29:50.070+0000] {processor.py:829} INFO - Processing file /opt/airflow/dags/data_lake_pipeline.py for tasks to queue
[2026-05-25T13:29:50.071+0000] {logging_mixin.py:151} INFO - [2026-05-25T13:29:50.070+0000] {dagbag.py:539} INFO - Filling up the DagBag from /opt/airflow/dags/data_lake_pipeline.py
[2026-05-25T13:29:50.557+0000] {logging_mixin.py:151} WARNING - None of PyTorch, TensorFlow >= 2.0, or Flax have been found. Models won't be available and only tokenizers, configuration and file/data utilities can be used.
[2026-05-25T13:29:50.587+0000] {processor.py:839} INFO - DAG(s) dict_keys(['data_lake_pipeline']) retrieved from /opt/airflow/dags/data_lake_pipeline.py
[2026-05-25T13:29:50.597+0000] {logging_mixin.py:151} INFO - [2026-05-25T13:29:50.596+0000] {dag.py:2915} INFO - Sync 1 DAGs
[2026-05-25T13:29:50.602+0000] {logging_mixin.py:151} INFO - [2026-05-25T13:29:50.602+0000] {dag.py:3696} INFO - Setting next_dagrun for data_lake_pipeline to None, run_after=None
[2026-05-25T13:29:50.609+0000] {processor.py:179} INFO - Processing /opt/airflow/dags/data_lake_pipeline.py took 0.546 seconds
[2026-05-25T13:30:20.952+0000] {processor.py:157} INFO - Started process (PID=1563) to work on /opt/airflow/dags/data_lake_pipeline.py
[2026-05-25T13:30:20.956+0000] {processor.py:829} INFO - Processing file /opt/airflow/dags/data_lake_pipeline.py for tasks to queue
[2026-05-25T13:30:20.957+0000] {logging_mixin.py:151} INFO - [2026-05-25T13:30:20.956+0000] {dagbag.py:539} INFO - Filling up the DagBag from /opt/airflow/dags/data_lake_pipeline.py
[2026-05-25T13:30:21.554+0000] {logging_mixin.py:151} WARNING - None of PyTorch, TensorFlow >= 2.0, or Flax have been found. Models won't be available and only tokenizers, configuration and file/data utilities can be used.
[2026-05-25T13:30:21.585+0000] {processor.py:839} INFO - DAG(s) dict_keys(['data_lake_pipeline']) retrieved from /opt/airflow/dags/data_lake_pipeline.py
[2026-05-25T13:30:21.598+0000] {logging_mixin.py:151} INFO - [2026-05-25T13:30:21.598+0000] {dag.py:2915} INFO - Sync 1 DAGs
[2026-05-25T13:30:21.603+0000] {logging_mixin.py:151} INFO - [2026-05-25T13:30:21.603+0000] {dag.py:3696} INFO - Setting next_dagrun for data_lake_pipeline to None, run_after=None
[2026-05-25T13:30:21.610+0000] {processor.py:179} INFO - Processing /opt/airflow/dags/data_lake_pipeline.py took 0.664 seconds
[2026-05-25T13:30:51.793+0000] {processor.py:157} INFO - Started process (PID=1572) to work on /opt/airflow/dags/data_lake_pipeline.py
[2026-05-25T13:30:51.796+0000] {processor.py:829} INFO - Processing file /opt/airflow/dags/data_lake_pipeline.py for tasks to queue
[2026-05-25T13:30:51.797+0000] {logging_mixin.py:151} INFO - [2026-05-25T13:30:51.797+0000] {dagbag.py:539} INFO - Filling up the DagBag from /opt/airflow/dags/data_lake_pipeline.py
[2026-05-25T13:30:52.345+0000] {logging_mixin.py:151} WARNING - None of PyTorch, TensorFlow >= 2.0, or Flax have been found. Models won't be available and only tokenizers, configuration and file/data utilities can be used.
[2026-05-25T13:30:52.387+0000] {processor.py:839} INFO - DAG(s) dict_keys(['data_lake_pipeline']) retrieved from /opt/airflow/dags/data_lake_pipeline.py
[2026-05-25T13:30:52.399+0000] {logging_mixin.py:151} INFO - [2026-05-25T13:30:52.399+0000] {dag.py:2915} INFO - Sync 1 DAGs
[2026-05-25T13:30:52.404+0000] {logging_mixin.py:151} INFO - [2026-05-25T13:30:52.404+0000] {dag.py:3696} INFO - Setting next_dagrun for data_lake_pipeline to None, run_after=None
[2026-05-25T13:30:52.411+0000] {processor.py:179} INFO - Processing /opt/airflow/dags/data_lake_pipeline.py took 0.623 seconds
[2026-05-25T13:31:22.728+0000] {processor.py:157} INFO - Started process (PID=1581) to work on /opt/airflow/dags/data_lake_pipeline.py
[2026-05-25T13:31:22.731+0000] {processor.py:829} INFO - Processing file /opt/airflow/dags/data_lake_pipeline.py for tasks to queue
[2026-05-25T13:31:22.732+0000] {logging_mixin.py:151} INFO - [2026-05-25T13:31:22.732+0000] {dagbag.py:539} INFO - Filling up the DagBag from /opt/airflow/dags/data_lake_pipeline.py
[2026-05-25T13:31:23.251+0000] {logging_mixin.py:151} WARNING - None of PyTorch, TensorFlow >= 2.0, or Flax have been found. Models won't be available and only tokenizers, configuration and file/data utilities can be used.
[2026-05-25T13:31:23.283+0000] {processor.py:839} INFO - DAG(s) dict_keys(['data_lake_pipeline']) retrieved from /opt/airflow/dags/data_lake_pipeline.py
[2026-05-25T13:31:23.293+0000] {logging_mixin.py:151} INFO - [2026-05-25T13:31:23.293+0000] {dag.py:2915} INFO - Sync 1 DAGs
[2026-05-25T13:31:23.298+0000] {logging_mixin.py:151} INFO - [2026-05-25T13:31:23.298+0000] {dag.py:3696} INFO - Setting next_dagrun for data_lake_pipeline to None, run_after=None
[2026-05-25T13:31:23.305+0000] {processor.py:179} INFO - Processing /opt/airflow/dags/data_lake_pipeline.py took 0.582 seconds
[2026-05-25T13:31:53.464+0000] {processor.py:157} INFO - Started process (PID=1590) to work on /opt/airflow/dags/data_lake_pipeline.py
[2026-05-25T13:31:53.467+0000] {processor.py:829} INFO - Processing file /opt/airflow/dags/data_lake_pipeline.py for tasks to queue
[2026-05-25T13:31:53.468+0000] {logging_mixin.py:151} INFO - [2026-05-25T13:31:53.468+0000] {dagbag.py:539} INFO - Filling up the DagBag from /opt/airflow/dags/data_lake_pipeline.py
[2026-05-25T13:31:54.008+0000] {logging_mixin.py:151} WARNING - None of PyTorch, TensorFlow >= 2.0, or Flax have been found. Models won't be available and only tokenizers, configuration and file/data utilities can be used.
[2026-05-25T13:31:54.039+0000] {processor.py:839} INFO - DAG(s) dict_keys(['data_lake_pipeline']) retrieved from /opt/airflow/dags/data_lake_pipeline.py
[2026-05-25T13:31:54.050+0000] {logging_mixin.py:151} INFO - [2026-05-25T13:31:54.050+0000] {dag.py:2915} INFO - Sync 1 DAGs
[2026-05-25T13:31:54.056+0000] {logging_mixin.py:151} INFO - [2026-05-25T13:31:54.056+0000] {dag.py:3696} INFO - Setting next_dagrun for data_lake_pipeline to None, run_after=None
[2026-05-25T13:31:54.063+0000] {processor.py:179} INFO - Processing /opt/airflow/dags/data_lake_pipeline.py took 0.605 seconds
[2026-05-25T13:32:24.356+0000] {processor.py:157} INFO - Started process (PID=1599) to work on /opt/airflow/dags/data_lake_pipeline.py
[2026-05-25T13:32:24.358+0000] {processor.py:829} INFO - Processing file /opt/airflow/dags/data_lake_pipeline.py for tasks to queue
[2026-05-25T13:32:24.359+0000] {logging_mixin.py:151} INFO - [2026-05-25T13:32:24.359+0000] {dagbag.py:539} INFO - Filling up the DagBag from /opt/airflow/dags/data_lake_pipeline.py
[2026-05-25T13:32:24.911+0000] {logging_mixin.py:151} WARNING - None of PyTorch, TensorFlow >= 2.0, or Flax have been found. Models won't be available and only tokenizers, configuration and file/data utilities can be used.
[2026-05-25T13:32:24.943+0000] {processor.py:839} INFO - DAG(s) dict_keys(['data_lake_pipeline']) retrieved from /opt/airflow/dags/data_lake_pipeline.py
[2026-05-25T13:32:24.955+0000] {logging_mixin.py:151} INFO - [2026-05-25T13:32:24.955+0000] {dag.py:2915} INFO - Sync 1 DAGs
[2026-05-25T13:32:24.961+0000] {logging_mixin.py:151} INFO - [2026-05-25T13:32:24.960+0000] {dag.py:3696} INFO - Setting next_dagrun for data_lake_pipeline to None, run_after=None
[2026-05-25T13:32:24.970+0000] {processor.py:179} INFO - Processing /opt/airflow/dags/data_lake_pipeline.py took 0.621 seconds
[2026-05-25T13:32:55.092+0000] {processor.py:157} INFO - Started process (PID=1608) to work on /opt/airflow/dags/data_lake_pipeline.py
[2026-05-25T13:32:55.094+0000] {processor.py:829} INFO - Processing file /opt/airflow/dags/data_lake_pipeline.py for tasks to queue
[2026-05-25T13:32:55.094+0000] {logging_mixin.py:151} INFO - [2026-05-25T13:32:55.094+0000] {dagbag.py:539} INFO - Filling up the DagBag from /opt/airflow/dags/data_lake_pipeline.py
[2026-05-25T13:32:55.603+0000] {logging_mixin.py:151} WARNING - None of PyTorch, TensorFlow >= 2.0, or Flax have been found. Models won't be available and only tokenizers, configuration and file/data utilities can be used.
[2026-05-25T13:32:55.634+0000] {processor.py:839} INFO - DAG(s) dict_keys(['data_lake_pipeline']) retrieved from /opt/airflow/dags/data_lake_pipeline.py
[2026-05-25T13:32:55.643+0000] {logging_mixin.py:151} INFO - [2026-05-25T13:32:55.643+0000] {dag.py:2915} INFO - Sync 1 DAGs
[2026-05-25T13:32:55.648+0000] {logging_mixin.py:151} INFO - [2026-05-25T13:32:55.648+0000] {dag.py:3696} INFO - Setting next_dagrun for data_lake_pipeline to None, run_after=None
[2026-05-25T13:32:55.655+0000] {processor.py:179} INFO - Processing /opt/airflow/dags/data_lake_pipeline.py took 0.565 seconds
[2026-05-25T13:33:25.928+0000] {processor.py:157} INFO - Started process (PID=1617) to work on /opt/airflow/dags/data_lake_pipeline.py
[2026-05-25T13:33:25.931+0000] {processor.py:829} INFO - Processing file /opt/airflow/dags/data_lake_pipeline.py for tasks to queue
[2026-05-25T13:33:25.932+0000] {logging_mixin.py:151} INFO - [2026-05-25T13:33:25.932+0000] {dagbag.py:539} INFO - Filling up the DagBag from /opt/airflow/dags/data_lake_pipeline.py
[2026-05-25T13:33:26.447+0000] {logging_mixin.py:151} WARNING - None of PyTorch, TensorFlow >= 2.0, or Flax have been found. Models won't be available and only tokenizers, configuration and file/data utilities can be used.
[2026-05-25T13:33:26.478+0000] {processor.py:839} INFO - DAG(s) dict_keys(['data_lake_pipeline']) retrieved from /opt/airflow/dags/data_lake_pipeline.py
[2026-05-25T13:33:26.489+0000] {logging_mixin.py:151} INFO - [2026-05-25T13:33:26.488+0000] {dag.py:2915} INFO - Sync 1 DAGs
[2026-05-25T13:33:26.493+0000] {logging_mixin.py:151} INFO - [2026-05-25T13:33:26.493+0000] {dag.py:3696} INFO - Setting next_dagrun for data_lake_pipeline to None, run_after=None
[2026-05-25T13:33:26.502+0000] {processor.py:179} INFO - Processing /opt/airflow/dags/data_lake_pipeline.py took 0.577 seconds
[2026-05-25T13:33:56.937+0000] {processor.py:157} INFO - Started process (PID=1626) to work on /opt/airflow/dags/data_lake_pipeline.py
[2026-05-25T13:33:56.941+0000] {processor.py:829} INFO - Processing file /opt/airflow/dags/data_lake_pipeline.py for tasks to queue
[2026-05-25T13:33:56.943+0000] {logging_mixin.py:151} INFO - [2026-05-25T13:33:56.942+0000] {dagbag.py:539} INFO - Filling up the DagBag from /opt/airflow/dags/data_lake_pipeline.py
[2026-05-25T13:33:58.134+0000] {logging_mixin.py:151} WARNING - None of PyTorch, TensorFlow >= 2.0, or Flax have been found. Models won't be available and only tokenizers, configuration and file/data utilities can be used.
[2026-05-25T13:33:58.184+0000] {processor.py:839} INFO - DAG(s) dict_keys(['data_lake_pipeline']) retrieved from /opt/airflow/dags/data_lake_pipeline.py
[2026-05-25T13:33:58.200+0000] {logging_mixin.py:151} INFO - [2026-05-25T13:33:58.199+0000] {dag.py:2915} INFO - Sync 1 DAGs
[2026-05-25T13:33:58.206+0000] {logging_mixin.py:151} INFO - [2026-05-25T13:33:58.206+0000] {dag.py:3696} INFO - Setting next_dagrun for data_lake_pipeline to None, run_after=None
[2026-05-25T13:33:58.215+0000] {processor.py:179} INFO - Processing /opt/airflow/dags/data_lake_pipeline.py took 1.284 seconds
[2026-05-25T13:34:28.469+0000] {processor.py:157} INFO - Started process (PID=1635) to work on /opt/airflow/dags/data_lake_pipeline.py
[2026-05-25T13:34:28.473+0000] {processor.py:829} INFO - Processing file /opt/airflow/dags/data_lake_pipeline.py for tasks to queue
[2026-05-25T13:34:28.475+0000] {logging_mixin.py:151} INFO - [2026-05-25T13:34:28.474+0000] {dagbag.py:539} INFO - Filling up the DagBag from /opt/airflow/dags/data_lake_pipeline.py
[2026-05-25T13:34:29.240+0000] {logging_mixin.py:151} WARNING - None of PyTorch, TensorFlow >= 2.0, or Flax have been found. Models won't be available and only tokenizers, configuration and file/data utilities can be used.
[2026-05-25T13:34:29.287+0000] {processor.py:839} INFO - DAG(s) dict_keys(['data_lake_pipeline']) retrieved from /opt/airflow/dags/data_lake_pipeline.py
[2026-05-25T13:34:29.302+0000] {logging_mixin.py:151} INFO - [2026-05-25T13:34:29.302+0000] {dag.py:2915} INFO - Sync 1 DAGs
[2026-05-25T13:34:29.308+0000] {logging_mixin.py:151} INFO - [2026-05-25T13:34:29.308+0000] {dag.py:3696} INFO - Setting next_dagrun for data_lake_pipeline to None, run_after=None
[2026-05-25T13:34:29.316+0000] {processor.py:179} INFO - Processing /opt/airflow/dags/data_lake_pipeline.py took 0.858 seconds
[2026-05-25T13:34:59.457+0000] {processor.py:157} INFO - Started process (PID=1644) to work on /opt/airflow/dags/data_lake_pipeline.py
[2026-05-25T13:34:59.463+0000] {processor.py:829} INFO - Processing file /opt/airflow/dags/data_lake_pipeline.py for tasks to queue
[2026-05-25T13:34:59.468+0000] {logging_mixin.py:151} INFO - [2026-05-25T13:34:59.465+0000] {dagbag.py:539} INFO - Filling up the DagBag from /opt/airflow/dags/data_lake_pipeline.py
[2026-05-25T13:35:00.385+0000] {logging_mixin.py:151} WARNING - None of PyTorch, TensorFlow >= 2.0, or Flax have been found. Models won't be available and only tokenizers, configuration and file/data utilities can be used.
[2026-05-25T13:35:00.428+0000] {processor.py:839} INFO - DAG(s) dict_keys(['data_lake_pipeline']) retrieved from /opt/airflow/dags/data_lake_pipeline.py
[2026-05-25T13:35:00.443+0000] {logging_mixin.py:151} INFO - [2026-05-25T13:35:00.443+0000] {dag.py:2915} INFO - Sync 1 DAGs
[2026-05-25T13:35:00.450+0000] {logging_mixin.py:151} INFO - [2026-05-25T13:35:00.450+0000] {dag.py:3696} INFO - Setting next_dagrun for data_lake_pipeline to None, run_after=None
[2026-05-25T13:35:00.459+0000] {processor.py:179} INFO - Processing /opt/airflow/dags/data_lake_pipeline.py took 1.010 seconds
[2026-05-25T13:35:30.718+0000] {processor.py:157} INFO - Started process (PID=1653) to work on /opt/airflow/dags/data_lake_pipeline.py
[2026-05-25T13:35:30.720+0000] {processor.py:829} INFO - Processing file /opt/airflow/dags/data_lake_pipeline.py for tasks to queue
[2026-05-25T13:35:30.720+0000] {logging_mixin.py:151} INFO - [2026-05-25T13:35:30.720+0000] {dagbag.py:539} INFO - Filling up the DagBag from /opt/airflow/dags/data_lake_pipeline.py
[2026-05-25T13:35:31.261+0000] {logging_mixin.py:151} WARNING - None of PyTorch, TensorFlow >= 2.0, or Flax have been found. Models won't be available and only tokenizers, configuration and file/data utilities can be used.
[2026-05-25T13:35:31.292+0000] {processor.py:839} INFO - DAG(s) dict_keys(['data_lake_pipeline']) retrieved from /opt/airflow/dags/data_lake_pipeline.py
[2026-05-25T13:35:31.303+0000] {logging_mixin.py:151} INFO - [2026-05-25T13:35:31.303+0000] {dag.py:2915} INFO - Sync 1 DAGs
[2026-05-25T13:35:31.308+0000] {logging_mixin.py:151} INFO - [2026-05-25T13:35:31.308+0000] {dag.py:3696} INFO - Setting next_dagrun for data_lake_pipeline to None, run_after=None
[2026-05-25T13:35:31.316+0000] {processor.py:179} INFO - Processing /opt/airflow/dags/data_lake_pipeline.py took 0.601 seconds
[2026-05-25T13:36:01.556+0000] {processor.py:157} INFO - Started process (PID=1662) to work on /opt/airflow/dags/data_lake_pipeline.py
[2026-05-25T13:36:01.560+0000] {processor.py:829} INFO - Processing file /opt/airflow/dags/data_lake_pipeline.py for tasks to queue
[2026-05-25T13:36:01.561+0000] {logging_mixin.py:151} INFO - [2026-05-25T13:36:01.561+0000] {dagbag.py:539} INFO - Filling up the DagBag from /opt/airflow/dags/data_lake_pipeline.py
[2026-05-25T13:36:02.195+0000] {logging_mixin.py:151} WARNING - None of PyTorch, TensorFlow >= 2.0, or Flax have been found. Models won't be available and only tokenizers, configuration and file/data utilities can be used.
[2026-05-25T13:36:02.227+0000] {processor.py:839} INFO - DAG(s) dict_keys(['data_lake_pipeline']) retrieved from /opt/airflow/dags/data_lake_pipeline.py
[2026-05-25T13:36:02.239+0000] {logging_mixin.py:151} INFO - [2026-05-25T13:36:02.239+0000] {dag.py:2915} INFO - Sync 1 DAGs
[2026-05-25T13:36:02.245+0000] {logging_mixin.py:151} INFO - [2026-05-25T13:36:02.245+0000] {dag.py:3696} INFO - Setting next_dagrun for data_lake_pipeline to None, run_after=None
[2026-05-25T13:36:02.252+0000] {processor.py:179} INFO - Processing /opt/airflow/dags/data_lake_pipeline.py took 0.703 seconds
[2026-05-25T13:36:32.514+0000] {processor.py:157} INFO - Started process (PID=1671) to work on /opt/airflow/dags/data_lake_pipeline.py
[2026-05-25T13:36:32.517+0000] {processor.py:829} INFO - Processing file /opt/airflow/dags/data_lake_pipeline.py for tasks to queue
[2026-05-25T13:36:32.518+0000] {logging_mixin.py:151} INFO - [2026-05-25T13:36:32.518+0000] {dagbag.py:539} INFO - Filling up the DagBag from /opt/airflow/dags/data_lake_pipeline.py
[2026-05-25T13:36:33.086+0000] {logging_mixin.py:151} WARNING - None of PyTorch, TensorFlow >= 2.0, or Flax have been found. Models won't be available and only tokenizers, configuration and file/data utilities can be used.
[2026-05-25T13:36:33.130+0000] {processor.py:839} INFO - DAG(s) dict_keys(['data_lake_pipeline']) retrieved from /opt/airflow/dags/data_lake_pipeline.py
[2026-05-25T13:36:33.144+0000] {logging_mixin.py:151} INFO - [2026-05-25T13:36:33.143+0000] {dag.py:2915} INFO - Sync 1 DAGs
[2026-05-25T13:36:33.150+0000] {logging_mixin.py:151} INFO - [2026-05-25T13:36:33.150+0000] {dag.py:3696} INFO - Setting next_dagrun for data_lake_pipeline to None, run_after=None
[2026-05-25T13:36:33.160+0000] {processor.py:179} INFO - Processing /opt/airflow/dags/data_lake_pipeline.py took 0.650 seconds
[2026-05-25T13:37:03.402+0000] {processor.py:157} INFO - Started process (PID=1680) to work on /opt/airflow/dags/data_lake_pipeline.py
[2026-05-25T13:37:03.404+0000] {processor.py:829} INFO - Processing file /opt/airflow/dags/data_lake_pipeline.py for tasks to queue
[2026-05-25T13:37:03.406+0000] {logging_mixin.py:151} INFO - [2026-05-25T13:37:03.405+0000] {dagbag.py:539} INFO - Filling up the DagBag from /opt/airflow/dags/data_lake_pipeline.py
[2026-05-25T13:37:04.023+0000] {logging_mixin.py:151} WARNING - None of PyTorch, TensorFlow >= 2.0, or Flax have been found. Models won't be available and only tokenizers, configuration and file/data utilities can be used.
[2026-05-25T13:37:04.064+0000] {processor.py:839} INFO - DAG(s) dict_keys(['data_lake_pipeline']) retrieved from /opt/airflow/dags/data_lake_pipeline.py
[2026-05-25T13:37:04.083+0000] {logging_mixin.py:151} INFO - [2026-05-25T13:37:04.082+0000] {dag.py:2915} INFO - Sync 1 DAGs
[2026-05-25T13:37:04.090+0000] {logging_mixin.py:151} INFO - [2026-05-25T13:37:04.090+0000] {dag.py:3696} INFO - Setting next_dagrun for data_lake_pipeline to None, run_after=None
[2026-05-25T13:37:04.109+0000] {processor.py:179} INFO - Processing /opt/airflow/dags/data_lake_pipeline.py took 0.713 seconds
[2026-05-25T13:37:34.345+0000] {processor.py:157} INFO - Started process (PID=1689) to work on /opt/airflow/dags/data_lake_pipeline.py
[2026-05-25T13:37:34.349+0000] {processor.py:829} INFO - Processing file /opt/airflow/dags/data_lake_pipeline.py for tasks to queue
[2026-05-25T13:37:34.349+0000] {logging_mixin.py:151} INFO - [2026-05-25T13:37:34.349+0000] {dagbag.py:539} INFO - Filling up the DagBag from /opt/airflow/dags/data_lake_pipeline.py
[2026-05-25T13:37:34.943+0000] {logging_mixin.py:151} WARNING - None of PyTorch, TensorFlow >= 2.0, or Flax have been found. Models won't be available and only tokenizers, configuration and file/data utilities can be used.
[2026-05-25T13:37:34.974+0000] {processor.py:839} INFO - DAG(s) dict_keys(['data_lake_pipeline']) retrieved from /opt/airflow/dags/data_lake_pipeline.py
[2026-05-25T13:37:34.986+0000] {logging_mixin.py:151} INFO - [2026-05-25T13:37:34.986+0000] {dag.py:2915} INFO - Sync 1 DAGs
[2026-05-25T13:37:34.991+0000] {logging_mixin.py:151} INFO - [2026-05-25T13:37:34.991+0000] {dag.py:3696} INFO - Setting next_dagrun for data_lake_pipeline to None, run_after=None
[2026-05-25T13:37:34.999+0000] {processor.py:179} INFO - Processing /opt/airflow/dags/data_lake_pipeline.py took 0.661 seconds
[2026-05-25T13:38:05.254+0000] {processor.py:157} INFO - Started process (PID=1698) to work on /opt/airflow/dags/data_lake_pipeline.py
[2026-05-25T13:38:05.257+0000] {processor.py:829} INFO - Processing file /opt/airflow/dags/data_lake_pipeline.py for tasks to queue
[2026-05-25T13:38:05.257+0000] {logging_mixin.py:151} INFO - [2026-05-25T13:38:05.257+0000] {dagbag.py:539} INFO - Filling up the DagBag from /opt/airflow/dags/data_lake_pipeline.py
[2026-05-25T13:38:05.753+0000] {logging_mixin.py:151} WARNING - None of PyTorch, TensorFlow >= 2.0, or Flax have been found. Models won't be available and only tokenizers, configuration and file/data utilities can be used.
[2026-05-25T13:38:05.793+0000] {processor.py:839} INFO - DAG(s) dict_keys(['data_lake_pipeline']) retrieved from /opt/airflow/dags/data_lake_pipeline.py
[2026-05-25T13:38:05.803+0000] {logging_mixin.py:151} INFO - [2026-05-25T13:38:05.803+0000] {dag.py:2915} INFO - Sync 1 DAGs
[2026-05-25T13:38:05.809+0000] {logging_mixin.py:151} INFO - [2026-05-25T13:38:05.809+0000] {dag.py:3696} INFO - Setting next_dagrun for data_lake_pipeline to None, run_after=None
[2026-05-25T13:38:05.816+0000] {processor.py:179} INFO - Processing /opt/airflow/dags/data_lake_pipeline.py took 0.565 seconds
[2026-05-25T13:38:22.371+0000] {processor.py:157} INFO - Started process (PID=1707) to work on /opt/airflow/dags/data_lake_pipeline.py
[2026-05-25T13:38:22.373+0000] {processor.py:829} INFO - Processing file /opt/airflow/dags/data_lake_pipeline.py for tasks to queue
[2026-05-25T13:38:22.373+0000] {logging_mixin.py:151} INFO - [2026-05-25T13:38:22.373+0000] {dagbag.py:539} INFO - Filling up the DagBag from /opt/airflow/dags/data_lake_pipeline.py
[2026-05-25T13:38:22.904+0000] {logging_mixin.py:151} WARNING - None of PyTorch, TensorFlow >= 2.0, or Flax have been found. Models won't be available and only tokenizers, configuration and file/data utilities can be used.
[2026-05-25T13:38:22.934+0000] {processor.py:839} INFO - DAG(s) dict_keys(['data_lake_pipeline']) retrieved from /opt/airflow/dags/data_lake_pipeline.py
[2026-05-25T13:38:22.945+0000] {logging_mixin.py:151} INFO - [2026-05-25T13:38:22.945+0000] {dag.py:2915} INFO - Sync 1 DAGs
[2026-05-25T13:38:22.950+0000] {logging_mixin.py:151} INFO - [2026-05-25T13:38:22.950+0000] {dag.py:3696} INFO - Setting next_dagrun for data_lake_pipeline to None, run_after=None
[2026-05-25T13:38:22.959+0000] {processor.py:179} INFO - Processing /opt/airflow/dags/data_lake_pipeline.py took 0.590 seconds
[2026-05-25T13:38:29.024+0000] {processor.py:157} INFO - Started process (PID=1716) to work on /opt/airflow/dags/data_lake_pipeline.py
[2026-05-25T13:38:29.026+0000] {processor.py:829} INFO - Processing file /opt/airflow/dags/data_lake_pipeline.py for tasks to queue
[2026-05-25T13:38:29.027+0000] {logging_mixin.py:151} INFO - [2026-05-25T13:38:29.026+0000] {dagbag.py:539} INFO - Filling up the DagBag from /opt/airflow/dags/data_lake_pipeline.py
[2026-05-25T13:38:29.595+0000] {logging_mixin.py:151} WARNING - None of PyTorch, TensorFlow >= 2.0, or Flax have been found. Models won't be available and only tokenizers, configuration and file/data utilities can be used.
[2026-05-25T13:38:29.628+0000] {processor.py:839} INFO - DAG(s) dict_keys(['data_lake_pipeline']) retrieved from /opt/airflow/dags/data_lake_pipeline.py
[2026-05-25T13:38:29.642+0000] {logging_mixin.py:151} INFO - [2026-05-25T13:38:29.642+0000] {dag.py:2915} INFO - Sync 1 DAGs
[2026-05-25T13:38:29.647+0000] {logging_mixin.py:151} INFO - [2026-05-25T13:38:29.647+0000] {dag.py:3696} INFO - Setting next_dagrun for data_lake_pipeline to None, run_after=None
[2026-05-25T13:38:29.657+0000] {processor.py:179} INFO - Processing /opt/airflow/dags/data_lake_pipeline.py took 0.638 seconds
[2026-05-25T13:38:57.904+0000] {processor.py:157} INFO - Started process (PID=1725) to work on /opt/airflow/dags/data_lake_pipeline.py
[2026-05-25T13:38:57.906+0000] {processor.py:829} INFO - Processing file /opt/airflow/dags/data_lake_pipeline.py for tasks to queue
[2026-05-25T13:38:57.907+0000] {logging_mixin.py:151} INFO - [2026-05-25T13:38:57.906+0000] {dagbag.py:539} INFO - Filling up the DagBag from /opt/airflow/dags/data_lake_pipeline.py
[2026-05-25T13:38:58.518+0000] {logging_mixin.py:151} WARNING - None of PyTorch, TensorFlow >= 2.0, or Flax have been found. Models won't be available and only tokenizers, configuration and file/data utilities can be used.
[2026-05-25T13:38:58.553+0000] {processor.py:839} INFO - DAG(s) dict_keys(['data_lake_pipeline']) retrieved from /opt/airflow/dags/data_lake_pipeline.py
[2026-05-25T13:38:58.565+0000] {logging_mixin.py:151} INFO - [2026-05-25T13:38:58.565+0000] {dag.py:2915} INFO - Sync 1 DAGs
[2026-05-25T13:38:58.570+0000] {logging_mixin.py:151} INFO - [2026-05-25T13:38:58.570+0000] {dag.py:3696} INFO - Setting next_dagrun for data_lake_pipeline to None, run_after=None
[2026-05-25T13:38:58.579+0000] {processor.py:179} INFO - Processing /opt/airflow/dags/data_lake_pipeline.py took 0.682 seconds
[2026-05-25T13:39:28.840+0000] {processor.py:157} INFO - Started process (PID=1734) to work on /opt/airflow/dags/data_lake_pipeline.py
[2026-05-25T13:39:28.844+0000] {processor.py:829} INFO - Processing file /opt/airflow/dags/data_lake_pipeline.py for tasks to queue
[2026-05-25T13:39:28.845+0000] {logging_mixin.py:151} INFO - [2026-05-25T13:39:28.845+0000] {dagbag.py:539} INFO - Filling up the DagBag from /opt/airflow/dags/data_lake_pipeline.py
[2026-05-25T13:39:29.679+0000] {logging_mixin.py:151} WARNING - None of PyTorch, TensorFlow >= 2.0, or Flax have been found. Models won't be available and only tokenizers, configuration and file/data utilities can be used.
[2026-05-25T13:39:29.727+0000] {processor.py:839} INFO - DAG(s) dict_keys(['data_lake_pipeline']) retrieved from /opt/airflow/dags/data_lake_pipeline.py
[2026-05-25T13:39:29.742+0000] {logging_mixin.py:151} INFO - [2026-05-25T13:39:29.742+0000] {dag.py:2915} INFO - Sync 1 DAGs
[2026-05-25T13:39:29.748+0000] {logging_mixin.py:151} INFO - [2026-05-25T13:39:29.748+0000] {dag.py:3696} INFO - Setting next_dagrun for data_lake_pipeline to None, run_after=None
[2026-05-25T13:39:29.758+0000] {processor.py:179} INFO - Processing /opt/airflow/dags/data_lake_pipeline.py took 0.924 seconds
[2026-05-25T13:40:00.028+0000] {processor.py:157} INFO - Started process (PID=1743) to work on /opt/airflow/dags/data_lake_pipeline.py
[2026-05-25T13:40:00.035+0000] {processor.py:829} INFO - Processing file /opt/airflow/dags/data_lake_pipeline.py for tasks to queue
[2026-05-25T13:40:00.036+0000] {logging_mixin.py:151} INFO - [2026-05-25T13:40:00.036+0000] {dagbag.py:539} INFO - Filling up the DagBag from /opt/airflow/dags/data_lake_pipeline.py
[2026-05-25T13:40:00.796+0000] {logging_mixin.py:151} WARNING - None of PyTorch, TensorFlow >= 2.0, or Flax have been found. Models won't be available and only tokenizers, configuration and file/data utilities can be used.
[2026-05-25T13:40:00.846+0000] {processor.py:839} INFO - DAG(s) dict_keys(['data_lake_pipeline']) retrieved from /opt/airflow/dags/data_lake_pipeline.py
[2026-05-25T13:40:00.864+0000] {logging_mixin.py:151} INFO - [2026-05-25T13:40:00.864+0000] {dag.py:2915} INFO - Sync 1 DAGs
[2026-05-25T13:40:00.871+0000] {logging_mixin.py:151} INFO - [2026-05-25T13:40:00.871+0000] {dag.py:3696} INFO - Setting next_dagrun for data_lake_pipeline to None, run_after=None
[2026-05-25T13:40:00.879+0000] {processor.py:179} INFO - Processing /opt/airflow/dags/data_lake_pipeline.py took 0.856 seconds
[2026-05-25T13:40:31.036+0000] {processor.py:157} INFO - Started process (PID=1752) to work on /opt/airflow/dags/data_lake_pipeline.py
[2026-05-25T13:40:31.041+0000] {processor.py:829} INFO - Processing file /opt/airflow/dags/data_lake_pipeline.py for tasks to queue
[2026-05-25T13:40:31.042+0000] {logging_mixin.py:151} INFO - [2026-05-25T13:40:31.041+0000] {dagbag.py:539} INFO - Filling up the DagBag from /opt/airflow/dags/data_lake_pipeline.py
[2026-05-25T13:40:31.539+0000] {logging_mixin.py:151} WARNING - None of PyTorch, TensorFlow >= 2.0, or Flax have been found. Models won't be available and only tokenizers, configuration and file/data utilities can be used.
[2026-05-25T13:40:31.573+0000] {processor.py:839} INFO - DAG(s) dict_keys(['data_lake_pipeline']) retrieved from /opt/airflow/dags/data_lake_pipeline.py
[2026-05-25T13:40:31.585+0000] {logging_mixin.py:151} INFO - [2026-05-25T13:40:31.585+0000] {dag.py:2915} INFO - Sync 1 DAGs
[2026-05-25T13:40:31.590+0000] {logging_mixin.py:151} INFO - [2026-05-25T13:40:31.590+0000] {dag.py:3696} INFO - Setting next_dagrun for data_lake_pipeline to None, run_after=None
[2026-05-25T13:40:31.599+0000] {processor.py:179} INFO - Processing /opt/airflow/dags/data_lake_pipeline.py took 0.567 seconds
[2026-05-25T13:41:01.903+0000] {processor.py:157} INFO - Started process (PID=1761) to work on /opt/airflow/dags/data_lake_pipeline.py
[2026-05-25T13:41:01.906+0000] {processor.py:829} INFO - Processing file /opt/airflow/dags/data_lake_pipeline.py for tasks to queue
[2026-05-25T13:41:01.908+0000] {logging_mixin.py:151} INFO - [2026-05-25T13:41:01.908+0000] {dagbag.py:539} INFO - Filling up the DagBag from /opt/airflow/dags/data_lake_pipeline.py
[2026-05-25T13:41:02.529+0000] {logging_mixin.py:151} WARNING - None of PyTorch, TensorFlow >= 2.0, or Flax have been found. Models won't be available and only tokenizers, configuration and file/data utilities can be used.
[2026-05-25T13:41:02.570+0000] {processor.py:839} INFO - DAG(s) dict_keys(['data_lake_pipeline']) retrieved from /opt/airflow/dags/data_lake_pipeline.py
[2026-05-25T13:41:02.582+0000] {logging_mixin.py:151} INFO - [2026-05-25T13:41:02.582+0000] {dag.py:2915} INFO - Sync 1 DAGs
[2026-05-25T13:41:02.587+0000] {logging_mixin.py:151} INFO - [2026-05-25T13:41:02.587+0000] {dag.py:3696} INFO - Setting next_dagrun for data_lake_pipeline to None, run_after=None
[2026-05-25T13:41:02.595+0000] {processor.py:179} INFO - Processing /opt/airflow/dags/data_lake_pipeline.py took 0.699 seconds
[2026-05-25T13:41:32.894+0000] {processor.py:157} INFO - Started process (PID=1770) to work on /opt/airflow/dags/data_lake_pipeline.py
[2026-05-25T13:41:32.897+0000] {processor.py:829} INFO - Processing file /opt/airflow/dags/data_lake_pipeline.py for tasks to queue
[2026-05-25T13:41:32.898+0000] {logging_mixin.py:151} INFO - [2026-05-25T13:41:32.898+0000] {dagbag.py:539} INFO - Filling up the DagBag from /opt/airflow/dags/data_lake_pipeline.py
[2026-05-25T13:41:33.414+0000] {logging_mixin.py:151} WARNING - None of PyTorch, TensorFlow >= 2.0, or Flax have been found. Models won't be available and only tokenizers, configuration and file/data utilities can be used.
[2026-05-25T13:41:33.445+0000] {processor.py:839} INFO - DAG(s) dict_keys(['data_lake_pipeline']) retrieved from /opt/airflow/dags/data_lake_pipeline.py
[2026-05-25T13:41:33.456+0000] {logging_mixin.py:151} INFO - [2026-05-25T13:41:33.455+0000] {dag.py:2915} INFO - Sync 1 DAGs
[2026-05-25T13:41:33.461+0000] {logging_mixin.py:151} INFO - [2026-05-25T13:41:33.461+0000] {dag.py:3696} INFO - Setting next_dagrun for data_lake_pipeline to None, run_after=None
[2026-05-25T13:41:33.471+0000] {processor.py:179} INFO - Processing /opt/airflow/dags/data_lake_pipeline.py took 0.581 seconds
[2026-05-25T13:42:03.773+0000] {processor.py:157} INFO - Started process (PID=1779) to work on /opt/airflow/dags/data_lake_pipeline.py
[2026-05-25T13:42:03.776+0000] {processor.py:829} INFO - Processing file /opt/airflow/dags/data_lake_pipeline.py for tasks to queue
[2026-05-25T13:42:03.778+0000] {logging_mixin.py:151} INFO - [2026-05-25T13:42:03.777+0000] {dagbag.py:539} INFO - Filling up the DagBag from /opt/airflow/dags/data_lake_pipeline.py
[2026-05-25T13:42:04.395+0000] {logging_mixin.py:151} WARNING - None of PyTorch, TensorFlow >= 2.0, or Flax have been found. Models won't be available and only tokenizers, configuration and file/data utilities can be used.
[2026-05-25T13:42:04.436+0000] {processor.py:839} INFO - DAG(s) dict_keys(['data_lake_pipeline']) retrieved from /opt/airflow/dags/data_lake_pipeline.py
[2026-05-25T13:42:04.448+0000] {logging_mixin.py:151} INFO - [2026-05-25T13:42:04.447+0000] {dag.py:2915} INFO - Sync 1 DAGs
[2026-05-25T13:42:04.453+0000] {logging_mixin.py:151} INFO - [2026-05-25T13:42:04.453+0000] {dag.py:3696} INFO - Setting next_dagrun for data_lake_pipeline to None, run_after=None
[2026-05-25T13:42:04.463+0000] {processor.py:179} INFO - Processing /opt/airflow/dags/data_lake_pipeline.py took 0.696 seconds
[2026-05-25T13:42:34.757+0000] {processor.py:157} INFO - Started process (PID=1788) to work on /opt/airflow/dags/data_lake_pipeline.py
[2026-05-25T13:42:34.762+0000] {processor.py:829} INFO - Processing file /opt/airflow/dags/data_lake_pipeline.py for tasks to queue
[2026-05-25T13:42:34.763+0000] {logging_mixin.py:151} INFO - [2026-05-25T13:42:34.763+0000] {dagbag.py:539} INFO - Filling up the DagBag from /opt/airflow/dags/data_lake_pipeline.py
[2026-05-25T13:42:35.367+0000] {logging_mixin.py:151} WARNING - None of PyTorch, TensorFlow >= 2.0, or Flax have been found. Models won't be available and only tokenizers, configuration and file/data utilities can be used.
[2026-05-25T13:42:35.406+0000] {processor.py:839} INFO - DAG(s) dict_keys(['data_lake_pipeline']) retrieved from /opt/airflow/dags/data_lake_pipeline.py
[2026-05-25T13:42:35.419+0000] {logging_mixin.py:151} INFO - [2026-05-25T13:42:35.418+0000] {dag.py:2915} INFO - Sync 1 DAGs
[2026-05-25T13:42:35.424+0000] {logging_mixin.py:151} INFO - [2026-05-25T13:42:35.424+0000] {dag.py:3696} INFO - Setting next_dagrun for data_lake_pipeline to None, run_after=None
[2026-05-25T13:42:35.431+0000] {processor.py:179} INFO - Processing /opt/airflow/dags/data_lake_pipeline.py took 0.684 seconds
[2026-05-25T13:43:05.649+0000] {processor.py:157} INFO - Started process (PID=1797) to work on /opt/airflow/dags/data_lake_pipeline.py
[2026-05-25T13:43:05.652+0000] {processor.py:829} INFO - Processing file /opt/airflow/dags/data_lake_pipeline.py for tasks to queue
[2026-05-25T13:43:05.653+0000] {logging_mixin.py:151} INFO - [2026-05-25T13:43:05.653+0000] {dagbag.py:539} INFO - Filling up the DagBag from /opt/airflow/dags/data_lake_pipeline.py
[2026-05-25T13:43:06.434+0000] {logging_mixin.py:151} WARNING - None of PyTorch, TensorFlow >= 2.0, or Flax have been found. Models won't be available and only tokenizers, configuration and file/data utilities can be used.
[2026-05-25T13:43:06.482+0000] {processor.py:839} INFO - DAG(s) dict_keys(['data_lake_pipeline']) retrieved from /opt/airflow/dags/data_lake_pipeline.py
[2026-05-25T13:43:06.495+0000] {logging_mixin.py:151} INFO - [2026-05-25T13:43:06.495+0000] {dag.py:2915} INFO - Sync 1 DAGs
[2026-05-25T13:43:06.505+0000] {logging_mixin.py:151} INFO - [2026-05-25T13:43:06.505+0000] {dag.py:3696} INFO - Setting next_dagrun for data_lake_pipeline to None, run_after=None
[2026-05-25T13:43:06.518+0000] {processor.py:179} INFO - Processing /opt/airflow/dags/data_lake_pipeline.py took 0.876 seconds
[2026-05-25T13:43:23.699+0000] {processor.py:157} INFO - Started process (PID=1806) to work on /opt/airflow/dags/data_lake_pipeline.py
[2026-05-25T13:43:23.703+0000] {processor.py:829} INFO - Processing file /opt/airflow/dags/data_lake_pipeline.py for tasks to queue
[2026-05-25T13:43:23.706+0000] {logging_mixin.py:151} INFO - [2026-05-25T13:43:23.706+0000] {dagbag.py:539} INFO - Filling up the DagBag from /opt/airflow/dags/data_lake_pipeline.py
[2026-05-25T13:43:24.265+0000] {logging_mixin.py:151} WARNING - None of PyTorch, TensorFlow >= 2.0, or Flax have been found. Models won't be available and only tokenizers, configuration and file/data utilities can be used.
[2026-05-25T13:43:24.299+0000] {processor.py:839} INFO - DAG(s) dict_keys(['data_lake_pipeline']) retrieved from /opt/airflow/dags/data_lake_pipeline.py
[2026-05-25T13:43:24.311+0000] {logging_mixin.py:151} INFO - [2026-05-25T13:43:24.311+0000] {dag.py:2915} INFO - Sync 1 DAGs
[2026-05-25T13:43:24.317+0000] {logging_mixin.py:151} INFO - [2026-05-25T13:43:24.317+0000] {dag.py:3696} INFO - Setting next_dagrun for data_lake_pipeline to None, run_after=None
[2026-05-25T13:43:24.327+0000] {processor.py:179} INFO - Processing /opt/airflow/dags/data_lake_pipeline.py took 0.633 seconds
[2026-05-25T13:43:27.368+0000] {processor.py:157} INFO - Started process (PID=1815) to work on /opt/airflow/dags/data_lake_pipeline.py
[2026-05-25T13:43:27.371+0000] {processor.py:829} INFO - Processing file /opt/airflow/dags/data_lake_pipeline.py for tasks to queue
[2026-05-25T13:43:27.372+0000] {logging_mixin.py:151} INFO - [2026-05-25T13:43:27.371+0000] {dagbag.py:539} INFO - Filling up the DagBag from /opt/airflow/dags/data_lake_pipeline.py
[2026-05-25T13:43:27.378+0000] {logging_mixin.py:151} INFO - [2026-05-25T13:43:27.376+0000] {dagbag.py:347} ERROR - Failed to import: /opt/airflow/dags/data_lake_pipeline.py
Traceback (most recent call last):
  File "/home/airflow/.local/lib/python3.8/site-packages/airflow/models/dagbag.py", line 343, in parse
    loader.exec_module(new_module)
  File "<frozen importlib._bootstrap_external>", line 839, in exec_module
  File "<frozen importlib._bootstrap_external>", line 976, in get_code
  File "<frozen importlib._bootstrap_external>", line 906, in source_to_code
  File "<frozen importlib._bootstrap>", line 219, in _call_with_frames_removed
  File "/opt/airflow/dags/data_lake_pipeline.py", line 121
    return
    ^
SyntaxError: invalid syntax
[2026-05-25T13:43:27.379+0000] {processor.py:841} WARNING - No viable dags retrieved from /opt/airflow/dags/data_lake_pipeline.py
[2026-05-25T13:43:27.399+0000] {processor.py:179} INFO - Processing /opt/airflow/dags/data_lake_pipeline.py took 0.035 seconds
[2026-05-25T13:43:29.386+0000] {processor.py:157} INFO - Started process (PID=1820) to work on /opt/airflow/dags/data_lake_pipeline.py
[2026-05-25T13:43:29.387+0000] {processor.py:829} INFO - Processing file /opt/airflow/dags/data_lake_pipeline.py for tasks to queue
[2026-05-25T13:43:29.388+0000] {logging_mixin.py:151} INFO - [2026-05-25T13:43:29.387+0000] {dagbag.py:539} INFO - Filling up the DagBag from /opt/airflow/dags/data_lake_pipeline.py
[2026-05-25T13:43:29.998+0000] {logging_mixin.py:151} WARNING - None of PyTorch, TensorFlow >= 2.0, or Flax have been found. Models won't be available and only tokenizers, configuration and file/data utilities can be used.
[2026-05-25T13:43:30.032+0000] {processor.py:839} INFO - DAG(s) dict_keys(['data_lake_pipeline']) retrieved from /opt/airflow/dags/data_lake_pipeline.py
[2026-05-25T13:43:30.043+0000] {logging_mixin.py:151} INFO - [2026-05-25T13:43:30.043+0000] {dag.py:2915} INFO - Sync 1 DAGs
[2026-05-25T13:43:30.049+0000] {logging_mixin.py:151} INFO - [2026-05-25T13:43:30.049+0000] {dag.py:3696} INFO - Setting next_dagrun for data_lake_pipeline to None, run_after=None
[2026-05-25T13:43:30.059+0000] {processor.py:179} INFO - Processing /opt/airflow/dags/data_lake_pipeline.py took 0.675 seconds
[2026-05-25T13:44:00.330+0000] {processor.py:157} INFO - Started process (PID=1858) to work on /opt/airflow/dags/data_lake_pipeline.py
[2026-05-25T13:44:00.333+0000] {processor.py:829} INFO - Processing file /opt/airflow/dags/data_lake_pipeline.py for tasks to queue
[2026-05-25T13:44:00.334+0000] {logging_mixin.py:151} INFO - [2026-05-25T13:44:00.333+0000] {dagbag.py:539} INFO - Filling up the DagBag from /opt/airflow/dags/data_lake_pipeline.py
[2026-05-25T13:44:01.177+0000] {logging_mixin.py:151} WARNING - None of PyTorch, TensorFlow >= 2.0, or Flax have been found. Models won't be available and only tokenizers, configuration and file/data utilities can be used.
[2026-05-25T13:44:01.222+0000] {processor.py:839} INFO - DAG(s) dict_keys(['data_lake_pipeline']) retrieved from /opt/airflow/dags/data_lake_pipeline.py
[2026-05-25T13:44:01.238+0000] {logging_mixin.py:151} INFO - [2026-05-25T13:44:01.237+0000] {dag.py:2915} INFO - Sync 1 DAGs
[2026-05-25T13:44:01.246+0000] {logging_mixin.py:151} INFO - [2026-05-25T13:44:01.246+0000] {dag.py:3696} INFO - Setting next_dagrun for data_lake_pipeline to None, run_after=None
[2026-05-25T13:44:01.255+0000] {processor.py:179} INFO - Processing /opt/airflow/dags/data_lake_pipeline.py took 0.929 seconds
[2026-05-25T13:44:31.510+0000] {processor.py:157} INFO - Started process (PID=1879) to work on /opt/airflow/dags/data_lake_pipeline.py
[2026-05-25T13:44:31.515+0000] {processor.py:829} INFO - Processing file /opt/airflow/dags/data_lake_pipeline.py for tasks to queue
[2026-05-25T13:44:31.516+0000] {logging_mixin.py:151} INFO - [2026-05-25T13:44:31.516+0000] {dagbag.py:539} INFO - Filling up the DagBag from /opt/airflow/dags/data_lake_pipeline.py
[2026-05-25T13:44:32.150+0000] {logging_mixin.py:151} WARNING - None of PyTorch, TensorFlow >= 2.0, or Flax have been found. Models won't be available and only tokenizers, configuration and file/data utilities can be used.
[2026-05-25T13:44:32.194+0000] {processor.py:839} INFO - DAG(s) dict_keys(['data_lake_pipeline']) retrieved from /opt/airflow/dags/data_lake_pipeline.py
[2026-05-25T13:44:32.213+0000] {logging_mixin.py:151} INFO - [2026-05-25T13:44:32.212+0000] {dag.py:2915} INFO - Sync 1 DAGs
[2026-05-25T13:44:32.218+0000] {logging_mixin.py:151} INFO - [2026-05-25T13:44:32.218+0000] {dag.py:3696} INFO - Setting next_dagrun for data_lake_pipeline to None, run_after=None
[2026-05-25T13:44:32.227+0000] {processor.py:179} INFO - Processing /opt/airflow/dags/data_lake_pipeline.py took 0.723 seconds
[2026-05-25T13:45:02.478+0000] {processor.py:157} INFO - Started process (PID=1888) to work on /opt/airflow/dags/data_lake_pipeline.py
[2026-05-25T13:45:02.481+0000] {processor.py:829} INFO - Processing file /opt/airflow/dags/data_lake_pipeline.py for tasks to queue
[2026-05-25T13:45:02.482+0000] {logging_mixin.py:151} INFO - [2026-05-25T13:45:02.481+0000] {dagbag.py:539} INFO - Filling up the DagBag from /opt/airflow/dags/data_lake_pipeline.py
[2026-05-25T13:45:03.194+0000] {logging_mixin.py:151} WARNING - None of PyTorch, TensorFlow >= 2.0, or Flax have been found. Models won't be available and only tokenizers, configuration and file/data utilities can be used.
[2026-05-25T13:45:03.241+0000] {processor.py:839} INFO - DAG(s) dict_keys(['data_lake_pipeline']) retrieved from /opt/airflow/dags/data_lake_pipeline.py
[2026-05-25T13:45:03.258+0000] {logging_mixin.py:151} INFO - [2026-05-25T13:45:03.257+0000] {dag.py:2915} INFO - Sync 1 DAGs
[2026-05-25T13:45:03.263+0000] {logging_mixin.py:151} INFO - [2026-05-25T13:45:03.263+0000] {dag.py:3696} INFO - Setting next_dagrun for data_lake_pipeline to None, run_after=None
[2026-05-25T13:45:03.273+0000] {processor.py:179} INFO - Processing /opt/airflow/dags/data_lake_pipeline.py took 0.801 seconds
[2026-05-25T13:45:33.481+0000] {processor.py:157} INFO - Started process (PID=1897) to work on /opt/airflow/dags/data_lake_pipeline.py
[2026-05-25T13:45:33.483+0000] {processor.py:829} INFO - Processing file /opt/airflow/dags/data_lake_pipeline.py for tasks to queue
[2026-05-25T13:45:33.485+0000] {logging_mixin.py:151} INFO - [2026-05-25T13:45:33.484+0000] {dagbag.py:539} INFO - Filling up the DagBag from /opt/airflow/dags/data_lake_pipeline.py
[2026-05-25T13:45:34.069+0000] {logging_mixin.py:151} WARNING - None of PyTorch, TensorFlow >= 2.0, or Flax have been found. Models won't be available and only tokenizers, configuration and file/data utilities can be used.
[2026-05-25T13:45:34.111+0000] {processor.py:839} INFO - DAG(s) dict_keys(['data_lake_pipeline']) retrieved from /opt/airflow/dags/data_lake_pipeline.py
[2026-05-25T13:45:34.123+0000] {logging_mixin.py:151} INFO - [2026-05-25T13:45:34.123+0000] {dag.py:2915} INFO - Sync 1 DAGs
[2026-05-25T13:45:34.128+0000] {logging_mixin.py:151} INFO - [2026-05-25T13:45:34.128+0000] {dag.py:3696} INFO - Setting next_dagrun for data_lake_pipeline to None, run_after=None
[2026-05-25T13:45:34.137+0000] {processor.py:179} INFO - Processing /opt/airflow/dags/data_lake_pipeline.py took 0.661 seconds
[2026-05-25T13:46:04.406+0000] {processor.py:157} INFO - Started process (PID=1906) to work on /opt/airflow/dags/data_lake_pipeline.py
[2026-05-25T13:46:04.408+0000] {processor.py:829} INFO - Processing file /opt/airflow/dags/data_lake_pipeline.py for tasks to queue
[2026-05-25T13:46:04.410+0000] {logging_mixin.py:151} INFO - [2026-05-25T13:46:04.409+0000] {dagbag.py:539} INFO - Filling up the DagBag from /opt/airflow/dags/data_lake_pipeline.py
[2026-05-25T13:46:05.150+0000] {logging_mixin.py:151} WARNING - None of PyTorch, TensorFlow >= 2.0, or Flax have been found. Models won't be available and only tokenizers, configuration and file/data utilities can be used.
[2026-05-25T13:46:05.194+0000] {processor.py:839} INFO - DAG(s) dict_keys(['data_lake_pipeline']) retrieved from /opt/airflow/dags/data_lake_pipeline.py
[2026-05-25T13:46:05.212+0000] {logging_mixin.py:151} INFO - [2026-05-25T13:46:05.211+0000] {dag.py:2915} INFO - Sync 1 DAGs
[2026-05-25T13:46:05.220+0000] {logging_mixin.py:151} INFO - [2026-05-25T13:46:05.220+0000] {dag.py:3696} INFO - Setting next_dagrun for data_lake_pipeline to None, run_after=None
[2026-05-25T13:46:05.234+0000] {processor.py:179} INFO - Processing /opt/airflow/dags/data_lake_pipeline.py took 0.837 seconds
[2026-05-25T13:46:35.441+0000] {processor.py:157} INFO - Started process (PID=1915) to work on /opt/airflow/dags/data_lake_pipeline.py
[2026-05-25T13:46:35.445+0000] {processor.py:829} INFO - Processing file /opt/airflow/dags/data_lake_pipeline.py for tasks to queue
[2026-05-25T13:46:35.445+0000] {logging_mixin.py:151} INFO - [2026-05-25T13:46:35.445+0000] {dagbag.py:539} INFO - Filling up the DagBag from /opt/airflow/dags/data_lake_pipeline.py
[2026-05-25T13:46:36.030+0000] {logging_mixin.py:151} WARNING - None of PyTorch, TensorFlow >= 2.0, or Flax have been found. Models won't be available and only tokenizers, configuration and file/data utilities can be used.
[2026-05-25T13:46:36.073+0000] {processor.py:839} INFO - DAG(s) dict_keys(['data_lake_pipeline']) retrieved from /opt/airflow/dags/data_lake_pipeline.py
[2026-05-25T13:46:36.086+0000] {logging_mixin.py:151} INFO - [2026-05-25T13:46:36.085+0000] {dag.py:2915} INFO - Sync 1 DAGs
[2026-05-25T13:46:36.091+0000] {logging_mixin.py:151} INFO - [2026-05-25T13:46:36.091+0000] {dag.py:3696} INFO - Setting next_dagrun for data_lake_pipeline to None, run_after=None
[2026-05-25T13:46:36.099+0000] {processor.py:179} INFO - Processing /opt/airflow/dags/data_lake_pipeline.py took 0.660 seconds
[2026-05-25T13:47:06.319+0000] {processor.py:157} INFO - Started process (PID=1924) to work on /opt/airflow/dags/data_lake_pipeline.py
[2026-05-25T13:47:06.322+0000] {processor.py:829} INFO - Processing file /opt/airflow/dags/data_lake_pipeline.py for tasks to queue
[2026-05-25T13:47:06.324+0000] {logging_mixin.py:151} INFO - [2026-05-25T13:47:06.323+0000] {dagbag.py:539} INFO - Filling up the DagBag from /opt/airflow/dags/data_lake_pipeline.py
[2026-05-25T13:47:06.960+0000] {logging_mixin.py:151} WARNING - None of PyTorch, TensorFlow >= 2.0, or Flax have been found. Models won't be available and only tokenizers, configuration and file/data utilities can be used.
[2026-05-25T13:47:07.007+0000] {processor.py:839} INFO - DAG(s) dict_keys(['data_lake_pipeline']) retrieved from /opt/airflow/dags/data_lake_pipeline.py
[2026-05-25T13:47:07.024+0000] {logging_mixin.py:151} INFO - [2026-05-25T13:47:07.024+0000] {dag.py:2915} INFO - Sync 1 DAGs
[2026-05-25T13:47:07.030+0000] {logging_mixin.py:151} INFO - [2026-05-25T13:47:07.029+0000] {dag.py:3696} INFO - Setting next_dagrun for data_lake_pipeline to None, run_after=None
[2026-05-25T13:47:07.039+0000] {processor.py:179} INFO - Processing /opt/airflow/dags/data_lake_pipeline.py took 0.728 seconds
[2026-05-25T13:47:37.267+0000] {processor.py:157} INFO - Started process (PID=1933) to work on /opt/airflow/dags/data_lake_pipeline.py
[2026-05-25T13:47:37.270+0000] {processor.py:829} INFO - Processing file /opt/airflow/dags/data_lake_pipeline.py for tasks to queue
[2026-05-25T13:47:37.271+0000] {logging_mixin.py:151} INFO - [2026-05-25T13:47:37.271+0000] {dagbag.py:539} INFO - Filling up the DagBag from /opt/airflow/dags/data_lake_pipeline.py
[2026-05-25T13:47:37.815+0000] {logging_mixin.py:151} WARNING - None of PyTorch, TensorFlow >= 2.0, or Flax have been found. Models won't be available and only tokenizers, configuration and file/data utilities can be used.
[2026-05-25T13:47:37.849+0000] {processor.py:839} INFO - DAG(s) dict_keys(['data_lake_pipeline']) retrieved from /opt/airflow/dags/data_lake_pipeline.py
[2026-05-25T13:47:37.860+0000] {logging_mixin.py:151} INFO - [2026-05-25T13:47:37.860+0000] {dag.py:2915} INFO - Sync 1 DAGs
[2026-05-25T13:47:37.865+0000] {logging_mixin.py:151} INFO - [2026-05-25T13:47:37.865+0000] {dag.py:3696} INFO - Setting next_dagrun for data_lake_pipeline to None, run_after=None
[2026-05-25T13:47:37.874+0000] {processor.py:179} INFO - Processing /opt/airflow/dags/data_lake_pipeline.py took 0.612 seconds
[2026-05-25T13:48:08.073+0000] {processor.py:157} INFO - Started process (PID=1942) to work on /opt/airflow/dags/data_lake_pipeline.py
[2026-05-25T13:48:08.077+0000] {processor.py:829} INFO - Processing file /opt/airflow/dags/data_lake_pipeline.py for tasks to queue
[2026-05-25T13:48:08.078+0000] {logging_mixin.py:151} INFO - [2026-05-25T13:48:08.078+0000] {dagbag.py:539} INFO - Filling up the DagBag from /opt/airflow/dags/data_lake_pipeline.py
[2026-05-25T13:48:08.752+0000] {logging_mixin.py:151} WARNING - None of PyTorch, TensorFlow >= 2.0, or Flax have been found. Models won't be available and only tokenizers, configuration and file/data utilities can be used.
[2026-05-25T13:48:08.795+0000] {processor.py:839} INFO - DAG(s) dict_keys(['data_lake_pipeline']) retrieved from /opt/airflow/dags/data_lake_pipeline.py
[2026-05-25T13:48:08.808+0000] {logging_mixin.py:151} INFO - [2026-05-25T13:48:08.808+0000] {dag.py:2915} INFO - Sync 1 DAGs
[2026-05-25T13:48:08.814+0000] {logging_mixin.py:151} INFO - [2026-05-25T13:48:08.814+0000] {dag.py:3696} INFO - Setting next_dagrun for data_lake_pipeline to None, run_after=None
[2026-05-25T13:48:08.823+0000] {processor.py:179} INFO - Processing /opt/airflow/dags/data_lake_pipeline.py took 0.759 seconds
[2026-05-25T13:48:38.969+0000] {processor.py:157} INFO - Started process (PID=1951) to work on /opt/airflow/dags/data_lake_pipeline.py
[2026-05-25T13:48:38.974+0000] {processor.py:829} INFO - Processing file /opt/airflow/dags/data_lake_pipeline.py for tasks to queue
[2026-05-25T13:48:38.975+0000] {logging_mixin.py:151} INFO - [2026-05-25T13:48:38.975+0000] {dagbag.py:539} INFO - Filling up the DagBag from /opt/airflow/dags/data_lake_pipeline.py
[2026-05-25T13:48:39.491+0000] {logging_mixin.py:151} WARNING - None of PyTorch, TensorFlow >= 2.0, or Flax have been found. Models won't be available and only tokenizers, configuration and file/data utilities can be used.
[2026-05-25T13:48:39.523+0000] {processor.py:839} INFO - DAG(s) dict_keys(['data_lake_pipeline']) retrieved from /opt/airflow/dags/data_lake_pipeline.py
[2026-05-25T13:48:39.534+0000] {logging_mixin.py:151} INFO - [2026-05-25T13:48:39.534+0000] {dag.py:2915} INFO - Sync 1 DAGs
[2026-05-25T13:48:39.539+0000] {logging_mixin.py:151} INFO - [2026-05-25T13:48:39.539+0000] {dag.py:3696} INFO - Setting next_dagrun for data_lake_pipeline to None, run_after=None
[2026-05-25T13:48:39.546+0000] {processor.py:179} INFO - Processing /opt/airflow/dags/data_lake_pipeline.py took 0.583 seconds
[2026-05-25T13:49:09.818+0000] {processor.py:157} INFO - Started process (PID=1966) to work on /opt/airflow/dags/data_lake_pipeline.py
[2026-05-25T13:49:09.820+0000] {processor.py:829} INFO - Processing file /opt/airflow/dags/data_lake_pipeline.py for tasks to queue
[2026-05-25T13:49:09.821+0000] {logging_mixin.py:151} INFO - [2026-05-25T13:49:09.821+0000] {dagbag.py:539} INFO - Filling up the DagBag from /opt/airflow/dags/data_lake_pipeline.py
[2026-05-25T13:49:10.398+0000] {logging_mixin.py:151} WARNING - None of PyTorch, TensorFlow >= 2.0, or Flax have been found. Models won't be available and only tokenizers, configuration and file/data utilities can be used.
[2026-05-25T13:49:10.430+0000] {processor.py:839} INFO - DAG(s) dict_keys(['data_lake_pipeline']) retrieved from /opt/airflow/dags/data_lake_pipeline.py
[2026-05-25T13:49:10.441+0000] {logging_mixin.py:151} INFO - [2026-05-25T13:49:10.441+0000] {dag.py:2915} INFO - Sync 1 DAGs
[2026-05-25T13:49:10.446+0000] {logging_mixin.py:151} INFO - [2026-05-25T13:49:10.446+0000] {dag.py:3696} INFO - Setting next_dagrun for data_lake_pipeline to None, run_after=None
[2026-05-25T13:49:10.454+0000] {processor.py:179} INFO - Processing /opt/airflow/dags/data_lake_pipeline.py took 0.640 seconds
[2026-05-25T13:49:40.674+0000] {processor.py:157} INFO - Started process (PID=1975) to work on /opt/airflow/dags/data_lake_pipeline.py
[2026-05-25T13:49:40.679+0000] {processor.py:829} INFO - Processing file /opt/airflow/dags/data_lake_pipeline.py for tasks to queue
[2026-05-25T13:49:40.680+0000] {logging_mixin.py:151} INFO - [2026-05-25T13:49:40.680+0000] {dagbag.py:539} INFO - Filling up the DagBag from /opt/airflow/dags/data_lake_pipeline.py
[2026-05-25T13:49:41.238+0000] {logging_mixin.py:151} WARNING - None of PyTorch, TensorFlow >= 2.0, or Flax have been found. Models won't be available and only tokenizers, configuration and file/data utilities can be used.
[2026-05-25T13:49:41.275+0000] {processor.py:839} INFO - DAG(s) dict_keys(['data_lake_pipeline']) retrieved from /opt/airflow/dags/data_lake_pipeline.py
[2026-05-25T13:49:41.287+0000] {logging_mixin.py:151} INFO - [2026-05-25T13:49:41.287+0000] {dag.py:2915} INFO - Sync 1 DAGs
[2026-05-25T13:49:41.292+0000] {logging_mixin.py:151} INFO - [2026-05-25T13:49:41.292+0000] {dag.py:3696} INFO - Setting next_dagrun for data_lake_pipeline to None, run_after=None
[2026-05-25T13:49:41.301+0000] {processor.py:179} INFO - Processing /opt/airflow/dags/data_lake_pipeline.py took 0.631 seconds
[2026-05-25T13:49:43.694+0000] {processor.py:157} INFO - Started process (PID=1984) to work on /opt/airflow/dags/data_lake_pipeline.py
[2026-05-25T13:49:43.696+0000] {processor.py:829} INFO - Processing file /opt/airflow/dags/data_lake_pipeline.py for tasks to queue
[2026-05-25T13:49:43.697+0000] {logging_mixin.py:151} INFO - [2026-05-25T13:49:43.697+0000] {dagbag.py:539} INFO - Filling up the DagBag from /opt/airflow/dags/data_lake_pipeline.py
[2026-05-25T13:49:44.226+0000] {logging_mixin.py:151} WARNING - None of PyTorch, TensorFlow >= 2.0, or Flax have been found. Models won't be available and only tokenizers, configuration and file/data utilities can be used.
[2026-05-25T13:49:44.259+0000] {processor.py:839} INFO - DAG(s) dict_keys(['data_lake_pipeline']) retrieved from /opt/airflow/dags/data_lake_pipeline.py
[2026-05-25T13:49:44.271+0000] {logging_mixin.py:151} INFO - [2026-05-25T13:49:44.271+0000] {dag.py:2915} INFO - Sync 1 DAGs
[2026-05-25T13:49:44.276+0000] {logging_mixin.py:151} INFO - [2026-05-25T13:49:44.275+0000] {dag.py:3696} INFO - Setting next_dagrun for data_lake_pipeline to None, run_after=None
[2026-05-25T13:49:44.284+0000] {processor.py:179} INFO - Processing /opt/airflow/dags/data_lake_pipeline.py took 0.594 seconds
[2026-05-25T13:50:14.534+0000] {processor.py:157} INFO - Started process (PID=1993) to work on /opt/airflow/dags/data_lake_pipeline.py
[2026-05-25T13:50:14.536+0000] {processor.py:829} INFO - Processing file /opt/airflow/dags/data_lake_pipeline.py for tasks to queue
[2026-05-25T13:50:14.537+0000] {logging_mixin.py:151} INFO - [2026-05-25T13:50:14.537+0000] {dagbag.py:539} INFO - Filling up the DagBag from /opt/airflow/dags/data_lake_pipeline.py
[2026-05-25T13:50:15.247+0000] {logging_mixin.py:151} WARNING - None of PyTorch, TensorFlow >= 2.0, or Flax have been found. Models won't be available and only tokenizers, configuration and file/data utilities can be used.
[2026-05-25T13:50:15.294+0000] {processor.py:839} INFO - DAG(s) dict_keys(['data_lake_pipeline']) retrieved from /opt/airflow/dags/data_lake_pipeline.py
[2026-05-25T13:50:15.309+0000] {logging_mixin.py:151} INFO - [2026-05-25T13:50:15.308+0000] {dag.py:2915} INFO - Sync 1 DAGs
[2026-05-25T13:50:15.314+0000] {logging_mixin.py:151} INFO - [2026-05-25T13:50:15.314+0000] {dag.py:3696} INFO - Setting next_dagrun for data_lake_pipeline to None, run_after=None
[2026-05-25T13:50:15.321+0000] {processor.py:179} INFO - Processing /opt/airflow/dags/data_lake_pipeline.py took 0.795 seconds
[2026-05-25T13:50:45.515+0000] {processor.py:157} INFO - Started process (PID=2043) to work on /opt/airflow/dags/data_lake_pipeline.py
[2026-05-25T13:50:45.517+0000] {processor.py:829} INFO - Processing file /opt/airflow/dags/data_lake_pipeline.py for tasks to queue
[2026-05-25T13:50:45.518+0000] {logging_mixin.py:151} INFO - [2026-05-25T13:50:45.518+0000] {dagbag.py:539} INFO - Filling up the DagBag from /opt/airflow/dags/data_lake_pipeline.py
[2026-05-25T13:50:46.214+0000] {logging_mixin.py:151} WARNING - None of PyTorch, TensorFlow >= 2.0, or Flax have been found. Models won't be available and only tokenizers, configuration and file/data utilities can be used.
[2026-05-25T13:50:46.259+0000] {processor.py:839} INFO - DAG(s) dict_keys(['data_lake_pipeline']) retrieved from /opt/airflow/dags/data_lake_pipeline.py
[2026-05-25T13:50:46.272+0000] {logging_mixin.py:151} INFO - [2026-05-25T13:50:46.271+0000] {dag.py:2915} INFO - Sync 1 DAGs
[2026-05-25T13:50:46.278+0000] {logging_mixin.py:151} INFO - [2026-05-25T13:50:46.278+0000] {dag.py:3696} INFO - Setting next_dagrun for data_lake_pipeline to None, run_after=None
[2026-05-25T13:50:46.289+0000] {processor.py:179} INFO - Processing /opt/airflow/dags/data_lake_pipeline.py took 0.779 seconds
[2026-05-25T13:51:16.357+0000] {processor.py:157} INFO - Started process (PID=2052) to work on /opt/airflow/dags/data_lake_pipeline.py
[2026-05-25T13:51:16.362+0000] {processor.py:829} INFO - Processing file /opt/airflow/dags/data_lake_pipeline.py for tasks to queue
[2026-05-25T13:51:16.363+0000] {logging_mixin.py:151} INFO - [2026-05-25T13:51:16.362+0000] {dagbag.py:539} INFO - Filling up the DagBag from /opt/airflow/dags/data_lake_pipeline.py
[2026-05-25T13:51:16.886+0000] {logging_mixin.py:151} WARNING - None of PyTorch, TensorFlow >= 2.0, or Flax have been found. Models won't be available and only tokenizers, configuration and file/data utilities can be used.
[2026-05-25T13:51:16.918+0000] {processor.py:839} INFO - DAG(s) dict_keys(['data_lake_pipeline']) retrieved from /opt/airflow/dags/data_lake_pipeline.py
[2026-05-25T13:51:16.930+0000] {logging_mixin.py:151} INFO - [2026-05-25T13:51:16.930+0000] {dag.py:2915} INFO - Sync 1 DAGs
[2026-05-25T13:51:16.935+0000] {logging_mixin.py:151} INFO - [2026-05-25T13:51:16.935+0000] {dag.py:3696} INFO - Setting next_dagrun for data_lake_pipeline to None, run_after=None
[2026-05-25T13:51:16.944+0000] {processor.py:179} INFO - Processing /opt/airflow/dags/data_lake_pipeline.py took 0.591 seconds
[2026-05-25T13:51:47.216+0000] {processor.py:157} INFO - Started process (PID=2061) to work on /opt/airflow/dags/data_lake_pipeline.py
[2026-05-25T13:51:47.219+0000] {processor.py:829} INFO - Processing file /opt/airflow/dags/data_lake_pipeline.py for tasks to queue
[2026-05-25T13:51:47.220+0000] {logging_mixin.py:151} INFO - [2026-05-25T13:51:47.220+0000] {dagbag.py:539} INFO - Filling up the DagBag from /opt/airflow/dags/data_lake_pipeline.py
[2026-05-25T13:51:47.971+0000] {logging_mixin.py:151} WARNING - None of PyTorch, TensorFlow >= 2.0, or Flax have been found. Models won't be available and only tokenizers, configuration and file/data utilities can be used.
[2026-05-25T13:51:48.036+0000] {processor.py:839} INFO - DAG(s) dict_keys(['data_lake_pipeline']) retrieved from /opt/airflow/dags/data_lake_pipeline.py
[2026-05-25T13:51:48.050+0000] {logging_mixin.py:151} INFO - [2026-05-25T13:51:48.049+0000] {dag.py:2915} INFO - Sync 1 DAGs
[2026-05-25T13:51:48.057+0000] {logging_mixin.py:151} INFO - [2026-05-25T13:51:48.056+0000] {dag.py:3696} INFO - Setting next_dagrun for data_lake_pipeline to None, run_after=None
[2026-05-25T13:51:48.066+0000] {processor.py:179} INFO - Processing /opt/airflow/dags/data_lake_pipeline.py took 0.855 seconds
[2026-05-25T13:52:18.274+0000] {processor.py:157} INFO - Started process (PID=2070) to work on /opt/airflow/dags/data_lake_pipeline.py
[2026-05-25T13:52:18.278+0000] {processor.py:829} INFO - Processing file /opt/airflow/dags/data_lake_pipeline.py for tasks to queue
[2026-05-25T13:52:18.279+0000] {logging_mixin.py:151} INFO - [2026-05-25T13:52:18.279+0000] {dagbag.py:539} INFO - Filling up the DagBag from /opt/airflow/dags/data_lake_pipeline.py
[2026-05-25T13:52:18.788+0000] {logging_mixin.py:151} WARNING - None of PyTorch, TensorFlow >= 2.0, or Flax have been found. Models won't be available and only tokenizers, configuration and file/data utilities can be used.
[2026-05-25T13:52:18.819+0000] {processor.py:839} INFO - DAG(s) dict_keys(['data_lake_pipeline']) retrieved from /opt/airflow/dags/data_lake_pipeline.py
[2026-05-25T13:52:18.829+0000] {logging_mixin.py:151} INFO - [2026-05-25T13:52:18.829+0000] {dag.py:2915} INFO - Sync 1 DAGs
[2026-05-25T13:52:18.834+0000] {logging_mixin.py:151} INFO - [2026-05-25T13:52:18.834+0000] {dag.py:3696} INFO - Setting next_dagrun for data_lake_pipeline to None, run_after=None
[2026-05-25T13:52:18.842+0000] {processor.py:179} INFO - Processing /opt/airflow/dags/data_lake_pipeline.py took 0.572 seconds
[2026-05-25T13:52:45.060+0000] {processor.py:157} INFO - Started process (PID=2079) to work on /opt/airflow/dags/data_lake_pipeline.py
[2026-05-25T13:52:45.062+0000] {processor.py:829} INFO - Processing file /opt/airflow/dags/data_lake_pipeline.py for tasks to queue
[2026-05-25T13:52:45.064+0000] {logging_mixin.py:151} INFO - [2026-05-25T13:52:45.063+0000] {dagbag.py:539} INFO - Filling up the DagBag from /opt/airflow/dags/data_lake_pipeline.py
[2026-05-25T13:52:45.686+0000] {logging_mixin.py:151} WARNING - None of PyTorch, TensorFlow >= 2.0, or Flax have been found. Models won't be available and only tokenizers, configuration and file/data utilities can be used.
[2026-05-25T13:52:45.728+0000] {processor.py:839} INFO - DAG(s) dict_keys(['data_lake_pipeline']) retrieved from /opt/airflow/dags/data_lake_pipeline.py
[2026-05-25T13:52:45.740+0000] {logging_mixin.py:151} INFO - [2026-05-25T13:52:45.740+0000] {dag.py:2915} INFO - Sync 1 DAGs
[2026-05-25T13:52:45.746+0000] {logging_mixin.py:151} INFO - [2026-05-25T13:52:45.746+0000] {dag.py:3696} INFO - Setting next_dagrun for data_lake_pipeline to None, run_after=None
[2026-05-25T13:52:45.755+0000] {processor.py:179} INFO - Processing /opt/airflow/dags/data_lake_pipeline.py took 0.700 seconds
[2026-05-25T13:53:15.915+0000] {processor.py:157} INFO - Started process (PID=2117) to work on /opt/airflow/dags/data_lake_pipeline.py
[2026-05-25T13:53:15.918+0000] {processor.py:829} INFO - Processing file /opt/airflow/dags/data_lake_pipeline.py for tasks to queue
[2026-05-25T13:53:15.920+0000] {logging_mixin.py:151} INFO - [2026-05-25T13:53:15.919+0000] {dagbag.py:539} INFO - Filling up the DagBag from /opt/airflow/dags/data_lake_pipeline.py
[2026-05-25T13:53:16.440+0000] {logging_mixin.py:151} WARNING - None of PyTorch, TensorFlow >= 2.0, or Flax have been found. Models won't be available and only tokenizers, configuration and file/data utilities can be used.
[2026-05-25T13:53:16.477+0000] {processor.py:839} INFO - DAG(s) dict_keys(['data_lake_pipeline']) retrieved from /opt/airflow/dags/data_lake_pipeline.py
[2026-05-25T13:53:16.492+0000] {logging_mixin.py:151} INFO - [2026-05-25T13:53:16.491+0000] {dag.py:2915} INFO - Sync 1 DAGs
[2026-05-25T13:53:16.497+0000] {logging_mixin.py:151} INFO - [2026-05-25T13:53:16.497+0000] {dag.py:3696} INFO - Setting next_dagrun for data_lake_pipeline to None, run_after=None
[2026-05-25T13:53:16.505+0000] {processor.py:179} INFO - Processing /opt/airflow/dags/data_lake_pipeline.py took 0.594 seconds
[2026-05-25T13:53:46.739+0000] {processor.py:157} INFO - Started process (PID=2144) to work on /opt/airflow/dags/data_lake_pipeline.py
[2026-05-25T13:53:46.742+0000] {processor.py:829} INFO - Processing file /opt/airflow/dags/data_lake_pipeline.py for tasks to queue
[2026-05-25T13:53:46.743+0000] {logging_mixin.py:151} INFO - [2026-05-25T13:53:46.743+0000] {dagbag.py:539} INFO - Filling up the DagBag from /opt/airflow/dags/data_lake_pipeline.py
[2026-05-25T13:53:47.326+0000] {logging_mixin.py:151} WARNING - None of PyTorch, TensorFlow >= 2.0, or Flax have been found. Models won't be available and only tokenizers, configuration and file/data utilities can be used.
[2026-05-25T13:53:47.377+0000] {processor.py:839} INFO - DAG(s) dict_keys(['data_lake_pipeline']) retrieved from /opt/airflow/dags/data_lake_pipeline.py
[2026-05-25T13:53:47.394+0000] {logging_mixin.py:151} INFO - [2026-05-25T13:53:47.393+0000] {dag.py:2915} INFO - Sync 1 DAGs
[2026-05-25T13:53:47.405+0000] {logging_mixin.py:151} INFO - [2026-05-25T13:53:47.405+0000] {dag.py:3696} INFO - Setting next_dagrun for data_lake_pipeline to None, run_after=None
[2026-05-25T13:53:47.416+0000] {processor.py:179} INFO - Processing /opt/airflow/dags/data_lake_pipeline.py took 0.681 seconds
[2026-05-25T13:54:17.482+0000] {processor.py:157} INFO - Started process (PID=2188) to work on /opt/airflow/dags/data_lake_pipeline.py
[2026-05-25T13:54:17.486+0000] {processor.py:829} INFO - Processing file /opt/airflow/dags/data_lake_pipeline.py for tasks to queue
[2026-05-25T13:54:17.487+0000] {logging_mixin.py:151} INFO - [2026-05-25T13:54:17.487+0000] {dagbag.py:539} INFO - Filling up the DagBag from /opt/airflow/dags/data_lake_pipeline.py
[2026-05-25T13:54:18.285+0000] {logging_mixin.py:151} WARNING - None of PyTorch, TensorFlow >= 2.0, or Flax have been found. Models won't be available and only tokenizers, configuration and file/data utilities can be used.
[2026-05-25T13:54:18.336+0000] {processor.py:839} INFO - DAG(s) dict_keys(['data_lake_pipeline']) retrieved from /opt/airflow/dags/data_lake_pipeline.py
[2026-05-25T13:54:18.350+0000] {logging_mixin.py:151} INFO - [2026-05-25T13:54:18.349+0000] {dag.py:2915} INFO - Sync 1 DAGs
[2026-05-25T13:54:18.357+0000] {logging_mixin.py:151} INFO - [2026-05-25T13:54:18.357+0000] {dag.py:3696} INFO - Setting next_dagrun for data_lake_pipeline to None, run_after=None
[2026-05-25T13:54:18.366+0000] {processor.py:179} INFO - Processing /opt/airflow/dags/data_lake_pipeline.py took 0.891 seconds
[2026-05-25T13:54:48.605+0000] {processor.py:157} INFO - Started process (PID=2197) to work on /opt/airflow/dags/data_lake_pipeline.py
[2026-05-25T13:54:48.609+0000] {processor.py:829} INFO - Processing file /opt/airflow/dags/data_lake_pipeline.py for tasks to queue
[2026-05-25T13:54:48.610+0000] {logging_mixin.py:151} INFO - [2026-05-25T13:54:48.610+0000] {dagbag.py:539} INFO - Filling up the DagBag from /opt/airflow/dags/data_lake_pipeline.py
[2026-05-25T13:54:49.414+0000] {logging_mixin.py:151} WARNING - None of PyTorch, TensorFlow >= 2.0, or Flax have been found. Models won't be available and only tokenizers, configuration and file/data utilities can be used.
[2026-05-25T13:54:49.462+0000] {processor.py:839} INFO - DAG(s) dict_keys(['data_lake_pipeline']) retrieved from /opt/airflow/dags/data_lake_pipeline.py
[2026-05-25T13:54:49.477+0000] {logging_mixin.py:151} INFO - [2026-05-25T13:54:49.476+0000] {dag.py:2915} INFO - Sync 1 DAGs
[2026-05-25T13:54:49.482+0000] {logging_mixin.py:151} INFO - [2026-05-25T13:54:49.482+0000] {dag.py:3696} INFO - Setting next_dagrun for data_lake_pipeline to None, run_after=None
[2026-05-25T13:54:49.492+0000] {processor.py:179} INFO - Processing /opt/airflow/dags/data_lake_pipeline.py took 0.893 seconds
[2026-05-25T13:55:19.736+0000] {processor.py:157} INFO - Started process (PID=2206) to work on /opt/airflow/dags/data_lake_pipeline.py
[2026-05-25T13:55:19.738+0000] {processor.py:829} INFO - Processing file /opt/airflow/dags/data_lake_pipeline.py for tasks to queue
[2026-05-25T13:55:19.739+0000] {logging_mixin.py:151} INFO - [2026-05-25T13:55:19.739+0000] {dagbag.py:539} INFO - Filling up the DagBag from /opt/airflow/dags/data_lake_pipeline.py
[2026-05-25T13:55:20.960+0000] {logging_mixin.py:151} WARNING - None of PyTorch, TensorFlow >= 2.0, or Flax have been found. Models won't be available and only tokenizers, configuration and file/data utilities can be used.
[2026-05-25T13:55:21.007+0000] {processor.py:839} INFO - DAG(s) dict_keys(['data_lake_pipeline']) retrieved from /opt/airflow/dags/data_lake_pipeline.py
[2026-05-25T13:55:21.024+0000] {logging_mixin.py:151} INFO - [2026-05-25T13:55:21.023+0000] {dag.py:2915} INFO - Sync 1 DAGs
[2026-05-25T13:55:21.029+0000] {logging_mixin.py:151} INFO - [2026-05-25T13:55:21.029+0000] {dag.py:3696} INFO - Setting next_dagrun for data_lake_pipeline to None, run_after=None
[2026-05-25T13:55:21.038+0000] {processor.py:179} INFO - Processing /opt/airflow/dags/data_lake_pipeline.py took 1.308 seconds
[2026-05-25T13:55:39.116+0000] {processor.py:157} INFO - Started process (PID=2221) to work on /opt/airflow/dags/data_lake_pipeline.py
[2026-05-25T13:55:39.119+0000] {processor.py:829} INFO - Processing file /opt/airflow/dags/data_lake_pipeline.py for tasks to queue
[2026-05-25T13:55:39.121+0000] {logging_mixin.py:151} INFO - [2026-05-25T13:55:39.120+0000] {dagbag.py:539} INFO - Filling up the DagBag from /opt/airflow/dags/data_lake_pipeline.py
[2026-05-25T13:55:39.789+0000] {logging_mixin.py:151} WARNING - None of PyTorch, TensorFlow >= 2.0, or Flax have been found. Models won't be available and only tokenizers, configuration and file/data utilities can be used.
[2026-05-25T13:55:39.827+0000] {processor.py:839} INFO - DAG(s) dict_keys(['data_lake_pipeline']) retrieved from /opt/airflow/dags/data_lake_pipeline.py
[2026-05-25T13:55:39.840+0000] {logging_mixin.py:151} INFO - [2026-05-25T13:55:39.840+0000] {dag.py:2915} INFO - Sync 1 DAGs
[2026-05-25T13:55:39.846+0000] {logging_mixin.py:151} INFO - [2026-05-25T13:55:39.846+0000] {dag.py:3696} INFO - Setting next_dagrun for data_lake_pipeline to None, run_after=None
[2026-05-25T13:55:39.857+0000] {processor.py:179} INFO - Processing /opt/airflow/dags/data_lake_pipeline.py took 0.749 seconds
[2026-05-25T13:55:43.909+0000] {processor.py:157} INFO - Started process (PID=2230) to work on /opt/airflow/dags/data_lake_pipeline.py
[2026-05-25T13:55:43.911+0000] {processor.py:829} INFO - Processing file /opt/airflow/dags/data_lake_pipeline.py for tasks to queue
[2026-05-25T13:55:43.912+0000] {logging_mixin.py:151} INFO - [2026-05-25T13:55:43.912+0000] {dagbag.py:539} INFO - Filling up the DagBag from /opt/airflow/dags/data_lake_pipeline.py
[2026-05-25T13:55:44.496+0000] {logging_mixin.py:151} WARNING - None of PyTorch, TensorFlow >= 2.0, or Flax have been found. Models won't be available and only tokenizers, configuration and file/data utilities can be used.
[2026-05-25T13:55:44.545+0000] {processor.py:839} INFO - DAG(s) dict_keys(['data_lake_pipeline']) retrieved from /opt/airflow/dags/data_lake_pipeline.py
[2026-05-25T13:55:44.561+0000] {logging_mixin.py:151} INFO - [2026-05-25T13:55:44.560+0000] {dag.py:2915} INFO - Sync 1 DAGs
[2026-05-25T13:55:44.567+0000] {logging_mixin.py:151} INFO - [2026-05-25T13:55:44.566+0000] {dag.py:3696} INFO - Setting next_dagrun for data_lake_pipeline to None, run_after=None
[2026-05-25T13:55:44.581+0000] {processor.py:179} INFO - Processing /opt/airflow/dags/data_lake_pipeline.py took 0.674 seconds
[2026-05-25T13:56:14.809+0000] {processor.py:157} INFO - Started process (PID=2249) to work on /opt/airflow/dags/data_lake_pipeline.py
[2026-05-25T13:56:14.813+0000] {processor.py:829} INFO - Processing file /opt/airflow/dags/data_lake_pipeline.py for tasks to queue
[2026-05-25T13:56:14.814+0000] {logging_mixin.py:151} INFO - [2026-05-25T13:56:14.813+0000] {dagbag.py:539} INFO - Filling up the DagBag from /opt/airflow/dags/data_lake_pipeline.py
[2026-05-25T13:56:15.416+0000] {logging_mixin.py:151} WARNING - None of PyTorch, TensorFlow >= 2.0, or Flax have been found. Models won't be available and only tokenizers, configuration and file/data utilities can be used.
[2026-05-25T13:56:15.457+0000] {processor.py:839} INFO - DAG(s) dict_keys(['data_lake_pipeline']) retrieved from /opt/airflow/dags/data_lake_pipeline.py
[2026-05-25T13:56:15.471+0000] {logging_mixin.py:151} INFO - [2026-05-25T13:56:15.470+0000] {dag.py:2915} INFO - Sync 1 DAGs
[2026-05-25T13:56:15.477+0000] {logging_mixin.py:151} INFO - [2026-05-25T13:56:15.477+0000] {dag.py:3696} INFO - Setting next_dagrun for data_lake_pipeline to None, run_after=None
[2026-05-25T13:56:15.489+0000] {processor.py:179} INFO - Processing /opt/airflow/dags/data_lake_pipeline.py took 0.686 seconds
[2026-05-25T13:56:45.662+0000] {processor.py:157} INFO - Started process (PID=2290) to work on /opt/airflow/dags/data_lake_pipeline.py
[2026-05-25T13:56:45.664+0000] {processor.py:829} INFO - Processing file /opt/airflow/dags/data_lake_pipeline.py for tasks to queue
[2026-05-25T13:56:45.665+0000] {logging_mixin.py:151} INFO - [2026-05-25T13:56:45.664+0000] {dagbag.py:539} INFO - Filling up the DagBag from /opt/airflow/dags/data_lake_pipeline.py
[2026-05-25T13:56:46.350+0000] {logging_mixin.py:151} WARNING - None of PyTorch, TensorFlow >= 2.0, or Flax have been found. Models won't be available and only tokenizers, configuration and file/data utilities can be used.
[2026-05-25T13:56:46.392+0000] {processor.py:839} INFO - DAG(s) dict_keys(['data_lake_pipeline']) retrieved from /opt/airflow/dags/data_lake_pipeline.py
[2026-05-25T13:56:46.404+0000] {logging_mixin.py:151} INFO - [2026-05-25T13:56:46.404+0000] {dag.py:2915} INFO - Sync 1 DAGs
[2026-05-25T13:56:46.409+0000] {logging_mixin.py:151} INFO - [2026-05-25T13:56:46.409+0000] {dag.py:3696} INFO - Setting next_dagrun for data_lake_pipeline to None, run_after=None
[2026-05-25T13:56:46.417+0000] {processor.py:179} INFO - Processing /opt/airflow/dags/data_lake_pipeline.py took 0.759 seconds
[2026-05-25T13:57:16.663+0000] {processor.py:157} INFO - Started process (PID=2299) to work on /opt/airflow/dags/data_lake_pipeline.py
[2026-05-25T13:57:16.665+0000] {processor.py:829} INFO - Processing file /opt/airflow/dags/data_lake_pipeline.py for tasks to queue
[2026-05-25T13:57:16.667+0000] {logging_mixin.py:151} INFO - [2026-05-25T13:57:16.666+0000] {dagbag.py:539} INFO - Filling up the DagBag from /opt/airflow/dags/data_lake_pipeline.py
[2026-05-25T13:57:17.771+0000] {logging_mixin.py:151} WARNING - None of PyTorch, TensorFlow >= 2.0, or Flax have been found. Models won't be available and only tokenizers, configuration and file/data utilities can be used.
[2026-05-25T13:57:17.864+0000] {processor.py:839} INFO - DAG(s) dict_keys(['data_lake_pipeline']) retrieved from /opt/airflow/dags/data_lake_pipeline.py
[2026-05-25T13:57:17.882+0000] {logging_mixin.py:151} INFO - [2026-05-25T13:57:17.881+0000] {dag.py:2915} INFO - Sync 1 DAGs
[2026-05-25T13:57:17.889+0000] {logging_mixin.py:151} INFO - [2026-05-25T13:57:17.889+0000] {dag.py:3696} INFO - Setting next_dagrun for data_lake_pipeline to None, run_after=None
[2026-05-25T13:57:17.899+0000] {processor.py:179} INFO - Processing /opt/airflow/dags/data_lake_pipeline.py took 1.241 seconds
[2026-05-25T13:57:48.106+0000] {processor.py:157} INFO - Started process (PID=2308) to work on /opt/airflow/dags/data_lake_pipeline.py
[2026-05-25T13:57:48.109+0000] {processor.py:829} INFO - Processing file /opt/airflow/dags/data_lake_pipeline.py for tasks to queue
[2026-05-25T13:57:48.111+0000] {logging_mixin.py:151} INFO - [2026-05-25T13:57:48.110+0000] {dagbag.py:539} INFO - Filling up the DagBag from /opt/airflow/dags/data_lake_pipeline.py
[2026-05-25T13:57:48.935+0000] {logging_mixin.py:151} WARNING - None of PyTorch, TensorFlow >= 2.0, or Flax have been found. Models won't be available and only tokenizers, configuration and file/data utilities can be used.
[2026-05-25T13:57:48.980+0000] {processor.py:839} INFO - DAG(s) dict_keys(['data_lake_pipeline']) retrieved from /opt/airflow/dags/data_lake_pipeline.py
[2026-05-25T13:57:49.000+0000] {logging_mixin.py:151} INFO - [2026-05-25T13:57:49.000+0000] {dag.py:2915} INFO - Sync 1 DAGs
[2026-05-25T13:57:49.007+0000] {logging_mixin.py:151} INFO - [2026-05-25T13:57:49.007+0000] {dag.py:3696} INFO - Setting next_dagrun for data_lake_pipeline to None, run_after=None
[2026-05-25T13:57:49.016+0000] {processor.py:179} INFO - Processing /opt/airflow/dags/data_lake_pipeline.py took 0.922 seconds
[2026-05-25T13:58:16.283+0000] {processor.py:157} INFO - Started process (PID=2317) to work on /opt/airflow/dags/data_lake_pipeline.py
[2026-05-25T13:58:16.286+0000] {processor.py:829} INFO - Processing file /opt/airflow/dags/data_lake_pipeline.py for tasks to queue
[2026-05-25T13:58:16.287+0000] {logging_mixin.py:151} INFO - [2026-05-25T13:58:16.287+0000] {dagbag.py:539} INFO - Filling up the DagBag from /opt/airflow/dags/data_lake_pipeline.py
[2026-05-25T13:58:17.078+0000] {logging_mixin.py:151} WARNING - None of PyTorch, TensorFlow >= 2.0, or Flax have been found. Models won't be available and only tokenizers, configuration and file/data utilities can be used.
[2026-05-25T13:58:17.125+0000] {processor.py:839} INFO - DAG(s) dict_keys(['data_lake_pipeline']) retrieved from /opt/airflow/dags/data_lake_pipeline.py
[2026-05-25T13:58:17.140+0000] {logging_mixin.py:151} INFO - [2026-05-25T13:58:17.138+0000] {dag.py:2915} INFO - Sync 1 DAGs
[2026-05-25T13:58:17.146+0000] {logging_mixin.py:151} INFO - [2026-05-25T13:58:17.146+0000] {dag.py:3696} INFO - Setting next_dagrun for data_lake_pipeline to None, run_after=None
[2026-05-25T13:58:17.155+0000] {processor.py:179} INFO - Processing /opt/airflow/dags/data_lake_pipeline.py took 0.877 seconds
[2026-05-25T13:58:47.429+0000] {processor.py:157} INFO - Started process (PID=2332) to work on /opt/airflow/dags/data_lake_pipeline.py
[2026-05-25T13:58:47.431+0000] {processor.py:829} INFO - Processing file /opt/airflow/dags/data_lake_pipeline.py for tasks to queue
[2026-05-25T13:58:47.434+0000] {logging_mixin.py:151} INFO - [2026-05-25T13:58:47.433+0000] {dagbag.py:539} INFO - Filling up the DagBag from /opt/airflow/dags/data_lake_pipeline.py
[2026-05-25T13:58:48.165+0000] {logging_mixin.py:151} WARNING - None of PyTorch, TensorFlow >= 2.0, or Flax have been found. Models won't be available and only tokenizers, configuration and file/data utilities can be used.
[2026-05-25T13:58:48.221+0000] {processor.py:839} INFO - DAG(s) dict_keys(['data_lake_pipeline']) retrieved from /opt/airflow/dags/data_lake_pipeline.py
[2026-05-25T13:58:48.235+0000] {logging_mixin.py:151} INFO - [2026-05-25T13:58:48.234+0000] {dag.py:2915} INFO - Sync 1 DAGs
[2026-05-25T13:58:48.242+0000] {logging_mixin.py:151} INFO - [2026-05-25T13:58:48.241+0000] {dag.py:3696} INFO - Setting next_dagrun for data_lake_pipeline to None, run_after=None
[2026-05-25T13:58:48.250+0000] {processor.py:179} INFO - Processing /opt/airflow/dags/data_lake_pipeline.py took 0.825 seconds
[2026-05-25T13:59:18.536+0000] {processor.py:157} INFO - Started process (PID=2347) to work on /opt/airflow/dags/data_lake_pipeline.py
[2026-05-25T13:59:18.539+0000] {processor.py:829} INFO - Processing file /opt/airflow/dags/data_lake_pipeline.py for tasks to queue
[2026-05-25T13:59:18.540+0000] {logging_mixin.py:151} INFO - [2026-05-25T13:59:18.540+0000] {dagbag.py:539} INFO - Filling up the DagBag from /opt/airflow/dags/data_lake_pipeline.py
[2026-05-25T13:59:19.268+0000] {logging_mixin.py:151} WARNING - None of PyTorch, TensorFlow >= 2.0, or Flax have been found. Models won't be available and only tokenizers, configuration and file/data utilities can be used.
[2026-05-25T13:59:19.318+0000] {processor.py:839} INFO - DAG(s) dict_keys(['data_lake_pipeline']) retrieved from /opt/airflow/dags/data_lake_pipeline.py
[2026-05-25T13:59:19.335+0000] {logging_mixin.py:151} INFO - [2026-05-25T13:59:19.334+0000] {dag.py:2915} INFO - Sync 1 DAGs
[2026-05-25T13:59:19.341+0000] {logging_mixin.py:151} INFO - [2026-05-25T13:59:19.341+0000] {dag.py:3696} INFO - Setting next_dagrun for data_lake_pipeline to None, run_after=None
[2026-05-25T13:59:19.350+0000] {processor.py:179} INFO - Processing /opt/airflow/dags/data_lake_pipeline.py took 0.818 seconds
[2026-05-25T13:59:49.611+0000] {processor.py:157} INFO - Started process (PID=2356) to work on /opt/airflow/dags/data_lake_pipeline.py
[2026-05-25T13:59:49.615+0000] {processor.py:829} INFO - Processing file /opt/airflow/dags/data_lake_pipeline.py for tasks to queue
[2026-05-25T13:59:49.616+0000] {logging_mixin.py:151} INFO - [2026-05-25T13:59:49.615+0000] {dagbag.py:539} INFO - Filling up the DagBag from /opt/airflow/dags/data_lake_pipeline.py
[2026-05-25T13:59:50.432+0000] {logging_mixin.py:151} WARNING - None of PyTorch, TensorFlow >= 2.0, or Flax have been found. Models won't be available and only tokenizers, configuration and file/data utilities can be used.
[2026-05-25T13:59:50.477+0000] {processor.py:839} INFO - DAG(s) dict_keys(['data_lake_pipeline']) retrieved from /opt/airflow/dags/data_lake_pipeline.py
[2026-05-25T13:59:50.491+0000] {logging_mixin.py:151} INFO - [2026-05-25T13:59:50.491+0000] {dag.py:2915} INFO - Sync 1 DAGs
[2026-05-25T13:59:50.498+0000] {logging_mixin.py:151} INFO - [2026-05-25T13:59:50.498+0000] {dag.py:3696} INFO - Setting next_dagrun for data_lake_pipeline to None, run_after=None
[2026-05-25T13:59:50.509+0000] {processor.py:179} INFO - Processing /opt/airflow/dags/data_lake_pipeline.py took 0.904 seconds
[2026-05-25T14:00:20.730+0000] {processor.py:157} INFO - Started process (PID=2365) to work on /opt/airflow/dags/data_lake_pipeline.py
[2026-05-25T14:00:20.734+0000] {processor.py:829} INFO - Processing file /opt/airflow/dags/data_lake_pipeline.py for tasks to queue
[2026-05-25T14:00:20.735+0000] {logging_mixin.py:151} INFO - [2026-05-25T14:00:20.735+0000] {dagbag.py:539} INFO - Filling up the DagBag from /opt/airflow/dags/data_lake_pipeline.py
[2026-05-25T14:00:21.348+0000] {logging_mixin.py:151} WARNING - None of PyTorch, TensorFlow >= 2.0, or Flax have been found. Models won't be available and only tokenizers, configuration and file/data utilities can be used.
[2026-05-25T14:00:21.383+0000] {processor.py:839} INFO - DAG(s) dict_keys(['data_lake_pipeline']) retrieved from /opt/airflow/dags/data_lake_pipeline.py
[2026-05-25T14:00:21.396+0000] {logging_mixin.py:151} INFO - [2026-05-25T14:00:21.395+0000] {dag.py:2915} INFO - Sync 1 DAGs
[2026-05-25T14:00:21.401+0000] {logging_mixin.py:151} INFO - [2026-05-25T14:00:21.401+0000] {dag.py:3696} INFO - Setting next_dagrun for data_lake_pipeline to None, run_after=None
[2026-05-25T14:00:21.411+0000] {processor.py:179} INFO - Processing /opt/airflow/dags/data_lake_pipeline.py took 0.687 seconds
[2026-05-25T14:00:51.632+0000] {processor.py:157} INFO - Started process (PID=2374) to work on /opt/airflow/dags/data_lake_pipeline.py
[2026-05-25T14:00:51.636+0000] {processor.py:829} INFO - Processing file /opt/airflow/dags/data_lake_pipeline.py for tasks to queue
[2026-05-25T14:00:51.637+0000] {logging_mixin.py:151} INFO - [2026-05-25T14:00:51.637+0000] {dagbag.py:539} INFO - Filling up the DagBag from /opt/airflow/dags/data_lake_pipeline.py
[2026-05-25T14:00:52.649+0000] {logging_mixin.py:151} WARNING - None of PyTorch, TensorFlow >= 2.0, or Flax have been found. Models won't be available and only tokenizers, configuration and file/data utilities can be used.
[2026-05-25T14:00:52.694+0000] {processor.py:839} INFO - DAG(s) dict_keys(['data_lake_pipeline']) retrieved from /opt/airflow/dags/data_lake_pipeline.py
[2026-05-25T14:00:52.721+0000] {logging_mixin.py:151} INFO - [2026-05-25T14:00:52.721+0000] {dag.py:2915} INFO - Sync 1 DAGs
[2026-05-25T14:00:52.727+0000] {logging_mixin.py:151} INFO - [2026-05-25T14:00:52.727+0000] {dag.py:3696} INFO - Setting next_dagrun for data_lake_pipeline to None, run_after=None
[2026-05-25T14:00:52.739+0000] {processor.py:179} INFO - Processing /opt/airflow/dags/data_lake_pipeline.py took 1.113 seconds
[2026-05-25T14:01:22.849+0000] {processor.py:157} INFO - Started process (PID=2383) to work on /opt/airflow/dags/data_lake_pipeline.py
[2026-05-25T14:01:22.853+0000] {processor.py:829} INFO - Processing file /opt/airflow/dags/data_lake_pipeline.py for tasks to queue
[2026-05-25T14:01:22.854+0000] {logging_mixin.py:151} INFO - [2026-05-25T14:01:22.854+0000] {dagbag.py:539} INFO - Filling up the DagBag from /opt/airflow/dags/data_lake_pipeline.py
[2026-05-25T14:01:23.828+0000] {logging_mixin.py:151} WARNING - None of PyTorch, TensorFlow >= 2.0, or Flax have been found. Models won't be available and only tokenizers, configuration and file/data utilities can be used.
[2026-05-25T14:01:23.912+0000] {processor.py:839} INFO - DAG(s) dict_keys(['data_lake_pipeline']) retrieved from /opt/airflow/dags/data_lake_pipeline.py
[2026-05-25T14:01:23.964+0000] {logging_mixin.py:151} INFO - [2026-05-25T14:01:23.963+0000] {dag.py:2915} INFO - Sync 1 DAGs
[2026-05-25T14:01:23.977+0000] {logging_mixin.py:151} INFO - [2026-05-25T14:01:23.977+0000] {dag.py:3696} INFO - Setting next_dagrun for data_lake_pipeline to None, run_after=None
[2026-05-25T14:01:23.991+0000] {processor.py:179} INFO - Processing /opt/airflow/dags/data_lake_pipeline.py took 1.151 seconds
[2026-05-25T14:01:54.161+0000] {processor.py:157} INFO - Started process (PID=2398) to work on /opt/airflow/dags/data_lake_pipeline.py
[2026-05-25T14:01:54.163+0000] {processor.py:829} INFO - Processing file /opt/airflow/dags/data_lake_pipeline.py for tasks to queue
[2026-05-25T14:01:54.164+0000] {logging_mixin.py:151} INFO - [2026-05-25T14:01:54.164+0000] {dagbag.py:539} INFO - Filling up the DagBag from /opt/airflow/dags/data_lake_pipeline.py
[2026-05-25T14:01:54.899+0000] {logging_mixin.py:151} WARNING - None of PyTorch, TensorFlow >= 2.0, or Flax have been found. Models won't be available and only tokenizers, configuration and file/data utilities can be used.
[2026-05-25T14:01:54.950+0000] {processor.py:839} INFO - DAG(s) dict_keys(['data_lake_pipeline']) retrieved from /opt/airflow/dags/data_lake_pipeline.py
[2026-05-25T14:01:54.969+0000] {logging_mixin.py:151} INFO - [2026-05-25T14:01:54.969+0000] {dag.py:2915} INFO - Sync 1 DAGs
[2026-05-25T14:01:54.977+0000] {logging_mixin.py:151} INFO - [2026-05-25T14:01:54.977+0000] {dag.py:3696} INFO - Setting next_dagrun for data_lake_pipeline to None, run_after=None
[2026-05-25T14:01:54.990+0000] {processor.py:179} INFO - Processing /opt/airflow/dags/data_lake_pipeline.py took 0.835 seconds
[2026-05-25T14:02:25.239+0000] {processor.py:157} INFO - Started process (PID=2407) to work on /opt/airflow/dags/data_lake_pipeline.py
[2026-05-25T14:02:25.241+0000] {processor.py:829} INFO - Processing file /opt/airflow/dags/data_lake_pipeline.py for tasks to queue
[2026-05-25T14:02:25.242+0000] {logging_mixin.py:151} INFO - [2026-05-25T14:02:25.242+0000] {dagbag.py:539} INFO - Filling up the DagBag from /opt/airflow/dags/data_lake_pipeline.py
[2026-05-25T14:02:25.994+0000] {logging_mixin.py:151} WARNING - None of PyTorch, TensorFlow >= 2.0, or Flax have been found. Models won't be available and only tokenizers, configuration and file/data utilities can be used.
[2026-05-25T14:02:26.039+0000] {processor.py:839} INFO - DAG(s) dict_keys(['data_lake_pipeline']) retrieved from /opt/airflow/dags/data_lake_pipeline.py
[2026-05-25T14:02:26.051+0000] {logging_mixin.py:151} INFO - [2026-05-25T14:02:26.050+0000] {dag.py:2915} INFO - Sync 1 DAGs
[2026-05-25T14:02:26.057+0000] {logging_mixin.py:151} INFO - [2026-05-25T14:02:26.057+0000] {dag.py:3696} INFO - Setting next_dagrun for data_lake_pipeline to None, run_after=None
[2026-05-25T14:02:26.066+0000] {processor.py:179} INFO - Processing /opt/airflow/dags/data_lake_pipeline.py took 0.834 seconds
[2026-05-25T14:02:56.336+0000] {processor.py:157} INFO - Started process (PID=2416) to work on /opt/airflow/dags/data_lake_pipeline.py
[2026-05-25T14:02:56.339+0000] {processor.py:829} INFO - Processing file /opt/airflow/dags/data_lake_pipeline.py for tasks to queue
[2026-05-25T14:02:56.340+0000] {logging_mixin.py:151} INFO - [2026-05-25T14:02:56.340+0000] {dagbag.py:539} INFO - Filling up the DagBag from /opt/airflow/dags/data_lake_pipeline.py
[2026-05-25T14:02:57.044+0000] {logging_mixin.py:151} WARNING - None of PyTorch, TensorFlow >= 2.0, or Flax have been found. Models won't be available and only tokenizers, configuration and file/data utilities can be used.
[2026-05-25T14:02:57.080+0000] {processor.py:839} INFO - DAG(s) dict_keys(['data_lake_pipeline']) retrieved from /opt/airflow/dags/data_lake_pipeline.py
[2026-05-25T14:02:57.095+0000] {logging_mixin.py:151} INFO - [2026-05-25T14:02:57.094+0000] {dag.py:2915} INFO - Sync 1 DAGs
[2026-05-25T14:02:57.101+0000] {logging_mixin.py:151} INFO - [2026-05-25T14:02:57.101+0000] {dag.py:3696} INFO - Setting next_dagrun for data_lake_pipeline to None, run_after=None
[2026-05-25T14:02:57.111+0000] {processor.py:179} INFO - Processing /opt/airflow/dags/data_lake_pipeline.py took 0.781 seconds
[2026-05-25T14:03:17.259+0000] {processor.py:157} INFO - Started process (PID=2425) to work on /opt/airflow/dags/data_lake_pipeline.py
[2026-05-25T14:03:17.261+0000] {processor.py:829} INFO - Processing file /opt/airflow/dags/data_lake_pipeline.py for tasks to queue
[2026-05-25T14:03:17.262+0000] {logging_mixin.py:151} INFO - [2026-05-25T14:03:17.262+0000] {dagbag.py:539} INFO - Filling up the DagBag from /opt/airflow/dags/data_lake_pipeline.py
[2026-05-25T14:03:17.946+0000] {logging_mixin.py:151} WARNING - None of PyTorch, TensorFlow >= 2.0, or Flax have been found. Models won't be available and only tokenizers, configuration and file/data utilities can be used.
[2026-05-25T14:03:17.989+0000] {processor.py:839} INFO - DAG(s) dict_keys(['data_lake_pipeline']) retrieved from /opt/airflow/dags/data_lake_pipeline.py
[2026-05-25T14:03:18.001+0000] {logging_mixin.py:151} INFO - [2026-05-25T14:03:18.001+0000] {dag.py:2915} INFO - Sync 1 DAGs
[2026-05-25T14:03:18.007+0000] {logging_mixin.py:151} INFO - [2026-05-25T14:03:18.006+0000] {dag.py:3696} INFO - Setting next_dagrun for data_lake_pipeline to None, run_after=None
[2026-05-25T14:03:18.017+0000] {processor.py:179} INFO - Processing /opt/airflow/dags/data_lake_pipeline.py took 0.763 seconds
[2026-05-25T14:03:48.266+0000] {processor.py:157} INFO - Started process (PID=2469) to work on /opt/airflow/dags/data_lake_pipeline.py
[2026-05-25T14:03:48.269+0000] {processor.py:829} INFO - Processing file /opt/airflow/dags/data_lake_pipeline.py for tasks to queue
[2026-05-25T14:03:48.270+0000] {logging_mixin.py:151} INFO - [2026-05-25T14:03:48.269+0000] {dagbag.py:539} INFO - Filling up the DagBag from /opt/airflow/dags/data_lake_pipeline.py
[2026-05-25T14:03:48.811+0000] {logging_mixin.py:151} WARNING - None of PyTorch, TensorFlow >= 2.0, or Flax have been found. Models won't be available and only tokenizers, configuration and file/data utilities can be used.
[2026-05-25T14:03:48.844+0000] {processor.py:839} INFO - DAG(s) dict_keys(['data_lake_pipeline']) retrieved from /opt/airflow/dags/data_lake_pipeline.py
[2026-05-25T14:03:48.857+0000] {logging_mixin.py:151} INFO - [2026-05-25T14:03:48.857+0000] {dag.py:2915} INFO - Sync 1 DAGs
[2026-05-25T14:03:48.863+0000] {logging_mixin.py:151} INFO - [2026-05-25T14:03:48.863+0000] {dag.py:3696} INFO - Setting next_dagrun for data_lake_pipeline to None, run_after=None
[2026-05-25T14:03:48.872+0000] {processor.py:179} INFO - Processing /opt/airflow/dags/data_lake_pipeline.py took 0.612 seconds
[2026-05-25T14:04:19.180+0000] {processor.py:157} INFO - Started process (PID=2478) to work on /opt/airflow/dags/data_lake_pipeline.py
[2026-05-25T14:04:19.183+0000] {processor.py:829} INFO - Processing file /opt/airflow/dags/data_lake_pipeline.py for tasks to queue
[2026-05-25T14:04:19.184+0000] {logging_mixin.py:151} INFO - [2026-05-25T14:04:19.184+0000] {dagbag.py:539} INFO - Filling up the DagBag from /opt/airflow/dags/data_lake_pipeline.py
[2026-05-25T14:04:19.913+0000] {logging_mixin.py:151} WARNING - None of PyTorch, TensorFlow >= 2.0, or Flax have been found. Models won't be available and only tokenizers, configuration and file/data utilities can be used.
[2026-05-25T14:04:19.955+0000] {processor.py:839} INFO - DAG(s) dict_keys(['data_lake_pipeline']) retrieved from /opt/airflow/dags/data_lake_pipeline.py
[2026-05-25T14:04:19.968+0000] {logging_mixin.py:151} INFO - [2026-05-25T14:04:19.968+0000] {dag.py:2915} INFO - Sync 1 DAGs
[2026-05-25T14:04:19.974+0000] {logging_mixin.py:151} INFO - [2026-05-25T14:04:19.974+0000] {dag.py:3696} INFO - Setting next_dagrun for data_lake_pipeline to None, run_after=None
[2026-05-25T14:04:19.982+0000] {processor.py:179} INFO - Processing /opt/airflow/dags/data_lake_pipeline.py took 0.807 seconds
[2026-05-25T14:04:50.281+0000] {processor.py:157} INFO - Started process (PID=2487) to work on /opt/airflow/dags/data_lake_pipeline.py
[2026-05-25T14:04:50.284+0000] {processor.py:829} INFO - Processing file /opt/airflow/dags/data_lake_pipeline.py for tasks to queue
[2026-05-25T14:04:50.285+0000] {logging_mixin.py:151} INFO - [2026-05-25T14:04:50.285+0000] {dagbag.py:539} INFO - Filling up the DagBag from /opt/airflow/dags/data_lake_pipeline.py
[2026-05-25T14:04:51.034+0000] {logging_mixin.py:151} WARNING - None of PyTorch, TensorFlow >= 2.0, or Flax have been found. Models won't be available and only tokenizers, configuration and file/data utilities can be used.
[2026-05-25T14:04:51.077+0000] {processor.py:839} INFO - DAG(s) dict_keys(['data_lake_pipeline']) retrieved from /opt/airflow/dags/data_lake_pipeline.py
[2026-05-25T14:04:51.092+0000] {logging_mixin.py:151} INFO - [2026-05-25T14:04:51.092+0000] {dag.py:2915} INFO - Sync 1 DAGs
[2026-05-25T14:04:51.098+0000] {logging_mixin.py:151} INFO - [2026-05-25T14:04:51.097+0000] {dag.py:3696} INFO - Setting next_dagrun for data_lake_pipeline to None, run_after=None
[2026-05-25T14:04:51.106+0000] {processor.py:179} INFO - Processing /opt/airflow/dags/data_lake_pipeline.py took 0.831 seconds
[2026-05-25T14:05:20.048+0000] {processor.py:157} INFO - Started process (PID=2496) to work on /opt/airflow/dags/data_lake_pipeline.py
[2026-05-25T14:05:20.052+0000] {processor.py:829} INFO - Processing file /opt/airflow/dags/data_lake_pipeline.py for tasks to queue
[2026-05-25T14:05:20.053+0000] {logging_mixin.py:151} INFO - [2026-05-25T14:05:20.053+0000] {dagbag.py:539} INFO - Filling up the DagBag from /opt/airflow/dags/data_lake_pipeline.py
[2026-05-25T14:05:20.650+0000] {logging_mixin.py:151} WARNING - None of PyTorch, TensorFlow >= 2.0, or Flax have been found. Models won't be available and only tokenizers, configuration and file/data utilities can be used.
[2026-05-25T14:05:20.691+0000] {processor.py:839} INFO - DAG(s) dict_keys(['data_lake_pipeline']) retrieved from /opt/airflow/dags/data_lake_pipeline.py
[2026-05-25T14:05:20.703+0000] {logging_mixin.py:151} INFO - [2026-05-25T14:05:20.702+0000] {dag.py:2915} INFO - Sync 1 DAGs
[2026-05-25T14:05:20.708+0000] {logging_mixin.py:151} INFO - [2026-05-25T14:05:20.708+0000] {dag.py:3696} INFO - Setting next_dagrun for data_lake_pipeline to None, run_after=None
[2026-05-25T14:05:20.716+0000] {processor.py:179} INFO - Processing /opt/airflow/dags/data_lake_pipeline.py took 0.672 seconds
[2026-05-25T14:05:50.932+0000] {processor.py:157} INFO - Started process (PID=2540) to work on /opt/airflow/dags/data_lake_pipeline.py
[2026-05-25T14:05:50.935+0000] {processor.py:829} INFO - Processing file /opt/airflow/dags/data_lake_pipeline.py for tasks to queue
[2026-05-25T14:05:50.936+0000] {logging_mixin.py:151} INFO - [2026-05-25T14:05:50.936+0000] {dagbag.py:539} INFO - Filling up the DagBag from /opt/airflow/dags/data_lake_pipeline.py
[2026-05-25T14:05:51.458+0000] {logging_mixin.py:151} WARNING - None of PyTorch, TensorFlow >= 2.0, or Flax have been found. Models won't be available and only tokenizers, configuration and file/data utilities can be used.
[2026-05-25T14:05:51.489+0000] {processor.py:839} INFO - DAG(s) dict_keys(['data_lake_pipeline']) retrieved from /opt/airflow/dags/data_lake_pipeline.py
[2026-05-25T14:05:51.500+0000] {logging_mixin.py:151} INFO - [2026-05-25T14:05:51.499+0000] {dag.py:2915} INFO - Sync 1 DAGs
[2026-05-25T14:05:51.504+0000] {logging_mixin.py:151} INFO - [2026-05-25T14:05:51.504+0000] {dag.py:3696} INFO - Setting next_dagrun for data_lake_pipeline to None, run_after=None
[2026-05-25T14:05:51.513+0000] {processor.py:179} INFO - Processing /opt/airflow/dags/data_lake_pipeline.py took 0.586 seconds
[2026-05-25T14:09:38.859+0000] {processor.py:157} INFO - Started process (PID=166) to work on /opt/airflow/dags/data_lake_pipeline.py
[2026-05-25T14:09:38.865+0000] {processor.py:829} INFO - Processing file /opt/airflow/dags/data_lake_pipeline.py for tasks to queue
[2026-05-25T14:09:38.866+0000] {logging_mixin.py:151} INFO - [2026-05-25T14:09:38.866+0000] {dagbag.py:539} INFO - Filling up the DagBag from /opt/airflow/dags/data_lake_pipeline.py
[2026-05-25T14:09:39.112+0000] {logging_mixin.py:151} INFO - [2026-05-25T14:09:39.110+0000] {dagbag.py:347} ERROR - Failed to import: /opt/airflow/dags/data_lake_pipeline.py
Traceback (most recent call last):
  File "/home/airflow/.local/lib/python3.8/site-packages/airflow/models/dagbag.py", line 343, in parse
    loader.exec_module(new_module)
  File "<frozen importlib._bootstrap_external>", line 843, in exec_module
  File "<frozen importlib._bootstrap>", line 219, in _call_with_frames_removed
  File "/opt/airflow/dags/data_lake_pipeline.py", line 8, in <module>
    import src.load_to_staging as load_to_staging
ModuleNotFoundError: No module named 'src'
[2026-05-25T14:09:39.112+0000] {processor.py:841} WARNING - No viable dags retrieved from /opt/airflow/dags/data_lake_pipeline.py
[2026-05-25T14:09:39.122+0000] {processor.py:179} INFO - Processing /opt/airflow/dags/data_lake_pipeline.py took 0.266 seconds
[2026-05-25T14:10:09.313+0000] {processor.py:157} INFO - Started process (PID=172) to work on /opt/airflow/dags/data_lake_pipeline.py
[2026-05-25T14:10:09.315+0000] {processor.py:829} INFO - Processing file /opt/airflow/dags/data_lake_pipeline.py for tasks to queue
[2026-05-25T14:10:09.316+0000] {logging_mixin.py:151} INFO - [2026-05-25T14:10:09.316+0000] {dagbag.py:539} INFO - Filling up the DagBag from /opt/airflow/dags/data_lake_pipeline.py
[2026-05-25T14:10:09.481+0000] {logging_mixin.py:151} INFO - [2026-05-25T14:10:09.480+0000] {dagbag.py:347} ERROR - Failed to import: /opt/airflow/dags/data_lake_pipeline.py
Traceback (most recent call last):
  File "/home/airflow/.local/lib/python3.8/site-packages/airflow/models/dagbag.py", line 343, in parse
    loader.exec_module(new_module)
  File "<frozen importlib._bootstrap_external>", line 843, in exec_module
  File "<frozen importlib._bootstrap>", line 219, in _call_with_frames_removed
  File "/opt/airflow/dags/data_lake_pipeline.py", line 8, in <module>
    import src.load_to_staging as load_to_staging
ModuleNotFoundError: No module named 'src'
[2026-05-25T14:10:09.482+0000] {processor.py:841} WARNING - No viable dags retrieved from /opt/airflow/dags/data_lake_pipeline.py
[2026-05-25T14:10:09.492+0000] {processor.py:179} INFO - Processing /opt/airflow/dags/data_lake_pipeline.py took 0.185 seconds
[2026-05-25T14:10:39.684+0000] {processor.py:157} INFO - Started process (PID=177) to work on /opt/airflow/dags/data_lake_pipeline.py
[2026-05-25T14:10:39.687+0000] {processor.py:829} INFO - Processing file /opt/airflow/dags/data_lake_pipeline.py for tasks to queue
[2026-05-25T14:10:39.688+0000] {logging_mixin.py:151} INFO - [2026-05-25T14:10:39.687+0000] {dagbag.py:539} INFO - Filling up the DagBag from /opt/airflow/dags/data_lake_pipeline.py
[2026-05-25T14:10:39.887+0000] {logging_mixin.py:151} INFO - [2026-05-25T14:10:39.886+0000] {dagbag.py:347} ERROR - Failed to import: /opt/airflow/dags/data_lake_pipeline.py
Traceback (most recent call last):
  File "/home/airflow/.local/lib/python3.8/site-packages/airflow/models/dagbag.py", line 343, in parse
    loader.exec_module(new_module)
  File "<frozen importlib._bootstrap_external>", line 843, in exec_module
  File "<frozen importlib._bootstrap>", line 219, in _call_with_frames_removed
  File "/opt/airflow/dags/data_lake_pipeline.py", line 8, in <module>
    import src.load_to_staging as load_to_staging
ModuleNotFoundError: No module named 'src'
[2026-05-25T14:10:39.887+0000] {processor.py:841} WARNING - No viable dags retrieved from /opt/airflow/dags/data_lake_pipeline.py
[2026-05-25T14:10:39.899+0000] {processor.py:179} INFO - Processing /opt/airflow/dags/data_lake_pipeline.py took 0.219 seconds
[2026-05-25T14:11:10.096+0000] {processor.py:157} INFO - Started process (PID=182) to work on /opt/airflow/dags/data_lake_pipeline.py
[2026-05-25T14:11:10.098+0000] {processor.py:829} INFO - Processing file /opt/airflow/dags/data_lake_pipeline.py for tasks to queue
[2026-05-25T14:11:10.099+0000] {logging_mixin.py:151} INFO - [2026-05-25T14:11:10.099+0000] {dagbag.py:539} INFO - Filling up the DagBag from /opt/airflow/dags/data_lake_pipeline.py
[2026-05-25T14:11:10.247+0000] {logging_mixin.py:151} INFO - [2026-05-25T14:11:10.246+0000] {dagbag.py:347} ERROR - Failed to import: /opt/airflow/dags/data_lake_pipeline.py
Traceback (most recent call last):
  File "/home/airflow/.local/lib/python3.8/site-packages/airflow/models/dagbag.py", line 343, in parse
    loader.exec_module(new_module)
  File "<frozen importlib._bootstrap_external>", line 843, in exec_module
  File "<frozen importlib._bootstrap>", line 219, in _call_with_frames_removed
  File "/opt/airflow/dags/data_lake_pipeline.py", line 8, in <module>
    import src.load_to_staging as load_to_staging
ModuleNotFoundError: No module named 'src'
[2026-05-25T14:11:10.247+0000] {processor.py:841} WARNING - No viable dags retrieved from /opt/airflow/dags/data_lake_pipeline.py
[2026-05-25T14:11:10.256+0000] {processor.py:179} INFO - Processing /opt/airflow/dags/data_lake_pipeline.py took 0.165 seconds
[2026-05-25T14:11:40.365+0000] {processor.py:157} INFO - Started process (PID=187) to work on /opt/airflow/dags/data_lake_pipeline.py
[2026-05-25T14:11:40.367+0000] {processor.py:829} INFO - Processing file /opt/airflow/dags/data_lake_pipeline.py for tasks to queue
[2026-05-25T14:11:40.369+0000] {logging_mixin.py:151} INFO - [2026-05-25T14:11:40.368+0000] {dagbag.py:539} INFO - Filling up the DagBag from /opt/airflow/dags/data_lake_pipeline.py
[2026-05-25T14:11:40.559+0000] {logging_mixin.py:151} INFO - [2026-05-25T14:11:40.558+0000] {dagbag.py:347} ERROR - Failed to import: /opt/airflow/dags/data_lake_pipeline.py
Traceback (most recent call last):
  File "/home/airflow/.local/lib/python3.8/site-packages/airflow/models/dagbag.py", line 343, in parse
    loader.exec_module(new_module)
  File "<frozen importlib._bootstrap_external>", line 843, in exec_module
  File "<frozen importlib._bootstrap>", line 219, in _call_with_frames_removed
  File "/opt/airflow/dags/data_lake_pipeline.py", line 8, in <module>
    import src.load_to_staging as load_to_staging
ModuleNotFoundError: No module named 'src'
[2026-05-25T14:11:40.559+0000] {processor.py:841} WARNING - No viable dags retrieved from /opt/airflow/dags/data_lake_pipeline.py
[2026-05-25T14:11:40.572+0000] {processor.py:179} INFO - Processing /opt/airflow/dags/data_lake_pipeline.py took 0.214 seconds
[2026-05-25T14:12:10.794+0000] {processor.py:157} INFO - Started process (PID=198) to work on /opt/airflow/dags/data_lake_pipeline.py
[2026-05-25T14:12:10.796+0000] {processor.py:829} INFO - Processing file /opt/airflow/dags/data_lake_pipeline.py for tasks to queue
[2026-05-25T14:12:10.797+0000] {logging_mixin.py:151} INFO - [2026-05-25T14:12:10.796+0000] {dagbag.py:539} INFO - Filling up the DagBag from /opt/airflow/dags/data_lake_pipeline.py
[2026-05-25T14:12:10.888+0000] {logging_mixin.py:151} INFO - [2026-05-25T14:12:10.886+0000] {dagbag.py:347} ERROR - Failed to import: /opt/airflow/dags/data_lake_pipeline.py
Traceback (most recent call last):
  File "/home/airflow/.local/lib/python3.8/site-packages/airflow/models/dagbag.py", line 343, in parse
    loader.exec_module(new_module)
  File "<frozen importlib._bootstrap_external>", line 843, in exec_module
  File "<frozen importlib._bootstrap>", line 219, in _call_with_frames_removed
  File "/opt/airflow/dags/data_lake_pipeline.py", line 8, in <module>
    import src.load_to_staging as load_to_staging
ModuleNotFoundError: No module named 'src'
[2026-05-25T14:12:10.889+0000] {processor.py:841} WARNING - No viable dags retrieved from /opt/airflow/dags/data_lake_pipeline.py
[2026-05-25T14:12:10.904+0000] {processor.py:179} INFO - Processing /opt/airflow/dags/data_lake_pipeline.py took 0.114 seconds
[2026-05-25T14:12:41.052+0000] {processor.py:157} INFO - Started process (PID=203) to work on /opt/airflow/dags/data_lake_pipeline.py
[2026-05-25T14:12:41.054+0000] {processor.py:829} INFO - Processing file /opt/airflow/dags/data_lake_pipeline.py for tasks to queue
[2026-05-25T14:12:41.055+0000] {logging_mixin.py:151} INFO - [2026-05-25T14:12:41.054+0000] {dagbag.py:539} INFO - Filling up the DagBag from /opt/airflow/dags/data_lake_pipeline.py
[2026-05-25T14:12:41.155+0000] {logging_mixin.py:151} INFO - [2026-05-25T14:12:41.152+0000] {dagbag.py:347} ERROR - Failed to import: /opt/airflow/dags/data_lake_pipeline.py
Traceback (most recent call last):
  File "/home/airflow/.local/lib/python3.8/site-packages/airflow/models/dagbag.py", line 343, in parse
    loader.exec_module(new_module)
  File "<frozen importlib._bootstrap_external>", line 843, in exec_module
  File "<frozen importlib._bootstrap>", line 219, in _call_with_frames_removed
  File "/opt/airflow/dags/data_lake_pipeline.py", line 8, in <module>
    import src.load_to_staging as load_to_staging
ModuleNotFoundError: No module named 'src'
[2026-05-25T14:12:41.155+0000] {processor.py:841} WARNING - No viable dags retrieved from /opt/airflow/dags/data_lake_pipeline.py
[2026-05-25T14:12:41.172+0000] {processor.py:179} INFO - Processing /opt/airflow/dags/data_lake_pipeline.py took 0.125 seconds
[2026-05-25T14:13:11.313+0000] {processor.py:157} INFO - Started process (PID=208) to work on /opt/airflow/dags/data_lake_pipeline.py
[2026-05-25T14:13:11.315+0000] {processor.py:829} INFO - Processing file /opt/airflow/dags/data_lake_pipeline.py for tasks to queue
[2026-05-25T14:13:11.317+0000] {logging_mixin.py:151} INFO - [2026-05-25T14:13:11.316+0000] {dagbag.py:539} INFO - Filling up the DagBag from /opt/airflow/dags/data_lake_pipeline.py
[2026-05-25T14:13:11.452+0000] {logging_mixin.py:151} INFO - [2026-05-25T14:13:11.449+0000] {dagbag.py:347} ERROR - Failed to import: /opt/airflow/dags/data_lake_pipeline.py
Traceback (most recent call last):
  File "/home/airflow/.local/lib/python3.8/site-packages/airflow/models/dagbag.py", line 343, in parse
    loader.exec_module(new_module)
  File "<frozen importlib._bootstrap_external>", line 843, in exec_module
  File "<frozen importlib._bootstrap>", line 219, in _call_with_frames_removed
  File "/opt/airflow/dags/data_lake_pipeline.py", line 8, in <module>
    import src.load_to_staging as load_to_staging
ModuleNotFoundError: No module named 'src'
[2026-05-25T14:13:11.452+0000] {processor.py:841} WARNING - No viable dags retrieved from /opt/airflow/dags/data_lake_pipeline.py
[2026-05-25T14:13:11.473+0000] {processor.py:179} INFO - Processing /opt/airflow/dags/data_lake_pipeline.py took 0.165 seconds
[2026-05-25T14:13:41.565+0000] {processor.py:157} INFO - Started process (PID=213) to work on /opt/airflow/dags/data_lake_pipeline.py
[2026-05-25T14:13:41.567+0000] {processor.py:829} INFO - Processing file /opt/airflow/dags/data_lake_pipeline.py for tasks to queue
[2026-05-25T14:13:41.568+0000] {logging_mixin.py:151} INFO - [2026-05-25T14:13:41.568+0000] {dagbag.py:539} INFO - Filling up the DagBag from /opt/airflow/dags/data_lake_pipeline.py
[2026-05-25T14:13:41.678+0000] {logging_mixin.py:151} INFO - [2026-05-25T14:13:41.674+0000] {dagbag.py:347} ERROR - Failed to import: /opt/airflow/dags/data_lake_pipeline.py
Traceback (most recent call last):
  File "/home/airflow/.local/lib/python3.8/site-packages/airflow/models/dagbag.py", line 343, in parse
    loader.exec_module(new_module)
  File "<frozen importlib._bootstrap_external>", line 843, in exec_module
  File "<frozen importlib._bootstrap>", line 219, in _call_with_frames_removed
  File "/opt/airflow/dags/data_lake_pipeline.py", line 8, in <module>
    import src.load_to_staging as load_to_staging
ModuleNotFoundError: No module named 'src'
[2026-05-25T14:13:41.678+0000] {processor.py:841} WARNING - No viable dags retrieved from /opt/airflow/dags/data_lake_pipeline.py
[2026-05-25T14:13:41.694+0000] {processor.py:179} INFO - Processing /opt/airflow/dags/data_lake_pipeline.py took 0.134 seconds
[2026-05-25T14:14:55.721+0000] {processor.py:157} INFO - Started process (PID=167) to work on /opt/airflow/dags/data_lake_pipeline.py
[2026-05-25T14:14:55.724+0000] {processor.py:829} INFO - Processing file /opt/airflow/dags/data_lake_pipeline.py for tasks to queue
[2026-05-25T14:14:55.726+0000] {logging_mixin.py:151} INFO - [2026-05-25T14:14:55.726+0000] {dagbag.py:539} INFO - Filling up the DagBag from /opt/airflow/dags/data_lake_pipeline.py
[2026-05-25T14:14:57.159+0000] {logging_mixin.py:151} WARNING - None of PyTorch, TensorFlow >= 2.0, or Flax have been found. Models won't be available and only tokenizers, configuration and file/data utilities can be used.
[2026-05-25T14:14:57.219+0000] {processor.py:839} INFO - DAG(s) dict_keys(['data_lake_pipeline']) retrieved from /opt/airflow/dags/data_lake_pipeline.py
[2026-05-25T14:14:57.346+0000] {logging_mixin.py:151} INFO - [2026-05-25T14:14:57.346+0000] {manager.py:499} INFO - Created Permission View: %s
[2026-05-25T14:14:57.353+0000] {logging_mixin.py:151} INFO - [2026-05-25T14:14:57.352+0000] {manager.py:499} INFO - Created Permission View: %s
[2026-05-25T14:14:57.355+0000] {logging_mixin.py:151} INFO - [2026-05-25T14:14:57.355+0000] {manager.py:499} INFO - Created Permission View: %s
[2026-05-25T14:14:57.356+0000] {logging_mixin.py:151} INFO - [2026-05-25T14:14:57.355+0000] {security.py:708} INFO - Not syncing DAG-level permissions for DAG 'DAG:data_lake_pipeline' as access control is unset.
[2026-05-25T14:14:57.356+0000] {logging_mixin.py:151} INFO - [2026-05-25T14:14:57.356+0000] {dag.py:2915} INFO - Sync 1 DAGs
[2026-05-25T14:14:57.362+0000] {logging_mixin.py:151} INFO - [2026-05-25T14:14:57.362+0000] {dag.py:2937} INFO - Creating ORM DAG for data_lake_pipeline
[2026-05-25T14:14:57.363+0000] {logging_mixin.py:151} INFO - [2026-05-25T14:14:57.362+0000] {dag.py:3696} INFO - Setting next_dagrun for data_lake_pipeline to None, run_after=None
[2026-05-25T14:14:57.371+0000] {processor.py:179} INFO - Processing /opt/airflow/dags/data_lake_pipeline.py took 1.653 seconds
[2026-05-25T14:15:27.569+0000] {processor.py:157} INFO - Started process (PID=182) to work on /opt/airflow/dags/data_lake_pipeline.py
[2026-05-25T14:15:27.575+0000] {processor.py:829} INFO - Processing file /opt/airflow/dags/data_lake_pipeline.py for tasks to queue
[2026-05-25T14:15:27.579+0000] {logging_mixin.py:151} INFO - [2026-05-25T14:15:27.579+0000] {dagbag.py:539} INFO - Filling up the DagBag from /opt/airflow/dags/data_lake_pipeline.py
[2026-05-25T14:15:28.323+0000] {logging_mixin.py:151} WARNING - None of PyTorch, TensorFlow >= 2.0, or Flax have been found. Models won't be available and only tokenizers, configuration and file/data utilities can be used.
[2026-05-25T14:15:28.369+0000] {processor.py:839} INFO - DAG(s) dict_keys(['data_lake_pipeline']) retrieved from /opt/airflow/dags/data_lake_pipeline.py
[2026-05-25T14:15:28.382+0000] {logging_mixin.py:151} INFO - [2026-05-25T14:15:28.382+0000] {dag.py:2915} INFO - Sync 1 DAGs
[2026-05-25T14:15:28.388+0000] {logging_mixin.py:151} INFO - [2026-05-25T14:15:28.388+0000] {dag.py:3696} INFO - Setting next_dagrun for data_lake_pipeline to None, run_after=None
[2026-05-25T14:15:28.396+0000] {processor.py:179} INFO - Processing /opt/airflow/dags/data_lake_pipeline.py took 0.831 seconds
[2026-05-25T14:15:58.641+0000] {processor.py:157} INFO - Started process (PID=235) to work on /opt/airflow/dags/data_lake_pipeline.py
[2026-05-25T14:15:58.645+0000] {processor.py:829} INFO - Processing file /opt/airflow/dags/data_lake_pipeline.py for tasks to queue
[2026-05-25T14:15:58.646+0000] {logging_mixin.py:151} INFO - [2026-05-25T14:15:58.646+0000] {dagbag.py:539} INFO - Filling up the DagBag from /opt/airflow/dags/data_lake_pipeline.py
[2026-05-25T14:15:59.362+0000] {logging_mixin.py:151} WARNING - None of PyTorch, TensorFlow >= 2.0, or Flax have been found. Models won't be available and only tokenizers, configuration and file/data utilities can be used.
[2026-05-25T14:15:59.404+0000] {processor.py:839} INFO - DAG(s) dict_keys(['data_lake_pipeline']) retrieved from /opt/airflow/dags/data_lake_pipeline.py
[2026-05-25T14:15:59.419+0000] {logging_mixin.py:151} INFO - [2026-05-25T14:15:59.419+0000] {dag.py:2915} INFO - Sync 1 DAGs
[2026-05-25T14:15:59.424+0000] {logging_mixin.py:151} INFO - [2026-05-25T14:15:59.424+0000] {dag.py:3696} INFO - Setting next_dagrun for data_lake_pipeline to None, run_after=None
[2026-05-25T14:15:59.432+0000] {processor.py:179} INFO - Processing /opt/airflow/dags/data_lake_pipeline.py took 0.797 seconds
[2026-05-25T14:16:29.706+0000] {processor.py:157} INFO - Started process (PID=244) to work on /opt/airflow/dags/data_lake_pipeline.py
[2026-05-25T14:16:29.709+0000] {processor.py:829} INFO - Processing file /opt/airflow/dags/data_lake_pipeline.py for tasks to queue
[2026-05-25T14:16:29.711+0000] {logging_mixin.py:151} INFO - [2026-05-25T14:16:29.710+0000] {dagbag.py:539} INFO - Filling up the DagBag from /opt/airflow/dags/data_lake_pipeline.py
[2026-05-25T14:16:30.748+0000] {logging_mixin.py:151} WARNING - None of PyTorch, TensorFlow >= 2.0, or Flax have been found. Models won't be available and only tokenizers, configuration and file/data utilities can be used.
[2026-05-25T14:16:30.798+0000] {processor.py:839} INFO - DAG(s) dict_keys(['data_lake_pipeline']) retrieved from /opt/airflow/dags/data_lake_pipeline.py
[2026-05-25T14:16:30.820+0000] {logging_mixin.py:151} INFO - [2026-05-25T14:16:30.820+0000] {dag.py:2915} INFO - Sync 1 DAGs
[2026-05-25T14:16:30.830+0000] {logging_mixin.py:151} INFO - [2026-05-25T14:16:30.830+0000] {dag.py:3696} INFO - Setting next_dagrun for data_lake_pipeline to None, run_after=None
[2026-05-25T14:16:30.840+0000] {processor.py:179} INFO - Processing /opt/airflow/dags/data_lake_pipeline.py took 1.143 seconds
[2026-05-25T14:16:55.967+0000] {processor.py:157} INFO - Started process (PID=253) to work on /opt/airflow/dags/data_lake_pipeline.py
[2026-05-25T14:16:55.969+0000] {processor.py:829} INFO - Processing file /opt/airflow/dags/data_lake_pipeline.py for tasks to queue
[2026-05-25T14:16:55.970+0000] {logging_mixin.py:151} INFO - [2026-05-25T14:16:55.970+0000] {dagbag.py:539} INFO - Filling up the DagBag from /opt/airflow/dags/data_lake_pipeline.py
[2026-05-25T14:16:56.795+0000] {logging_mixin.py:151} WARNING - None of PyTorch, TensorFlow >= 2.0, or Flax have been found. Models won't be available and only tokenizers, configuration and file/data utilities can be used.
[2026-05-25T14:16:56.841+0000] {processor.py:839} INFO - DAG(s) dict_keys(['data_lake_pipeline']) retrieved from /opt/airflow/dags/data_lake_pipeline.py
[2026-05-25T14:16:56.860+0000] {logging_mixin.py:151} INFO - [2026-05-25T14:16:56.860+0000] {dag.py:2915} INFO - Sync 1 DAGs
[2026-05-25T14:16:56.867+0000] {logging_mixin.py:151} INFO - [2026-05-25T14:16:56.866+0000] {dag.py:3696} INFO - Setting next_dagrun for data_lake_pipeline to None, run_after=None
[2026-05-25T14:16:56.876+0000] {processor.py:179} INFO - Processing /opt/airflow/dags/data_lake_pipeline.py took 0.919 seconds
[2026-05-25T14:17:27.195+0000] {processor.py:157} INFO - Started process (PID=262) to work on /opt/airflow/dags/data_lake_pipeline.py
[2026-05-25T14:17:27.197+0000] {processor.py:829} INFO - Processing file /opt/airflow/dags/data_lake_pipeline.py for tasks to queue
[2026-05-25T14:17:27.198+0000] {logging_mixin.py:151} INFO - [2026-05-25T14:17:27.198+0000] {dagbag.py:539} INFO - Filling up the DagBag from /opt/airflow/dags/data_lake_pipeline.py
[2026-05-25T14:17:27.749+0000] {logging_mixin.py:151} WARNING - None of PyTorch, TensorFlow >= 2.0, or Flax have been found. Models won't be available and only tokenizers, configuration and file/data utilities can be used.
[2026-05-25T14:17:27.782+0000] {processor.py:839} INFO - DAG(s) dict_keys(['data_lake_pipeline']) retrieved from /opt/airflow/dags/data_lake_pipeline.py
[2026-05-25T14:17:27.793+0000] {logging_mixin.py:151} INFO - [2026-05-25T14:17:27.793+0000] {dag.py:2915} INFO - Sync 1 DAGs
[2026-05-25T14:17:27.800+0000] {logging_mixin.py:151} INFO - [2026-05-25T14:17:27.799+0000] {dag.py:3696} INFO - Setting next_dagrun for data_lake_pipeline to None, run_after=None
[2026-05-25T14:17:27.807+0000] {processor.py:179} INFO - Processing /opt/airflow/dags/data_lake_pipeline.py took 0.615 seconds
[2026-05-25T14:17:40.939+0000] {processor.py:157} INFO - Started process (PID=271) to work on /opt/airflow/dags/data_lake_pipeline.py
[2026-05-25T14:17:40.941+0000] {processor.py:829} INFO - Processing file /opt/airflow/dags/data_lake_pipeline.py for tasks to queue
[2026-05-25T14:17:40.942+0000] {logging_mixin.py:151} INFO - [2026-05-25T14:17:40.942+0000] {dagbag.py:539} INFO - Filling up the DagBag from /opt/airflow/dags/data_lake_pipeline.py
[2026-05-25T14:17:41.638+0000] {logging_mixin.py:151} WARNING - None of PyTorch, TensorFlow >= 2.0, or Flax have been found. Models won't be available and only tokenizers, configuration and file/data utilities can be used.
[2026-05-25T14:17:41.685+0000] {processor.py:839} INFO - DAG(s) dict_keys(['data_lake_pipeline']) retrieved from /opt/airflow/dags/data_lake_pipeline.py
[2026-05-25T14:17:41.702+0000] {logging_mixin.py:151} INFO - [2026-05-25T14:17:41.702+0000] {dag.py:2915} INFO - Sync 1 DAGs
[2026-05-25T14:17:41.707+0000] {logging_mixin.py:151} INFO - [2026-05-25T14:17:41.707+0000] {dag.py:3696} INFO - Setting next_dagrun for data_lake_pipeline to None, run_after=None
[2026-05-25T14:17:41.718+0000] {processor.py:179} INFO - Processing /opt/airflow/dags/data_lake_pipeline.py took 0.784 seconds
[2026-05-25T14:18:11.948+0000] {processor.py:157} INFO - Started process (PID=280) to work on /opt/airflow/dags/data_lake_pipeline.py
[2026-05-25T14:18:11.951+0000] {processor.py:829} INFO - Processing file /opt/airflow/dags/data_lake_pipeline.py for tasks to queue
[2026-05-25T14:18:11.952+0000] {logging_mixin.py:151} INFO - [2026-05-25T14:18:11.952+0000] {dagbag.py:539} INFO - Filling up the DagBag from /opt/airflow/dags/data_lake_pipeline.py
[2026-05-25T14:18:12.706+0000] {logging_mixin.py:151} WARNING - None of PyTorch, TensorFlow >= 2.0, or Flax have been found. Models won't be available and only tokenizers, configuration and file/data utilities can be used.
[2026-05-25T14:18:12.759+0000] {processor.py:839} INFO - DAG(s) dict_keys(['data_lake_pipeline']) retrieved from /opt/airflow/dags/data_lake_pipeline.py
[2026-05-25T14:18:12.773+0000] {logging_mixin.py:151} INFO - [2026-05-25T14:18:12.773+0000] {dag.py:2915} INFO - Sync 1 DAGs
[2026-05-25T14:18:12.780+0000] {logging_mixin.py:151} INFO - [2026-05-25T14:18:12.780+0000] {dag.py:3696} INFO - Setting next_dagrun for data_lake_pipeline to None, run_after=None
[2026-05-25T14:18:12.789+0000] {processor.py:179} INFO - Processing /opt/airflow/dags/data_lake_pipeline.py took 0.849 seconds
[2026-05-25T14:18:21.859+0000] {processor.py:157} INFO - Started process (PID=289) to work on /opt/airflow/dags/data_lake_pipeline.py
[2026-05-25T14:18:21.861+0000] {processor.py:829} INFO - Processing file /opt/airflow/dags/data_lake_pipeline.py for tasks to queue
[2026-05-25T14:18:21.861+0000] {logging_mixin.py:151} INFO - [2026-05-25T14:18:21.861+0000] {dagbag.py:539} INFO - Filling up the DagBag from /opt/airflow/dags/data_lake_pipeline.py
[2026-05-25T14:18:22.435+0000] {logging_mixin.py:151} INFO - [2026-05-25T14:18:22.434+0000] {dagbag.py:347} ERROR - Failed to import: /opt/airflow/dags/data_lake_pipeline.py
Traceback (most recent call last):
  File "/home/airflow/.local/lib/python3.8/site-packages/airflow/models/dagbag.py", line 343, in parse
    loader.exec_module(new_module)
  File "<frozen importlib._bootstrap_external>", line 843, in exec_module
  File "<frozen importlib._bootstrap>", line 219, in _call_with_frames_removed
  File "/opt/airflow/dags/data_lake_pipeline.py", line 9, in <module>
    import src.staging_to_curated as staging_to_curated
  File "/opt/airflow/src/staging_to_curated.py", line 21
    def get_staging_data(host, user, password, database, split="train", port ):
                         ^
SyntaxError: non-default argument follows default argument
[2026-05-25T14:18:22.435+0000] {processor.py:841} WARNING - No viable dags retrieved from /opt/airflow/dags/data_lake_pipeline.py
[2026-05-25T14:18:22.445+0000] {processor.py:179} INFO - Processing /opt/airflow/dags/data_lake_pipeline.py took 0.588 seconds
[2026-05-25T14:18:52.702+0000] {processor.py:157} INFO - Started process (PID=298) to work on /opt/airflow/dags/data_lake_pipeline.py
[2026-05-25T14:18:52.705+0000] {processor.py:829} INFO - Processing file /opt/airflow/dags/data_lake_pipeline.py for tasks to queue
[2026-05-25T14:18:52.706+0000] {logging_mixin.py:151} INFO - [2026-05-25T14:18:52.706+0000] {dagbag.py:539} INFO - Filling up the DagBag from /opt/airflow/dags/data_lake_pipeline.py
[2026-05-25T14:18:53.308+0000] {logging_mixin.py:151} INFO - [2026-05-25T14:18:53.307+0000] {dagbag.py:347} ERROR - Failed to import: /opt/airflow/dags/data_lake_pipeline.py
Traceback (most recent call last):
  File "/home/airflow/.local/lib/python3.8/site-packages/airflow/models/dagbag.py", line 343, in parse
    loader.exec_module(new_module)
  File "<frozen importlib._bootstrap_external>", line 843, in exec_module
  File "<frozen importlib._bootstrap>", line 219, in _call_with_frames_removed
  File "/opt/airflow/dags/data_lake_pipeline.py", line 9, in <module>
    import src.staging_to_curated as staging_to_curated
  File "/opt/airflow/src/staging_to_curated.py", line 21
    def get_staging_data(host, user, password, database, split="train", port ):
                         ^
SyntaxError: non-default argument follows default argument
[2026-05-25T14:18:53.308+0000] {processor.py:841} WARNING - No viable dags retrieved from /opt/airflow/dags/data_lake_pipeline.py
[2026-05-25T14:18:53.317+0000] {processor.py:179} INFO - Processing /opt/airflow/dags/data_lake_pipeline.py took 0.621 seconds
[2026-05-25T14:19:05.202+0000] {processor.py:157} INFO - Started process (PID=307) to work on /opt/airflow/dags/data_lake_pipeline.py
[2026-05-25T14:19:05.205+0000] {processor.py:829} INFO - Processing file /opt/airflow/dags/data_lake_pipeline.py for tasks to queue
[2026-05-25T14:19:05.206+0000] {logging_mixin.py:151} INFO - [2026-05-25T14:19:05.206+0000] {dagbag.py:539} INFO - Filling up the DagBag from /opt/airflow/dags/data_lake_pipeline.py
[2026-05-25T14:19:05.752+0000] {logging_mixin.py:151} INFO - [2026-05-25T14:19:05.751+0000] {dagbag.py:347} ERROR - Failed to import: /opt/airflow/dags/data_lake_pipeline.py
Traceback (most recent call last):
  File "/home/airflow/.local/lib/python3.8/site-packages/airflow/models/dagbag.py", line 343, in parse
    loader.exec_module(new_module)
  File "<frozen importlib._bootstrap_external>", line 843, in exec_module
  File "<frozen importlib._bootstrap>", line 219, in _call_with_frames_removed
  File "/opt/airflow/dags/data_lake_pipeline.py", line 9, in <module>
    import src.staging_to_curated as staging_to_curated
  File "/opt/airflow/src/staging_to_curated.py", line 21
    def get_staging_data(host, user, password, database, split="train", port ):
                         ^
SyntaxError: non-default argument follows default argument
[2026-05-25T14:19:05.753+0000] {processor.py:841} WARNING - No viable dags retrieved from /opt/airflow/dags/data_lake_pipeline.py
[2026-05-25T14:19:05.760+0000] {processor.py:179} INFO - Processing /opt/airflow/dags/data_lake_pipeline.py took 0.561 seconds
[2026-05-25T14:19:13.480+0000] {processor.py:157} INFO - Started process (PID=316) to work on /opt/airflow/dags/data_lake_pipeline.py
[2026-05-25T14:19:13.483+0000] {processor.py:829} INFO - Processing file /opt/airflow/dags/data_lake_pipeline.py for tasks to queue
[2026-05-25T14:19:13.484+0000] {logging_mixin.py:151} INFO - [2026-05-25T14:19:13.484+0000] {dagbag.py:539} INFO - Filling up the DagBag from /opt/airflow/dags/data_lake_pipeline.py
[2026-05-25T14:19:13.997+0000] {logging_mixin.py:151} INFO - [2026-05-25T14:19:13.996+0000] {dagbag.py:347} ERROR - Failed to import: /opt/airflow/dags/data_lake_pipeline.py
Traceback (most recent call last):
  File "/home/airflow/.local/lib/python3.8/site-packages/airflow/models/dagbag.py", line 343, in parse
    loader.exec_module(new_module)
  File "<frozen importlib._bootstrap_external>", line 843, in exec_module
  File "<frozen importlib._bootstrap>", line 219, in _call_with_frames_removed
  File "/opt/airflow/dags/data_lake_pipeline.py", line 9, in <module>
    import src.staging_to_curated as staging_to_curated
  File "/opt/airflow/src/staging_to_curated.py", line 21
    def get_staging_data(host, user, password, database, split="train", port ):
                         ^
SyntaxError: non-default argument follows default argument
[2026-05-25T14:19:13.997+0000] {processor.py:841} WARNING - No viable dags retrieved from /opt/airflow/dags/data_lake_pipeline.py
[2026-05-25T14:19:14.005+0000] {processor.py:179} INFO - Processing /opt/airflow/dags/data_lake_pipeline.py took 0.528 seconds
[2026-05-25T14:19:44.065+0000] {processor.py:157} INFO - Started process (PID=325) to work on /opt/airflow/dags/data_lake_pipeline.py
[2026-05-25T14:19:44.070+0000] {processor.py:829} INFO - Processing file /opt/airflow/dags/data_lake_pipeline.py for tasks to queue
[2026-05-25T14:19:44.070+0000] {logging_mixin.py:151} INFO - [2026-05-25T14:19:44.070+0000] {dagbag.py:539} INFO - Filling up the DagBag from /opt/airflow/dags/data_lake_pipeline.py
[2026-05-25T14:19:44.608+0000] {logging_mixin.py:151} INFO - [2026-05-25T14:19:44.607+0000] {dagbag.py:347} ERROR - Failed to import: /opt/airflow/dags/data_lake_pipeline.py
Traceback (most recent call last):
  File "/home/airflow/.local/lib/python3.8/site-packages/airflow/models/dagbag.py", line 343, in parse
    loader.exec_module(new_module)
  File "<frozen importlib._bootstrap_external>", line 843, in exec_module
  File "<frozen importlib._bootstrap>", line 219, in _call_with_frames_removed
  File "/opt/airflow/dags/data_lake_pipeline.py", line 9, in <module>
    import src.staging_to_curated as staging_to_curated
  File "/opt/airflow/src/staging_to_curated.py", line 21
    def get_staging_data(host, user, password, database, split="train", port ):
                         ^
SyntaxError: non-default argument follows default argument
[2026-05-25T14:19:44.608+0000] {processor.py:841} WARNING - No viable dags retrieved from /opt/airflow/dags/data_lake_pipeline.py
[2026-05-25T14:19:44.617+0000] {processor.py:179} INFO - Processing /opt/airflow/dags/data_lake_pipeline.py took 0.556 seconds
[2026-05-25T14:20:14.907+0000] {processor.py:157} INFO - Started process (PID=334) to work on /opt/airflow/dags/data_lake_pipeline.py
[2026-05-25T14:20:14.913+0000] {processor.py:829} INFO - Processing file /opt/airflow/dags/data_lake_pipeline.py for tasks to queue
[2026-05-25T14:20:14.914+0000] {logging_mixin.py:151} INFO - [2026-05-25T14:20:14.914+0000] {dagbag.py:539} INFO - Filling up the DagBag from /opt/airflow/dags/data_lake_pipeline.py
[2026-05-25T14:20:15.501+0000] {logging_mixin.py:151} WARNING - None of PyTorch, TensorFlow >= 2.0, or Flax have been found. Models won't be available and only tokenizers, configuration and file/data utilities can be used.
[2026-05-25T14:20:15.544+0000] {processor.py:839} INFO - DAG(s) dict_keys(['data_lake_pipeline']) retrieved from /opt/airflow/dags/data_lake_pipeline.py
[2026-05-25T14:20:15.594+0000] {logging_mixin.py:151} INFO - [2026-05-25T14:20:15.594+0000] {security.py:708} INFO - Not syncing DAG-level permissions for DAG 'DAG:data_lake_pipeline' as access control is unset.
[2026-05-25T14:20:15.595+0000] {logging_mixin.py:151} INFO - [2026-05-25T14:20:15.594+0000] {dag.py:2915} INFO - Sync 1 DAGs
[2026-05-25T14:20:15.599+0000] {logging_mixin.py:151} INFO - [2026-05-25T14:20:15.599+0000] {dag.py:3696} INFO - Setting next_dagrun for data_lake_pipeline to None, run_after=None
[2026-05-25T14:20:15.608+0000] {processor.py:179} INFO - Processing /opt/airflow/dags/data_lake_pipeline.py took 0.706 seconds
[2026-05-25T14:20:45.795+0000] {processor.py:157} INFO - Started process (PID=343) to work on /opt/airflow/dags/data_lake_pipeline.py
[2026-05-25T14:20:45.798+0000] {processor.py:829} INFO - Processing file /opt/airflow/dags/data_lake_pipeline.py for tasks to queue
[2026-05-25T14:20:45.800+0000] {logging_mixin.py:151} INFO - [2026-05-25T14:20:45.799+0000] {dagbag.py:539} INFO - Filling up the DagBag from /opt/airflow/dags/data_lake_pipeline.py
[2026-05-25T14:20:46.312+0000] {logging_mixin.py:151} WARNING - None of PyTorch, TensorFlow >= 2.0, or Flax have been found. Models won't be available and only tokenizers, configuration and file/data utilities can be used.
[2026-05-25T14:20:46.343+0000] {processor.py:839} INFO - DAG(s) dict_keys(['data_lake_pipeline']) retrieved from /opt/airflow/dags/data_lake_pipeline.py
[2026-05-25T14:20:46.352+0000] {logging_mixin.py:151} INFO - [2026-05-25T14:20:46.352+0000] {dag.py:2915} INFO - Sync 1 DAGs
[2026-05-25T14:20:46.357+0000] {logging_mixin.py:151} INFO - [2026-05-25T14:20:46.357+0000] {dag.py:3696} INFO - Setting next_dagrun for data_lake_pipeline to None, run_after=None
[2026-05-25T14:20:46.364+0000] {processor.py:179} INFO - Processing /opt/airflow/dags/data_lake_pipeline.py took 0.574 seconds
[2026-05-25T14:21:16.669+0000] {processor.py:157} INFO - Started process (PID=369) to work on /opt/airflow/dags/data_lake_pipeline.py
[2026-05-25T14:21:16.673+0000] {processor.py:829} INFO - Processing file /opt/airflow/dags/data_lake_pipeline.py for tasks to queue
[2026-05-25T14:21:16.674+0000] {logging_mixin.py:151} INFO - [2026-05-25T14:21:16.674+0000] {dagbag.py:539} INFO - Filling up the DagBag from /opt/airflow/dags/data_lake_pipeline.py
[2026-05-25T14:21:17.185+0000] {logging_mixin.py:151} WARNING - None of PyTorch, TensorFlow >= 2.0, or Flax have been found. Models won't be available and only tokenizers, configuration and file/data utilities can be used.
[2026-05-25T14:21:17.217+0000] {processor.py:839} INFO - DAG(s) dict_keys(['data_lake_pipeline']) retrieved from /opt/airflow/dags/data_lake_pipeline.py
[2026-05-25T14:21:17.227+0000] {logging_mixin.py:151} INFO - [2026-05-25T14:21:17.227+0000] {dag.py:2915} INFO - Sync 1 DAGs
[2026-05-25T14:21:17.232+0000] {logging_mixin.py:151} INFO - [2026-05-25T14:21:17.232+0000] {dag.py:3696} INFO - Setting next_dagrun for data_lake_pipeline to None, run_after=None
[2026-05-25T14:21:17.240+0000] {processor.py:179} INFO - Processing /opt/airflow/dags/data_lake_pipeline.py took 0.576 seconds
[2026-05-25T14:21:47.489+0000] {processor.py:157} INFO - Started process (PID=378) to work on /opt/airflow/dags/data_lake_pipeline.py
[2026-05-25T14:21:47.493+0000] {processor.py:829} INFO - Processing file /opt/airflow/dags/data_lake_pipeline.py for tasks to queue
[2026-05-25T14:21:47.494+0000] {logging_mixin.py:151} INFO - [2026-05-25T14:21:47.493+0000] {dagbag.py:539} INFO - Filling up the DagBag from /opt/airflow/dags/data_lake_pipeline.py
[2026-05-25T14:21:48.016+0000] {logging_mixin.py:151} WARNING - None of PyTorch, TensorFlow >= 2.0, or Flax have been found. Models won't be available and only tokenizers, configuration and file/data utilities can be used.
[2026-05-25T14:21:48.056+0000] {processor.py:839} INFO - DAG(s) dict_keys(['data_lake_pipeline']) retrieved from /opt/airflow/dags/data_lake_pipeline.py
[2026-05-25T14:21:48.067+0000] {logging_mixin.py:151} INFO - [2026-05-25T14:21:48.067+0000] {dag.py:2915} INFO - Sync 1 DAGs
[2026-05-25T14:21:48.072+0000] {logging_mixin.py:151} INFO - [2026-05-25T14:21:48.072+0000] {dag.py:3696} INFO - Setting next_dagrun for data_lake_pipeline to None, run_after=None
[2026-05-25T14:21:48.080+0000] {processor.py:179} INFO - Processing /opt/airflow/dags/data_lake_pipeline.py took 0.595 seconds
[2026-05-25T14:22:18.333+0000] {processor.py:157} INFO - Started process (PID=439) to work on /opt/airflow/dags/data_lake_pipeline.py
[2026-05-25T14:22:18.336+0000] {processor.py:829} INFO - Processing file /opt/airflow/dags/data_lake_pipeline.py for tasks to queue
[2026-05-25T14:22:18.337+0000] {logging_mixin.py:151} INFO - [2026-05-25T14:22:18.336+0000] {dagbag.py:539} INFO - Filling up the DagBag from /opt/airflow/dags/data_lake_pipeline.py
[2026-05-25T14:22:19.197+0000] {logging_mixin.py:151} WARNING - None of PyTorch, TensorFlow >= 2.0, or Flax have been found. Models won't be available and only tokenizers, configuration and file/data utilities can be used.
[2026-05-25T14:22:19.322+0000] {processor.py:839} INFO - DAG(s) dict_keys(['data_lake_pipeline']) retrieved from /opt/airflow/dags/data_lake_pipeline.py
[2026-05-25T14:22:19.339+0000] {logging_mixin.py:151} INFO - [2026-05-25T14:22:19.338+0000] {dag.py:2915} INFO - Sync 1 DAGs
[2026-05-25T14:22:19.345+0000] {logging_mixin.py:151} INFO - [2026-05-25T14:22:19.345+0000] {dag.py:3696} INFO - Setting next_dagrun for data_lake_pipeline to None, run_after=None
[2026-05-25T14:22:19.354+0000] {processor.py:179} INFO - Processing /opt/airflow/dags/data_lake_pipeline.py took 1.028 seconds
[2026-05-25T14:22:49.607+0000] {processor.py:157} INFO - Started process (PID=448) to work on /opt/airflow/dags/data_lake_pipeline.py
[2026-05-25T14:22:49.611+0000] {processor.py:829} INFO - Processing file /opt/airflow/dags/data_lake_pipeline.py for tasks to queue
[2026-05-25T14:22:49.613+0000] {logging_mixin.py:151} INFO - [2026-05-25T14:22:49.612+0000] {dagbag.py:539} INFO - Filling up the DagBag from /opt/airflow/dags/data_lake_pipeline.py
[2026-05-25T14:22:50.388+0000] {logging_mixin.py:151} WARNING - None of PyTorch, TensorFlow >= 2.0, or Flax have been found. Models won't be available and only tokenizers, configuration and file/data utilities can be used.
[2026-05-25T14:22:50.440+0000] {processor.py:839} INFO - DAG(s) dict_keys(['data_lake_pipeline']) retrieved from /opt/airflow/dags/data_lake_pipeline.py
[2026-05-25T14:22:50.456+0000] {logging_mixin.py:151} INFO - [2026-05-25T14:22:50.456+0000] {dag.py:2915} INFO - Sync 1 DAGs
[2026-05-25T14:22:50.463+0000] {logging_mixin.py:151} INFO - [2026-05-25T14:22:50.463+0000] {dag.py:3696} INFO - Setting next_dagrun for data_lake_pipeline to None, run_after=None
[2026-05-25T14:22:50.471+0000] {processor.py:179} INFO - Processing /opt/airflow/dags/data_lake_pipeline.py took 0.870 seconds
[2026-05-25T14:23:20.714+0000] {processor.py:157} INFO - Started process (PID=457) to work on /opt/airflow/dags/data_lake_pipeline.py
[2026-05-25T14:23:20.718+0000] {processor.py:829} INFO - Processing file /opt/airflow/dags/data_lake_pipeline.py for tasks to queue
[2026-05-25T14:23:20.719+0000] {logging_mixin.py:151} INFO - [2026-05-25T14:23:20.719+0000] {dagbag.py:539} INFO - Filling up the DagBag from /opt/airflow/dags/data_lake_pipeline.py
[2026-05-25T14:23:21.255+0000] {logging_mixin.py:151} WARNING - None of PyTorch, TensorFlow >= 2.0, or Flax have been found. Models won't be available and only tokenizers, configuration and file/data utilities can be used.
[2026-05-25T14:23:21.288+0000] {processor.py:839} INFO - DAG(s) dict_keys(['data_lake_pipeline']) retrieved from /opt/airflow/dags/data_lake_pipeline.py
[2026-05-25T14:23:21.300+0000] {logging_mixin.py:151} INFO - [2026-05-25T14:23:21.300+0000] {dag.py:2915} INFO - Sync 1 DAGs
[2026-05-25T14:23:21.305+0000] {logging_mixin.py:151} INFO - [2026-05-25T14:23:21.305+0000] {dag.py:3696} INFO - Setting next_dagrun for data_lake_pipeline to None, run_after=None
[2026-05-25T14:23:21.315+0000] {processor.py:179} INFO - Processing /opt/airflow/dags/data_lake_pipeline.py took 0.604 seconds
[2026-05-25T14:23:51.571+0000] {processor.py:157} INFO - Started process (PID=466) to work on /opt/airflow/dags/data_lake_pipeline.py
[2026-05-25T14:23:51.574+0000] {processor.py:829} INFO - Processing file /opt/airflow/dags/data_lake_pipeline.py for tasks to queue
[2026-05-25T14:23:51.575+0000] {logging_mixin.py:151} INFO - [2026-05-25T14:23:51.575+0000] {dagbag.py:539} INFO - Filling up the DagBag from /opt/airflow/dags/data_lake_pipeline.py
[2026-05-25T14:23:52.449+0000] {logging_mixin.py:151} WARNING - None of PyTorch, TensorFlow >= 2.0, or Flax have been found. Models won't be available and only tokenizers, configuration and file/data utilities can be used.
[2026-05-25T14:23:52.502+0000] {processor.py:839} INFO - DAG(s) dict_keys(['data_lake_pipeline']) retrieved from /opt/airflow/dags/data_lake_pipeline.py
[2026-05-25T14:23:52.517+0000] {logging_mixin.py:151} INFO - [2026-05-25T14:23:52.516+0000] {dag.py:2915} INFO - Sync 1 DAGs
[2026-05-25T14:23:52.523+0000] {logging_mixin.py:151} INFO - [2026-05-25T14:23:52.523+0000] {dag.py:3696} INFO - Setting next_dagrun for data_lake_pipeline to None, run_after=None
[2026-05-25T14:23:52.533+0000] {processor.py:179} INFO - Processing /opt/airflow/dags/data_lake_pipeline.py took 0.972 seconds
[2026-05-25T14:24:22.748+0000] {processor.py:157} INFO - Started process (PID=475) to work on /opt/airflow/dags/data_lake_pipeline.py
[2026-05-25T14:24:22.751+0000] {processor.py:829} INFO - Processing file /opt/airflow/dags/data_lake_pipeline.py for tasks to queue
[2026-05-25T14:24:22.753+0000] {logging_mixin.py:151} INFO - [2026-05-25T14:24:22.752+0000] {dagbag.py:539} INFO - Filling up the DagBag from /opt/airflow/dags/data_lake_pipeline.py
[2026-05-25T14:24:24.151+0000] {logging_mixin.py:151} WARNING - None of PyTorch, TensorFlow >= 2.0, or Flax have been found. Models won't be available and only tokenizers, configuration and file/data utilities can be used.
[2026-05-25T14:24:24.283+0000] {processor.py:839} INFO - DAG(s) dict_keys(['data_lake_pipeline']) retrieved from /opt/airflow/dags/data_lake_pipeline.py
[2026-05-25T14:24:24.333+0000] {logging_mixin.py:151} INFO - [2026-05-25T14:24:24.333+0000] {dag.py:2915} INFO - Sync 1 DAGs
[2026-05-25T14:24:24.342+0000] {logging_mixin.py:151} INFO - [2026-05-25T14:24:24.341+0000] {dag.py:3696} INFO - Setting next_dagrun for data_lake_pipeline to None, run_after=None
[2026-05-25T14:24:24.355+0000] {processor.py:179} INFO - Processing /opt/airflow/dags/data_lake_pipeline.py took 1.612 seconds
[2026-05-25T14:24:30.270+0000] {processor.py:157} INFO - Started process (PID=484) to work on /opt/airflow/dags/data_lake_pipeline.py
[2026-05-25T14:24:30.274+0000] {processor.py:829} INFO - Processing file /opt/airflow/dags/data_lake_pipeline.py for tasks to queue
[2026-05-25T14:24:30.278+0000] {logging_mixin.py:151} INFO - [2026-05-25T14:24:30.276+0000] {dagbag.py:539} INFO - Filling up the DagBag from /opt/airflow/dags/data_lake_pipeline.py
[2026-05-25T14:24:31.234+0000] {logging_mixin.py:151} WARNING - None of PyTorch, TensorFlow >= 2.0, or Flax have been found. Models won't be available and only tokenizers, configuration and file/data utilities can be used.
[2026-05-25T14:24:31.289+0000] {processor.py:839} INFO - DAG(s) dict_keys(['data_lake_pipeline']) retrieved from /opt/airflow/dags/data_lake_pipeline.py
[2026-05-25T14:24:31.307+0000] {logging_mixin.py:151} INFO - [2026-05-25T14:24:31.306+0000] {dag.py:2915} INFO - Sync 1 DAGs
[2026-05-25T14:24:31.315+0000] {logging_mixin.py:151} INFO - [2026-05-25T14:24:31.314+0000] {dag.py:3696} INFO - Setting next_dagrun for data_lake_pipeline to None, run_after=None
[2026-05-25T14:24:31.328+0000] {processor.py:179} INFO - Processing /opt/airflow/dags/data_lake_pipeline.py took 1.066 seconds
[2026-05-25T14:25:01.480+0000] {processor.py:157} INFO - Started process (PID=493) to work on /opt/airflow/dags/data_lake_pipeline.py
[2026-05-25T14:25:01.482+0000] {processor.py:829} INFO - Processing file /opt/airflow/dags/data_lake_pipeline.py for tasks to queue
[2026-05-25T14:25:01.483+0000] {logging_mixin.py:151} INFO - [2026-05-25T14:25:01.483+0000] {dagbag.py:539} INFO - Filling up the DagBag from /opt/airflow/dags/data_lake_pipeline.py
[2026-05-25T14:25:02.163+0000] {logging_mixin.py:151} WARNING - None of PyTorch, TensorFlow >= 2.0, or Flax have been found. Models won't be available and only tokenizers, configuration and file/data utilities can be used.
[2026-05-25T14:25:02.206+0000] {processor.py:839} INFO - DAG(s) dict_keys(['data_lake_pipeline']) retrieved from /opt/airflow/dags/data_lake_pipeline.py
[2026-05-25T14:25:02.221+0000] {logging_mixin.py:151} INFO - [2026-05-25T14:25:02.220+0000] {dag.py:2915} INFO - Sync 1 DAGs
[2026-05-25T14:25:02.228+0000] {logging_mixin.py:151} INFO - [2026-05-25T14:25:02.227+0000] {dag.py:3696} INFO - Setting next_dagrun for data_lake_pipeline to None, run_after=None
[2026-05-25T14:25:02.236+0000] {processor.py:179} INFO - Processing /opt/airflow/dags/data_lake_pipeline.py took 0.760 seconds
[2026-05-25T14:25:32.500+0000] {processor.py:157} INFO - Started process (PID=502) to work on /opt/airflow/dags/data_lake_pipeline.py
[2026-05-25T14:25:32.503+0000] {processor.py:829} INFO - Processing file /opt/airflow/dags/data_lake_pipeline.py for tasks to queue
[2026-05-25T14:25:32.504+0000] {logging_mixin.py:151} INFO - [2026-05-25T14:25:32.504+0000] {dagbag.py:539} INFO - Filling up the DagBag from /opt/airflow/dags/data_lake_pipeline.py
[2026-05-25T14:25:33.139+0000] {logging_mixin.py:151} WARNING - None of PyTorch, TensorFlow >= 2.0, or Flax have been found. Models won't be available and only tokenizers, configuration and file/data utilities can be used.
[2026-05-25T14:25:33.177+0000] {processor.py:839} INFO - DAG(s) dict_keys(['data_lake_pipeline']) retrieved from /opt/airflow/dags/data_lake_pipeline.py
[2026-05-25T14:25:33.191+0000] {logging_mixin.py:151} INFO - [2026-05-25T14:25:33.190+0000] {dag.py:2915} INFO - Sync 1 DAGs
[2026-05-25T14:25:33.198+0000] {logging_mixin.py:151} INFO - [2026-05-25T14:25:33.197+0000] {dag.py:3696} INFO - Setting next_dagrun for data_lake_pipeline to None, run_after=None
[2026-05-25T14:25:33.205+0000] {processor.py:179} INFO - Processing /opt/airflow/dags/data_lake_pipeline.py took 0.710 seconds
[2026-05-25T14:26:03.429+0000] {processor.py:157} INFO - Started process (PID=511) to work on /opt/airflow/dags/data_lake_pipeline.py
[2026-05-25T14:26:03.433+0000] {processor.py:829} INFO - Processing file /opt/airflow/dags/data_lake_pipeline.py for tasks to queue
[2026-05-25T14:26:03.434+0000] {logging_mixin.py:151} INFO - [2026-05-25T14:26:03.433+0000] {dagbag.py:539} INFO - Filling up the DagBag from /opt/airflow/dags/data_lake_pipeline.py
[2026-05-25T14:26:04.359+0000] {logging_mixin.py:151} WARNING - None of PyTorch, TensorFlow >= 2.0, or Flax have been found. Models won't be available and only tokenizers, configuration and file/data utilities can be used.
[2026-05-25T14:26:04.432+0000] {processor.py:839} INFO - DAG(s) dict_keys(['data_lake_pipeline']) retrieved from /opt/airflow/dags/data_lake_pipeline.py
[2026-05-25T14:26:04.452+0000] {logging_mixin.py:151} INFO - [2026-05-25T14:26:04.452+0000] {dag.py:2915} INFO - Sync 1 DAGs
[2026-05-25T14:26:04.460+0000] {logging_mixin.py:151} INFO - [2026-05-25T14:26:04.460+0000] {dag.py:3696} INFO - Setting next_dagrun for data_lake_pipeline to None, run_after=None
[2026-05-25T14:26:04.471+0000] {processor.py:179} INFO - Processing /opt/airflow/dags/data_lake_pipeline.py took 1.046 seconds
[2026-05-25T14:26:36.820+0000] {processor.py:157} INFO - Started process (PID=166) to work on /opt/airflow/dags/data_lake_pipeline.py
[2026-05-25T14:26:36.827+0000] {processor.py:829} INFO - Processing file /opt/airflow/dags/data_lake_pipeline.py for tasks to queue
[2026-05-25T14:26:36.828+0000] {logging_mixin.py:151} INFO - [2026-05-25T14:26:36.828+0000] {dagbag.py:539} INFO - Filling up the DagBag from /opt/airflow/dags/data_lake_pipeline.py
[2026-05-25T14:26:38.219+0000] {logging_mixin.py:151} WARNING - None of PyTorch, TensorFlow >= 2.0, or Flax have been found. Models won't be available and only tokenizers, configuration and file/data utilities can be used.
[2026-05-25T14:26:38.265+0000] {processor.py:839} INFO - DAG(s) dict_keys(['data_lake_pipeline']) retrieved from /opt/airflow/dags/data_lake_pipeline.py
[2026-05-25T14:26:38.280+0000] {logging_mixin.py:151} INFO - [2026-05-25T14:26:38.279+0000] {dag.py:2915} INFO - Sync 1 DAGs
[2026-05-25T14:26:38.290+0000] {logging_mixin.py:151} INFO - [2026-05-25T14:26:38.289+0000] {dag.py:3696} INFO - Setting next_dagrun for data_lake_pipeline to None, run_after=None
[2026-05-25T14:26:38.300+0000] {processor.py:179} INFO - Processing /opt/airflow/dags/data_lake_pipeline.py took 1.482 seconds
[2026-05-25T14:27:08.487+0000] {processor.py:157} INFO - Started process (PID=213) to work on /opt/airflow/dags/data_lake_pipeline.py
[2026-05-25T14:27:08.488+0000] {processor.py:829} INFO - Processing file /opt/airflow/dags/data_lake_pipeline.py for tasks to queue
[2026-05-25T14:27:08.489+0000] {logging_mixin.py:151} INFO - [2026-05-25T14:27:08.488+0000] {dagbag.py:539} INFO - Filling up the DagBag from /opt/airflow/dags/data_lake_pipeline.py
[2026-05-25T14:27:09.026+0000] {logging_mixin.py:151} WARNING - None of PyTorch, TensorFlow >= 2.0, or Flax have been found. Models won't be available and only tokenizers, configuration and file/data utilities can be used.
[2026-05-25T14:27:09.057+0000] {processor.py:839} INFO - DAG(s) dict_keys(['data_lake_pipeline']) retrieved from /opt/airflow/dags/data_lake_pipeline.py
[2026-05-25T14:27:09.074+0000] {logging_mixin.py:151} INFO - [2026-05-25T14:27:09.073+0000] {dag.py:2915} INFO - Sync 1 DAGs
[2026-05-25T14:27:09.078+0000] {logging_mixin.py:151} INFO - [2026-05-25T14:27:09.078+0000] {dag.py:3696} INFO - Setting next_dagrun for data_lake_pipeline to None, run_after=None
[2026-05-25T14:27:09.085+0000] {processor.py:179} INFO - Processing /opt/airflow/dags/data_lake_pipeline.py took 0.601 seconds
[2026-05-25T14:27:39.295+0000] {processor.py:157} INFO - Started process (PID=257) to work on /opt/airflow/dags/data_lake_pipeline.py
[2026-05-25T14:27:39.298+0000] {processor.py:829} INFO - Processing file /opt/airflow/dags/data_lake_pipeline.py for tasks to queue
[2026-05-25T14:27:39.302+0000] {logging_mixin.py:151} INFO - [2026-05-25T14:27:39.299+0000] {dagbag.py:539} INFO - Filling up the DagBag from /opt/airflow/dags/data_lake_pipeline.py
[2026-05-25T14:27:40.848+0000] {logging_mixin.py:151} WARNING - None of PyTorch, TensorFlow >= 2.0, or Flax have been found. Models won't be available and only tokenizers, configuration and file/data utilities can be used.
[2026-05-25T14:27:40.979+0000] {processor.py:839} INFO - DAG(s) dict_keys(['data_lake_pipeline']) retrieved from /opt/airflow/dags/data_lake_pipeline.py
[2026-05-25T14:27:40.996+0000] {logging_mixin.py:151} INFO - [2026-05-25T14:27:40.995+0000] {dag.py:2915} INFO - Sync 1 DAGs
[2026-05-25T14:27:41.002+0000] {logging_mixin.py:151} INFO - [2026-05-25T14:27:41.002+0000] {dag.py:3696} INFO - Setting next_dagrun for data_lake_pipeline to None, run_after=None
[2026-05-25T14:27:41.014+0000] {processor.py:179} INFO - Processing /opt/airflow/dags/data_lake_pipeline.py took 1.727 seconds
[2026-05-25T14:28:11.246+0000] {processor.py:157} INFO - Started process (PID=266) to work on /opt/airflow/dags/data_lake_pipeline.py
[2026-05-25T14:28:11.249+0000] {processor.py:829} INFO - Processing file /opt/airflow/dags/data_lake_pipeline.py for tasks to queue
[2026-05-25T14:28:11.250+0000] {logging_mixin.py:151} INFO - [2026-05-25T14:28:11.250+0000] {dagbag.py:539} INFO - Filling up the DagBag from /opt/airflow/dags/data_lake_pipeline.py
[2026-05-25T14:28:12.144+0000] {logging_mixin.py:151} WARNING - None of PyTorch, TensorFlow >= 2.0, or Flax have been found. Models won't be available and only tokenizers, configuration and file/data utilities can be used.
[2026-05-25T14:28:12.190+0000] {processor.py:839} INFO - DAG(s) dict_keys(['data_lake_pipeline']) retrieved from /opt/airflow/dags/data_lake_pipeline.py
[2026-05-25T14:28:12.205+0000] {logging_mixin.py:151} INFO - [2026-05-25T14:28:12.205+0000] {dag.py:2915} INFO - Sync 1 DAGs
[2026-05-25T14:28:12.212+0000] {logging_mixin.py:151} INFO - [2026-05-25T14:28:12.212+0000] {dag.py:3696} INFO - Setting next_dagrun for data_lake_pipeline to None, run_after=None
[2026-05-25T14:28:12.221+0000] {processor.py:179} INFO - Processing /opt/airflow/dags/data_lake_pipeline.py took 0.979 seconds
[2026-05-25T14:28:42.440+0000] {processor.py:157} INFO - Started process (PID=275) to work on /opt/airflow/dags/data_lake_pipeline.py
[2026-05-25T14:28:42.443+0000] {processor.py:829} INFO - Processing file /opt/airflow/dags/data_lake_pipeline.py for tasks to queue
[2026-05-25T14:28:42.444+0000] {logging_mixin.py:151} INFO - [2026-05-25T14:28:42.443+0000] {dagbag.py:539} INFO - Filling up the DagBag from /opt/airflow/dags/data_lake_pipeline.py
[2026-05-25T14:28:43.032+0000] {logging_mixin.py:151} WARNING - None of PyTorch, TensorFlow >= 2.0, or Flax have been found. Models won't be available and only tokenizers, configuration and file/data utilities can be used.
[2026-05-25T14:28:43.064+0000] {processor.py:839} INFO - DAG(s) dict_keys(['data_lake_pipeline']) retrieved from /opt/airflow/dags/data_lake_pipeline.py
[2026-05-25T14:28:43.076+0000] {logging_mixin.py:151} INFO - [2026-05-25T14:28:43.076+0000] {dag.py:2915} INFO - Sync 1 DAGs
[2026-05-25T14:28:43.081+0000] {logging_mixin.py:151} INFO - [2026-05-25T14:28:43.081+0000] {dag.py:3696} INFO - Setting next_dagrun for data_lake_pipeline to None, run_after=None
[2026-05-25T14:28:43.090+0000] {processor.py:179} INFO - Processing /opt/airflow/dags/data_lake_pipeline.py took 0.653 seconds
[2026-05-25T14:29:13.316+0000] {processor.py:157} INFO - Started process (PID=284) to work on /opt/airflow/dags/data_lake_pipeline.py
[2026-05-25T14:29:13.318+0000] {processor.py:829} INFO - Processing file /opt/airflow/dags/data_lake_pipeline.py for tasks to queue
[2026-05-25T14:29:13.319+0000] {logging_mixin.py:151} INFO - [2026-05-25T14:29:13.319+0000] {dagbag.py:539} INFO - Filling up the DagBag from /opt/airflow/dags/data_lake_pipeline.py
[2026-05-25T14:29:14.157+0000] {logging_mixin.py:151} WARNING - None of PyTorch, TensorFlow >= 2.0, or Flax have been found. Models won't be available and only tokenizers, configuration and file/data utilities can be used.
[2026-05-25T14:29:14.200+0000] {processor.py:839} INFO - DAG(s) dict_keys(['data_lake_pipeline']) retrieved from /opt/airflow/dags/data_lake_pipeline.py
[2026-05-25T14:29:14.218+0000] {logging_mixin.py:151} INFO - [2026-05-25T14:29:14.217+0000] {dag.py:2915} INFO - Sync 1 DAGs
[2026-05-25T14:29:14.225+0000] {logging_mixin.py:151} INFO - [2026-05-25T14:29:14.225+0000] {dag.py:3696} INFO - Setting next_dagrun for data_lake_pipeline to None, run_after=None
[2026-05-25T14:29:14.234+0000] {processor.py:179} INFO - Processing /opt/airflow/dags/data_lake_pipeline.py took 0.922 seconds
[2026-05-25T14:29:38.093+0000] {processor.py:157} INFO - Started process (PID=293) to work on /opt/airflow/dags/data_lake_pipeline.py
[2026-05-25T14:29:38.095+0000] {processor.py:829} INFO - Processing file /opt/airflow/dags/data_lake_pipeline.py for tasks to queue
[2026-05-25T14:29:38.096+0000] {logging_mixin.py:151} INFO - [2026-05-25T14:29:38.095+0000] {dagbag.py:539} INFO - Filling up the DagBag from /opt/airflow/dags/data_lake_pipeline.py
[2026-05-25T14:29:38.690+0000] {logging_mixin.py:151} WARNING - None of PyTorch, TensorFlow >= 2.0, or Flax have been found. Models won't be available and only tokenizers, configuration and file/data utilities can be used.
[2026-05-25T14:29:38.727+0000] {processor.py:839} INFO - DAG(s) dict_keys(['data_lake_pipeline']) retrieved from /opt/airflow/dags/data_lake_pipeline.py
[2026-05-25T14:29:38.739+0000] {logging_mixin.py:151} INFO - [2026-05-25T14:29:38.739+0000] {dag.py:2915} INFO - Sync 1 DAGs
[2026-05-25T14:29:38.745+0000] {logging_mixin.py:151} INFO - [2026-05-25T14:29:38.745+0000] {dag.py:3696} INFO - Setting next_dagrun for data_lake_pipeline to None, run_after=None
[2026-05-25T14:29:38.755+0000] {processor.py:179} INFO - Processing /opt/airflow/dags/data_lake_pipeline.py took 0.664 seconds
[2026-05-25T14:30:08.988+0000] {processor.py:157} INFO - Started process (PID=302) to work on /opt/airflow/dags/data_lake_pipeline.py
[2026-05-25T14:30:08.991+0000] {processor.py:829} INFO - Processing file /opt/airflow/dags/data_lake_pipeline.py for tasks to queue
[2026-05-25T14:30:08.992+0000] {logging_mixin.py:151} INFO - [2026-05-25T14:30:08.991+0000] {dagbag.py:539} INFO - Filling up the DagBag from /opt/airflow/dags/data_lake_pipeline.py
[2026-05-25T14:30:09.729+0000] {logging_mixin.py:151} WARNING - None of PyTorch, TensorFlow >= 2.0, or Flax have been found. Models won't be available and only tokenizers, configuration and file/data utilities can be used.
[2026-05-25T14:30:09.772+0000] {processor.py:839} INFO - DAG(s) dict_keys(['data_lake_pipeline']) retrieved from /opt/airflow/dags/data_lake_pipeline.py
[2026-05-25T14:30:09.786+0000] {logging_mixin.py:151} INFO - [2026-05-25T14:30:09.786+0000] {dag.py:2915} INFO - Sync 1 DAGs
[2026-05-25T14:30:09.792+0000] {logging_mixin.py:151} INFO - [2026-05-25T14:30:09.792+0000] {dag.py:3696} INFO - Setting next_dagrun for data_lake_pipeline to None, run_after=None
[2026-05-25T14:30:09.800+0000] {processor.py:179} INFO - Processing /opt/airflow/dags/data_lake_pipeline.py took 0.820 seconds
[2026-05-25T14:30:39.893+0000] {processor.py:157} INFO - Started process (PID=363) to work on /opt/airflow/dags/data_lake_pipeline.py
[2026-05-25T14:30:39.896+0000] {processor.py:829} INFO - Processing file /opt/airflow/dags/data_lake_pipeline.py for tasks to queue
[2026-05-25T14:30:39.897+0000] {logging_mixin.py:151} INFO - [2026-05-25T14:30:39.897+0000] {dagbag.py:539} INFO - Filling up the DagBag from /opt/airflow/dags/data_lake_pipeline.py
[2026-05-25T14:30:40.599+0000] {logging_mixin.py:151} WARNING - None of PyTorch, TensorFlow >= 2.0, or Flax have been found. Models won't be available and only tokenizers, configuration and file/data utilities can be used.
[2026-05-25T14:30:40.643+0000] {processor.py:839} INFO - DAG(s) dict_keys(['data_lake_pipeline']) retrieved from /opt/airflow/dags/data_lake_pipeline.py
[2026-05-25T14:30:40.658+0000] {logging_mixin.py:151} INFO - [2026-05-25T14:30:40.657+0000] {dag.py:2915} INFO - Sync 1 DAGs
[2026-05-25T14:30:40.663+0000] {logging_mixin.py:151} INFO - [2026-05-25T14:30:40.663+0000] {dag.py:3696} INFO - Setting next_dagrun for data_lake_pipeline to None, run_after=None
[2026-05-25T14:30:40.671+0000] {processor.py:179} INFO - Processing /opt/airflow/dags/data_lake_pipeline.py took 0.800 seconds
[2026-05-25T14:31:10.978+0000] {processor.py:157} INFO - Started process (PID=372) to work on /opt/airflow/dags/data_lake_pipeline.py
[2026-05-25T14:31:10.981+0000] {processor.py:829} INFO - Processing file /opt/airflow/dags/data_lake_pipeline.py for tasks to queue
[2026-05-25T14:31:10.982+0000] {logging_mixin.py:151} INFO - [2026-05-25T14:31:10.981+0000] {dagbag.py:539} INFO - Filling up the DagBag from /opt/airflow/dags/data_lake_pipeline.py
[2026-05-25T14:31:11.503+0000] {logging_mixin.py:151} WARNING - None of PyTorch, TensorFlow >= 2.0, or Flax have been found. Models won't be available and only tokenizers, configuration and file/data utilities can be used.
[2026-05-25T14:31:11.536+0000] {processor.py:839} INFO - DAG(s) dict_keys(['data_lake_pipeline']) retrieved from /opt/airflow/dags/data_lake_pipeline.py
[2026-05-25T14:31:11.548+0000] {logging_mixin.py:151} INFO - [2026-05-25T14:31:11.548+0000] {dag.py:2915} INFO - Sync 1 DAGs
[2026-05-25T14:31:11.553+0000] {logging_mixin.py:151} INFO - [2026-05-25T14:31:11.553+0000] {dag.py:3696} INFO - Setting next_dagrun for data_lake_pipeline to None, run_after=None
[2026-05-25T14:31:11.561+0000] {processor.py:179} INFO - Processing /opt/airflow/dags/data_lake_pipeline.py took 0.588 seconds
[2026-05-25T14:31:41.858+0000] {processor.py:157} INFO - Started process (PID=381) to work on /opt/airflow/dags/data_lake_pipeline.py
[2026-05-25T14:31:41.862+0000] {processor.py:829} INFO - Processing file /opt/airflow/dags/data_lake_pipeline.py for tasks to queue
[2026-05-25T14:31:41.863+0000] {logging_mixin.py:151} INFO - [2026-05-25T14:31:41.863+0000] {dagbag.py:539} INFO - Filling up the DagBag from /opt/airflow/dags/data_lake_pipeline.py
[2026-05-25T14:31:42.560+0000] {logging_mixin.py:151} WARNING - None of PyTorch, TensorFlow >= 2.0, or Flax have been found. Models won't be available and only tokenizers, configuration and file/data utilities can be used.
[2026-05-25T14:31:42.607+0000] {processor.py:839} INFO - DAG(s) dict_keys(['data_lake_pipeline']) retrieved from /opt/airflow/dags/data_lake_pipeline.py
[2026-05-25T14:31:42.623+0000] {logging_mixin.py:151} INFO - [2026-05-25T14:31:42.623+0000] {dag.py:2915} INFO - Sync 1 DAGs
[2026-05-25T14:31:42.630+0000] {logging_mixin.py:151} INFO - [2026-05-25T14:31:42.630+0000] {dag.py:3696} INFO - Setting next_dagrun for data_lake_pipeline to None, run_after=None
[2026-05-25T14:31:42.640+0000] {processor.py:179} INFO - Processing /opt/airflow/dags/data_lake_pipeline.py took 0.789 seconds
[2026-05-25T14:32:12.770+0000] {processor.py:157} INFO - Started process (PID=390) to work on /opt/airflow/dags/data_lake_pipeline.py
[2026-05-25T14:32:12.775+0000] {processor.py:829} INFO - Processing file /opt/airflow/dags/data_lake_pipeline.py for tasks to queue
[2026-05-25T14:32:12.776+0000] {logging_mixin.py:151} INFO - [2026-05-25T14:32:12.775+0000] {dagbag.py:539} INFO - Filling up the DagBag from /opt/airflow/dags/data_lake_pipeline.py
[2026-05-25T14:32:13.295+0000] {logging_mixin.py:151} WARNING - None of PyTorch, TensorFlow >= 2.0, or Flax have been found. Models won't be available and only tokenizers, configuration and file/data utilities can be used.
[2026-05-25T14:32:13.326+0000] {processor.py:839} INFO - DAG(s) dict_keys(['data_lake_pipeline']) retrieved from /opt/airflow/dags/data_lake_pipeline.py
[2026-05-25T14:32:13.336+0000] {logging_mixin.py:151} INFO - [2026-05-25T14:32:13.336+0000] {dag.py:2915} INFO - Sync 1 DAGs
[2026-05-25T14:32:13.341+0000] {logging_mixin.py:151} INFO - [2026-05-25T14:32:13.341+0000] {dag.py:3696} INFO - Setting next_dagrun for data_lake_pipeline to None, run_after=None
[2026-05-25T14:32:13.351+0000] {processor.py:179} INFO - Processing /opt/airflow/dags/data_lake_pipeline.py took 0.586 seconds
[2026-05-25T14:32:43.642+0000] {processor.py:157} INFO - Started process (PID=416) to work on /opt/airflow/dags/data_lake_pipeline.py
[2026-05-25T14:32:43.647+0000] {processor.py:829} INFO - Processing file /opt/airflow/dags/data_lake_pipeline.py for tasks to queue
[2026-05-25T14:32:43.649+0000] {logging_mixin.py:151} INFO - [2026-05-25T14:32:43.648+0000] {dagbag.py:539} INFO - Filling up the DagBag from /opt/airflow/dags/data_lake_pipeline.py
[2026-05-25T14:32:44.367+0000] {logging_mixin.py:151} WARNING - None of PyTorch, TensorFlow >= 2.0, or Flax have been found. Models won't be available and only tokenizers, configuration and file/data utilities can be used.
[2026-05-25T14:32:44.417+0000] {processor.py:839} INFO - DAG(s) dict_keys(['data_lake_pipeline']) retrieved from /opt/airflow/dags/data_lake_pipeline.py
[2026-05-25T14:32:44.433+0000] {logging_mixin.py:151} INFO - [2026-05-25T14:32:44.433+0000] {dag.py:2915} INFO - Sync 1 DAGs
[2026-05-25T14:32:44.439+0000] {logging_mixin.py:151} INFO - [2026-05-25T14:32:44.439+0000] {dag.py:3696} INFO - Setting next_dagrun for data_lake_pipeline to None, run_after=None
[2026-05-25T14:32:44.449+0000] {processor.py:179} INFO - Processing /opt/airflow/dags/data_lake_pipeline.py took 0.817 seconds
[2026-05-25T14:33:14.736+0000] {processor.py:157} INFO - Started process (PID=425) to work on /opt/airflow/dags/data_lake_pipeline.py
[2026-05-25T14:33:14.741+0000] {processor.py:829} INFO - Processing file /opt/airflow/dags/data_lake_pipeline.py for tasks to queue
[2026-05-25T14:33:14.743+0000] {logging_mixin.py:151} INFO - [2026-05-25T14:33:14.742+0000] {dagbag.py:539} INFO - Filling up the DagBag from /opt/airflow/dags/data_lake_pipeline.py
[2026-05-25T14:33:15.487+0000] {logging_mixin.py:151} WARNING - None of PyTorch, TensorFlow >= 2.0, or Flax have been found. Models won't be available and only tokenizers, configuration and file/data utilities can be used.
[2026-05-25T14:33:15.531+0000] {processor.py:839} INFO - DAG(s) dict_keys(['data_lake_pipeline']) retrieved from /opt/airflow/dags/data_lake_pipeline.py
[2026-05-25T14:33:15.545+0000] {logging_mixin.py:151} INFO - [2026-05-25T14:33:15.545+0000] {dag.py:2915} INFO - Sync 1 DAGs
[2026-05-25T14:33:15.551+0000] {logging_mixin.py:151} INFO - [2026-05-25T14:33:15.551+0000] {dag.py:3696} INFO - Setting next_dagrun for data_lake_pipeline to None, run_after=None
[2026-05-25T14:33:15.559+0000] {processor.py:179} INFO - Processing /opt/airflow/dags/data_lake_pipeline.py took 0.831 seconds
[2026-05-25T14:33:45.817+0000] {processor.py:157} INFO - Started process (PID=434) to work on /opt/airflow/dags/data_lake_pipeline.py
[2026-05-25T14:33:45.822+0000] {processor.py:829} INFO - Processing file /opt/airflow/dags/data_lake_pipeline.py for tasks to queue
[2026-05-25T14:33:45.823+0000] {logging_mixin.py:151} INFO - [2026-05-25T14:33:45.822+0000] {dagbag.py:539} INFO - Filling up the DagBag from /opt/airflow/dags/data_lake_pipeline.py
[2026-05-25T14:33:46.346+0000] {logging_mixin.py:151} WARNING - None of PyTorch, TensorFlow >= 2.0, or Flax have been found. Models won't be available and only tokenizers, configuration and file/data utilities can be used.
[2026-05-25T14:33:46.377+0000] {processor.py:839} INFO - DAG(s) dict_keys(['data_lake_pipeline']) retrieved from /opt/airflow/dags/data_lake_pipeline.py
[2026-05-25T14:33:46.387+0000] {logging_mixin.py:151} INFO - [2026-05-25T14:33:46.387+0000] {dag.py:2915} INFO - Sync 1 DAGs
[2026-05-25T14:33:46.392+0000] {logging_mixin.py:151} INFO - [2026-05-25T14:33:46.392+0000] {dag.py:3696} INFO - Setting next_dagrun for data_lake_pipeline to None, run_after=None
[2026-05-25T14:33:46.400+0000] {processor.py:179} INFO - Processing /opt/airflow/dags/data_lake_pipeline.py took 0.588 seconds
[2026-05-25T14:34:16.673+0000] {processor.py:157} INFO - Started process (PID=443) to work on /opt/airflow/dags/data_lake_pipeline.py
[2026-05-25T14:34:16.678+0000] {processor.py:829} INFO - Processing file /opt/airflow/dags/data_lake_pipeline.py for tasks to queue
[2026-05-25T14:34:16.679+0000] {logging_mixin.py:151} INFO - [2026-05-25T14:34:16.679+0000] {dagbag.py:539} INFO - Filling up the DagBag from /opt/airflow/dags/data_lake_pipeline.py
[2026-05-25T14:34:17.185+0000] {logging_mixin.py:151} WARNING - None of PyTorch, TensorFlow >= 2.0, or Flax have been found. Models won't be available and only tokenizers, configuration and file/data utilities can be used.
[2026-05-25T14:34:17.215+0000] {processor.py:839} INFO - DAG(s) dict_keys(['data_lake_pipeline']) retrieved from /opt/airflow/dags/data_lake_pipeline.py
[2026-05-25T14:34:17.224+0000] {logging_mixin.py:151} INFO - [2026-05-25T14:34:17.224+0000] {dag.py:2915} INFO - Sync 1 DAGs
[2026-05-25T14:34:17.230+0000] {logging_mixin.py:151} INFO - [2026-05-25T14:34:17.229+0000] {dag.py:3696} INFO - Setting next_dagrun for data_lake_pipeline to None, run_after=None
[2026-05-25T14:34:17.237+0000] {processor.py:179} INFO - Processing /opt/airflow/dags/data_lake_pipeline.py took 0.569 seconds
[2026-05-25T14:34:47.507+0000] {processor.py:157} INFO - Started process (PID=452) to work on /opt/airflow/dags/data_lake_pipeline.py
[2026-05-25T14:34:47.509+0000] {processor.py:829} INFO - Processing file /opt/airflow/dags/data_lake_pipeline.py for tasks to queue
[2026-05-25T14:34:47.510+0000] {logging_mixin.py:151} INFO - [2026-05-25T14:34:47.510+0000] {dagbag.py:539} INFO - Filling up the DagBag from /opt/airflow/dags/data_lake_pipeline.py
[2026-05-25T14:34:48.068+0000] {logging_mixin.py:151} WARNING - None of PyTorch, TensorFlow >= 2.0, or Flax have been found. Models won't be available and only tokenizers, configuration and file/data utilities can be used.
[2026-05-25T14:34:48.100+0000] {processor.py:839} INFO - DAG(s) dict_keys(['data_lake_pipeline']) retrieved from /opt/airflow/dags/data_lake_pipeline.py
[2026-05-25T14:34:48.111+0000] {logging_mixin.py:151} INFO - [2026-05-25T14:34:48.110+0000] {dag.py:2915} INFO - Sync 1 DAGs
[2026-05-25T14:34:48.116+0000] {logging_mixin.py:151} INFO - [2026-05-25T14:34:48.116+0000] {dag.py:3696} INFO - Setting next_dagrun for data_lake_pipeline to None, run_after=None
[2026-05-25T14:34:48.123+0000] {processor.py:179} INFO - Processing /opt/airflow/dags/data_lake_pipeline.py took 0.623 seconds
[2026-05-25T14:35:18.408+0000] {processor.py:157} INFO - Started process (PID=461) to work on /opt/airflow/dags/data_lake_pipeline.py
[2026-05-25T14:35:18.412+0000] {processor.py:829} INFO - Processing file /opt/airflow/dags/data_lake_pipeline.py for tasks to queue
[2026-05-25T14:35:18.413+0000] {logging_mixin.py:151} INFO - [2026-05-25T14:35:18.413+0000] {dagbag.py:539} INFO - Filling up the DagBag from /opt/airflow/dags/data_lake_pipeline.py
[2026-05-25T14:35:18.918+0000] {logging_mixin.py:151} WARNING - None of PyTorch, TensorFlow >= 2.0, or Flax have been found. Models won't be available and only tokenizers, configuration and file/data utilities can be used.
[2026-05-25T14:35:18.949+0000] {processor.py:839} INFO - DAG(s) dict_keys(['data_lake_pipeline']) retrieved from /opt/airflow/dags/data_lake_pipeline.py
[2026-05-25T14:35:18.959+0000] {logging_mixin.py:151} INFO - [2026-05-25T14:35:18.958+0000] {dag.py:2915} INFO - Sync 1 DAGs
[2026-05-25T14:35:18.963+0000] {logging_mixin.py:151} INFO - [2026-05-25T14:35:18.963+0000] {dag.py:3696} INFO - Setting next_dagrun for data_lake_pipeline to None, run_after=None
[2026-05-25T14:35:18.971+0000] {processor.py:179} INFO - Processing /opt/airflow/dags/data_lake_pipeline.py took 0.567 seconds
[2026-05-25T14:35:49.010+0000] {processor.py:157} INFO - Started process (PID=470) to work on /opt/airflow/dags/data_lake_pipeline.py
[2026-05-25T14:35:49.013+0000] {processor.py:829} INFO - Processing file /opt/airflow/dags/data_lake_pipeline.py for tasks to queue
[2026-05-25T14:35:49.014+0000] {logging_mixin.py:151} INFO - [2026-05-25T14:35:49.014+0000] {dagbag.py:539} INFO - Filling up the DagBag from /opt/airflow/dags/data_lake_pipeline.py
[2026-05-25T14:35:49.514+0000] {logging_mixin.py:151} WARNING - None of PyTorch, TensorFlow >= 2.0, or Flax have been found. Models won't be available and only tokenizers, configuration and file/data utilities can be used.
[2026-05-25T14:35:49.545+0000] {processor.py:839} INFO - DAG(s) dict_keys(['data_lake_pipeline']) retrieved from /opt/airflow/dags/data_lake_pipeline.py
[2026-05-25T14:35:49.555+0000] {logging_mixin.py:151} INFO - [2026-05-25T14:35:49.555+0000] {dag.py:2915} INFO - Sync 1 DAGs
[2026-05-25T14:35:49.560+0000] {logging_mixin.py:151} INFO - [2026-05-25T14:35:49.560+0000] {dag.py:3696} INFO - Setting next_dagrun for data_lake_pipeline to None, run_after=None
[2026-05-25T14:35:49.568+0000] {processor.py:179} INFO - Processing /opt/airflow/dags/data_lake_pipeline.py took 0.562 seconds
[2026-05-25T14:36:19.825+0000] {processor.py:157} INFO - Started process (PID=479) to work on /opt/airflow/dags/data_lake_pipeline.py
[2026-05-25T14:36:19.828+0000] {processor.py:829} INFO - Processing file /opt/airflow/dags/data_lake_pipeline.py for tasks to queue
[2026-05-25T14:36:19.829+0000] {logging_mixin.py:151} INFO - [2026-05-25T14:36:19.829+0000] {dagbag.py:539} INFO - Filling up the DagBag from /opt/airflow/dags/data_lake_pipeline.py
[2026-05-25T14:36:20.364+0000] {logging_mixin.py:151} WARNING - None of PyTorch, TensorFlow >= 2.0, or Flax have been found. Models won't be available and only tokenizers, configuration and file/data utilities can be used.
[2026-05-25T14:36:20.394+0000] {processor.py:839} INFO - DAG(s) dict_keys(['data_lake_pipeline']) retrieved from /opt/airflow/dags/data_lake_pipeline.py
[2026-05-25T14:36:20.406+0000] {logging_mixin.py:151} INFO - [2026-05-25T14:36:20.406+0000] {dag.py:2915} INFO - Sync 1 DAGs
[2026-05-25T14:36:20.411+0000] {logging_mixin.py:151} INFO - [2026-05-25T14:36:20.411+0000] {dag.py:3696} INFO - Setting next_dagrun for data_lake_pipeline to None, run_after=None
[2026-05-25T14:36:20.419+0000] {processor.py:179} INFO - Processing /opt/airflow/dags/data_lake_pipeline.py took 0.599 seconds
[2026-05-25T14:36:50.690+0000] {processor.py:157} INFO - Started process (PID=488) to work on /opt/airflow/dags/data_lake_pipeline.py
[2026-05-25T14:36:50.693+0000] {processor.py:829} INFO - Processing file /opt/airflow/dags/data_lake_pipeline.py for tasks to queue
[2026-05-25T14:36:50.694+0000] {logging_mixin.py:151} INFO - [2026-05-25T14:36:50.694+0000] {dagbag.py:539} INFO - Filling up the DagBag from /opt/airflow/dags/data_lake_pipeline.py
[2026-05-25T14:36:51.221+0000] {logging_mixin.py:151} WARNING - None of PyTorch, TensorFlow >= 2.0, or Flax have been found. Models won't be available and only tokenizers, configuration and file/data utilities can be used.
[2026-05-25T14:36:51.261+0000] {processor.py:839} INFO - DAG(s) dict_keys(['data_lake_pipeline']) retrieved from /opt/airflow/dags/data_lake_pipeline.py
[2026-05-25T14:36:51.273+0000] {logging_mixin.py:151} INFO - [2026-05-25T14:36:51.273+0000] {dag.py:2915} INFO - Sync 1 DAGs
[2026-05-25T14:36:51.279+0000] {logging_mixin.py:151} INFO - [2026-05-25T14:36:51.279+0000] {dag.py:3696} INFO - Setting next_dagrun for data_lake_pipeline to None, run_after=None
[2026-05-25T14:36:51.286+0000] {processor.py:179} INFO - Processing /opt/airflow/dags/data_lake_pipeline.py took 0.601 seconds
[2026-05-25T14:37:21.335+0000] {processor.py:157} INFO - Started process (PID=497) to work on /opt/airflow/dags/data_lake_pipeline.py
[2026-05-25T14:37:21.340+0000] {processor.py:829} INFO - Processing file /opt/airflow/dags/data_lake_pipeline.py for tasks to queue
[2026-05-25T14:37:21.341+0000] {logging_mixin.py:151} INFO - [2026-05-25T14:37:21.341+0000] {dagbag.py:539} INFO - Filling up the DagBag from /opt/airflow/dags/data_lake_pipeline.py
[2026-05-25T14:37:21.890+0000] {logging_mixin.py:151} WARNING - None of PyTorch, TensorFlow >= 2.0, or Flax have been found. Models won't be available and only tokenizers, configuration and file/data utilities can be used.
[2026-05-25T14:37:21.927+0000] {processor.py:839} INFO - DAG(s) dict_keys(['data_lake_pipeline']) retrieved from /opt/airflow/dags/data_lake_pipeline.py
[2026-05-25T14:37:21.940+0000] {logging_mixin.py:151} INFO - [2026-05-25T14:37:21.939+0000] {dag.py:2915} INFO - Sync 1 DAGs
[2026-05-25T14:37:21.945+0000] {logging_mixin.py:151} INFO - [2026-05-25T14:37:21.945+0000] {dag.py:3696} INFO - Setting next_dagrun for data_lake_pipeline to None, run_after=None
[2026-05-25T14:37:21.954+0000] {processor.py:179} INFO - Processing /opt/airflow/dags/data_lake_pipeline.py took 0.623 seconds
[2026-05-25T14:37:52.218+0000] {processor.py:157} INFO - Started process (PID=506) to work on /opt/airflow/dags/data_lake_pipeline.py
[2026-05-25T14:37:52.220+0000] {processor.py:829} INFO - Processing file /opt/airflow/dags/data_lake_pipeline.py for tasks to queue
[2026-05-25T14:37:52.221+0000] {logging_mixin.py:151} INFO - [2026-05-25T14:37:52.220+0000] {dagbag.py:539} INFO - Filling up the DagBag from /opt/airflow/dags/data_lake_pipeline.py
[2026-05-25T14:37:52.848+0000] {logging_mixin.py:151} WARNING - None of PyTorch, TensorFlow >= 2.0, or Flax have been found. Models won't be available and only tokenizers, configuration and file/data utilities can be used.
[2026-05-25T14:37:52.889+0000] {processor.py:839} INFO - DAG(s) dict_keys(['data_lake_pipeline']) retrieved from /opt/airflow/dags/data_lake_pipeline.py
[2026-05-25T14:37:52.902+0000] {logging_mixin.py:151} INFO - [2026-05-25T14:37:52.901+0000] {dag.py:2915} INFO - Sync 1 DAGs
[2026-05-25T14:37:52.907+0000] {logging_mixin.py:151} INFO - [2026-05-25T14:37:52.907+0000] {dag.py:3696} INFO - Setting next_dagrun for data_lake_pipeline to None, run_after=None
[2026-05-25T14:37:52.915+0000] {processor.py:179} INFO - Processing /opt/airflow/dags/data_lake_pipeline.py took 0.701 seconds
[2026-05-25T14:38:23.027+0000] {processor.py:157} INFO - Started process (PID=515) to work on /opt/airflow/dags/data_lake_pipeline.py
[2026-05-25T14:38:23.029+0000] {processor.py:829} INFO - Processing file /opt/airflow/dags/data_lake_pipeline.py for tasks to queue
[2026-05-25T14:38:23.030+0000] {logging_mixin.py:151} INFO - [2026-05-25T14:38:23.030+0000] {dagbag.py:539} INFO - Filling up the DagBag from /opt/airflow/dags/data_lake_pipeline.py
[2026-05-25T14:38:23.601+0000] {logging_mixin.py:151} WARNING - None of PyTorch, TensorFlow >= 2.0, or Flax have been found. Models won't be available and only tokenizers, configuration and file/data utilities can be used.
[2026-05-25T14:38:23.636+0000] {processor.py:839} INFO - DAG(s) dict_keys(['data_lake_pipeline']) retrieved from /opt/airflow/dags/data_lake_pipeline.py
[2026-05-25T14:38:23.651+0000] {logging_mixin.py:151} INFO - [2026-05-25T14:38:23.651+0000] {dag.py:2915} INFO - Sync 1 DAGs
[2026-05-25T14:38:23.658+0000] {logging_mixin.py:151} INFO - [2026-05-25T14:38:23.658+0000] {dag.py:3696} INFO - Setting next_dagrun for data_lake_pipeline to None, run_after=None
[2026-05-25T14:38:23.667+0000] {processor.py:179} INFO - Processing /opt/airflow/dags/data_lake_pipeline.py took 0.642 seconds
[2026-05-25T14:38:53.950+0000] {processor.py:157} INFO - Started process (PID=524) to work on /opt/airflow/dags/data_lake_pipeline.py
[2026-05-25T14:38:53.953+0000] {processor.py:829} INFO - Processing file /opt/airflow/dags/data_lake_pipeline.py for tasks to queue
[2026-05-25T14:38:53.954+0000] {logging_mixin.py:151} INFO - [2026-05-25T14:38:53.954+0000] {dagbag.py:539} INFO - Filling up the DagBag from /opt/airflow/dags/data_lake_pipeline.py
[2026-05-25T14:38:54.448+0000] {logging_mixin.py:151} WARNING - None of PyTorch, TensorFlow >= 2.0, or Flax have been found. Models won't be available and only tokenizers, configuration and file/data utilities can be used.
[2026-05-25T14:38:54.478+0000] {processor.py:839} INFO - DAG(s) dict_keys(['data_lake_pipeline']) retrieved from /opt/airflow/dags/data_lake_pipeline.py
[2026-05-25T14:38:54.490+0000] {logging_mixin.py:151} INFO - [2026-05-25T14:38:54.490+0000] {dag.py:2915} INFO - Sync 1 DAGs
[2026-05-25T14:38:54.495+0000] {logging_mixin.py:151} INFO - [2026-05-25T14:38:54.495+0000] {dag.py:3696} INFO - Setting next_dagrun for data_lake_pipeline to None, run_after=None
[2026-05-25T14:38:54.502+0000] {processor.py:179} INFO - Processing /opt/airflow/dags/data_lake_pipeline.py took 0.556 seconds
[2026-05-25T14:39:24.566+0000] {processor.py:157} INFO - Started process (PID=533) to work on /opt/airflow/dags/data_lake_pipeline.py
[2026-05-25T14:39:24.571+0000] {processor.py:829} INFO - Processing file /opt/airflow/dags/data_lake_pipeline.py for tasks to queue
[2026-05-25T14:39:24.572+0000] {logging_mixin.py:151} INFO - [2026-05-25T14:39:24.572+0000] {dagbag.py:539} INFO - Filling up the DagBag from /opt/airflow/dags/data_lake_pipeline.py
[2026-05-25T14:39:25.095+0000] {logging_mixin.py:151} WARNING - None of PyTorch, TensorFlow >= 2.0, or Flax have been found. Models won't be available and only tokenizers, configuration and file/data utilities can be used.
[2026-05-25T14:39:25.126+0000] {processor.py:839} INFO - DAG(s) dict_keys(['data_lake_pipeline']) retrieved from /opt/airflow/dags/data_lake_pipeline.py
[2026-05-25T14:39:25.137+0000] {logging_mixin.py:151} INFO - [2026-05-25T14:39:25.137+0000] {dag.py:2915} INFO - Sync 1 DAGs
[2026-05-25T14:39:25.142+0000] {logging_mixin.py:151} INFO - [2026-05-25T14:39:25.142+0000] {dag.py:3696} INFO - Setting next_dagrun for data_lake_pipeline to None, run_after=None
[2026-05-25T14:39:25.150+0000] {processor.py:179} INFO - Processing /opt/airflow/dags/data_lake_pipeline.py took 0.589 seconds
[2026-05-25T14:39:55.424+0000] {processor.py:157} INFO - Started process (PID=542) to work on /opt/airflow/dags/data_lake_pipeline.py
[2026-05-25T14:39:55.430+0000] {processor.py:829} INFO - Processing file /opt/airflow/dags/data_lake_pipeline.py for tasks to queue
[2026-05-25T14:39:55.431+0000] {logging_mixin.py:151} INFO - [2026-05-25T14:39:55.431+0000] {dagbag.py:539} INFO - Filling up the DagBag from /opt/airflow/dags/data_lake_pipeline.py
[2026-05-25T14:39:55.918+0000] {logging_mixin.py:151} WARNING - None of PyTorch, TensorFlow >= 2.0, or Flax have been found. Models won't be available and only tokenizers, configuration and file/data utilities can be used.
[2026-05-25T14:39:55.949+0000] {processor.py:839} INFO - DAG(s) dict_keys(['data_lake_pipeline']) retrieved from /opt/airflow/dags/data_lake_pipeline.py
[2026-05-25T14:39:55.959+0000] {logging_mixin.py:151} INFO - [2026-05-25T14:39:55.959+0000] {dag.py:2915} INFO - Sync 1 DAGs
[2026-05-25T14:39:55.964+0000] {logging_mixin.py:151} INFO - [2026-05-25T14:39:55.964+0000] {dag.py:3696} INFO - Setting next_dagrun for data_lake_pipeline to None, run_after=None
[2026-05-25T14:39:55.971+0000] {processor.py:179} INFO - Processing /opt/airflow/dags/data_lake_pipeline.py took 0.551 seconds
[2026-05-25T14:40:26.202+0000] {processor.py:157} INFO - Started process (PID=551) to work on /opt/airflow/dags/data_lake_pipeline.py
[2026-05-25T14:40:26.207+0000] {processor.py:829} INFO - Processing file /opt/airflow/dags/data_lake_pipeline.py for tasks to queue
[2026-05-25T14:40:26.208+0000] {logging_mixin.py:151} INFO - [2026-05-25T14:40:26.207+0000] {dagbag.py:539} INFO - Filling up the DagBag from /opt/airflow/dags/data_lake_pipeline.py
[2026-05-25T14:40:26.698+0000] {logging_mixin.py:151} WARNING - None of PyTorch, TensorFlow >= 2.0, or Flax have been found. Models won't be available and only tokenizers, configuration and file/data utilities can be used.
[2026-05-25T14:40:26.729+0000] {processor.py:839} INFO - DAG(s) dict_keys(['data_lake_pipeline']) retrieved from /opt/airflow/dags/data_lake_pipeline.py
[2026-05-25T14:40:26.738+0000] {logging_mixin.py:151} INFO - [2026-05-25T14:40:26.738+0000] {dag.py:2915} INFO - Sync 1 DAGs
[2026-05-25T14:40:26.744+0000] {logging_mixin.py:151} INFO - [2026-05-25T14:40:26.743+0000] {dag.py:3696} INFO - Setting next_dagrun for data_lake_pipeline to None, run_after=None
[2026-05-25T14:40:26.751+0000] {processor.py:179} INFO - Processing /opt/airflow/dags/data_lake_pipeline.py took 0.553 seconds
[2026-05-25T14:40:56.913+0000] {processor.py:157} INFO - Started process (PID=560) to work on /opt/airflow/dags/data_lake_pipeline.py
[2026-05-25T14:40:56.917+0000] {processor.py:829} INFO - Processing file /opt/airflow/dags/data_lake_pipeline.py for tasks to queue
[2026-05-25T14:40:56.917+0000] {logging_mixin.py:151} INFO - [2026-05-25T14:40:56.917+0000] {dagbag.py:539} INFO - Filling up the DagBag from /opt/airflow/dags/data_lake_pipeline.py
[2026-05-25T14:40:57.406+0000] {logging_mixin.py:151} WARNING - None of PyTorch, TensorFlow >= 2.0, or Flax have been found. Models won't be available and only tokenizers, configuration and file/data utilities can be used.
[2026-05-25T14:40:57.436+0000] {processor.py:839} INFO - DAG(s) dict_keys(['data_lake_pipeline']) retrieved from /opt/airflow/dags/data_lake_pipeline.py
[2026-05-25T14:40:57.446+0000] {logging_mixin.py:151} INFO - [2026-05-25T14:40:57.446+0000] {dag.py:2915} INFO - Sync 1 DAGs
[2026-05-25T14:40:57.451+0000] {logging_mixin.py:151} INFO - [2026-05-25T14:40:57.451+0000] {dag.py:3696} INFO - Setting next_dagrun for data_lake_pipeline to None, run_after=None
[2026-05-25T14:40:57.458+0000] {processor.py:179} INFO - Processing /opt/airflow/dags/data_lake_pipeline.py took 0.550 seconds
[2026-05-25T14:41:27.692+0000] {processor.py:157} INFO - Started process (PID=569) to work on /opt/airflow/dags/data_lake_pipeline.py
[2026-05-25T14:41:27.696+0000] {processor.py:829} INFO - Processing file /opt/airflow/dags/data_lake_pipeline.py for tasks to queue
[2026-05-25T14:41:27.697+0000] {logging_mixin.py:151} INFO - [2026-05-25T14:41:27.697+0000] {dagbag.py:539} INFO - Filling up the DagBag from /opt/airflow/dags/data_lake_pipeline.py
[2026-05-25T14:41:28.195+0000] {logging_mixin.py:151} WARNING - None of PyTorch, TensorFlow >= 2.0, or Flax have been found. Models won't be available and only tokenizers, configuration and file/data utilities can be used.
[2026-05-25T14:41:28.227+0000] {processor.py:839} INFO - DAG(s) dict_keys(['data_lake_pipeline']) retrieved from /opt/airflow/dags/data_lake_pipeline.py
[2026-05-25T14:41:28.238+0000] {logging_mixin.py:151} INFO - [2026-05-25T14:41:28.237+0000] {dag.py:2915} INFO - Sync 1 DAGs
[2026-05-25T14:41:28.243+0000] {logging_mixin.py:151} INFO - [2026-05-25T14:41:28.243+0000] {dag.py:3696} INFO - Setting next_dagrun for data_lake_pipeline to None, run_after=None
[2026-05-25T14:41:28.251+0000] {processor.py:179} INFO - Processing /opt/airflow/dags/data_lake_pipeline.py took 0.563 seconds
[2026-05-25T14:41:58.490+0000] {processor.py:157} INFO - Started process (PID=578) to work on /opt/airflow/dags/data_lake_pipeline.py
[2026-05-25T14:41:58.493+0000] {processor.py:829} INFO - Processing file /opt/airflow/dags/data_lake_pipeline.py for tasks to queue
[2026-05-25T14:41:58.494+0000] {logging_mixin.py:151} INFO - [2026-05-25T14:41:58.494+0000] {dagbag.py:539} INFO - Filling up the DagBag from /opt/airflow/dags/data_lake_pipeline.py
[2026-05-25T14:41:59.016+0000] {logging_mixin.py:151} WARNING - None of PyTorch, TensorFlow >= 2.0, or Flax have been found. Models won't be available and only tokenizers, configuration and file/data utilities can be used.
[2026-05-25T14:41:59.047+0000] {processor.py:839} INFO - DAG(s) dict_keys(['data_lake_pipeline']) retrieved from /opt/airflow/dags/data_lake_pipeline.py
[2026-05-25T14:41:59.057+0000] {logging_mixin.py:151} INFO - [2026-05-25T14:41:59.056+0000] {dag.py:2915} INFO - Sync 1 DAGs
[2026-05-25T14:41:59.061+0000] {logging_mixin.py:151} INFO - [2026-05-25T14:41:59.061+0000] {dag.py:3696} INFO - Setting next_dagrun for data_lake_pipeline to None, run_after=None
[2026-05-25T14:41:59.069+0000] {processor.py:179} INFO - Processing /opt/airflow/dags/data_lake_pipeline.py took 0.583 seconds
[2026-05-25T14:42:29.293+0000] {processor.py:157} INFO - Started process (PID=587) to work on /opt/airflow/dags/data_lake_pipeline.py
[2026-05-25T14:42:29.299+0000] {processor.py:829} INFO - Processing file /opt/airflow/dags/data_lake_pipeline.py for tasks to queue
[2026-05-25T14:42:29.301+0000] {logging_mixin.py:151} INFO - [2026-05-25T14:42:29.300+0000] {dagbag.py:539} INFO - Filling up the DagBag from /opt/airflow/dags/data_lake_pipeline.py
[2026-05-25T14:42:29.817+0000] {logging_mixin.py:151} WARNING - None of PyTorch, TensorFlow >= 2.0, or Flax have been found. Models won't be available and only tokenizers, configuration and file/data utilities can be used.
[2026-05-25T14:42:29.849+0000] {processor.py:839} INFO - DAG(s) dict_keys(['data_lake_pipeline']) retrieved from /opt/airflow/dags/data_lake_pipeline.py
[2026-05-25T14:42:29.859+0000] {logging_mixin.py:151} INFO - [2026-05-25T14:42:29.859+0000] {dag.py:2915} INFO - Sync 1 DAGs
[2026-05-25T14:42:29.864+0000] {logging_mixin.py:151} INFO - [2026-05-25T14:42:29.864+0000] {dag.py:3696} INFO - Setting next_dagrun for data_lake_pipeline to None, run_after=None
[2026-05-25T14:42:29.871+0000] {processor.py:179} INFO - Processing /opt/airflow/dags/data_lake_pipeline.py took 0.583 seconds
[2026-05-25T14:42:59.985+0000] {processor.py:157} INFO - Started process (PID=596) to work on /opt/airflow/dags/data_lake_pipeline.py
[2026-05-25T14:42:59.989+0000] {processor.py:829} INFO - Processing file /opt/airflow/dags/data_lake_pipeline.py for tasks to queue
[2026-05-25T14:42:59.990+0000] {logging_mixin.py:151} INFO - [2026-05-25T14:42:59.990+0000] {dagbag.py:539} INFO - Filling up the DagBag from /opt/airflow/dags/data_lake_pipeline.py
[2026-05-25T14:43:00.481+0000] {logging_mixin.py:151} WARNING - None of PyTorch, TensorFlow >= 2.0, or Flax have been found. Models won't be available and only tokenizers, configuration and file/data utilities can be used.
[2026-05-25T14:43:00.511+0000] {processor.py:839} INFO - DAG(s) dict_keys(['data_lake_pipeline']) retrieved from /opt/airflow/dags/data_lake_pipeline.py
[2026-05-25T14:43:00.522+0000] {logging_mixin.py:151} INFO - [2026-05-25T14:43:00.522+0000] {dag.py:2915} INFO - Sync 1 DAGs
[2026-05-25T14:43:00.527+0000] {logging_mixin.py:151} INFO - [2026-05-25T14:43:00.527+0000] {dag.py:3696} INFO - Setting next_dagrun for data_lake_pipeline to None, run_after=None
[2026-05-25T14:43:00.535+0000] {processor.py:179} INFO - Processing /opt/airflow/dags/data_lake_pipeline.py took 0.554 seconds
[2026-05-25T14:43:30.799+0000] {processor.py:157} INFO - Started process (PID=605) to work on /opt/airflow/dags/data_lake_pipeline.py
[2026-05-25T14:43:30.803+0000] {processor.py:829} INFO - Processing file /opt/airflow/dags/data_lake_pipeline.py for tasks to queue
[2026-05-25T14:43:30.804+0000] {logging_mixin.py:151} INFO - [2026-05-25T14:43:30.804+0000] {dagbag.py:539} INFO - Filling up the DagBag from /opt/airflow/dags/data_lake_pipeline.py
[2026-05-25T14:43:31.292+0000] {logging_mixin.py:151} WARNING - None of PyTorch, TensorFlow >= 2.0, or Flax have been found. Models won't be available and only tokenizers, configuration and file/data utilities can be used.
[2026-05-25T14:43:31.323+0000] {processor.py:839} INFO - DAG(s) dict_keys(['data_lake_pipeline']) retrieved from /opt/airflow/dags/data_lake_pipeline.py
[2026-05-25T14:43:31.333+0000] {logging_mixin.py:151} INFO - [2026-05-25T14:43:31.333+0000] {dag.py:2915} INFO - Sync 1 DAGs
[2026-05-25T14:43:31.338+0000] {logging_mixin.py:151} INFO - [2026-05-25T14:43:31.338+0000] {dag.py:3696} INFO - Setting next_dagrun for data_lake_pipeline to None, run_after=None
[2026-05-25T14:43:31.346+0000] {processor.py:179} INFO - Processing /opt/airflow/dags/data_lake_pipeline.py took 0.550 seconds
[2026-05-25T14:44:01.634+0000] {processor.py:157} INFO - Started process (PID=614) to work on /opt/airflow/dags/data_lake_pipeline.py
[2026-05-25T14:44:01.637+0000] {processor.py:829} INFO - Processing file /opt/airflow/dags/data_lake_pipeline.py for tasks to queue
[2026-05-25T14:44:01.638+0000] {logging_mixin.py:151} INFO - [2026-05-25T14:44:01.638+0000] {dagbag.py:539} INFO - Filling up the DagBag from /opt/airflow/dags/data_lake_pipeline.py
[2026-05-25T14:44:02.132+0000] {logging_mixin.py:151} WARNING - None of PyTorch, TensorFlow >= 2.0, or Flax have been found. Models won't be available and only tokenizers, configuration and file/data utilities can be used.
[2026-05-25T14:44:02.162+0000] {processor.py:839} INFO - DAG(s) dict_keys(['data_lake_pipeline']) retrieved from /opt/airflow/dags/data_lake_pipeline.py
[2026-05-25T14:44:02.172+0000] {logging_mixin.py:151} INFO - [2026-05-25T14:44:02.172+0000] {dag.py:2915} INFO - Sync 1 DAGs
[2026-05-25T14:44:02.176+0000] {logging_mixin.py:151} INFO - [2026-05-25T14:44:02.176+0000] {dag.py:3696} INFO - Setting next_dagrun for data_lake_pipeline to None, run_after=None
[2026-05-25T14:44:02.183+0000] {processor.py:179} INFO - Processing /opt/airflow/dags/data_lake_pipeline.py took 0.553 seconds
[2026-05-25T14:44:32.329+0000] {processor.py:157} INFO - Started process (PID=623) to work on /opt/airflow/dags/data_lake_pipeline.py
[2026-05-25T14:44:32.335+0000] {processor.py:829} INFO - Processing file /opt/airflow/dags/data_lake_pipeline.py for tasks to queue
[2026-05-25T14:44:32.336+0000] {logging_mixin.py:151} INFO - [2026-05-25T14:44:32.335+0000] {dagbag.py:539} INFO - Filling up the DagBag from /opt/airflow/dags/data_lake_pipeline.py
[2026-05-25T14:44:32.852+0000] {logging_mixin.py:151} WARNING - None of PyTorch, TensorFlow >= 2.0, or Flax have been found. Models won't be available and only tokenizers, configuration and file/data utilities can be used.
[2026-05-25T14:44:32.883+0000] {processor.py:839} INFO - DAG(s) dict_keys(['data_lake_pipeline']) retrieved from /opt/airflow/dags/data_lake_pipeline.py
[2026-05-25T14:44:32.893+0000] {logging_mixin.py:151} INFO - [2026-05-25T14:44:32.893+0000] {dag.py:2915} INFO - Sync 1 DAGs
[2026-05-25T14:44:32.898+0000] {logging_mixin.py:151} INFO - [2026-05-25T14:44:32.898+0000] {dag.py:3696} INFO - Setting next_dagrun for data_lake_pipeline to None, run_after=None
[2026-05-25T14:44:32.906+0000] {processor.py:179} INFO - Processing /opt/airflow/dags/data_lake_pipeline.py took 0.581 seconds
[2026-05-25T14:45:03.178+0000] {processor.py:157} INFO - Started process (PID=632) to work on /opt/airflow/dags/data_lake_pipeline.py
[2026-05-25T14:45:03.181+0000] {processor.py:829} INFO - Processing file /opt/airflow/dags/data_lake_pipeline.py for tasks to queue
[2026-05-25T14:45:03.182+0000] {logging_mixin.py:151} INFO - [2026-05-25T14:45:03.182+0000] {dagbag.py:539} INFO - Filling up the DagBag from /opt/airflow/dags/data_lake_pipeline.py
[2026-05-25T14:45:03.677+0000] {logging_mixin.py:151} WARNING - None of PyTorch, TensorFlow >= 2.0, or Flax have been found. Models won't be available and only tokenizers, configuration and file/data utilities can be used.
[2026-05-25T14:45:03.707+0000] {processor.py:839} INFO - DAG(s) dict_keys(['data_lake_pipeline']) retrieved from /opt/airflow/dags/data_lake_pipeline.py
[2026-05-25T14:45:03.718+0000] {logging_mixin.py:151} INFO - [2026-05-25T14:45:03.717+0000] {dag.py:2915} INFO - Sync 1 DAGs
[2026-05-25T14:45:03.723+0000] {logging_mixin.py:151} INFO - [2026-05-25T14:45:03.722+0000] {dag.py:3696} INFO - Setting next_dagrun for data_lake_pipeline to None, run_after=None
[2026-05-25T14:45:03.730+0000] {processor.py:179} INFO - Processing /opt/airflow/dags/data_lake_pipeline.py took 0.556 seconds
[2026-05-25T14:45:33.888+0000] {processor.py:157} INFO - Started process (PID=641) to work on /opt/airflow/dags/data_lake_pipeline.py
[2026-05-25T14:45:33.892+0000] {processor.py:829} INFO - Processing file /opt/airflow/dags/data_lake_pipeline.py for tasks to queue
[2026-05-25T14:45:33.893+0000] {logging_mixin.py:151} INFO - [2026-05-25T14:45:33.892+0000] {dagbag.py:539} INFO - Filling up the DagBag from /opt/airflow/dags/data_lake_pipeline.py
[2026-05-25T14:45:34.390+0000] {logging_mixin.py:151} WARNING - None of PyTorch, TensorFlow >= 2.0, or Flax have been found. Models won't be available and only tokenizers, configuration and file/data utilities can be used.
[2026-05-25T14:45:34.420+0000] {processor.py:839} INFO - DAG(s) dict_keys(['data_lake_pipeline']) retrieved from /opt/airflow/dags/data_lake_pipeline.py
[2026-05-25T14:45:34.430+0000] {logging_mixin.py:151} INFO - [2026-05-25T14:45:34.430+0000] {dag.py:2915} INFO - Sync 1 DAGs
[2026-05-25T14:45:34.435+0000] {logging_mixin.py:151} INFO - [2026-05-25T14:45:34.435+0000] {dag.py:3696} INFO - Setting next_dagrun for data_lake_pipeline to None, run_after=None
[2026-05-25T14:45:34.442+0000] {processor.py:179} INFO - Processing /opt/airflow/dags/data_lake_pipeline.py took 0.559 seconds
[2026-05-25T14:46:04.729+0000] {processor.py:157} INFO - Started process (PID=650) to work on /opt/airflow/dags/data_lake_pipeline.py
[2026-05-25T14:46:04.733+0000] {processor.py:829} INFO - Processing file /opt/airflow/dags/data_lake_pipeline.py for tasks to queue
[2026-05-25T14:46:04.734+0000] {logging_mixin.py:151} INFO - [2026-05-25T14:46:04.734+0000] {dagbag.py:539} INFO - Filling up the DagBag from /opt/airflow/dags/data_lake_pipeline.py
[2026-05-25T14:46:05.224+0000] {logging_mixin.py:151} WARNING - None of PyTorch, TensorFlow >= 2.0, or Flax have been found. Models won't be available and only tokenizers, configuration and file/data utilities can be used.
[2026-05-25T14:46:05.255+0000] {processor.py:839} INFO - DAG(s) dict_keys(['data_lake_pipeline']) retrieved from /opt/airflow/dags/data_lake_pipeline.py
[2026-05-25T14:46:05.265+0000] {logging_mixin.py:151} INFO - [2026-05-25T14:46:05.264+0000] {dag.py:2915} INFO - Sync 1 DAGs
[2026-05-25T14:46:05.269+0000] {logging_mixin.py:151} INFO - [2026-05-25T14:46:05.269+0000] {dag.py:3696} INFO - Setting next_dagrun for data_lake_pipeline to None, run_after=None
[2026-05-25T14:46:05.276+0000] {processor.py:179} INFO - Processing /opt/airflow/dags/data_lake_pipeline.py took 0.552 seconds
[2026-05-25T14:46:35.414+0000] {processor.py:157} INFO - Started process (PID=659) to work on /opt/airflow/dags/data_lake_pipeline.py
[2026-05-25T14:46:35.418+0000] {processor.py:829} INFO - Processing file /opt/airflow/dags/data_lake_pipeline.py for tasks to queue
[2026-05-25T14:46:35.419+0000] {logging_mixin.py:151} INFO - [2026-05-25T14:46:35.419+0000] {dagbag.py:539} INFO - Filling up the DagBag from /opt/airflow/dags/data_lake_pipeline.py
[2026-05-25T14:46:35.910+0000] {logging_mixin.py:151} WARNING - None of PyTorch, TensorFlow >= 2.0, or Flax have been found. Models won't be available and only tokenizers, configuration and file/data utilities can be used.
[2026-05-25T14:46:35.940+0000] {processor.py:839} INFO - DAG(s) dict_keys(['data_lake_pipeline']) retrieved from /opt/airflow/dags/data_lake_pipeline.py
[2026-05-25T14:46:35.950+0000] {logging_mixin.py:151} INFO - [2026-05-25T14:46:35.949+0000] {dag.py:2915} INFO - Sync 1 DAGs
[2026-05-25T14:46:35.954+0000] {logging_mixin.py:151} INFO - [2026-05-25T14:46:35.954+0000] {dag.py:3696} INFO - Setting next_dagrun for data_lake_pipeline to None, run_after=None
[2026-05-25T14:46:35.962+0000] {processor.py:179} INFO - Processing /opt/airflow/dags/data_lake_pipeline.py took 0.552 seconds
[2026-05-25T14:47:06.248+0000] {processor.py:157} INFO - Started process (PID=668) to work on /opt/airflow/dags/data_lake_pipeline.py
[2026-05-25T14:47:06.251+0000] {processor.py:829} INFO - Processing file /opt/airflow/dags/data_lake_pipeline.py for tasks to queue
[2026-05-25T14:47:06.252+0000] {logging_mixin.py:151} INFO - [2026-05-25T14:47:06.252+0000] {dagbag.py:539} INFO - Filling up the DagBag from /opt/airflow/dags/data_lake_pipeline.py
[2026-05-25T14:47:06.744+0000] {logging_mixin.py:151} WARNING - None of PyTorch, TensorFlow >= 2.0, or Flax have been found. Models won't be available and only tokenizers, configuration and file/data utilities can be used.
[2026-05-25T14:47:06.774+0000] {processor.py:839} INFO - DAG(s) dict_keys(['data_lake_pipeline']) retrieved from /opt/airflow/dags/data_lake_pipeline.py
[2026-05-25T14:47:06.785+0000] {logging_mixin.py:151} INFO - [2026-05-25T14:47:06.784+0000] {dag.py:2915} INFO - Sync 1 DAGs
[2026-05-25T14:47:06.790+0000] {logging_mixin.py:151} INFO - [2026-05-25T14:47:06.790+0000] {dag.py:3696} INFO - Setting next_dagrun for data_lake_pipeline to None, run_after=None
[2026-05-25T14:47:06.797+0000] {processor.py:179} INFO - Processing /opt/airflow/dags/data_lake_pipeline.py took 0.553 seconds
[2026-05-25T14:47:36.967+0000] {processor.py:157} INFO - Started process (PID=677) to work on /opt/airflow/dags/data_lake_pipeline.py
[2026-05-25T14:47:36.971+0000] {processor.py:829} INFO - Processing file /opt/airflow/dags/data_lake_pipeline.py for tasks to queue
[2026-05-25T14:47:36.972+0000] {logging_mixin.py:151} INFO - [2026-05-25T14:47:36.972+0000] {dagbag.py:539} INFO - Filling up the DagBag from /opt/airflow/dags/data_lake_pipeline.py
[2026-05-25T14:47:37.470+0000] {logging_mixin.py:151} WARNING - None of PyTorch, TensorFlow >= 2.0, or Flax have been found. Models won't be available and only tokenizers, configuration and file/data utilities can be used.
[2026-05-25T14:47:37.501+0000] {processor.py:839} INFO - DAG(s) dict_keys(['data_lake_pipeline']) retrieved from /opt/airflow/dags/data_lake_pipeline.py
[2026-05-25T14:47:37.511+0000] {logging_mixin.py:151} INFO - [2026-05-25T14:47:37.510+0000] {dag.py:2915} INFO - Sync 1 DAGs
[2026-05-25T14:47:37.515+0000] {logging_mixin.py:151} INFO - [2026-05-25T14:47:37.515+0000] {dag.py:3696} INFO - Setting next_dagrun for data_lake_pipeline to None, run_after=None
[2026-05-25T14:47:37.523+0000] {processor.py:179} INFO - Processing /opt/airflow/dags/data_lake_pipeline.py took 0.560 seconds
[2026-05-25T14:48:07.790+0000] {processor.py:157} INFO - Started process (PID=686) to work on /opt/airflow/dags/data_lake_pipeline.py
[2026-05-25T14:48:07.792+0000] {processor.py:829} INFO - Processing file /opt/airflow/dags/data_lake_pipeline.py for tasks to queue
[2026-05-25T14:48:07.793+0000] {logging_mixin.py:151} INFO - [2026-05-25T14:48:07.792+0000] {dagbag.py:539} INFO - Filling up the DagBag from /opt/airflow/dags/data_lake_pipeline.py
[2026-05-25T14:48:08.284+0000] {logging_mixin.py:151} WARNING - None of PyTorch, TensorFlow >= 2.0, or Flax have been found. Models won't be available and only tokenizers, configuration and file/data utilities can be used.
[2026-05-25T14:48:08.315+0000] {processor.py:839} INFO - DAG(s) dict_keys(['data_lake_pipeline']) retrieved from /opt/airflow/dags/data_lake_pipeline.py
[2026-05-25T14:48:08.324+0000] {logging_mixin.py:151} INFO - [2026-05-25T14:48:08.324+0000] {dag.py:2915} INFO - Sync 1 DAGs
[2026-05-25T14:48:08.329+0000] {logging_mixin.py:151} INFO - [2026-05-25T14:48:08.329+0000] {dag.py:3696} INFO - Setting next_dagrun for data_lake_pipeline to None, run_after=None
[2026-05-25T14:48:08.336+0000] {processor.py:179} INFO - Processing /opt/airflow/dags/data_lake_pipeline.py took 0.549 seconds
[2026-05-25T14:48:38.501+0000] {processor.py:157} INFO - Started process (PID=695) to work on /opt/airflow/dags/data_lake_pipeline.py
[2026-05-25T14:48:38.506+0000] {processor.py:829} INFO - Processing file /opt/airflow/dags/data_lake_pipeline.py for tasks to queue
[2026-05-25T14:48:38.507+0000] {logging_mixin.py:151} INFO - [2026-05-25T14:48:38.507+0000] {dagbag.py:539} INFO - Filling up the DagBag from /opt/airflow/dags/data_lake_pipeline.py
[2026-05-25T14:48:39.000+0000] {logging_mixin.py:151} WARNING - None of PyTorch, TensorFlow >= 2.0, or Flax have been found. Models won't be available and only tokenizers, configuration and file/data utilities can be used.
[2026-05-25T14:48:39.031+0000] {processor.py:839} INFO - DAG(s) dict_keys(['data_lake_pipeline']) retrieved from /opt/airflow/dags/data_lake_pipeline.py
[2026-05-25T14:48:39.041+0000] {logging_mixin.py:151} INFO - [2026-05-25T14:48:39.041+0000] {dag.py:2915} INFO - Sync 1 DAGs
[2026-05-25T14:48:39.045+0000] {logging_mixin.py:151} INFO - [2026-05-25T14:48:39.045+0000] {dag.py:3696} INFO - Setting next_dagrun for data_lake_pipeline to None, run_after=None
[2026-05-25T14:48:39.054+0000] {processor.py:179} INFO - Processing /opt/airflow/dags/data_lake_pipeline.py took 0.556 seconds
[2026-05-25T14:49:09.340+0000] {processor.py:157} INFO - Started process (PID=704) to work on /opt/airflow/dags/data_lake_pipeline.py
[2026-05-25T14:49:09.343+0000] {processor.py:829} INFO - Processing file /opt/airflow/dags/data_lake_pipeline.py for tasks to queue
[2026-05-25T14:49:09.343+0000] {logging_mixin.py:151} INFO - [2026-05-25T14:49:09.343+0000] {dagbag.py:539} INFO - Filling up the DagBag from /opt/airflow/dags/data_lake_pipeline.py
[2026-05-25T14:49:09.847+0000] {logging_mixin.py:151} WARNING - None of PyTorch, TensorFlow >= 2.0, or Flax have been found. Models won't be available and only tokenizers, configuration and file/data utilities can be used.
[2026-05-25T14:49:09.878+0000] {processor.py:839} INFO - DAG(s) dict_keys(['data_lake_pipeline']) retrieved from /opt/airflow/dags/data_lake_pipeline.py
[2026-05-25T14:49:09.889+0000] {logging_mixin.py:151} INFO - [2026-05-25T14:49:09.888+0000] {dag.py:2915} INFO - Sync 1 DAGs
[2026-05-25T14:49:09.893+0000] {logging_mixin.py:151} INFO - [2026-05-25T14:49:09.893+0000] {dag.py:3696} INFO - Setting next_dagrun for data_lake_pipeline to None, run_after=None
[2026-05-25T14:49:09.900+0000] {processor.py:179} INFO - Processing /opt/airflow/dags/data_lake_pipeline.py took 0.565 seconds
[2026-05-25T14:49:40.047+0000] {processor.py:157} INFO - Started process (PID=713) to work on /opt/airflow/dags/data_lake_pipeline.py
[2026-05-25T14:49:40.051+0000] {processor.py:829} INFO - Processing file /opt/airflow/dags/data_lake_pipeline.py for tasks to queue
[2026-05-25T14:49:40.052+0000] {logging_mixin.py:151} INFO - [2026-05-25T14:49:40.051+0000] {dagbag.py:539} INFO - Filling up the DagBag from /opt/airflow/dags/data_lake_pipeline.py
[2026-05-25T14:49:40.542+0000] {logging_mixin.py:151} WARNING - None of PyTorch, TensorFlow >= 2.0, or Flax have been found. Models won't be available and only tokenizers, configuration and file/data utilities can be used.
[2026-05-25T14:49:40.573+0000] {processor.py:839} INFO - DAG(s) dict_keys(['data_lake_pipeline']) retrieved from /opt/airflow/dags/data_lake_pipeline.py
[2026-05-25T14:49:40.583+0000] {logging_mixin.py:151} INFO - [2026-05-25T14:49:40.583+0000] {dag.py:2915} INFO - Sync 1 DAGs
[2026-05-25T14:49:40.587+0000] {logging_mixin.py:151} INFO - [2026-05-25T14:49:40.587+0000] {dag.py:3696} INFO - Setting next_dagrun for data_lake_pipeline to None, run_after=None
[2026-05-25T14:49:40.595+0000] {processor.py:179} INFO - Processing /opt/airflow/dags/data_lake_pipeline.py took 0.551 seconds
[2026-05-25T14:50:10.902+0000] {processor.py:157} INFO - Started process (PID=722) to work on /opt/airflow/dags/data_lake_pipeline.py
[2026-05-25T14:50:10.905+0000] {processor.py:829} INFO - Processing file /opt/airflow/dags/data_lake_pipeline.py for tasks to queue
[2026-05-25T14:50:10.906+0000] {logging_mixin.py:151} INFO - [2026-05-25T14:50:10.906+0000] {dagbag.py:539} INFO - Filling up the DagBag from /opt/airflow/dags/data_lake_pipeline.py
[2026-05-25T14:50:11.399+0000] {logging_mixin.py:151} WARNING - None of PyTorch, TensorFlow >= 2.0, or Flax have been found. Models won't be available and only tokenizers, configuration and file/data utilities can be used.
[2026-05-25T14:50:11.430+0000] {processor.py:839} INFO - DAG(s) dict_keys(['data_lake_pipeline']) retrieved from /opt/airflow/dags/data_lake_pipeline.py
[2026-05-25T14:50:11.440+0000] {logging_mixin.py:151} INFO - [2026-05-25T14:50:11.440+0000] {dag.py:2915} INFO - Sync 1 DAGs
[2026-05-25T14:50:11.445+0000] {logging_mixin.py:151} INFO - [2026-05-25T14:50:11.445+0000] {dag.py:3696} INFO - Setting next_dagrun for data_lake_pipeline to None, run_after=None
[2026-05-25T14:50:11.452+0000] {processor.py:179} INFO - Processing /opt/airflow/dags/data_lake_pipeline.py took 0.554 seconds
[2026-05-25T14:50:41.617+0000] {processor.py:157} INFO - Started process (PID=731) to work on /opt/airflow/dags/data_lake_pipeline.py
[2026-05-25T14:50:41.620+0000] {processor.py:829} INFO - Processing file /opt/airflow/dags/data_lake_pipeline.py for tasks to queue
[2026-05-25T14:50:41.621+0000] {logging_mixin.py:151} INFO - [2026-05-25T14:50:41.621+0000] {dagbag.py:539} INFO - Filling up the DagBag from /opt/airflow/dags/data_lake_pipeline.py
[2026-05-25T14:50:42.116+0000] {logging_mixin.py:151} WARNING - None of PyTorch, TensorFlow >= 2.0, or Flax have been found. Models won't be available and only tokenizers, configuration and file/data utilities can be used.
[2026-05-25T14:50:42.147+0000] {processor.py:839} INFO - DAG(s) dict_keys(['data_lake_pipeline']) retrieved from /opt/airflow/dags/data_lake_pipeline.py
[2026-05-25T14:50:42.156+0000] {logging_mixin.py:151} INFO - [2026-05-25T14:50:42.156+0000] {dag.py:2915} INFO - Sync 1 DAGs
[2026-05-25T14:50:42.161+0000] {logging_mixin.py:151} INFO - [2026-05-25T14:50:42.161+0000] {dag.py:3696} INFO - Setting next_dagrun for data_lake_pipeline to None, run_after=None
[2026-05-25T14:50:42.168+0000] {processor.py:179} INFO - Processing /opt/airflow/dags/data_lake_pipeline.py took 0.556 seconds
[2026-05-25T14:51:12.472+0000] {processor.py:157} INFO - Started process (PID=740) to work on /opt/airflow/dags/data_lake_pipeline.py
[2026-05-25T14:51:12.475+0000] {processor.py:829} INFO - Processing file /opt/airflow/dags/data_lake_pipeline.py for tasks to queue
[2026-05-25T14:51:12.476+0000] {logging_mixin.py:151} INFO - [2026-05-25T14:51:12.476+0000] {dagbag.py:539} INFO - Filling up the DagBag from /opt/airflow/dags/data_lake_pipeline.py
[2026-05-25T14:51:12.974+0000] {logging_mixin.py:151} WARNING - None of PyTorch, TensorFlow >= 2.0, or Flax have been found. Models won't be available and only tokenizers, configuration and file/data utilities can be used.
[2026-05-25T14:51:13.005+0000] {processor.py:839} INFO - DAG(s) dict_keys(['data_lake_pipeline']) retrieved from /opt/airflow/dags/data_lake_pipeline.py
[2026-05-25T14:51:13.016+0000] {logging_mixin.py:151} INFO - [2026-05-25T14:51:13.015+0000] {dag.py:2915} INFO - Sync 1 DAGs
[2026-05-25T14:51:13.020+0000] {logging_mixin.py:151} INFO - [2026-05-25T14:51:13.020+0000] {dag.py:3696} INFO - Setting next_dagrun for data_lake_pipeline to None, run_after=None
[2026-05-25T14:51:13.027+0000] {processor.py:179} INFO - Processing /opt/airflow/dags/data_lake_pipeline.py took 0.559 seconds
[2026-05-25T14:51:43.168+0000] {processor.py:157} INFO - Started process (PID=749) to work on /opt/airflow/dags/data_lake_pipeline.py
[2026-05-25T14:51:43.171+0000] {processor.py:829} INFO - Processing file /opt/airflow/dags/data_lake_pipeline.py for tasks to queue
[2026-05-25T14:51:43.172+0000] {logging_mixin.py:151} INFO - [2026-05-25T14:51:43.172+0000] {dagbag.py:539} INFO - Filling up the DagBag from /opt/airflow/dags/data_lake_pipeline.py
[2026-05-25T14:51:43.693+0000] {logging_mixin.py:151} WARNING - None of PyTorch, TensorFlow >= 2.0, or Flax have been found. Models won't be available and only tokenizers, configuration and file/data utilities can be used.
[2026-05-25T14:51:43.734+0000] {processor.py:839} INFO - DAG(s) dict_keys(['data_lake_pipeline']) retrieved from /opt/airflow/dags/data_lake_pipeline.py
[2026-05-25T14:51:43.745+0000] {logging_mixin.py:151} INFO - [2026-05-25T14:51:43.745+0000] {dag.py:2915} INFO - Sync 1 DAGs
[2026-05-25T14:51:43.750+0000] {logging_mixin.py:151} INFO - [2026-05-25T14:51:43.750+0000] {dag.py:3696} INFO - Setting next_dagrun for data_lake_pipeline to None, run_after=None
[2026-05-25T14:51:43.758+0000] {processor.py:179} INFO - Processing /opt/airflow/dags/data_lake_pipeline.py took 0.594 seconds
[2026-05-25T14:52:14.060+0000] {processor.py:157} INFO - Started process (PID=758) to work on /opt/airflow/dags/data_lake_pipeline.py
[2026-05-25T14:52:14.064+0000] {processor.py:829} INFO - Processing file /opt/airflow/dags/data_lake_pipeline.py for tasks to queue
[2026-05-25T14:52:14.065+0000] {logging_mixin.py:151} INFO - [2026-05-25T14:52:14.065+0000] {dagbag.py:539} INFO - Filling up the DagBag from /opt/airflow/dags/data_lake_pipeline.py
[2026-05-25T14:52:14.557+0000] {logging_mixin.py:151} WARNING - None of PyTorch, TensorFlow >= 2.0, or Flax have been found. Models won't be available and only tokenizers, configuration and file/data utilities can be used.
[2026-05-25T14:52:14.588+0000] {processor.py:839} INFO - DAG(s) dict_keys(['data_lake_pipeline']) retrieved from /opt/airflow/dags/data_lake_pipeline.py
[2026-05-25T14:52:14.598+0000] {logging_mixin.py:151} INFO - [2026-05-25T14:52:14.598+0000] {dag.py:2915} INFO - Sync 1 DAGs
[2026-05-25T14:52:14.603+0000] {logging_mixin.py:151} INFO - [2026-05-25T14:52:14.602+0000] {dag.py:3696} INFO - Setting next_dagrun for data_lake_pipeline to None, run_after=None
[2026-05-25T14:52:14.610+0000] {processor.py:179} INFO - Processing /opt/airflow/dags/data_lake_pipeline.py took 0.554 seconds
[2026-05-25T14:52:44.738+0000] {processor.py:157} INFO - Started process (PID=767) to work on /opt/airflow/dags/data_lake_pipeline.py
[2026-05-25T14:52:44.742+0000] {processor.py:829} INFO - Processing file /opt/airflow/dags/data_lake_pipeline.py for tasks to queue
[2026-05-25T14:52:44.743+0000] {logging_mixin.py:151} INFO - [2026-05-25T14:52:44.743+0000] {dagbag.py:539} INFO - Filling up the DagBag from /opt/airflow/dags/data_lake_pipeline.py
[2026-05-25T14:52:45.256+0000] {logging_mixin.py:151} WARNING - None of PyTorch, TensorFlow >= 2.0, or Flax have been found. Models won't be available and only tokenizers, configuration and file/data utilities can be used.
[2026-05-25T14:52:45.287+0000] {processor.py:839} INFO - DAG(s) dict_keys(['data_lake_pipeline']) retrieved from /opt/airflow/dags/data_lake_pipeline.py
[2026-05-25T14:52:45.298+0000] {logging_mixin.py:151} INFO - [2026-05-25T14:52:45.297+0000] {dag.py:2915} INFO - Sync 1 DAGs
[2026-05-25T14:52:45.303+0000] {logging_mixin.py:151} INFO - [2026-05-25T14:52:45.303+0000] {dag.py:3696} INFO - Setting next_dagrun for data_lake_pipeline to None, run_after=None
[2026-05-25T14:52:45.311+0000] {processor.py:179} INFO - Processing /opt/airflow/dags/data_lake_pipeline.py took 0.576 seconds
[2026-05-25T14:53:15.542+0000] {processor.py:157} INFO - Started process (PID=776) to work on /opt/airflow/dags/data_lake_pipeline.py
[2026-05-25T14:53:15.544+0000] {processor.py:829} INFO - Processing file /opt/airflow/dags/data_lake_pipeline.py for tasks to queue
[2026-05-25T14:53:15.546+0000] {logging_mixin.py:151} INFO - [2026-05-25T14:53:15.545+0000] {dagbag.py:539} INFO - Filling up the DagBag from /opt/airflow/dags/data_lake_pipeline.py
[2026-05-25T14:53:16.383+0000] {logging_mixin.py:151} WARNING - None of PyTorch, TensorFlow >= 2.0, or Flax have been found. Models won't be available and only tokenizers, configuration and file/data utilities can be used.
[2026-05-25T14:53:16.432+0000] {processor.py:839} INFO - DAG(s) dict_keys(['data_lake_pipeline']) retrieved from /opt/airflow/dags/data_lake_pipeline.py
[2026-05-25T14:53:16.453+0000] {logging_mixin.py:151} INFO - [2026-05-25T14:53:16.452+0000] {dag.py:2915} INFO - Sync 1 DAGs
[2026-05-25T14:53:16.466+0000] {logging_mixin.py:151} INFO - [2026-05-25T14:53:16.465+0000] {dag.py:3696} INFO - Setting next_dagrun for data_lake_pipeline to None, run_after=None
[2026-05-25T14:53:16.477+0000] {processor.py:179} INFO - Processing /opt/airflow/dags/data_lake_pipeline.py took 0.940 seconds
[2026-05-25T14:53:46.726+0000] {processor.py:157} INFO - Started process (PID=785) to work on /opt/airflow/dags/data_lake_pipeline.py
[2026-05-25T14:53:46.731+0000] {processor.py:829} INFO - Processing file /opt/airflow/dags/data_lake_pipeline.py for tasks to queue
[2026-05-25T14:53:46.733+0000] {logging_mixin.py:151} INFO - [2026-05-25T14:53:46.732+0000] {dagbag.py:539} INFO - Filling up the DagBag from /opt/airflow/dags/data_lake_pipeline.py
[2026-05-25T14:53:47.562+0000] {logging_mixin.py:151} WARNING - None of PyTorch, TensorFlow >= 2.0, or Flax have been found. Models won't be available and only tokenizers, configuration and file/data utilities can be used.
[2026-05-25T14:53:47.619+0000] {processor.py:839} INFO - DAG(s) dict_keys(['data_lake_pipeline']) retrieved from /opt/airflow/dags/data_lake_pipeline.py
[2026-05-25T14:53:47.636+0000] {logging_mixin.py:151} INFO - [2026-05-25T14:53:47.636+0000] {dag.py:2915} INFO - Sync 1 DAGs
[2026-05-25T14:53:47.642+0000] {logging_mixin.py:151} INFO - [2026-05-25T14:53:47.642+0000] {dag.py:3696} INFO - Setting next_dagrun for data_lake_pipeline to None, run_after=None
[2026-05-25T14:53:47.653+0000] {processor.py:179} INFO - Processing /opt/airflow/dags/data_lake_pipeline.py took 0.932 seconds
[2026-05-25T14:54:17.912+0000] {processor.py:157} INFO - Started process (PID=794) to work on /opt/airflow/dags/data_lake_pipeline.py
[2026-05-25T14:54:17.915+0000] {processor.py:829} INFO - Processing file /opt/airflow/dags/data_lake_pipeline.py for tasks to queue
[2026-05-25T14:54:17.917+0000] {logging_mixin.py:151} INFO - [2026-05-25T14:54:17.916+0000] {dagbag.py:539} INFO - Filling up the DagBag from /opt/airflow/dags/data_lake_pipeline.py
[2026-05-25T14:54:18.695+0000] {logging_mixin.py:151} WARNING - None of PyTorch, TensorFlow >= 2.0, or Flax have been found. Models won't be available and only tokenizers, configuration and file/data utilities can be used.
[2026-05-25T14:54:18.742+0000] {processor.py:839} INFO - DAG(s) dict_keys(['data_lake_pipeline']) retrieved from /opt/airflow/dags/data_lake_pipeline.py
[2026-05-25T14:54:18.756+0000] {logging_mixin.py:151} INFO - [2026-05-25T14:54:18.756+0000] {dag.py:2915} INFO - Sync 1 DAGs
[2026-05-25T14:54:18.762+0000] {logging_mixin.py:151} INFO - [2026-05-25T14:54:18.762+0000] {dag.py:3696} INFO - Setting next_dagrun for data_lake_pipeline to None, run_after=None
[2026-05-25T14:54:18.770+0000] {processor.py:179} INFO - Processing /opt/airflow/dags/data_lake_pipeline.py took 0.873 seconds
[2026-05-25T14:54:49.038+0000] {processor.py:157} INFO - Started process (PID=803) to work on /opt/airflow/dags/data_lake_pipeline.py
[2026-05-25T14:54:49.042+0000] {processor.py:829} INFO - Processing file /opt/airflow/dags/data_lake_pipeline.py for tasks to queue
[2026-05-25T14:54:49.044+0000] {logging_mixin.py:151} INFO - [2026-05-25T14:54:49.043+0000] {dagbag.py:539} INFO - Filling up the DagBag from /opt/airflow/dags/data_lake_pipeline.py
[2026-05-25T14:54:49.805+0000] {logging_mixin.py:151} WARNING - None of PyTorch, TensorFlow >= 2.0, or Flax have been found. Models won't be available and only tokenizers, configuration and file/data utilities can be used.
[2026-05-25T14:54:49.858+0000] {processor.py:839} INFO - DAG(s) dict_keys(['data_lake_pipeline']) retrieved from /opt/airflow/dags/data_lake_pipeline.py
[2026-05-25T14:54:49.872+0000] {logging_mixin.py:151} INFO - [2026-05-25T14:54:49.872+0000] {dag.py:2915} INFO - Sync 1 DAGs
[2026-05-25T14:54:49.878+0000] {logging_mixin.py:151} INFO - [2026-05-25T14:54:49.878+0000] {dag.py:3696} INFO - Setting next_dagrun for data_lake_pipeline to None, run_after=None
[2026-05-25T14:54:49.888+0000] {processor.py:179} INFO - Processing /opt/airflow/dags/data_lake_pipeline.py took 0.860 seconds
[2026-05-25T14:55:19.933+0000] {processor.py:157} INFO - Started process (PID=812) to work on /opt/airflow/dags/data_lake_pipeline.py
[2026-05-25T14:55:19.938+0000] {processor.py:829} INFO - Processing file /opt/airflow/dags/data_lake_pipeline.py for tasks to queue
[2026-05-25T14:55:19.940+0000] {logging_mixin.py:151} INFO - [2026-05-25T14:55:19.939+0000] {dagbag.py:539} INFO - Filling up the DagBag from /opt/airflow/dags/data_lake_pipeline.py
[2026-05-25T14:55:20.649+0000] {logging_mixin.py:151} WARNING - None of PyTorch, TensorFlow >= 2.0, or Flax have been found. Models won't be available and only tokenizers, configuration and file/data utilities can be used.
[2026-05-25T14:55:20.695+0000] {processor.py:839} INFO - DAG(s) dict_keys(['data_lake_pipeline']) retrieved from /opt/airflow/dags/data_lake_pipeline.py
[2026-05-25T14:55:20.710+0000] {logging_mixin.py:151} INFO - [2026-05-25T14:55:20.709+0000] {dag.py:2915} INFO - Sync 1 DAGs
[2026-05-25T14:55:20.717+0000] {logging_mixin.py:151} INFO - [2026-05-25T14:55:20.717+0000] {dag.py:3696} INFO - Setting next_dagrun for data_lake_pipeline to None, run_after=None
[2026-05-25T14:55:20.727+0000] {processor.py:179} INFO - Processing /opt/airflow/dags/data_lake_pipeline.py took 0.800 seconds
[2026-05-25T14:55:51.024+0000] {processor.py:157} INFO - Started process (PID=821) to work on /opt/airflow/dags/data_lake_pipeline.py
[2026-05-25T14:55:51.027+0000] {processor.py:829} INFO - Processing file /opt/airflow/dags/data_lake_pipeline.py for tasks to queue
[2026-05-25T14:55:51.029+0000] {logging_mixin.py:151} INFO - [2026-05-25T14:55:51.028+0000] {dagbag.py:539} INFO - Filling up the DagBag from /opt/airflow/dags/data_lake_pipeline.py
[2026-05-25T14:55:51.844+0000] {logging_mixin.py:151} WARNING - None of PyTorch, TensorFlow >= 2.0, or Flax have been found. Models won't be available and only tokenizers, configuration and file/data utilities can be used.
[2026-05-25T14:55:51.893+0000] {processor.py:839} INFO - DAG(s) dict_keys(['data_lake_pipeline']) retrieved from /opt/airflow/dags/data_lake_pipeline.py
[2026-05-25T14:55:51.908+0000] {logging_mixin.py:151} INFO - [2026-05-25T14:55:51.908+0000] {dag.py:2915} INFO - Sync 1 DAGs
[2026-05-25T14:55:51.915+0000] {logging_mixin.py:151} INFO - [2026-05-25T14:55:51.915+0000] {dag.py:3696} INFO - Setting next_dagrun for data_lake_pipeline to None, run_after=None
[2026-05-25T14:55:51.924+0000] {processor.py:179} INFO - Processing /opt/airflow/dags/data_lake_pipeline.py took 0.907 seconds
[2026-05-25T14:56:22.182+0000] {processor.py:157} INFO - Started process (PID=830) to work on /opt/airflow/dags/data_lake_pipeline.py
[2026-05-25T14:56:22.186+0000] {processor.py:829} INFO - Processing file /opt/airflow/dags/data_lake_pipeline.py for tasks to queue
[2026-05-25T14:56:22.187+0000] {logging_mixin.py:151} INFO - [2026-05-25T14:56:22.187+0000] {dagbag.py:539} INFO - Filling up the DagBag from /opt/airflow/dags/data_lake_pipeline.py
[2026-05-25T14:56:23.117+0000] {logging_mixin.py:151} WARNING - None of PyTorch, TensorFlow >= 2.0, or Flax have been found. Models won't be available and only tokenizers, configuration and file/data utilities can be used.
[2026-05-25T14:56:23.174+0000] {processor.py:839} INFO - DAG(s) dict_keys(['data_lake_pipeline']) retrieved from /opt/airflow/dags/data_lake_pipeline.py
[2026-05-25T14:56:23.196+0000] {logging_mixin.py:151} INFO - [2026-05-25T14:56:23.196+0000] {dag.py:2915} INFO - Sync 1 DAGs
[2026-05-25T14:56:23.205+0000] {logging_mixin.py:151} INFO - [2026-05-25T14:56:23.205+0000] {dag.py:3696} INFO - Setting next_dagrun for data_lake_pipeline to None, run_after=None
[2026-05-25T14:56:23.216+0000] {processor.py:179} INFO - Processing /opt/airflow/dags/data_lake_pipeline.py took 1.045 seconds
[2026-05-25T14:56:53.465+0000] {processor.py:157} INFO - Started process (PID=839) to work on /opt/airflow/dags/data_lake_pipeline.py
[2026-05-25T14:56:53.467+0000] {processor.py:829} INFO - Processing file /opt/airflow/dags/data_lake_pipeline.py for tasks to queue
[2026-05-25T14:56:53.468+0000] {logging_mixin.py:151} INFO - [2026-05-25T14:56:53.467+0000] {dagbag.py:539} INFO - Filling up the DagBag from /opt/airflow/dags/data_lake_pipeline.py
[2026-05-25T14:56:53.994+0000] {logging_mixin.py:151} WARNING - None of PyTorch, TensorFlow >= 2.0, or Flax have been found. Models won't be available and only tokenizers, configuration and file/data utilities can be used.
[2026-05-25T14:56:54.027+0000] {processor.py:839} INFO - DAG(s) dict_keys(['data_lake_pipeline']) retrieved from /opt/airflow/dags/data_lake_pipeline.py
[2026-05-25T14:56:54.039+0000] {logging_mixin.py:151} INFO - [2026-05-25T14:56:54.038+0000] {dag.py:2915} INFO - Sync 1 DAGs
[2026-05-25T14:56:54.044+0000] {logging_mixin.py:151} INFO - [2026-05-25T14:56:54.044+0000] {dag.py:3696} INFO - Setting next_dagrun for data_lake_pipeline to None, run_after=None
[2026-05-25T14:56:54.052+0000] {processor.py:179} INFO - Processing /opt/airflow/dags/data_lake_pipeline.py took 0.589 seconds
[2026-05-25T14:57:24.279+0000] {processor.py:157} INFO - Started process (PID=848) to work on /opt/airflow/dags/data_lake_pipeline.py
[2026-05-25T14:57:24.281+0000] {processor.py:829} INFO - Processing file /opt/airflow/dags/data_lake_pipeline.py for tasks to queue
[2026-05-25T14:57:24.283+0000] {logging_mixin.py:151} INFO - [2026-05-25T14:57:24.282+0000] {dagbag.py:539} INFO - Filling up the DagBag from /opt/airflow/dags/data_lake_pipeline.py
[2026-05-25T14:57:25.140+0000] {logging_mixin.py:151} WARNING - None of PyTorch, TensorFlow >= 2.0, or Flax have been found. Models won't be available and only tokenizers, configuration and file/data utilities can be used.
[2026-05-25T14:57:25.189+0000] {processor.py:839} INFO - DAG(s) dict_keys(['data_lake_pipeline']) retrieved from /opt/airflow/dags/data_lake_pipeline.py
[2026-05-25T14:57:25.206+0000] {logging_mixin.py:151} INFO - [2026-05-25T14:57:25.205+0000] {dag.py:2915} INFO - Sync 1 DAGs
[2026-05-25T14:57:25.213+0000] {logging_mixin.py:151} INFO - [2026-05-25T14:57:25.213+0000] {dag.py:3696} INFO - Setting next_dagrun for data_lake_pipeline to None, run_after=None
[2026-05-25T14:57:25.222+0000] {processor.py:179} INFO - Processing /opt/airflow/dags/data_lake_pipeline.py took 0.948 seconds
[2026-05-25T14:57:55.458+0000] {processor.py:157} INFO - Started process (PID=857) to work on /opt/airflow/dags/data_lake_pipeline.py
[2026-05-25T14:57:55.461+0000] {processor.py:829} INFO - Processing file /opt/airflow/dags/data_lake_pipeline.py for tasks to queue
[2026-05-25T14:57:55.462+0000] {logging_mixin.py:151} INFO - [2026-05-25T14:57:55.461+0000] {dagbag.py:539} INFO - Filling up the DagBag from /opt/airflow/dags/data_lake_pipeline.py
[2026-05-25T14:57:56.246+0000] {logging_mixin.py:151} WARNING - None of PyTorch, TensorFlow >= 2.0, or Flax have been found. Models won't be available and only tokenizers, configuration and file/data utilities can be used.
[2026-05-25T14:57:56.292+0000] {processor.py:839} INFO - DAG(s) dict_keys(['data_lake_pipeline']) retrieved from /opt/airflow/dags/data_lake_pipeline.py
[2026-05-25T14:57:56.307+0000] {logging_mixin.py:151} INFO - [2026-05-25T14:57:56.307+0000] {dag.py:2915} INFO - Sync 1 DAGs
[2026-05-25T14:57:56.313+0000] {logging_mixin.py:151} INFO - [2026-05-25T14:57:56.313+0000] {dag.py:3696} INFO - Setting next_dagrun for data_lake_pipeline to None, run_after=None
[2026-05-25T14:57:56.325+0000] {processor.py:179} INFO - Processing /opt/airflow/dags/data_lake_pipeline.py took 0.874 seconds
[2026-05-25T14:58:26.551+0000] {processor.py:157} INFO - Started process (PID=866) to work on /opt/airflow/dags/data_lake_pipeline.py
[2026-05-25T14:58:26.555+0000] {processor.py:829} INFO - Processing file /opt/airflow/dags/data_lake_pipeline.py for tasks to queue
[2026-05-25T14:58:26.556+0000] {logging_mixin.py:151} INFO - [2026-05-25T14:58:26.555+0000] {dagbag.py:539} INFO - Filling up the DagBag from /opt/airflow/dags/data_lake_pipeline.py
[2026-05-25T14:58:27.115+0000] {logging_mixin.py:151} WARNING - None of PyTorch, TensorFlow >= 2.0, or Flax have been found. Models won't be available and only tokenizers, configuration and file/data utilities can be used.
[2026-05-25T14:58:27.152+0000] {processor.py:839} INFO - DAG(s) dict_keys(['data_lake_pipeline']) retrieved from /opt/airflow/dags/data_lake_pipeline.py
[2026-05-25T14:58:27.166+0000] {logging_mixin.py:151} INFO - [2026-05-25T14:58:27.165+0000] {dag.py:2915} INFO - Sync 1 DAGs
[2026-05-25T14:58:27.172+0000] {logging_mixin.py:151} INFO - [2026-05-25T14:58:27.172+0000] {dag.py:3696} INFO - Setting next_dagrun for data_lake_pipeline to None, run_after=None
[2026-05-25T14:58:27.181+0000] {processor.py:179} INFO - Processing /opt/airflow/dags/data_lake_pipeline.py took 0.635 seconds
[2026-05-25T14:58:57.243+0000] {processor.py:157} INFO - Started process (PID=875) to work on /opt/airflow/dags/data_lake_pipeline.py
[2026-05-25T14:58:57.246+0000] {processor.py:829} INFO - Processing file /opt/airflow/dags/data_lake_pipeline.py for tasks to queue
[2026-05-25T14:58:57.247+0000] {logging_mixin.py:151} INFO - [2026-05-25T14:58:57.247+0000] {dagbag.py:539} INFO - Filling up the DagBag from /opt/airflow/dags/data_lake_pipeline.py
[2026-05-25T14:58:57.939+0000] {logging_mixin.py:151} WARNING - None of PyTorch, TensorFlow >= 2.0, or Flax have been found. Models won't be available and only tokenizers, configuration and file/data utilities can be used.
[2026-05-25T14:58:57.984+0000] {processor.py:839} INFO - DAG(s) dict_keys(['data_lake_pipeline']) retrieved from /opt/airflow/dags/data_lake_pipeline.py
[2026-05-25T14:58:57.997+0000] {logging_mixin.py:151} INFO - [2026-05-25T14:58:57.997+0000] {dag.py:2915} INFO - Sync 1 DAGs
[2026-05-25T14:58:58.004+0000] {logging_mixin.py:151} INFO - [2026-05-25T14:58:58.003+0000] {dag.py:3696} INFO - Setting next_dagrun for data_lake_pipeline to None, run_after=None
[2026-05-25T14:58:58.013+0000] {processor.py:179} INFO - Processing /opt/airflow/dags/data_lake_pipeline.py took 0.773 seconds
[2026-05-25T14:59:28.211+0000] {processor.py:157} INFO - Started process (PID=884) to work on /opt/airflow/dags/data_lake_pipeline.py
[2026-05-25T14:59:28.215+0000] {processor.py:829} INFO - Processing file /opt/airflow/dags/data_lake_pipeline.py for tasks to queue
[2026-05-25T14:59:28.216+0000] {logging_mixin.py:151} INFO - [2026-05-25T14:59:28.216+0000] {dagbag.py:539} INFO - Filling up the DagBag from /opt/airflow/dags/data_lake_pipeline.py
[2026-05-25T14:59:28.741+0000] {logging_mixin.py:151} WARNING - None of PyTorch, TensorFlow >= 2.0, or Flax have been found. Models won't be available and only tokenizers, configuration and file/data utilities can be used.
[2026-05-25T14:59:28.774+0000] {processor.py:839} INFO - DAG(s) dict_keys(['data_lake_pipeline']) retrieved from /opt/airflow/dags/data_lake_pipeline.py
[2026-05-25T14:59:28.786+0000] {logging_mixin.py:151} INFO - [2026-05-25T14:59:28.785+0000] {dag.py:2915} INFO - Sync 1 DAGs
[2026-05-25T14:59:28.792+0000] {logging_mixin.py:151} INFO - [2026-05-25T14:59:28.792+0000] {dag.py:3696} INFO - Setting next_dagrun for data_lake_pipeline to None, run_after=None
[2026-05-25T14:59:28.800+0000] {processor.py:179} INFO - Processing /opt/airflow/dags/data_lake_pipeline.py took 0.591 seconds
[2026-05-25T14:59:59.043+0000] {processor.py:157} INFO - Started process (PID=893) to work on /opt/airflow/dags/data_lake_pipeline.py
[2026-05-25T14:59:59.047+0000] {processor.py:829} INFO - Processing file /opt/airflow/dags/data_lake_pipeline.py for tasks to queue
[2026-05-25T14:59:59.048+0000] {logging_mixin.py:151} INFO - [2026-05-25T14:59:59.048+0000] {dagbag.py:539} INFO - Filling up the DagBag from /opt/airflow/dags/data_lake_pipeline.py
[2026-05-25T14:59:59.826+0000] {logging_mixin.py:151} WARNING - None of PyTorch, TensorFlow >= 2.0, or Flax have been found. Models won't be available and only tokenizers, configuration and file/data utilities can be used.
[2026-05-25T14:59:59.874+0000] {processor.py:839} INFO - DAG(s) dict_keys(['data_lake_pipeline']) retrieved from /opt/airflow/dags/data_lake_pipeline.py
[2026-05-25T14:59:59.889+0000] {logging_mixin.py:151} INFO - [2026-05-25T14:59:59.889+0000] {dag.py:2915} INFO - Sync 1 DAGs
[2026-05-25T14:59:59.895+0000] {logging_mixin.py:151} INFO - [2026-05-25T14:59:59.895+0000] {dag.py:3696} INFO - Setting next_dagrun for data_lake_pipeline to None, run_after=None
[2026-05-25T14:59:59.907+0000] {processor.py:179} INFO - Processing /opt/airflow/dags/data_lake_pipeline.py took 0.868 seconds
[2026-05-25T15:00:30.089+0000] {processor.py:157} INFO - Started process (PID=902) to work on /opt/airflow/dags/data_lake_pipeline.py
[2026-05-25T15:00:30.092+0000] {processor.py:829} INFO - Processing file /opt/airflow/dags/data_lake_pipeline.py for tasks to queue
[2026-05-25T15:00:30.093+0000] {logging_mixin.py:151} INFO - [2026-05-25T15:00:30.093+0000] {dagbag.py:539} INFO - Filling up the DagBag from /opt/airflow/dags/data_lake_pipeline.py
[2026-05-25T15:00:30.827+0000] {logging_mixin.py:151} WARNING - None of PyTorch, TensorFlow >= 2.0, or Flax have been found. Models won't be available and only tokenizers, configuration and file/data utilities can be used.
[2026-05-25T15:00:30.870+0000] {processor.py:839} INFO - DAG(s) dict_keys(['data_lake_pipeline']) retrieved from /opt/airflow/dags/data_lake_pipeline.py
[2026-05-25T15:00:30.885+0000] {logging_mixin.py:151} INFO - [2026-05-25T15:00:30.884+0000] {dag.py:2915} INFO - Sync 1 DAGs
[2026-05-25T15:00:30.891+0000] {logging_mixin.py:151} INFO - [2026-05-25T15:00:30.891+0000] {dag.py:3696} INFO - Setting next_dagrun for data_lake_pipeline to None, run_after=None
[2026-05-25T15:00:30.900+0000] {processor.py:179} INFO - Processing /opt/airflow/dags/data_lake_pipeline.py took 0.817 seconds
[2026-05-25T15:01:01.178+0000] {processor.py:157} INFO - Started process (PID=911) to work on /opt/airflow/dags/data_lake_pipeline.py
[2026-05-25T15:01:01.181+0000] {processor.py:829} INFO - Processing file /opt/airflow/dags/data_lake_pipeline.py for tasks to queue
[2026-05-25T15:01:01.182+0000] {logging_mixin.py:151} INFO - [2026-05-25T15:01:01.182+0000] {dagbag.py:539} INFO - Filling up the DagBag from /opt/airflow/dags/data_lake_pipeline.py
[2026-05-25T15:01:01.908+0000] {logging_mixin.py:151} WARNING - None of PyTorch, TensorFlow >= 2.0, or Flax have been found. Models won't be available and only tokenizers, configuration and file/data utilities can be used.
[2026-05-25T15:01:01.955+0000] {processor.py:839} INFO - DAG(s) dict_keys(['data_lake_pipeline']) retrieved from /opt/airflow/dags/data_lake_pipeline.py
[2026-05-25T15:01:01.970+0000] {logging_mixin.py:151} INFO - [2026-05-25T15:01:01.969+0000] {dag.py:2915} INFO - Sync 1 DAGs
[2026-05-25T15:01:01.976+0000] {logging_mixin.py:151} INFO - [2026-05-25T15:01:01.976+0000] {dag.py:3696} INFO - Setting next_dagrun for data_lake_pipeline to None, run_after=None
[2026-05-25T15:01:01.988+0000] {processor.py:179} INFO - Processing /opt/airflow/dags/data_lake_pipeline.py took 0.817 seconds
[2026-05-25T15:01:32.336+0000] {processor.py:157} INFO - Started process (PID=920) to work on /opt/airflow/dags/data_lake_pipeline.py
[2026-05-25T15:01:32.341+0000] {processor.py:829} INFO - Processing file /opt/airflow/dags/data_lake_pipeline.py for tasks to queue
[2026-05-25T15:01:32.343+0000] {logging_mixin.py:151} INFO - [2026-05-25T15:01:32.342+0000] {dagbag.py:539} INFO - Filling up the DagBag from /opt/airflow/dags/data_lake_pipeline.py
[2026-05-25T15:01:33.190+0000] {logging_mixin.py:151} WARNING - None of PyTorch, TensorFlow >= 2.0, or Flax have been found. Models won't be available and only tokenizers, configuration and file/data utilities can be used.
[2026-05-25T15:01:33.237+0000] {processor.py:839} INFO - DAG(s) dict_keys(['data_lake_pipeline']) retrieved from /opt/airflow/dags/data_lake_pipeline.py
[2026-05-25T15:01:33.253+0000] {logging_mixin.py:151} INFO - [2026-05-25T15:01:33.252+0000] {dag.py:2915} INFO - Sync 1 DAGs
[2026-05-25T15:01:33.260+0000] {logging_mixin.py:151} INFO - [2026-05-25T15:01:33.259+0000] {dag.py:3696} INFO - Setting next_dagrun for data_lake_pipeline to None, run_after=None
[2026-05-25T15:01:33.268+0000] {processor.py:179} INFO - Processing /opt/airflow/dags/data_lake_pipeline.py took 0.940 seconds
