[2026-05-25T10:16:41.010+0000] {processor.py:157} INFO - Started process (PID=167) to work on /opt/airflow/dags/pipeline.py
[2026-05-25T10:16:41.012+0000] {processor.py:829} INFO - Processing file /opt/airflow/dags/pipeline.py for tasks to queue
[2026-05-25T10:16:41.013+0000] {logging_mixin.py:151} INFO - [2026-05-25T10:16:41.013+0000] {dagbag.py:539} INFO - Filling up the DagBag from /opt/airflow/dags/pipeline.py
[2026-05-25T10:16:41.031+0000] {logging_mixin.py:151} INFO - [2026-05-25T10:16:41.030+0000] {dagbag.py:347} ERROR - Failed to import: /opt/airflow/dags/pipeline.py
Traceback (most recent call last):
  File "/home/airflow/.local/lib/python3.8/site-packages/airflow/models/dagbag.py", line 343, in parse
    loader.exec_module(new_module)
  File "<frozen importlib._bootstrap_external>", line 843, in exec_module
  File "<frozen importlib._bootstrap>", line 219, in _call_with_frames_removed
  File "/opt/airflow/dags/pipeline.py", line 26, in <module>
    extract_task >> transform_task >> load_task
NameError: name 'extract_task' is not defined
[2026-05-25T10:16:41.031+0000] {processor.py:841} WARNING - No viable dags retrieved from /opt/airflow/dags/pipeline.py
[2026-05-25T10:16:41.045+0000] {processor.py:179} INFO - Processing /opt/airflow/dags/pipeline.py took 0.039 seconds
[2026-05-25T10:17:11.225+0000] {processor.py:157} INFO - Started process (PID=172) to work on /opt/airflow/dags/pipeline.py
[2026-05-25T10:17:11.226+0000] {processor.py:829} INFO - Processing file /opt/airflow/dags/pipeline.py for tasks to queue
[2026-05-25T10:17:11.227+0000] {logging_mixin.py:151} INFO - [2026-05-25T10:17:11.227+0000] {dagbag.py:539} INFO - Filling up the DagBag from /opt/airflow/dags/pipeline.py
[2026-05-25T10:17:11.234+0000] {logging_mixin.py:151} INFO - [2026-05-25T10:17:11.232+0000] {dagbag.py:347} ERROR - Failed to import: /opt/airflow/dags/pipeline.py
Traceback (most recent call last):
  File "/home/airflow/.local/lib/python3.8/site-packages/airflow/models/dagbag.py", line 343, in parse
    loader.exec_module(new_module)
  File "<frozen importlib._bootstrap_external>", line 843, in exec_module
  File "<frozen importlib._bootstrap>", line 219, in _call_with_frames_removed
  File "/opt/airflow/dags/pipeline.py", line 26, in <module>
    extract_task >> transform_task >> load_task
NameError: name 'extract_task' is not defined
[2026-05-25T10:17:11.234+0000] {processor.py:841} WARNING - No viable dags retrieved from /opt/airflow/dags/pipeline.py
[2026-05-25T10:17:11.251+0000] {processor.py:179} INFO - Processing /opt/airflow/dags/pipeline.py took 0.030 seconds
[2026-05-25T10:17:41.519+0000] {processor.py:157} INFO - Started process (PID=177) to work on /opt/airflow/dags/pipeline.py
[2026-05-25T10:17:41.520+0000] {processor.py:829} INFO - Processing file /opt/airflow/dags/pipeline.py for tasks to queue
[2026-05-25T10:17:41.521+0000] {logging_mixin.py:151} INFO - [2026-05-25T10:17:41.521+0000] {dagbag.py:539} INFO - Filling up the DagBag from /opt/airflow/dags/pipeline.py
[2026-05-25T10:17:41.530+0000] {logging_mixin.py:151} INFO - [2026-05-25T10:17:41.528+0000] {dagbag.py:347} ERROR - Failed to import: /opt/airflow/dags/pipeline.py
Traceback (most recent call last):
  File "/home/airflow/.local/lib/python3.8/site-packages/airflow/models/dagbag.py", line 343, in parse
    loader.exec_module(new_module)
  File "<frozen importlib._bootstrap_external>", line 843, in exec_module
  File "<frozen importlib._bootstrap>", line 219, in _call_with_frames_removed
  File "/opt/airflow/dags/pipeline.py", line 26, in <module>
    extract_task >> transform_task >> load_task
NameError: name 'extract_task' is not defined
[2026-05-25T10:17:41.530+0000] {processor.py:841} WARNING - No viable dags retrieved from /opt/airflow/dags/pipeline.py
[2026-05-25T10:17:41.553+0000] {processor.py:179} INFO - Processing /opt/airflow/dags/pipeline.py took 0.038 seconds
[2026-05-25T10:18:11.740+0000] {processor.py:157} INFO - Started process (PID=182) to work on /opt/airflow/dags/pipeline.py
[2026-05-25T10:18:11.741+0000] {processor.py:829} INFO - Processing file /opt/airflow/dags/pipeline.py for tasks to queue
[2026-05-25T10:18:11.742+0000] {logging_mixin.py:151} INFO - [2026-05-25T10:18:11.742+0000] {dagbag.py:539} INFO - Filling up the DagBag from /opt/airflow/dags/pipeline.py
[2026-05-25T10:18:11.753+0000] {logging_mixin.py:151} INFO - [2026-05-25T10:18:11.751+0000] {dagbag.py:347} ERROR - Failed to import: /opt/airflow/dags/pipeline.py
Traceback (most recent call last):
  File "/home/airflow/.local/lib/python3.8/site-packages/airflow/models/dagbag.py", line 343, in parse
    loader.exec_module(new_module)
  File "<frozen importlib._bootstrap_external>", line 843, in exec_module
  File "<frozen importlib._bootstrap>", line 219, in _call_with_frames_removed
  File "/opt/airflow/dags/pipeline.py", line 26, in <module>
    extract_task >> transform_task >> load_task
NameError: name 'extract_task' is not defined
[2026-05-25T10:18:11.753+0000] {processor.py:841} WARNING - No viable dags retrieved from /opt/airflow/dags/pipeline.py
[2026-05-25T10:18:11.771+0000] {processor.py:179} INFO - Processing /opt/airflow/dags/pipeline.py took 0.036 seconds
[2026-05-25T10:18:41.950+0000] {processor.py:157} INFO - Started process (PID=187) to work on /opt/airflow/dags/pipeline.py
[2026-05-25T10:18:41.951+0000] {processor.py:829} INFO - Processing file /opt/airflow/dags/pipeline.py for tasks to queue
[2026-05-25T10:18:41.951+0000] {logging_mixin.py:151} INFO - [2026-05-25T10:18:41.951+0000] {dagbag.py:539} INFO - Filling up the DagBag from /opt/airflow/dags/pipeline.py
[2026-05-25T10:18:41.956+0000] {logging_mixin.py:151} INFO - [2026-05-25T10:18:41.955+0000] {dagbag.py:347} ERROR - Failed to import: /opt/airflow/dags/pipeline.py
Traceback (most recent call last):
  File "/home/airflow/.local/lib/python3.8/site-packages/airflow/models/dagbag.py", line 343, in parse
    loader.exec_module(new_module)
  File "<frozen importlib._bootstrap_external>", line 843, in exec_module
  File "<frozen importlib._bootstrap>", line 219, in _call_with_frames_removed
  File "/opt/airflow/dags/pipeline.py", line 26, in <module>
    extract_task >> transform_task >> load_task
NameError: name 'extract_task' is not defined
[2026-05-25T10:18:41.956+0000] {processor.py:841} WARNING - No viable dags retrieved from /opt/airflow/dags/pipeline.py
[2026-05-25T10:18:41.976+0000] {processor.py:179} INFO - Processing /opt/airflow/dags/pipeline.py took 0.028 seconds
[2026-05-25T10:19:12.193+0000] {processor.py:157} INFO - Started process (PID=192) to work on /opt/airflow/dags/pipeline.py
[2026-05-25T10:19:12.194+0000] {processor.py:829} INFO - Processing file /opt/airflow/dags/pipeline.py for tasks to queue
[2026-05-25T10:19:12.196+0000] {logging_mixin.py:151} INFO - [2026-05-25T10:19:12.195+0000] {dagbag.py:539} INFO - Filling up the DagBag from /opt/airflow/dags/pipeline.py
[2026-05-25T10:19:12.207+0000] {logging_mixin.py:151} INFO - [2026-05-25T10:19:12.205+0000] {dagbag.py:347} ERROR - Failed to import: /opt/airflow/dags/pipeline.py
Traceback (most recent call last):
  File "/home/airflow/.local/lib/python3.8/site-packages/airflow/models/dagbag.py", line 343, in parse
    loader.exec_module(new_module)
  File "<frozen importlib._bootstrap_external>", line 843, in exec_module
  File "<frozen importlib._bootstrap>", line 219, in _call_with_frames_removed
  File "/opt/airflow/dags/pipeline.py", line 26, in <module>
    extract_task >> transform_task >> load_task
NameError: name 'extract_task' is not defined
[2026-05-25T10:19:12.207+0000] {processor.py:841} WARNING - No viable dags retrieved from /opt/airflow/dags/pipeline.py
[2026-05-25T10:19:12.231+0000] {processor.py:179} INFO - Processing /opt/airflow/dags/pipeline.py took 0.044 seconds
[2026-05-25T10:19:42.418+0000] {processor.py:157} INFO - Started process (PID=197) to work on /opt/airflow/dags/pipeline.py
[2026-05-25T10:19:42.419+0000] {processor.py:829} INFO - Processing file /opt/airflow/dags/pipeline.py for tasks to queue
[2026-05-25T10:19:42.419+0000] {logging_mixin.py:151} INFO - [2026-05-25T10:19:42.419+0000] {dagbag.py:539} INFO - Filling up the DagBag from /opt/airflow/dags/pipeline.py
[2026-05-25T10:19:42.589+0000] {logging_mixin.py:151} INFO - [2026-05-25T10:19:42.588+0000] {dagbag.py:347} ERROR - Failed to import: /opt/airflow/dags/pipeline.py
Traceback (most recent call last):
  File "/home/airflow/.local/lib/python3.8/site-packages/airflow/models/dagbag.py", line 343, in parse
    loader.exec_module(new_module)
  File "<frozen importlib._bootstrap_external>", line 843, in exec_module
  File "<frozen importlib._bootstrap>", line 219, in _call_with_frames_removed
  File "/opt/airflow/dags/pipeline.py", line 26, in <module>
    extract_task >> transform_task >> load_task
NameError: name 'extract_task' is not defined
[2026-05-25T10:19:42.589+0000] {processor.py:841} WARNING - No viable dags retrieved from /opt/airflow/dags/pipeline.py
[2026-05-25T10:19:42.600+0000] {processor.py:179} INFO - Processing /opt/airflow/dags/pipeline.py took 0.185 seconds
[2026-05-25T10:20:12.756+0000] {processor.py:157} INFO - Started process (PID=202) to work on /opt/airflow/dags/pipeline.py
[2026-05-25T10:20:12.757+0000] {processor.py:829} INFO - Processing file /opt/airflow/dags/pipeline.py for tasks to queue
[2026-05-25T10:20:12.758+0000] {logging_mixin.py:151} INFO - [2026-05-25T10:20:12.758+0000] {dagbag.py:539} INFO - Filling up the DagBag from /opt/airflow/dags/pipeline.py
[2026-05-25T10:20:12.769+0000] {logging_mixin.py:151} INFO - [2026-05-25T10:20:12.765+0000] {dagbag.py:347} ERROR - Failed to import: /opt/airflow/dags/pipeline.py
Traceback (most recent call last):
  File "/home/airflow/.local/lib/python3.8/site-packages/airflow/models/dagbag.py", line 343, in parse
    loader.exec_module(new_module)
  File "<frozen importlib._bootstrap_external>", line 843, in exec_module
  File "<frozen importlib._bootstrap>", line 219, in _call_with_frames_removed
  File "/opt/airflow/dags/pipeline.py", line 26, in <module>
    extract_task >> transform_task >> load_task
NameError: name 'extract_task' is not defined
[2026-05-25T10:20:12.770+0000] {processor.py:841} WARNING - No viable dags retrieved from /opt/airflow/dags/pipeline.py
[2026-05-25T10:20:12.786+0000] {processor.py:179} INFO - Processing /opt/airflow/dags/pipeline.py took 0.033 seconds
[2026-05-25T10:20:42.984+0000] {processor.py:157} INFO - Started process (PID=207) to work on /opt/airflow/dags/pipeline.py
[2026-05-25T10:20:42.985+0000] {processor.py:829} INFO - Processing file /opt/airflow/dags/pipeline.py for tasks to queue
[2026-05-25T10:20:42.986+0000] {logging_mixin.py:151} INFO - [2026-05-25T10:20:42.986+0000] {dagbag.py:539} INFO - Filling up the DagBag from /opt/airflow/dags/pipeline.py
[2026-05-25T10:20:42.995+0000] {logging_mixin.py:151} INFO - [2026-05-25T10:20:42.993+0000] {dagbag.py:347} ERROR - Failed to import: /opt/airflow/dags/pipeline.py
Traceback (most recent call last):
  File "/home/airflow/.local/lib/python3.8/site-packages/airflow/models/dagbag.py", line 343, in parse
    loader.exec_module(new_module)
  File "<frozen importlib._bootstrap_external>", line 843, in exec_module
  File "<frozen importlib._bootstrap>", line 219, in _call_with_frames_removed
  File "/opt/airflow/dags/pipeline.py", line 26, in <module>
    extract_task >> transform_task >> load_task
NameError: name 'extract_task' is not defined
[2026-05-25T10:20:42.995+0000] {processor.py:841} WARNING - No viable dags retrieved from /opt/airflow/dags/pipeline.py
[2026-05-25T10:20:43.010+0000] {processor.py:179} INFO - Processing /opt/airflow/dags/pipeline.py took 0.030 seconds
[2026-05-25T10:21:13.234+0000] {processor.py:157} INFO - Started process (PID=212) to work on /opt/airflow/dags/pipeline.py
[2026-05-25T10:21:13.235+0000] {processor.py:829} INFO - Processing file /opt/airflow/dags/pipeline.py for tasks to queue
[2026-05-25T10:21:13.236+0000] {logging_mixin.py:151} INFO - [2026-05-25T10:21:13.235+0000] {dagbag.py:539} INFO - Filling up the DagBag from /opt/airflow/dags/pipeline.py
[2026-05-25T10:21:13.244+0000] {logging_mixin.py:151} INFO - [2026-05-25T10:21:13.243+0000] {dagbag.py:347} ERROR - Failed to import: /opt/airflow/dags/pipeline.py
Traceback (most recent call last):
  File "/home/airflow/.local/lib/python3.8/site-packages/airflow/models/dagbag.py", line 343, in parse
    loader.exec_module(new_module)
  File "<frozen importlib._bootstrap_external>", line 843, in exec_module
  File "<frozen importlib._bootstrap>", line 219, in _call_with_frames_removed
  File "/opt/airflow/dags/pipeline.py", line 26, in <module>
    extract_task >> transform_task >> load_task
NameError: name 'extract_task' is not defined
[2026-05-25T10:21:13.245+0000] {processor.py:841} WARNING - No viable dags retrieved from /opt/airflow/dags/pipeline.py
[2026-05-25T10:21:13.260+0000] {processor.py:179} INFO - Processing /opt/airflow/dags/pipeline.py took 0.033 seconds
[2026-05-25T10:21:43.466+0000] {processor.py:157} INFO - Started process (PID=217) to work on /opt/airflow/dags/pipeline.py
[2026-05-25T10:21:43.467+0000] {processor.py:829} INFO - Processing file /opt/airflow/dags/pipeline.py for tasks to queue
[2026-05-25T10:21:43.468+0000] {logging_mixin.py:151} INFO - [2026-05-25T10:21:43.467+0000] {dagbag.py:539} INFO - Filling up the DagBag from /opt/airflow/dags/pipeline.py
[2026-05-25T10:21:43.477+0000] {logging_mixin.py:151} INFO - [2026-05-25T10:21:43.475+0000] {dagbag.py:347} ERROR - Failed to import: /opt/airflow/dags/pipeline.py
Traceback (most recent call last):
  File "/home/airflow/.local/lib/python3.8/site-packages/airflow/models/dagbag.py", line 343, in parse
    loader.exec_module(new_module)
  File "<frozen importlib._bootstrap_external>", line 843, in exec_module
  File "<frozen importlib._bootstrap>", line 219, in _call_with_frames_removed
  File "/opt/airflow/dags/pipeline.py", line 26, in <module>
    extract_task >> transform_task >> load_task
NameError: name 'extract_task' is not defined
[2026-05-25T10:21:43.478+0000] {processor.py:841} WARNING - No viable dags retrieved from /opt/airflow/dags/pipeline.py
[2026-05-25T10:21:43.492+0000] {processor.py:179} INFO - Processing /opt/airflow/dags/pipeline.py took 0.031 seconds
[2026-05-25T10:22:13.691+0000] {processor.py:157} INFO - Started process (PID=222) to work on /opt/airflow/dags/pipeline.py
[2026-05-25T10:22:13.692+0000] {processor.py:829} INFO - Processing file /opt/airflow/dags/pipeline.py for tasks to queue
[2026-05-25T10:22:13.693+0000] {logging_mixin.py:151} INFO - [2026-05-25T10:22:13.693+0000] {dagbag.py:539} INFO - Filling up the DagBag from /opt/airflow/dags/pipeline.py
[2026-05-25T10:22:13.702+0000] {logging_mixin.py:151} INFO - [2026-05-25T10:22:13.700+0000] {dagbag.py:347} ERROR - Failed to import: /opt/airflow/dags/pipeline.py
Traceback (most recent call last):
  File "/home/airflow/.local/lib/python3.8/site-packages/airflow/models/dagbag.py", line 343, in parse
    loader.exec_module(new_module)
  File "<frozen importlib._bootstrap_external>", line 843, in exec_module
  File "<frozen importlib._bootstrap>", line 219, in _call_with_frames_removed
  File "/opt/airflow/dags/pipeline.py", line 26, in <module>
    extract_task >> transform_task >> load_task
NameError: name 'extract_task' is not defined
[2026-05-25T10:22:13.702+0000] {processor.py:841} WARNING - No viable dags retrieved from /opt/airflow/dags/pipeline.py
[2026-05-25T10:22:13.719+0000] {processor.py:179} INFO - Processing /opt/airflow/dags/pipeline.py took 0.033 seconds
[2026-05-25T10:22:45.214+0000] {processor.py:157} INFO - Started process (PID=167) to work on /opt/airflow/dags/pipeline.py
[2026-05-25T10:22:45.217+0000] {processor.py:829} INFO - Processing file /opt/airflow/dags/pipeline.py for tasks to queue
[2026-05-25T10:22:45.223+0000] {logging_mixin.py:151} INFO - [2026-05-25T10:22:45.222+0000] {dagbag.py:539} INFO - Filling up the DagBag from /opt/airflow/dags/pipeline.py
[2026-05-25T10:22:45.238+0000] {logging_mixin.py:151} INFO - [2026-05-25T10:22:45.236+0000] {dagbag.py:347} ERROR - Failed to import: /opt/airflow/dags/pipeline.py
Traceback (most recent call last):
  File "/home/airflow/.local/lib/python3.8/site-packages/airflow/models/dagbag.py", line 343, in parse
    loader.exec_module(new_module)
  File "<frozen importlib._bootstrap_external>", line 843, in exec_module
  File "<frozen importlib._bootstrap>", line 219, in _call_with_frames_removed
  File "/opt/airflow/dags/pipeline.py", line 26, in <module>
    extract_task >> transform_task >> load_task
NameError: name 'extract_task' is not defined
[2026-05-25T10:22:45.240+0000] {processor.py:841} WARNING - No viable dags retrieved from /opt/airflow/dags/pipeline.py
[2026-05-25T10:22:45.265+0000] {processor.py:179} INFO - Processing /opt/airflow/dags/pipeline.py took 0.054 seconds
[2026-05-25T10:23:15.450+0000] {processor.py:157} INFO - Started process (PID=172) to work on /opt/airflow/dags/pipeline.py
[2026-05-25T10:23:15.451+0000] {processor.py:829} INFO - Processing file /opt/airflow/dags/pipeline.py for tasks to queue
[2026-05-25T10:23:15.452+0000] {logging_mixin.py:151} INFO - [2026-05-25T10:23:15.452+0000] {dagbag.py:539} INFO - Filling up the DagBag from /opt/airflow/dags/pipeline.py
[2026-05-25T10:23:15.460+0000] {logging_mixin.py:151} INFO - [2026-05-25T10:23:15.459+0000] {dagbag.py:347} ERROR - Failed to import: /opt/airflow/dags/pipeline.py
Traceback (most recent call last):
  File "/home/airflow/.local/lib/python3.8/site-packages/airflow/models/dagbag.py", line 343, in parse
    loader.exec_module(new_module)
  File "<frozen importlib._bootstrap_external>", line 843, in exec_module
  File "<frozen importlib._bootstrap>", line 219, in _call_with_frames_removed
  File "/opt/airflow/dags/pipeline.py", line 26, in <module>
    extract_task >> transform_task >> load_task
NameError: name 'extract_task' is not defined
[2026-05-25T10:23:15.460+0000] {processor.py:841} WARNING - No viable dags retrieved from /opt/airflow/dags/pipeline.py
[2026-05-25T10:23:15.478+0000] {processor.py:179} INFO - Processing /opt/airflow/dags/pipeline.py took 0.033 seconds
[2026-05-25T10:23:45.674+0000] {processor.py:157} INFO - Started process (PID=177) to work on /opt/airflow/dags/pipeline.py
[2026-05-25T10:23:45.676+0000] {processor.py:829} INFO - Processing file /opt/airflow/dags/pipeline.py for tasks to queue
[2026-05-25T10:23:45.677+0000] {logging_mixin.py:151} INFO - [2026-05-25T10:23:45.676+0000] {dagbag.py:539} INFO - Filling up the DagBag from /opt/airflow/dags/pipeline.py
[2026-05-25T10:23:45.686+0000] {logging_mixin.py:151} INFO - [2026-05-25T10:23:45.685+0000] {dagbag.py:347} ERROR - Failed to import: /opt/airflow/dags/pipeline.py
Traceback (most recent call last):
  File "/home/airflow/.local/lib/python3.8/site-packages/airflow/models/dagbag.py", line 343, in parse
    loader.exec_module(new_module)
  File "<frozen importlib._bootstrap_external>", line 843, in exec_module
  File "<frozen importlib._bootstrap>", line 219, in _call_with_frames_removed
  File "/opt/airflow/dags/pipeline.py", line 26, in <module>
    extract_task >> transform_task >> load_task
NameError: name 'extract_task' is not defined
[2026-05-25T10:23:45.687+0000] {processor.py:841} WARNING - No viable dags retrieved from /opt/airflow/dags/pipeline.py
[2026-05-25T10:23:45.701+0000] {processor.py:179} INFO - Processing /opt/airflow/dags/pipeline.py took 0.032 seconds
[2026-05-25T10:24:15.920+0000] {processor.py:157} INFO - Started process (PID=182) to work on /opt/airflow/dags/pipeline.py
[2026-05-25T10:24:15.921+0000] {processor.py:829} INFO - Processing file /opt/airflow/dags/pipeline.py for tasks to queue
[2026-05-25T10:24:15.922+0000] {logging_mixin.py:151} INFO - [2026-05-25T10:24:15.922+0000] {dagbag.py:539} INFO - Filling up the DagBag from /opt/airflow/dags/pipeline.py
[2026-05-25T10:24:15.931+0000] {logging_mixin.py:151} INFO - [2026-05-25T10:24:15.929+0000] {dagbag.py:347} ERROR - Failed to import: /opt/airflow/dags/pipeline.py
Traceback (most recent call last):
  File "/home/airflow/.local/lib/python3.8/site-packages/airflow/models/dagbag.py", line 343, in parse
    loader.exec_module(new_module)
  File "<frozen importlib._bootstrap_external>", line 843, in exec_module
  File "<frozen importlib._bootstrap>", line 219, in _call_with_frames_removed
  File "/opt/airflow/dags/pipeline.py", line 26, in <module>
    extract_task >> transform_task >> load_task
NameError: name 'extract_task' is not defined
[2026-05-25T10:24:15.932+0000] {processor.py:841} WARNING - No viable dags retrieved from /opt/airflow/dags/pipeline.py
[2026-05-25T10:24:15.949+0000] {processor.py:179} INFO - Processing /opt/airflow/dags/pipeline.py took 0.033 seconds
[2026-05-25T10:24:46.154+0000] {processor.py:157} INFO - Started process (PID=187) to work on /opt/airflow/dags/pipeline.py
[2026-05-25T10:24:46.155+0000] {processor.py:829} INFO - Processing file /opt/airflow/dags/pipeline.py for tasks to queue
[2026-05-25T10:24:46.156+0000] {logging_mixin.py:151} INFO - [2026-05-25T10:24:46.156+0000] {dagbag.py:539} INFO - Filling up the DagBag from /opt/airflow/dags/pipeline.py
[2026-05-25T10:24:46.163+0000] {logging_mixin.py:151} INFO - [2026-05-25T10:24:46.161+0000] {dagbag.py:347} ERROR - Failed to import: /opt/airflow/dags/pipeline.py
Traceback (most recent call last):
  File "/home/airflow/.local/lib/python3.8/site-packages/airflow/models/dagbag.py", line 343, in parse
    loader.exec_module(new_module)
  File "<frozen importlib._bootstrap_external>", line 843, in exec_module
  File "<frozen importlib._bootstrap>", line 219, in _call_with_frames_removed
  File "/opt/airflow/dags/pipeline.py", line 26, in <module>
    extract_task >> transform_task >> load_task
NameError: name 'extract_task' is not defined
[2026-05-25T10:24:46.163+0000] {processor.py:841} WARNING - No viable dags retrieved from /opt/airflow/dags/pipeline.py
[2026-05-25T10:24:46.178+0000] {processor.py:179} INFO - Processing /opt/airflow/dags/pipeline.py took 0.026 seconds
[2026-05-25T10:25:16.358+0000] {processor.py:157} INFO - Started process (PID=192) to work on /opt/airflow/dags/pipeline.py
[2026-05-25T10:25:16.363+0000] {processor.py:829} INFO - Processing file /opt/airflow/dags/pipeline.py for tasks to queue
[2026-05-25T10:25:16.366+0000] {logging_mixin.py:151} INFO - [2026-05-25T10:25:16.365+0000] {dagbag.py:539} INFO - Filling up the DagBag from /opt/airflow/dags/pipeline.py
[2026-05-25T10:25:16.385+0000] {logging_mixin.py:151} INFO - [2026-05-25T10:25:16.383+0000] {dagbag.py:347} ERROR - Failed to import: /opt/airflow/dags/pipeline.py
Traceback (most recent call last):
  File "/home/airflow/.local/lib/python3.8/site-packages/airflow/models/dagbag.py", line 343, in parse
    loader.exec_module(new_module)
  File "<frozen importlib._bootstrap_external>", line 843, in exec_module
  File "<frozen importlib._bootstrap>", line 219, in _call_with_frames_removed
  File "/opt/airflow/dags/pipeline.py", line 26, in <module>
    extract_task >> transform_task >> load_task
NameError: name 'extract_task' is not defined
[2026-05-25T10:25:16.386+0000] {processor.py:841} WARNING - No viable dags retrieved from /opt/airflow/dags/pipeline.py
[2026-05-25T10:25:16.408+0000] {processor.py:179} INFO - Processing /opt/airflow/dags/pipeline.py took 0.059 seconds
[2026-05-25T10:25:58.034+0000] {processor.py:157} INFO - Started process (PID=167) to work on /opt/airflow/dags/pipeline.py
[2026-05-25T10:25:58.036+0000] {processor.py:829} INFO - Processing file /opt/airflow/dags/pipeline.py for tasks to queue
[2026-05-25T10:25:58.037+0000] {logging_mixin.py:151} INFO - [2026-05-25T10:25:58.037+0000] {dagbag.py:539} INFO - Filling up the DagBag from /opt/airflow/dags/pipeline.py
[2026-05-25T10:25:58.050+0000] {logging_mixin.py:151} INFO - [2026-05-25T10:25:58.045+0000] {dagbag.py:347} ERROR - Failed to import: /opt/airflow/dags/pipeline.py
Traceback (most recent call last):
  File "/home/airflow/.local/lib/python3.8/site-packages/airflow/models/dagbag.py", line 343, in parse
    loader.exec_module(new_module)
  File "<frozen importlib._bootstrap_external>", line 843, in exec_module
  File "<frozen importlib._bootstrap>", line 219, in _call_with_frames_removed
  File "/opt/airflow/dags/pipeline.py", line 26, in <module>
    extract_task >> transform_task >> load_task
NameError: name 'extract_task' is not defined
[2026-05-25T10:25:58.051+0000] {processor.py:841} WARNING - No viable dags retrieved from /opt/airflow/dags/pipeline.py
[2026-05-25T10:25:58.064+0000] {processor.py:179} INFO - Processing /opt/airflow/dags/pipeline.py took 0.032 seconds
[2026-05-25T10:26:28.290+0000] {processor.py:157} INFO - Started process (PID=172) to work on /opt/airflow/dags/pipeline.py
[2026-05-25T10:26:28.291+0000] {processor.py:829} INFO - Processing file /opt/airflow/dags/pipeline.py for tasks to queue
[2026-05-25T10:26:28.292+0000] {logging_mixin.py:151} INFO - [2026-05-25T10:26:28.292+0000] {dagbag.py:539} INFO - Filling up the DagBag from /opt/airflow/dags/pipeline.py
[2026-05-25T10:26:28.300+0000] {logging_mixin.py:151} INFO - [2026-05-25T10:26:28.299+0000] {dagbag.py:347} ERROR - Failed to import: /opt/airflow/dags/pipeline.py
Traceback (most recent call last):
  File "/home/airflow/.local/lib/python3.8/site-packages/airflow/models/dagbag.py", line 343, in parse
    loader.exec_module(new_module)
  File "<frozen importlib._bootstrap_external>", line 843, in exec_module
  File "<frozen importlib._bootstrap>", line 219, in _call_with_frames_removed
  File "/opt/airflow/dags/pipeline.py", line 26, in <module>
    extract_task >> transform_task >> load_task
NameError: name 'extract_task' is not defined
[2026-05-25T10:26:28.300+0000] {processor.py:841} WARNING - No viable dags retrieved from /opt/airflow/dags/pipeline.py
[2026-05-25T10:26:28.318+0000] {processor.py:179} INFO - Processing /opt/airflow/dags/pipeline.py took 0.032 seconds
[2026-05-25T10:26:58.518+0000] {processor.py:157} INFO - Started process (PID=177) to work on /opt/airflow/dags/pipeline.py
[2026-05-25T10:26:58.519+0000] {processor.py:829} INFO - Processing file /opt/airflow/dags/pipeline.py for tasks to queue
[2026-05-25T10:26:58.520+0000] {logging_mixin.py:151} INFO - [2026-05-25T10:26:58.519+0000] {dagbag.py:539} INFO - Filling up the DagBag from /opt/airflow/dags/pipeline.py
[2026-05-25T10:26:58.526+0000] {logging_mixin.py:151} INFO - [2026-05-25T10:26:58.525+0000] {dagbag.py:347} ERROR - Failed to import: /opt/airflow/dags/pipeline.py
Traceback (most recent call last):
  File "/home/airflow/.local/lib/python3.8/site-packages/airflow/models/dagbag.py", line 343, in parse
    loader.exec_module(new_module)
  File "<frozen importlib._bootstrap_external>", line 843, in exec_module
  File "<frozen importlib._bootstrap>", line 219, in _call_with_frames_removed
  File "/opt/airflow/dags/pipeline.py", line 26, in <module>
    extract_task >> transform_task >> load_task
NameError: name 'extract_task' is not defined
[2026-05-25T10:26:58.527+0000] {processor.py:841} WARNING - No viable dags retrieved from /opt/airflow/dags/pipeline.py
[2026-05-25T10:26:58.543+0000] {processor.py:179} INFO - Processing /opt/airflow/dags/pipeline.py took 0.029 seconds
[2026-05-25T10:27:28.738+0000] {processor.py:157} INFO - Started process (PID=182) to work on /opt/airflow/dags/pipeline.py
[2026-05-25T10:27:28.738+0000] {processor.py:829} INFO - Processing file /opt/airflow/dags/pipeline.py for tasks to queue
[2026-05-25T10:27:28.739+0000] {logging_mixin.py:151} INFO - [2026-05-25T10:27:28.739+0000] {dagbag.py:539} INFO - Filling up the DagBag from /opt/airflow/dags/pipeline.py
[2026-05-25T10:27:28.750+0000] {logging_mixin.py:151} INFO - [2026-05-25T10:27:28.749+0000] {dagbag.py:347} ERROR - Failed to import: /opt/airflow/dags/pipeline.py
Traceback (most recent call last):
  File "/home/airflow/.local/lib/python3.8/site-packages/airflow/models/dagbag.py", line 343, in parse
    loader.exec_module(new_module)
  File "<frozen importlib._bootstrap_external>", line 843, in exec_module
  File "<frozen importlib._bootstrap>", line 219, in _call_with_frames_removed
  File "/opt/airflow/dags/pipeline.py", line 26, in <module>
    extract_task >> transform_task >> load_task
NameError: name 'extract_task' is not defined
[2026-05-25T10:27:28.751+0000] {processor.py:841} WARNING - No viable dags retrieved from /opt/airflow/dags/pipeline.py
[2026-05-25T10:27:28.765+0000] {processor.py:179} INFO - Processing /opt/airflow/dags/pipeline.py took 0.031 seconds
[2026-05-25T10:27:58.997+0000] {processor.py:157} INFO - Started process (PID=187) to work on /opt/airflow/dags/pipeline.py
[2026-05-25T10:27:58.998+0000] {processor.py:829} INFO - Processing file /opt/airflow/dags/pipeline.py for tasks to queue
[2026-05-25T10:27:58.999+0000] {logging_mixin.py:151} INFO - [2026-05-25T10:27:58.999+0000] {dagbag.py:539} INFO - Filling up the DagBag from /opt/airflow/dags/pipeline.py
[2026-05-25T10:27:59.007+0000] {logging_mixin.py:151} INFO - [2026-05-25T10:27:59.006+0000] {dagbag.py:347} ERROR - Failed to import: /opt/airflow/dags/pipeline.py
Traceback (most recent call last):
  File "/home/airflow/.local/lib/python3.8/site-packages/airflow/models/dagbag.py", line 343, in parse
    loader.exec_module(new_module)
  File "<frozen importlib._bootstrap_external>", line 843, in exec_module
  File "<frozen importlib._bootstrap>", line 219, in _call_with_frames_removed
  File "/opt/airflow/dags/pipeline.py", line 26, in <module>
    extract_task >> transform_task >> load_task
NameError: name 'extract_task' is not defined
[2026-05-25T10:27:59.008+0000] {processor.py:841} WARNING - No viable dags retrieved from /opt/airflow/dags/pipeline.py
[2026-05-25T10:27:59.025+0000] {processor.py:179} INFO - Processing /opt/airflow/dags/pipeline.py took 0.032 seconds
[2026-05-25T10:28:29.301+0000] {processor.py:157} INFO - Started process (PID=192) to work on /opt/airflow/dags/pipeline.py
[2026-05-25T10:28:29.302+0000] {processor.py:829} INFO - Processing file /opt/airflow/dags/pipeline.py for tasks to queue
[2026-05-25T10:28:29.303+0000] {logging_mixin.py:151} INFO - [2026-05-25T10:28:29.303+0000] {dagbag.py:539} INFO - Filling up the DagBag from /opt/airflow/dags/pipeline.py
[2026-05-25T10:28:29.312+0000] {logging_mixin.py:151} INFO - [2026-05-25T10:28:29.310+0000] {dagbag.py:347} ERROR - Failed to import: /opt/airflow/dags/pipeline.py
Traceback (most recent call last):
  File "/home/airflow/.local/lib/python3.8/site-packages/airflow/models/dagbag.py", line 343, in parse
    loader.exec_module(new_module)
  File "<frozen importlib._bootstrap_external>", line 843, in exec_module
  File "<frozen importlib._bootstrap>", line 219, in _call_with_frames_removed
  File "/opt/airflow/dags/pipeline.py", line 26, in <module>
    extract_task >> transform_task >> load_task
NameError: name 'extract_task' is not defined
[2026-05-25T10:28:29.312+0000] {processor.py:841} WARNING - No viable dags retrieved from /opt/airflow/dags/pipeline.py
[2026-05-25T10:28:29.328+0000] {processor.py:179} INFO - Processing /opt/airflow/dags/pipeline.py took 0.030 seconds
[2026-05-25T10:28:59.569+0000] {processor.py:157} INFO - Started process (PID=197) to work on /opt/airflow/dags/pipeline.py
[2026-05-25T10:28:59.570+0000] {processor.py:829} INFO - Processing file /opt/airflow/dags/pipeline.py for tasks to queue
[2026-05-25T10:28:59.571+0000] {logging_mixin.py:151} INFO - [2026-05-25T10:28:59.570+0000] {dagbag.py:539} INFO - Filling up the DagBag from /opt/airflow/dags/pipeline.py
[2026-05-25T10:28:59.724+0000] {logging_mixin.py:151} INFO - [2026-05-25T10:28:59.723+0000] {dagbag.py:347} ERROR - Failed to import: /opt/airflow/dags/pipeline.py
Traceback (most recent call last):
  File "/home/airflow/.local/lib/python3.8/site-packages/airflow/models/dagbag.py", line 343, in parse
    loader.exec_module(new_module)
  File "<frozen importlib._bootstrap_external>", line 843, in exec_module
  File "<frozen importlib._bootstrap>", line 219, in _call_with_frames_removed
  File "/opt/airflow/dags/pipeline.py", line 26, in <module>
    extract_task >> transform_task >> load_task
NameError: name 'extract_task' is not defined
[2026-05-25T10:28:59.724+0000] {processor.py:841} WARNING - No viable dags retrieved from /opt/airflow/dags/pipeline.py
[2026-05-25T10:28:59.734+0000] {processor.py:179} INFO - Processing /opt/airflow/dags/pipeline.py took 0.169 seconds
[2026-05-25T10:29:29.891+0000] {processor.py:157} INFO - Started process (PID=202) to work on /opt/airflow/dags/pipeline.py
[2026-05-25T10:29:29.892+0000] {processor.py:829} INFO - Processing file /opt/airflow/dags/pipeline.py for tasks to queue
[2026-05-25T10:29:29.893+0000] {logging_mixin.py:151} INFO - [2026-05-25T10:29:29.893+0000] {dagbag.py:539} INFO - Filling up the DagBag from /opt/airflow/dags/pipeline.py
[2026-05-25T10:29:29.902+0000] {logging_mixin.py:151} INFO - [2026-05-25T10:29:29.901+0000] {dagbag.py:347} ERROR - Failed to import: /opt/airflow/dags/pipeline.py
Traceback (most recent call last):
  File "/home/airflow/.local/lib/python3.8/site-packages/airflow/models/dagbag.py", line 343, in parse
    loader.exec_module(new_module)
  File "<frozen importlib._bootstrap_external>", line 843, in exec_module
  File "<frozen importlib._bootstrap>", line 219, in _call_with_frames_removed
  File "/opt/airflow/dags/pipeline.py", line 26, in <module>
    extract_task >> transform_task >> load_task
NameError: name 'extract_task' is not defined
[2026-05-25T10:29:29.903+0000] {processor.py:841} WARNING - No viable dags retrieved from /opt/airflow/dags/pipeline.py
[2026-05-25T10:29:29.918+0000] {processor.py:179} INFO - Processing /opt/airflow/dags/pipeline.py took 0.029 seconds
[2026-05-25T10:30:00.182+0000] {processor.py:157} INFO - Started process (PID=207) to work on /opt/airflow/dags/pipeline.py
[2026-05-25T10:30:00.183+0000] {processor.py:829} INFO - Processing file /opt/airflow/dags/pipeline.py for tasks to queue
[2026-05-25T10:30:00.184+0000] {logging_mixin.py:151} INFO - [2026-05-25T10:30:00.184+0000] {dagbag.py:539} INFO - Filling up the DagBag from /opt/airflow/dags/pipeline.py
[2026-05-25T10:30:00.193+0000] {logging_mixin.py:151} INFO - [2026-05-25T10:30:00.192+0000] {dagbag.py:347} ERROR - Failed to import: /opt/airflow/dags/pipeline.py
Traceback (most recent call last):
  File "/home/airflow/.local/lib/python3.8/site-packages/airflow/models/dagbag.py", line 343, in parse
    loader.exec_module(new_module)
  File "<frozen importlib._bootstrap_external>", line 843, in exec_module
  File "<frozen importlib._bootstrap>", line 219, in _call_with_frames_removed
  File "/opt/airflow/dags/pipeline.py", line 26, in <module>
    extract_task >> transform_task >> load_task
NameError: name 'extract_task' is not defined
[2026-05-25T10:30:00.194+0000] {processor.py:841} WARNING - No viable dags retrieved from /opt/airflow/dags/pipeline.py
[2026-05-25T10:30:00.212+0000] {processor.py:179} INFO - Processing /opt/airflow/dags/pipeline.py took 0.034 seconds
[2026-05-25T10:30:30.457+0000] {processor.py:157} INFO - Started process (PID=212) to work on /opt/airflow/dags/pipeline.py
[2026-05-25T10:30:30.458+0000] {processor.py:829} INFO - Processing file /opt/airflow/dags/pipeline.py for tasks to queue
[2026-05-25T10:30:30.459+0000] {logging_mixin.py:151} INFO - [2026-05-25T10:30:30.459+0000] {dagbag.py:539} INFO - Filling up the DagBag from /opt/airflow/dags/pipeline.py
[2026-05-25T10:30:30.469+0000] {logging_mixin.py:151} INFO - [2026-05-25T10:30:30.468+0000] {dagbag.py:347} ERROR - Failed to import: /opt/airflow/dags/pipeline.py
Traceback (most recent call last):
  File "/home/airflow/.local/lib/python3.8/site-packages/airflow/models/dagbag.py", line 343, in parse
    loader.exec_module(new_module)
  File "<frozen importlib._bootstrap_external>", line 843, in exec_module
  File "<frozen importlib._bootstrap>", line 219, in _call_with_frames_removed
  File "/opt/airflow/dags/pipeline.py", line 26, in <module>
    extract_task >> transform_task >> load_task
NameError: name 'extract_task' is not defined
[2026-05-25T10:30:30.470+0000] {processor.py:841} WARNING - No viable dags retrieved from /opt/airflow/dags/pipeline.py
[2026-05-25T10:30:30.495+0000] {processor.py:179} INFO - Processing /opt/airflow/dags/pipeline.py took 0.043 seconds
[2026-05-25T10:31:00.785+0000] {processor.py:157} INFO - Started process (PID=217) to work on /opt/airflow/dags/pipeline.py
[2026-05-25T10:31:00.786+0000] {processor.py:829} INFO - Processing file /opt/airflow/dags/pipeline.py for tasks to queue
[2026-05-25T10:31:00.787+0000] {logging_mixin.py:151} INFO - [2026-05-25T10:31:00.787+0000] {dagbag.py:539} INFO - Filling up the DagBag from /opt/airflow/dags/pipeline.py
[2026-05-25T10:31:00.798+0000] {logging_mixin.py:151} INFO - [2026-05-25T10:31:00.797+0000] {dagbag.py:347} ERROR - Failed to import: /opt/airflow/dags/pipeline.py
Traceback (most recent call last):
  File "/home/airflow/.local/lib/python3.8/site-packages/airflow/models/dagbag.py", line 343, in parse
    loader.exec_module(new_module)
  File "<frozen importlib._bootstrap_external>", line 843, in exec_module
  File "<frozen importlib._bootstrap>", line 219, in _call_with_frames_removed
  File "/opt/airflow/dags/pipeline.py", line 26, in <module>
    extract_task >> transform_task >> load_task
NameError: name 'extract_task' is not defined
[2026-05-25T10:31:00.799+0000] {processor.py:841} WARNING - No viable dags retrieved from /opt/airflow/dags/pipeline.py
[2026-05-25T10:31:00.816+0000] {processor.py:179} INFO - Processing /opt/airflow/dags/pipeline.py took 0.036 seconds
[2026-05-25T10:31:30.990+0000] {processor.py:157} INFO - Started process (PID=222) to work on /opt/airflow/dags/pipeline.py
[2026-05-25T10:31:30.992+0000] {processor.py:829} INFO - Processing file /opt/airflow/dags/pipeline.py for tasks to queue
[2026-05-25T10:31:30.993+0000] {logging_mixin.py:151} INFO - [2026-05-25T10:31:30.993+0000] {dagbag.py:539} INFO - Filling up the DagBag from /opt/airflow/dags/pipeline.py
[2026-05-25T10:31:31.002+0000] {logging_mixin.py:151} INFO - [2026-05-25T10:31:31.000+0000] {dagbag.py:347} ERROR - Failed to import: /opt/airflow/dags/pipeline.py
Traceback (most recent call last):
  File "/home/airflow/.local/lib/python3.8/site-packages/airflow/models/dagbag.py", line 343, in parse
    loader.exec_module(new_module)
  File "<frozen importlib._bootstrap_external>", line 843, in exec_module
  File "<frozen importlib._bootstrap>", line 219, in _call_with_frames_removed
  File "/opt/airflow/dags/pipeline.py", line 26, in <module>
    extract_task >> transform_task >> load_task
NameError: name 'extract_task' is not defined
[2026-05-25T10:31:31.003+0000] {processor.py:841} WARNING - No viable dags retrieved from /opt/airflow/dags/pipeline.py
[2026-05-25T10:31:31.020+0000] {processor.py:179} INFO - Processing /opt/airflow/dags/pipeline.py took 0.036 seconds
[2026-05-25T10:32:01.234+0000] {processor.py:157} INFO - Started process (PID=227) to work on /opt/airflow/dags/pipeline.py
[2026-05-25T10:32:01.235+0000] {processor.py:829} INFO - Processing file /opt/airflow/dags/pipeline.py for tasks to queue
[2026-05-25T10:32:01.236+0000] {logging_mixin.py:151} INFO - [2026-05-25T10:32:01.236+0000] {dagbag.py:539} INFO - Filling up the DagBag from /opt/airflow/dags/pipeline.py
[2026-05-25T10:32:01.243+0000] {logging_mixin.py:151} INFO - [2026-05-25T10:32:01.242+0000] {dagbag.py:347} ERROR - Failed to import: /opt/airflow/dags/pipeline.py
Traceback (most recent call last):
  File "/home/airflow/.local/lib/python3.8/site-packages/airflow/models/dagbag.py", line 343, in parse
    loader.exec_module(new_module)
  File "<frozen importlib._bootstrap_external>", line 843, in exec_module
  File "<frozen importlib._bootstrap>", line 219, in _call_with_frames_removed
  File "/opt/airflow/dags/pipeline.py", line 26, in <module>
    extract_task >> transform_task >> load_task
NameError: name 'extract_task' is not defined
[2026-05-25T10:32:01.243+0000] {processor.py:841} WARNING - No viable dags retrieved from /opt/airflow/dags/pipeline.py
[2026-05-25T10:32:01.260+0000] {processor.py:179} INFO - Processing /opt/airflow/dags/pipeline.py took 0.030 seconds
[2026-05-25T10:32:31.512+0000] {processor.py:157} INFO - Started process (PID=232) to work on /opt/airflow/dags/pipeline.py
[2026-05-25T10:32:31.514+0000] {processor.py:829} INFO - Processing file /opt/airflow/dags/pipeline.py for tasks to queue
[2026-05-25T10:32:31.515+0000] {logging_mixin.py:151} INFO - [2026-05-25T10:32:31.514+0000] {dagbag.py:539} INFO - Filling up the DagBag from /opt/airflow/dags/pipeline.py
[2026-05-25T10:32:31.521+0000] {logging_mixin.py:151} INFO - [2026-05-25T10:32:31.519+0000] {dagbag.py:347} ERROR - Failed to import: /opt/airflow/dags/pipeline.py
Traceback (most recent call last):
  File "/home/airflow/.local/lib/python3.8/site-packages/airflow/models/dagbag.py", line 343, in parse
    loader.exec_module(new_module)
  File "<frozen importlib._bootstrap_external>", line 843, in exec_module
  File "<frozen importlib._bootstrap>", line 219, in _call_with_frames_removed
  File "/opt/airflow/dags/pipeline.py", line 26, in <module>
    extract_task >> transform_task >> load_task
NameError: name 'extract_task' is not defined
[2026-05-25T10:32:31.522+0000] {processor.py:841} WARNING - No viable dags retrieved from /opt/airflow/dags/pipeline.py
[2026-05-25T10:32:31.541+0000] {processor.py:179} INFO - Processing /opt/airflow/dags/pipeline.py took 0.033 seconds
[2026-05-25T10:33:01.812+0000] {processor.py:157} INFO - Started process (PID=237) to work on /opt/airflow/dags/pipeline.py
[2026-05-25T10:33:01.813+0000] {processor.py:829} INFO - Processing file /opt/airflow/dags/pipeline.py for tasks to queue
[2026-05-25T10:33:01.814+0000] {logging_mixin.py:151} INFO - [2026-05-25T10:33:01.814+0000] {dagbag.py:539} INFO - Filling up the DagBag from /opt/airflow/dags/pipeline.py
[2026-05-25T10:33:01.824+0000] {logging_mixin.py:151} INFO - [2026-05-25T10:33:01.823+0000] {dagbag.py:347} ERROR - Failed to import: /opt/airflow/dags/pipeline.py
Traceback (most recent call last):
  File "/home/airflow/.local/lib/python3.8/site-packages/airflow/models/dagbag.py", line 343, in parse
    loader.exec_module(new_module)
  File "<frozen importlib._bootstrap_external>", line 843, in exec_module
  File "<frozen importlib._bootstrap>", line 219, in _call_with_frames_removed
  File "/opt/airflow/dags/pipeline.py", line 26, in <module>
    extract_task >> transform_task >> load_task
NameError: name 'extract_task' is not defined
[2026-05-25T10:33:01.825+0000] {processor.py:841} WARNING - No viable dags retrieved from /opt/airflow/dags/pipeline.py
[2026-05-25T10:33:01.843+0000] {processor.py:179} INFO - Processing /opt/airflow/dags/pipeline.py took 0.036 seconds
[2026-05-25T10:33:32.087+0000] {processor.py:157} INFO - Started process (PID=242) to work on /opt/airflow/dags/pipeline.py
[2026-05-25T10:33:32.089+0000] {processor.py:829} INFO - Processing file /opt/airflow/dags/pipeline.py for tasks to queue
[2026-05-25T10:33:32.090+0000] {logging_mixin.py:151} INFO - [2026-05-25T10:33:32.089+0000] {dagbag.py:539} INFO - Filling up the DagBag from /opt/airflow/dags/pipeline.py
[2026-05-25T10:33:32.098+0000] {logging_mixin.py:151} INFO - [2026-05-25T10:33:32.097+0000] {dagbag.py:347} ERROR - Failed to import: /opt/airflow/dags/pipeline.py
Traceback (most recent call last):
  File "/home/airflow/.local/lib/python3.8/site-packages/airflow/models/dagbag.py", line 343, in parse
    loader.exec_module(new_module)
  File "<frozen importlib._bootstrap_external>", line 843, in exec_module
  File "<frozen importlib._bootstrap>", line 219, in _call_with_frames_removed
  File "/opt/airflow/dags/pipeline.py", line 26, in <module>
    extract_task >> transform_task >> load_task
NameError: name 'extract_task' is not defined
[2026-05-25T10:33:32.099+0000] {processor.py:841} WARNING - No viable dags retrieved from /opt/airflow/dags/pipeline.py
[2026-05-25T10:33:32.116+0000] {processor.py:179} INFO - Processing /opt/airflow/dags/pipeline.py took 0.032 seconds
[2026-05-25T10:34:02.377+0000] {processor.py:157} INFO - Started process (PID=247) to work on /opt/airflow/dags/pipeline.py
[2026-05-25T10:34:02.378+0000] {processor.py:829} INFO - Processing file /opt/airflow/dags/pipeline.py for tasks to queue
[2026-05-25T10:34:02.379+0000] {logging_mixin.py:151} INFO - [2026-05-25T10:34:02.379+0000] {dagbag.py:539} INFO - Filling up the DagBag from /opt/airflow/dags/pipeline.py
[2026-05-25T10:34:02.390+0000] {logging_mixin.py:151} INFO - [2026-05-25T10:34:02.388+0000] {dagbag.py:347} ERROR - Failed to import: /opt/airflow/dags/pipeline.py
Traceback (most recent call last):
  File "/home/airflow/.local/lib/python3.8/site-packages/airflow/models/dagbag.py", line 343, in parse
    loader.exec_module(new_module)
  File "<frozen importlib._bootstrap_external>", line 843, in exec_module
  File "<frozen importlib._bootstrap>", line 219, in _call_with_frames_removed
  File "/opt/airflow/dags/pipeline.py", line 26, in <module>
    extract_task >> transform_task >> load_task
NameError: name 'extract_task' is not defined
[2026-05-25T10:34:02.391+0000] {processor.py:841} WARNING - No viable dags retrieved from /opt/airflow/dags/pipeline.py
[2026-05-25T10:34:02.407+0000] {processor.py:179} INFO - Processing /opt/airflow/dags/pipeline.py took 0.035 seconds
[2026-05-25T10:34:32.651+0000] {processor.py:157} INFO - Started process (PID=252) to work on /opt/airflow/dags/pipeline.py
[2026-05-25T10:34:32.652+0000] {processor.py:829} INFO - Processing file /opt/airflow/dags/pipeline.py for tasks to queue
[2026-05-25T10:34:32.653+0000] {logging_mixin.py:151} INFO - [2026-05-25T10:34:32.653+0000] {dagbag.py:539} INFO - Filling up the DagBag from /opt/airflow/dags/pipeline.py
[2026-05-25T10:34:32.660+0000] {logging_mixin.py:151} INFO - [2026-05-25T10:34:32.659+0000] {dagbag.py:347} ERROR - Failed to import: /opt/airflow/dags/pipeline.py
Traceback (most recent call last):
  File "/home/airflow/.local/lib/python3.8/site-packages/airflow/models/dagbag.py", line 343, in parse
    loader.exec_module(new_module)
  File "<frozen importlib._bootstrap_external>", line 843, in exec_module
  File "<frozen importlib._bootstrap>", line 219, in _call_with_frames_removed
  File "/opt/airflow/dags/pipeline.py", line 26, in <module>
    extract_task >> transform_task >> load_task
NameError: name 'extract_task' is not defined
[2026-05-25T10:34:32.661+0000] {processor.py:841} WARNING - No viable dags retrieved from /opt/airflow/dags/pipeline.py
[2026-05-25T10:34:32.674+0000] {processor.py:179} INFO - Processing /opt/airflow/dags/pipeline.py took 0.026 seconds
[2026-05-25T10:35:02.924+0000] {processor.py:157} INFO - Started process (PID=257) to work on /opt/airflow/dags/pipeline.py
[2026-05-25T10:35:02.925+0000] {processor.py:829} INFO - Processing file /opt/airflow/dags/pipeline.py for tasks to queue
[2026-05-25T10:35:02.925+0000] {logging_mixin.py:151} INFO - [2026-05-25T10:35:02.925+0000] {dagbag.py:539} INFO - Filling up the DagBag from /opt/airflow/dags/pipeline.py
[2026-05-25T10:35:02.933+0000] {logging_mixin.py:151} INFO - [2026-05-25T10:35:02.931+0000] {dagbag.py:347} ERROR - Failed to import: /opt/airflow/dags/pipeline.py
Traceback (most recent call last):
  File "/home/airflow/.local/lib/python3.8/site-packages/airflow/models/dagbag.py", line 343, in parse
    loader.exec_module(new_module)
  File "<frozen importlib._bootstrap_external>", line 843, in exec_module
  File "<frozen importlib._bootstrap>", line 219, in _call_with_frames_removed
  File "/opt/airflow/dags/pipeline.py", line 26, in <module>
    extract_task >> transform_task >> load_task
NameError: name 'extract_task' is not defined
[2026-05-25T10:35:02.933+0000] {processor.py:841} WARNING - No viable dags retrieved from /opt/airflow/dags/pipeline.py
[2026-05-25T10:35:02.946+0000] {processor.py:179} INFO - Processing /opt/airflow/dags/pipeline.py took 0.026 seconds
[2026-05-25T10:35:33.196+0000] {processor.py:157} INFO - Started process (PID=262) to work on /opt/airflow/dags/pipeline.py
[2026-05-25T10:35:33.197+0000] {processor.py:829} INFO - Processing file /opt/airflow/dags/pipeline.py for tasks to queue
[2026-05-25T10:35:33.198+0000] {logging_mixin.py:151} INFO - [2026-05-25T10:35:33.198+0000] {dagbag.py:539} INFO - Filling up the DagBag from /opt/airflow/dags/pipeline.py
[2026-05-25T10:35:33.206+0000] {logging_mixin.py:151} INFO - [2026-05-25T10:35:33.204+0000] {dagbag.py:347} ERROR - Failed to import: /opt/airflow/dags/pipeline.py
Traceback (most recent call last):
  File "/home/airflow/.local/lib/python3.8/site-packages/airflow/models/dagbag.py", line 343, in parse
    loader.exec_module(new_module)
  File "<frozen importlib._bootstrap_external>", line 843, in exec_module
  File "<frozen importlib._bootstrap>", line 219, in _call_with_frames_removed
  File "/opt/airflow/dags/pipeline.py", line 26, in <module>
    extract_task >> transform_task >> load_task
NameError: name 'extract_task' is not defined
[2026-05-25T10:35:33.206+0000] {processor.py:841} WARNING - No viable dags retrieved from /opt/airflow/dags/pipeline.py
[2026-05-25T10:35:33.222+0000] {processor.py:179} INFO - Processing /opt/airflow/dags/pipeline.py took 0.029 seconds
[2026-05-25T10:36:03.498+0000] {processor.py:157} INFO - Started process (PID=267) to work on /opt/airflow/dags/pipeline.py
[2026-05-25T10:36:03.499+0000] {processor.py:829} INFO - Processing file /opt/airflow/dags/pipeline.py for tasks to queue
[2026-05-25T10:36:03.500+0000] {logging_mixin.py:151} INFO - [2026-05-25T10:36:03.500+0000] {dagbag.py:539} INFO - Filling up the DagBag from /opt/airflow/dags/pipeline.py
[2026-05-25T10:36:03.507+0000] {logging_mixin.py:151} INFO - [2026-05-25T10:36:03.505+0000] {dagbag.py:347} ERROR - Failed to import: /opt/airflow/dags/pipeline.py
Traceback (most recent call last):
  File "/home/airflow/.local/lib/python3.8/site-packages/airflow/models/dagbag.py", line 343, in parse
    loader.exec_module(new_module)
  File "<frozen importlib._bootstrap_external>", line 843, in exec_module
  File "<frozen importlib._bootstrap>", line 219, in _call_with_frames_removed
  File "/opt/airflow/dags/pipeline.py", line 26, in <module>
    extract_task >> transform_task >> load_task
NameError: name 'extract_task' is not defined
[2026-05-25T10:36:03.507+0000] {processor.py:841} WARNING - No viable dags retrieved from /opt/airflow/dags/pipeline.py
[2026-05-25T10:36:03.520+0000] {processor.py:179} INFO - Processing /opt/airflow/dags/pipeline.py took 0.027 seconds
[2026-05-25T10:36:33.806+0000] {processor.py:157} INFO - Started process (PID=272) to work on /opt/airflow/dags/pipeline.py
[2026-05-25T10:36:33.807+0000] {processor.py:829} INFO - Processing file /opt/airflow/dags/pipeline.py for tasks to queue
[2026-05-25T10:36:33.808+0000] {logging_mixin.py:151} INFO - [2026-05-25T10:36:33.808+0000] {dagbag.py:539} INFO - Filling up the DagBag from /opt/airflow/dags/pipeline.py
[2026-05-25T10:36:33.820+0000] {logging_mixin.py:151} INFO - [2026-05-25T10:36:33.818+0000] {dagbag.py:347} ERROR - Failed to import: /opt/airflow/dags/pipeline.py
Traceback (most recent call last):
  File "/home/airflow/.local/lib/python3.8/site-packages/airflow/models/dagbag.py", line 343, in parse
    loader.exec_module(new_module)
  File "<frozen importlib._bootstrap_external>", line 843, in exec_module
  File "<frozen importlib._bootstrap>", line 219, in _call_with_frames_removed
  File "/opt/airflow/dags/pipeline.py", line 26, in <module>
    extract_task >> transform_task >> load_task
NameError: name 'extract_task' is not defined
[2026-05-25T10:36:33.820+0000] {processor.py:841} WARNING - No viable dags retrieved from /opt/airflow/dags/pipeline.py
[2026-05-25T10:36:33.837+0000] {processor.py:179} INFO - Processing /opt/airflow/dags/pipeline.py took 0.037 seconds
[2026-05-25T10:37:04.068+0000] {processor.py:157} INFO - Started process (PID=277) to work on /opt/airflow/dags/pipeline.py
[2026-05-25T10:37:04.069+0000] {processor.py:829} INFO - Processing file /opt/airflow/dags/pipeline.py for tasks to queue
[2026-05-25T10:37:04.070+0000] {logging_mixin.py:151} INFO - [2026-05-25T10:37:04.069+0000] {dagbag.py:539} INFO - Filling up the DagBag from /opt/airflow/dags/pipeline.py
[2026-05-25T10:37:04.077+0000] {logging_mixin.py:151} INFO - [2026-05-25T10:37:04.076+0000] {dagbag.py:347} ERROR - Failed to import: /opt/airflow/dags/pipeline.py
Traceback (most recent call last):
  File "/home/airflow/.local/lib/python3.8/site-packages/airflow/models/dagbag.py", line 343, in parse
    loader.exec_module(new_module)
  File "<frozen importlib._bootstrap_external>", line 843, in exec_module
  File "<frozen importlib._bootstrap>", line 219, in _call_with_frames_removed
  File "/opt/airflow/dags/pipeline.py", line 26, in <module>
    extract_task >> transform_task >> load_task
NameError: name 'extract_task' is not defined
[2026-05-25T10:37:04.078+0000] {processor.py:841} WARNING - No viable dags retrieved from /opt/airflow/dags/pipeline.py
[2026-05-25T10:37:04.094+0000] {processor.py:179} INFO - Processing /opt/airflow/dags/pipeline.py took 0.030 seconds
[2026-05-25T10:37:34.346+0000] {processor.py:157} INFO - Started process (PID=282) to work on /opt/airflow/dags/pipeline.py
[2026-05-25T10:37:34.347+0000] {processor.py:829} INFO - Processing file /opt/airflow/dags/pipeline.py for tasks to queue
[2026-05-25T10:37:34.348+0000] {logging_mixin.py:151} INFO - [2026-05-25T10:37:34.348+0000] {dagbag.py:539} INFO - Filling up the DagBag from /opt/airflow/dags/pipeline.py
[2026-05-25T10:37:34.356+0000] {logging_mixin.py:151} INFO - [2026-05-25T10:37:34.355+0000] {dagbag.py:347} ERROR - Failed to import: /opt/airflow/dags/pipeline.py
Traceback (most recent call last):
  File "/home/airflow/.local/lib/python3.8/site-packages/airflow/models/dagbag.py", line 343, in parse
    loader.exec_module(new_module)
  File "<frozen importlib._bootstrap_external>", line 843, in exec_module
  File "<frozen importlib._bootstrap>", line 219, in _call_with_frames_removed
  File "/opt/airflow/dags/pipeline.py", line 26, in <module>
    extract_task >> transform_task >> load_task
NameError: name 'extract_task' is not defined
[2026-05-25T10:37:34.357+0000] {processor.py:841} WARNING - No viable dags retrieved from /opt/airflow/dags/pipeline.py
[2026-05-25T10:37:34.371+0000] {processor.py:179} INFO - Processing /opt/airflow/dags/pipeline.py took 0.031 seconds
[2026-05-25T10:38:04.637+0000] {processor.py:157} INFO - Started process (PID=287) to work on /opt/airflow/dags/pipeline.py
[2026-05-25T10:38:04.638+0000] {processor.py:829} INFO - Processing file /opt/airflow/dags/pipeline.py for tasks to queue
[2026-05-25T10:38:04.638+0000] {logging_mixin.py:151} INFO - [2026-05-25T10:38:04.638+0000] {dagbag.py:539} INFO - Filling up the DagBag from /opt/airflow/dags/pipeline.py
[2026-05-25T10:38:04.645+0000] {logging_mixin.py:151} INFO - [2026-05-25T10:38:04.644+0000] {dagbag.py:347} ERROR - Failed to import: /opt/airflow/dags/pipeline.py
Traceback (most recent call last):
  File "/home/airflow/.local/lib/python3.8/site-packages/airflow/models/dagbag.py", line 343, in parse
    loader.exec_module(new_module)
  File "<frozen importlib._bootstrap_external>", line 843, in exec_module
  File "<frozen importlib._bootstrap>", line 219, in _call_with_frames_removed
  File "/opt/airflow/dags/pipeline.py", line 26, in <module>
    extract_task >> transform_task >> load_task
NameError: name 'extract_task' is not defined
[2026-05-25T10:38:04.645+0000] {processor.py:841} WARNING - No viable dags retrieved from /opt/airflow/dags/pipeline.py
[2026-05-25T10:38:04.659+0000] {processor.py:179} INFO - Processing /opt/airflow/dags/pipeline.py took 0.025 seconds
[2026-05-25T10:38:34.917+0000] {processor.py:157} INFO - Started process (PID=292) to work on /opt/airflow/dags/pipeline.py
[2026-05-25T10:38:34.918+0000] {processor.py:829} INFO - Processing file /opt/airflow/dags/pipeline.py for tasks to queue
[2026-05-25T10:38:34.920+0000] {logging_mixin.py:151} INFO - [2026-05-25T10:38:34.920+0000] {dagbag.py:539} INFO - Filling up the DagBag from /opt/airflow/dags/pipeline.py
[2026-05-25T10:38:34.926+0000] {logging_mixin.py:151} INFO - [2026-05-25T10:38:34.925+0000] {dagbag.py:347} ERROR - Failed to import: /opt/airflow/dags/pipeline.py
Traceback (most recent call last):
  File "/home/airflow/.local/lib/python3.8/site-packages/airflow/models/dagbag.py", line 343, in parse
    loader.exec_module(new_module)
  File "<frozen importlib._bootstrap_external>", line 843, in exec_module
  File "<frozen importlib._bootstrap>", line 219, in _call_with_frames_removed
  File "/opt/airflow/dags/pipeline.py", line 26, in <module>
    extract_task >> transform_task >> load_task
NameError: name 'extract_task' is not defined
[2026-05-25T10:38:34.926+0000] {processor.py:841} WARNING - No viable dags retrieved from /opt/airflow/dags/pipeline.py
[2026-05-25T10:38:34.939+0000] {processor.py:179} INFO - Processing /opt/airflow/dags/pipeline.py took 0.025 seconds
[2026-05-25T10:39:05.208+0000] {processor.py:157} INFO - Started process (PID=297) to work on /opt/airflow/dags/pipeline.py
[2026-05-25T10:39:05.209+0000] {processor.py:829} INFO - Processing file /opt/airflow/dags/pipeline.py for tasks to queue
[2026-05-25T10:39:05.210+0000] {logging_mixin.py:151} INFO - [2026-05-25T10:39:05.210+0000] {dagbag.py:539} INFO - Filling up the DagBag from /opt/airflow/dags/pipeline.py
[2026-05-25T10:39:05.218+0000] {logging_mixin.py:151} INFO - [2026-05-25T10:39:05.217+0000] {dagbag.py:347} ERROR - Failed to import: /opt/airflow/dags/pipeline.py
Traceback (most recent call last):
  File "/home/airflow/.local/lib/python3.8/site-packages/airflow/models/dagbag.py", line 343, in parse
    loader.exec_module(new_module)
  File "<frozen importlib._bootstrap_external>", line 843, in exec_module
  File "<frozen importlib._bootstrap>", line 219, in _call_with_frames_removed
  File "/opt/airflow/dags/pipeline.py", line 26, in <module>
    extract_task >> transform_task >> load_task
NameError: name 'extract_task' is not defined
[2026-05-25T10:39:05.218+0000] {processor.py:841} WARNING - No viable dags retrieved from /opt/airflow/dags/pipeline.py
[2026-05-25T10:39:05.235+0000] {processor.py:179} INFO - Processing /opt/airflow/dags/pipeline.py took 0.031 seconds
[2026-05-25T10:39:35.503+0000] {processor.py:157} INFO - Started process (PID=302) to work on /opt/airflow/dags/pipeline.py
[2026-05-25T10:39:35.504+0000] {processor.py:829} INFO - Processing file /opt/airflow/dags/pipeline.py for tasks to queue
[2026-05-25T10:39:35.506+0000] {logging_mixin.py:151} INFO - [2026-05-25T10:39:35.505+0000] {dagbag.py:539} INFO - Filling up the DagBag from /opt/airflow/dags/pipeline.py
[2026-05-25T10:39:35.515+0000] {logging_mixin.py:151} INFO - [2026-05-25T10:39:35.514+0000] {dagbag.py:347} ERROR - Failed to import: /opt/airflow/dags/pipeline.py
Traceback (most recent call last):
  File "/home/airflow/.local/lib/python3.8/site-packages/airflow/models/dagbag.py", line 343, in parse
    loader.exec_module(new_module)
  File "<frozen importlib._bootstrap_external>", line 843, in exec_module
  File "<frozen importlib._bootstrap>", line 219, in _call_with_frames_removed
  File "/opt/airflow/dags/pipeline.py", line 26, in <module>
    extract_task >> transform_task >> load_task
NameError: name 'extract_task' is not defined
[2026-05-25T10:39:35.515+0000] {processor.py:841} WARNING - No viable dags retrieved from /opt/airflow/dags/pipeline.py
[2026-05-25T10:39:35.529+0000] {processor.py:179} INFO - Processing /opt/airflow/dags/pipeline.py took 0.029 seconds
[2026-05-25T10:40:05.794+0000] {processor.py:157} INFO - Started process (PID=307) to work on /opt/airflow/dags/pipeline.py
[2026-05-25T10:40:05.795+0000] {processor.py:829} INFO - Processing file /opt/airflow/dags/pipeline.py for tasks to queue
[2026-05-25T10:40:05.796+0000] {logging_mixin.py:151} INFO - [2026-05-25T10:40:05.796+0000] {dagbag.py:539} INFO - Filling up the DagBag from /opt/airflow/dags/pipeline.py
[2026-05-25T10:40:05.802+0000] {logging_mixin.py:151} INFO - [2026-05-25T10:40:05.801+0000] {dagbag.py:347} ERROR - Failed to import: /opt/airflow/dags/pipeline.py
Traceback (most recent call last):
  File "/home/airflow/.local/lib/python3.8/site-packages/airflow/models/dagbag.py", line 343, in parse
    loader.exec_module(new_module)
  File "<frozen importlib._bootstrap_external>", line 843, in exec_module
  File "<frozen importlib._bootstrap>", line 219, in _call_with_frames_removed
  File "/opt/airflow/dags/pipeline.py", line 26, in <module>
    extract_task >> transform_task >> load_task
NameError: name 'extract_task' is not defined
[2026-05-25T10:40:05.802+0000] {processor.py:841} WARNING - No viable dags retrieved from /opt/airflow/dags/pipeline.py
[2026-05-25T10:40:05.817+0000] {processor.py:179} INFO - Processing /opt/airflow/dags/pipeline.py took 0.026 seconds
[2026-05-25T10:40:36.083+0000] {processor.py:157} INFO - Started process (PID=312) to work on /opt/airflow/dags/pipeline.py
[2026-05-25T10:40:36.084+0000] {processor.py:829} INFO - Processing file /opt/airflow/dags/pipeline.py for tasks to queue
[2026-05-25T10:40:36.085+0000] {logging_mixin.py:151} INFO - [2026-05-25T10:40:36.085+0000] {dagbag.py:539} INFO - Filling up the DagBag from /opt/airflow/dags/pipeline.py
[2026-05-25T10:40:36.092+0000] {logging_mixin.py:151} INFO - [2026-05-25T10:40:36.091+0000] {dagbag.py:347} ERROR - Failed to import: /opt/airflow/dags/pipeline.py
Traceback (most recent call last):
  File "/home/airflow/.local/lib/python3.8/site-packages/airflow/models/dagbag.py", line 343, in parse
    loader.exec_module(new_module)
  File "<frozen importlib._bootstrap_external>", line 843, in exec_module
  File "<frozen importlib._bootstrap>", line 219, in _call_with_frames_removed
  File "/opt/airflow/dags/pipeline.py", line 26, in <module>
    extract_task >> transform_task >> load_task
NameError: name 'extract_task' is not defined
[2026-05-25T10:40:36.092+0000] {processor.py:841} WARNING - No viable dags retrieved from /opt/airflow/dags/pipeline.py
[2026-05-25T10:40:36.109+0000] {processor.py:179} INFO - Processing /opt/airflow/dags/pipeline.py took 0.029 seconds
[2026-05-25T10:41:06.364+0000] {processor.py:157} INFO - Started process (PID=322) to work on /opt/airflow/dags/pipeline.py
[2026-05-25T10:41:06.365+0000] {processor.py:829} INFO - Processing file /opt/airflow/dags/pipeline.py for tasks to queue
[2026-05-25T10:41:06.366+0000] {logging_mixin.py:151} INFO - [2026-05-25T10:41:06.366+0000] {dagbag.py:539} INFO - Filling up the DagBag from /opt/airflow/dags/pipeline.py
[2026-05-25T10:41:06.372+0000] {logging_mixin.py:151} INFO - [2026-05-25T10:41:06.371+0000] {dagbag.py:347} ERROR - Failed to import: /opt/airflow/dags/pipeline.py
Traceback (most recent call last):
  File "/home/airflow/.local/lib/python3.8/site-packages/airflow/models/dagbag.py", line 343, in parse
    loader.exec_module(new_module)
  File "<frozen importlib._bootstrap_external>", line 843, in exec_module
  File "<frozen importlib._bootstrap>", line 219, in _call_with_frames_removed
  File "/opt/airflow/dags/pipeline.py", line 26, in <module>
    extract_task >> transform_task >> load_task
NameError: name 'extract_task' is not defined
[2026-05-25T10:41:06.372+0000] {processor.py:841} WARNING - No viable dags retrieved from /opt/airflow/dags/pipeline.py
[2026-05-25T10:41:06.386+0000] {processor.py:179} INFO - Processing /opt/airflow/dags/pipeline.py took 0.025 seconds
[2026-05-25T10:41:36.696+0000] {processor.py:157} INFO - Started process (PID=332) to work on /opt/airflow/dags/pipeline.py
[2026-05-25T10:41:36.697+0000] {processor.py:829} INFO - Processing file /opt/airflow/dags/pipeline.py for tasks to queue
[2026-05-25T10:41:36.698+0000] {logging_mixin.py:151} INFO - [2026-05-25T10:41:36.697+0000] {dagbag.py:539} INFO - Filling up the DagBag from /opt/airflow/dags/pipeline.py
[2026-05-25T10:41:36.704+0000] {logging_mixin.py:151} INFO - [2026-05-25T10:41:36.703+0000] {dagbag.py:347} ERROR - Failed to import: /opt/airflow/dags/pipeline.py
Traceback (most recent call last):
  File "/home/airflow/.local/lib/python3.8/site-packages/airflow/models/dagbag.py", line 343, in parse
    loader.exec_module(new_module)
  File "<frozen importlib._bootstrap_external>", line 843, in exec_module
  File "<frozen importlib._bootstrap>", line 219, in _call_with_frames_removed
  File "/opt/airflow/dags/pipeline.py", line 26, in <module>
    extract_task >> transform_task >> load_task
NameError: name 'extract_task' is not defined
[2026-05-25T10:41:36.704+0000] {processor.py:841} WARNING - No viable dags retrieved from /opt/airflow/dags/pipeline.py
[2026-05-25T10:41:36.718+0000] {processor.py:179} INFO - Processing /opt/airflow/dags/pipeline.py took 0.026 seconds
[2026-05-25T10:42:06.968+0000] {processor.py:157} INFO - Started process (PID=342) to work on /opt/airflow/dags/pipeline.py
[2026-05-25T10:42:06.969+0000] {processor.py:829} INFO - Processing file /opt/airflow/dags/pipeline.py for tasks to queue
[2026-05-25T10:42:06.970+0000] {logging_mixin.py:151} INFO - [2026-05-25T10:42:06.969+0000] {dagbag.py:539} INFO - Filling up the DagBag from /opt/airflow/dags/pipeline.py
[2026-05-25T10:42:06.976+0000] {logging_mixin.py:151} INFO - [2026-05-25T10:42:06.975+0000] {dagbag.py:347} ERROR - Failed to import: /opt/airflow/dags/pipeline.py
Traceback (most recent call last):
  File "/home/airflow/.local/lib/python3.8/site-packages/airflow/models/dagbag.py", line 343, in parse
    loader.exec_module(new_module)
  File "<frozen importlib._bootstrap_external>", line 843, in exec_module
  File "<frozen importlib._bootstrap>", line 219, in _call_with_frames_removed
  File "/opt/airflow/dags/pipeline.py", line 26, in <module>
    extract_task >> transform_task >> load_task
NameError: name 'extract_task' is not defined
[2026-05-25T10:42:06.976+0000] {processor.py:841} WARNING - No viable dags retrieved from /opt/airflow/dags/pipeline.py
[2026-05-25T10:42:06.990+0000] {processor.py:179} INFO - Processing /opt/airflow/dags/pipeline.py took 0.026 seconds
[2026-05-25T10:42:37.288+0000] {processor.py:157} INFO - Started process (PID=352) to work on /opt/airflow/dags/pipeline.py
[2026-05-25T10:42:37.290+0000] {processor.py:829} INFO - Processing file /opt/airflow/dags/pipeline.py for tasks to queue
[2026-05-25T10:42:37.291+0000] {logging_mixin.py:151} INFO - [2026-05-25T10:42:37.291+0000] {dagbag.py:539} INFO - Filling up the DagBag from /opt/airflow/dags/pipeline.py
[2026-05-25T10:42:37.302+0000] {logging_mixin.py:151} INFO - [2026-05-25T10:42:37.301+0000] {dagbag.py:347} ERROR - Failed to import: /opt/airflow/dags/pipeline.py
Traceback (most recent call last):
  File "/home/airflow/.local/lib/python3.8/site-packages/airflow/models/dagbag.py", line 343, in parse
    loader.exec_module(new_module)
  File "<frozen importlib._bootstrap_external>", line 843, in exec_module
  File "<frozen importlib._bootstrap>", line 219, in _call_with_frames_removed
  File "/opt/airflow/dags/pipeline.py", line 26, in <module>
    extract_task >> transform_task >> load_task
NameError: name 'extract_task' is not defined
[2026-05-25T10:42:37.303+0000] {processor.py:841} WARNING - No viable dags retrieved from /opt/airflow/dags/pipeline.py
[2026-05-25T10:42:37.317+0000] {processor.py:179} INFO - Processing /opt/airflow/dags/pipeline.py took 0.032 seconds
[2026-05-25T10:43:07.645+0000] {processor.py:157} INFO - Started process (PID=362) to work on /opt/airflow/dags/pipeline.py
[2026-05-25T10:43:07.647+0000] {processor.py:829} INFO - Processing file /opt/airflow/dags/pipeline.py for tasks to queue
[2026-05-25T10:43:07.648+0000] {logging_mixin.py:151} INFO - [2026-05-25T10:43:07.647+0000] {dagbag.py:539} INFO - Filling up the DagBag from /opt/airflow/dags/pipeline.py
[2026-05-25T10:43:07.657+0000] {logging_mixin.py:151} INFO - [2026-05-25T10:43:07.656+0000] {dagbag.py:347} ERROR - Failed to import: /opt/airflow/dags/pipeline.py
Traceback (most recent call last):
  File "/home/airflow/.local/lib/python3.8/site-packages/airflow/models/dagbag.py", line 343, in parse
    loader.exec_module(new_module)
  File "<frozen importlib._bootstrap_external>", line 843, in exec_module
  File "<frozen importlib._bootstrap>", line 219, in _call_with_frames_removed
  File "/opt/airflow/dags/pipeline.py", line 26, in <module>
    extract_task >> transform_task >> load_task
NameError: name 'extract_task' is not defined
[2026-05-25T10:43:07.657+0000] {processor.py:841} WARNING - No viable dags retrieved from /opt/airflow/dags/pipeline.py
[2026-05-25T10:43:07.673+0000] {processor.py:179} INFO - Processing /opt/airflow/dags/pipeline.py took 0.036 seconds
[2026-05-25T10:43:38.035+0000] {processor.py:157} INFO - Started process (PID=372) to work on /opt/airflow/dags/pipeline.py
[2026-05-25T10:43:38.036+0000] {processor.py:829} INFO - Processing file /opt/airflow/dags/pipeline.py for tasks to queue
[2026-05-25T10:43:38.037+0000] {logging_mixin.py:151} INFO - [2026-05-25T10:43:38.037+0000] {dagbag.py:539} INFO - Filling up the DagBag from /opt/airflow/dags/pipeline.py
[2026-05-25T10:43:38.043+0000] {logging_mixin.py:151} INFO - [2026-05-25T10:43:38.042+0000] {dagbag.py:347} ERROR - Failed to import: /opt/airflow/dags/pipeline.py
Traceback (most recent call last):
  File "/home/airflow/.local/lib/python3.8/site-packages/airflow/models/dagbag.py", line 343, in parse
    loader.exec_module(new_module)
  File "<frozen importlib._bootstrap_external>", line 843, in exec_module
  File "<frozen importlib._bootstrap>", line 219, in _call_with_frames_removed
  File "/opt/airflow/dags/pipeline.py", line 26, in <module>
    extract_task >> transform_task >> load_task
NameError: name 'extract_task' is not defined
[2026-05-25T10:43:38.044+0000] {processor.py:841} WARNING - No viable dags retrieved from /opt/airflow/dags/pipeline.py
[2026-05-25T10:43:38.061+0000] {processor.py:179} INFO - Processing /opt/airflow/dags/pipeline.py took 0.034 seconds
[2026-05-25T10:44:08.372+0000] {processor.py:157} INFO - Started process (PID=382) to work on /opt/airflow/dags/pipeline.py
[2026-05-25T10:44:08.373+0000] {processor.py:829} INFO - Processing file /opt/airflow/dags/pipeline.py for tasks to queue
[2026-05-25T10:44:08.374+0000] {logging_mixin.py:151} INFO - [2026-05-25T10:44:08.374+0000] {dagbag.py:539} INFO - Filling up the DagBag from /opt/airflow/dags/pipeline.py
[2026-05-25T10:44:08.383+0000] {logging_mixin.py:151} INFO - [2026-05-25T10:44:08.382+0000] {dagbag.py:347} ERROR - Failed to import: /opt/airflow/dags/pipeline.py
Traceback (most recent call last):
  File "/home/airflow/.local/lib/python3.8/site-packages/airflow/models/dagbag.py", line 343, in parse
    loader.exec_module(new_module)
  File "<frozen importlib._bootstrap_external>", line 843, in exec_module
  File "<frozen importlib._bootstrap>", line 219, in _call_with_frames_removed
  File "/opt/airflow/dags/pipeline.py", line 26, in <module>
    extract_task >> transform_task >> load_task
NameError: name 'extract_task' is not defined
[2026-05-25T10:44:08.383+0000] {processor.py:841} WARNING - No viable dags retrieved from /opt/airflow/dags/pipeline.py
[2026-05-25T10:44:08.398+0000] {processor.py:179} INFO - Processing /opt/airflow/dags/pipeline.py took 0.030 seconds
[2026-05-25T10:44:38.741+0000] {processor.py:157} INFO - Started process (PID=392) to work on /opt/airflow/dags/pipeline.py
[2026-05-25T10:44:38.742+0000] {processor.py:829} INFO - Processing file /opt/airflow/dags/pipeline.py for tasks to queue
[2026-05-25T10:44:38.743+0000] {logging_mixin.py:151} INFO - [2026-05-25T10:44:38.742+0000] {dagbag.py:539} INFO - Filling up the DagBag from /opt/airflow/dags/pipeline.py
[2026-05-25T10:44:38.750+0000] {logging_mixin.py:151} INFO - [2026-05-25T10:44:38.749+0000] {dagbag.py:347} ERROR - Failed to import: /opt/airflow/dags/pipeline.py
Traceback (most recent call last):
  File "/home/airflow/.local/lib/python3.8/site-packages/airflow/models/dagbag.py", line 343, in parse
    loader.exec_module(new_module)
  File "<frozen importlib._bootstrap_external>", line 843, in exec_module
  File "<frozen importlib._bootstrap>", line 219, in _call_with_frames_removed
  File "/opt/airflow/dags/pipeline.py", line 26, in <module>
    extract_task >> transform_task >> load_task
NameError: name 'extract_task' is not defined
[2026-05-25T10:44:38.750+0000] {processor.py:841} WARNING - No viable dags retrieved from /opt/airflow/dags/pipeline.py
[2026-05-25T10:44:38.766+0000] {processor.py:179} INFO - Processing /opt/airflow/dags/pipeline.py took 0.029 seconds
[2026-05-25T10:45:09.040+0000] {processor.py:157} INFO - Started process (PID=402) to work on /opt/airflow/dags/pipeline.py
[2026-05-25T10:45:09.041+0000] {processor.py:829} INFO - Processing file /opt/airflow/dags/pipeline.py for tasks to queue
[2026-05-25T10:45:09.042+0000] {logging_mixin.py:151} INFO - [2026-05-25T10:45:09.042+0000] {dagbag.py:539} INFO - Filling up the DagBag from /opt/airflow/dags/pipeline.py
[2026-05-25T10:45:09.051+0000] {logging_mixin.py:151} INFO - [2026-05-25T10:45:09.049+0000] {dagbag.py:347} ERROR - Failed to import: /opt/airflow/dags/pipeline.py
Traceback (most recent call last):
  File "/home/airflow/.local/lib/python3.8/site-packages/airflow/models/dagbag.py", line 343, in parse
    loader.exec_module(new_module)
  File "<frozen importlib._bootstrap_external>", line 843, in exec_module
  File "<frozen importlib._bootstrap>", line 219, in _call_with_frames_removed
  File "/opt/airflow/dags/pipeline.py", line 26, in <module>
    extract_task >> transform_task >> load_task
NameError: name 'extract_task' is not defined
[2026-05-25T10:45:09.052+0000] {processor.py:841} WARNING - No viable dags retrieved from /opt/airflow/dags/pipeline.py
[2026-05-25T10:45:09.067+0000] {processor.py:179} INFO - Processing /opt/airflow/dags/pipeline.py took 0.030 seconds
[2026-05-25T10:45:39.349+0000] {processor.py:157} INFO - Started process (PID=412) to work on /opt/airflow/dags/pipeline.py
[2026-05-25T10:45:39.351+0000] {processor.py:829} INFO - Processing file /opt/airflow/dags/pipeline.py for tasks to queue
[2026-05-25T10:45:39.352+0000] {logging_mixin.py:151} INFO - [2026-05-25T10:45:39.352+0000] {dagbag.py:539} INFO - Filling up the DagBag from /opt/airflow/dags/pipeline.py
[2026-05-25T10:45:39.360+0000] {logging_mixin.py:151} INFO - [2026-05-25T10:45:39.358+0000] {dagbag.py:347} ERROR - Failed to import: /opt/airflow/dags/pipeline.py
Traceback (most recent call last):
  File "/home/airflow/.local/lib/python3.8/site-packages/airflow/models/dagbag.py", line 343, in parse
    loader.exec_module(new_module)
  File "<frozen importlib._bootstrap_external>", line 843, in exec_module
  File "<frozen importlib._bootstrap>", line 219, in _call_with_frames_removed
  File "/opt/airflow/dags/pipeline.py", line 26, in <module>
    extract_task >> transform_task >> load_task
NameError: name 'extract_task' is not defined
[2026-05-25T10:45:39.360+0000] {processor.py:841} WARNING - No viable dags retrieved from /opt/airflow/dags/pipeline.py
[2026-05-25T10:45:39.377+0000] {processor.py:179} INFO - Processing /opt/airflow/dags/pipeline.py took 0.032 seconds
[2026-05-25T10:46:09.698+0000] {processor.py:157} INFO - Started process (PID=422) to work on /opt/airflow/dags/pipeline.py
[2026-05-25T10:46:09.699+0000] {processor.py:829} INFO - Processing file /opt/airflow/dags/pipeline.py for tasks to queue
[2026-05-25T10:46:09.701+0000] {logging_mixin.py:151} INFO - [2026-05-25T10:46:09.700+0000] {dagbag.py:539} INFO - Filling up the DagBag from /opt/airflow/dags/pipeline.py
[2026-05-25T10:46:09.709+0000] {logging_mixin.py:151} INFO - [2026-05-25T10:46:09.708+0000] {dagbag.py:347} ERROR - Failed to import: /opt/airflow/dags/pipeline.py
Traceback (most recent call last):
  File "/home/airflow/.local/lib/python3.8/site-packages/airflow/models/dagbag.py", line 343, in parse
    loader.exec_module(new_module)
  File "<frozen importlib._bootstrap_external>", line 843, in exec_module
  File "<frozen importlib._bootstrap>", line 219, in _call_with_frames_removed
  File "/opt/airflow/dags/pipeline.py", line 26, in <module>
    extract_task >> transform_task >> load_task
NameError: name 'extract_task' is not defined
[2026-05-25T10:46:09.709+0000] {processor.py:841} WARNING - No viable dags retrieved from /opt/airflow/dags/pipeline.py
[2026-05-25T10:46:09.724+0000] {processor.py:179} INFO - Processing /opt/airflow/dags/pipeline.py took 0.030 seconds
[2026-05-25T10:46:40.049+0000] {processor.py:157} INFO - Started process (PID=432) to work on /opt/airflow/dags/pipeline.py
[2026-05-25T10:46:40.050+0000] {processor.py:829} INFO - Processing file /opt/airflow/dags/pipeline.py for tasks to queue
[2026-05-25T10:46:40.051+0000] {logging_mixin.py:151} INFO - [2026-05-25T10:46:40.051+0000] {dagbag.py:539} INFO - Filling up the DagBag from /opt/airflow/dags/pipeline.py
[2026-05-25T10:46:40.058+0000] {logging_mixin.py:151} INFO - [2026-05-25T10:46:40.057+0000] {dagbag.py:347} ERROR - Failed to import: /opt/airflow/dags/pipeline.py
Traceback (most recent call last):
  File "/home/airflow/.local/lib/python3.8/site-packages/airflow/models/dagbag.py", line 343, in parse
    loader.exec_module(new_module)
  File "<frozen importlib._bootstrap_external>", line 843, in exec_module
  File "<frozen importlib._bootstrap>", line 219, in _call_with_frames_removed
  File "/opt/airflow/dags/pipeline.py", line 26, in <module>
    extract_task >> transform_task >> load_task
NameError: name 'extract_task' is not defined
[2026-05-25T10:46:40.058+0000] {processor.py:841} WARNING - No viable dags retrieved from /opt/airflow/dags/pipeline.py
[2026-05-25T10:46:40.073+0000] {processor.py:179} INFO - Processing /opt/airflow/dags/pipeline.py took 0.026 seconds
[2026-05-25T10:47:10.312+0000] {processor.py:157} INFO - Started process (PID=447) to work on /opt/airflow/dags/pipeline.py
[2026-05-25T10:47:10.313+0000] {processor.py:829} INFO - Processing file /opt/airflow/dags/pipeline.py for tasks to queue
[2026-05-25T10:47:10.313+0000] {logging_mixin.py:151} INFO - [2026-05-25T10:47:10.313+0000] {dagbag.py:539} INFO - Filling up the DagBag from /opt/airflow/dags/pipeline.py
[2026-05-25T10:47:10.319+0000] {logging_mixin.py:151} INFO - [2026-05-25T10:47:10.318+0000] {dagbag.py:347} ERROR - Failed to import: /opt/airflow/dags/pipeline.py
Traceback (most recent call last):
  File "/home/airflow/.local/lib/python3.8/site-packages/airflow/models/dagbag.py", line 343, in parse
    loader.exec_module(new_module)
  File "<frozen importlib._bootstrap_external>", line 843, in exec_module
  File "<frozen importlib._bootstrap>", line 219, in _call_with_frames_removed
  File "/opt/airflow/dags/pipeline.py", line 26, in <module>
    extract_task >> transform_task >> load_task
NameError: name 'extract_task' is not defined
[2026-05-25T10:47:10.319+0000] {processor.py:841} WARNING - No viable dags retrieved from /opt/airflow/dags/pipeline.py
[2026-05-25T10:47:10.331+0000] {processor.py:179} INFO - Processing /opt/airflow/dags/pipeline.py took 0.021 seconds
[2026-05-25T10:47:40.633+0000] {processor.py:157} INFO - Started process (PID=457) to work on /opt/airflow/dags/pipeline.py
[2026-05-25T10:47:40.634+0000] {processor.py:829} INFO - Processing file /opt/airflow/dags/pipeline.py for tasks to queue
[2026-05-25T10:47:40.635+0000] {logging_mixin.py:151} INFO - [2026-05-25T10:47:40.635+0000] {dagbag.py:539} INFO - Filling up the DagBag from /opt/airflow/dags/pipeline.py
[2026-05-25T10:47:40.642+0000] {logging_mixin.py:151} INFO - [2026-05-25T10:47:40.641+0000] {dagbag.py:347} ERROR - Failed to import: /opt/airflow/dags/pipeline.py
Traceback (most recent call last):
  File "/home/airflow/.local/lib/python3.8/site-packages/airflow/models/dagbag.py", line 343, in parse
    loader.exec_module(new_module)
  File "<frozen importlib._bootstrap_external>", line 843, in exec_module
  File "<frozen importlib._bootstrap>", line 219, in _call_with_frames_removed
  File "/opt/airflow/dags/pipeline.py", line 26, in <module>
    extract_task >> transform_task >> load_task
NameError: name 'extract_task' is not defined
[2026-05-25T10:47:40.642+0000] {processor.py:841} WARNING - No viable dags retrieved from /opt/airflow/dags/pipeline.py
[2026-05-25T10:47:40.658+0000] {processor.py:179} INFO - Processing /opt/airflow/dags/pipeline.py took 0.029 seconds
[2026-05-25T10:48:10.954+0000] {processor.py:157} INFO - Started process (PID=467) to work on /opt/airflow/dags/pipeline.py
[2026-05-25T10:48:10.956+0000] {processor.py:829} INFO - Processing file /opt/airflow/dags/pipeline.py for tasks to queue
[2026-05-25T10:48:10.957+0000] {logging_mixin.py:151} INFO - [2026-05-25T10:48:10.956+0000] {dagbag.py:539} INFO - Filling up the DagBag from /opt/airflow/dags/pipeline.py
[2026-05-25T10:48:10.963+0000] {logging_mixin.py:151} INFO - [2026-05-25T10:48:10.962+0000] {dagbag.py:347} ERROR - Failed to import: /opt/airflow/dags/pipeline.py
Traceback (most recent call last):
  File "/home/airflow/.local/lib/python3.8/site-packages/airflow/models/dagbag.py", line 343, in parse
    loader.exec_module(new_module)
  File "<frozen importlib._bootstrap_external>", line 843, in exec_module
  File "<frozen importlib._bootstrap>", line 219, in _call_with_frames_removed
  File "/opt/airflow/dags/pipeline.py", line 26, in <module>
    extract_task >> transform_task >> load_task
NameError: name 'extract_task' is not defined
[2026-05-25T10:48:10.963+0000] {processor.py:841} WARNING - No viable dags retrieved from /opt/airflow/dags/pipeline.py
[2026-05-25T10:48:10.979+0000] {processor.py:179} INFO - Processing /opt/airflow/dags/pipeline.py took 0.028 seconds
[2026-05-25T10:48:41.234+0000] {processor.py:157} INFO - Started process (PID=477) to work on /opt/airflow/dags/pipeline.py
[2026-05-25T10:48:41.238+0000] {processor.py:829} INFO - Processing file /opt/airflow/dags/pipeline.py for tasks to queue
[2026-05-25T10:48:41.239+0000] {logging_mixin.py:151} INFO - [2026-05-25T10:48:41.239+0000] {dagbag.py:539} INFO - Filling up the DagBag from /opt/airflow/dags/pipeline.py
[2026-05-25T10:48:41.246+0000] {logging_mixin.py:151} INFO - [2026-05-25T10:48:41.245+0000] {dagbag.py:347} ERROR - Failed to import: /opt/airflow/dags/pipeline.py
Traceback (most recent call last):
  File "/home/airflow/.local/lib/python3.8/site-packages/airflow/models/dagbag.py", line 343, in parse
    loader.exec_module(new_module)
  File "<frozen importlib._bootstrap_external>", line 843, in exec_module
  File "<frozen importlib._bootstrap>", line 219, in _call_with_frames_removed
  File "/opt/airflow/dags/pipeline.py", line 26, in <module>
    extract_task >> transform_task >> load_task
NameError: name 'extract_task' is not defined
[2026-05-25T10:48:41.247+0000] {processor.py:841} WARNING - No viable dags retrieved from /opt/airflow/dags/pipeline.py
[2026-05-25T10:48:41.263+0000] {processor.py:179} INFO - Processing /opt/airflow/dags/pipeline.py took 0.034 seconds
[2026-05-25T10:49:11.593+0000] {processor.py:157} INFO - Started process (PID=487) to work on /opt/airflow/dags/pipeline.py
[2026-05-25T10:49:11.595+0000] {processor.py:829} INFO - Processing file /opt/airflow/dags/pipeline.py for tasks to queue
[2026-05-25T10:49:11.596+0000] {logging_mixin.py:151} INFO - [2026-05-25T10:49:11.595+0000] {dagbag.py:539} INFO - Filling up the DagBag from /opt/airflow/dags/pipeline.py
[2026-05-25T10:49:11.603+0000] {logging_mixin.py:151} INFO - [2026-05-25T10:49:11.602+0000] {dagbag.py:347} ERROR - Failed to import: /opt/airflow/dags/pipeline.py
Traceback (most recent call last):
  File "/home/airflow/.local/lib/python3.8/site-packages/airflow/models/dagbag.py", line 343, in parse
    loader.exec_module(new_module)
  File "<frozen importlib._bootstrap_external>", line 843, in exec_module
  File "<frozen importlib._bootstrap>", line 219, in _call_with_frames_removed
  File "/opt/airflow/dags/pipeline.py", line 26, in <module>
    extract_task >> transform_task >> load_task
NameError: name 'extract_task' is not defined
[2026-05-25T10:49:11.603+0000] {processor.py:841} WARNING - No viable dags retrieved from /opt/airflow/dags/pipeline.py
[2026-05-25T10:49:11.617+0000] {processor.py:179} INFO - Processing /opt/airflow/dags/pipeline.py took 0.028 seconds
[2026-05-25T10:49:41.836+0000] {processor.py:157} INFO - Started process (PID=497) to work on /opt/airflow/dags/pipeline.py
[2026-05-25T10:49:41.837+0000] {processor.py:829} INFO - Processing file /opt/airflow/dags/pipeline.py for tasks to queue
[2026-05-25T10:49:41.837+0000] {logging_mixin.py:151} INFO - [2026-05-25T10:49:41.837+0000] {dagbag.py:539} INFO - Filling up the DagBag from /opt/airflow/dags/pipeline.py
[2026-05-25T10:49:41.844+0000] {logging_mixin.py:151} INFO - [2026-05-25T10:49:41.843+0000] {dagbag.py:347} ERROR - Failed to import: /opt/airflow/dags/pipeline.py
Traceback (most recent call last):
  File "/home/airflow/.local/lib/python3.8/site-packages/airflow/models/dagbag.py", line 343, in parse
    loader.exec_module(new_module)
  File "<frozen importlib._bootstrap_external>", line 843, in exec_module
  File "<frozen importlib._bootstrap>", line 219, in _call_with_frames_removed
  File "/opt/airflow/dags/pipeline.py", line 26, in <module>
    extract_task >> transform_task >> load_task
NameError: name 'extract_task' is not defined
[2026-05-25T10:49:41.845+0000] {processor.py:841} WARNING - No viable dags retrieved from /opt/airflow/dags/pipeline.py
[2026-05-25T10:49:41.859+0000] {processor.py:179} INFO - Processing /opt/airflow/dags/pipeline.py took 0.026 seconds
[2026-05-25T10:50:12.142+0000] {processor.py:157} INFO - Started process (PID=507) to work on /opt/airflow/dags/pipeline.py
[2026-05-25T10:50:12.143+0000] {processor.py:829} INFO - Processing file /opt/airflow/dags/pipeline.py for tasks to queue
[2026-05-25T10:50:12.144+0000] {logging_mixin.py:151} INFO - [2026-05-25T10:50:12.144+0000] {dagbag.py:539} INFO - Filling up the DagBag from /opt/airflow/dags/pipeline.py
[2026-05-25T10:50:12.152+0000] {logging_mixin.py:151} INFO - [2026-05-25T10:50:12.150+0000] {dagbag.py:347} ERROR - Failed to import: /opt/airflow/dags/pipeline.py
Traceback (most recent call last):
  File "/home/airflow/.local/lib/python3.8/site-packages/airflow/models/dagbag.py", line 343, in parse
    loader.exec_module(new_module)
  File "<frozen importlib._bootstrap_external>", line 843, in exec_module
  File "<frozen importlib._bootstrap>", line 219, in _call_with_frames_removed
  File "/opt/airflow/dags/pipeline.py", line 26, in <module>
    extract_task >> transform_task >> load_task
NameError: name 'extract_task' is not defined
[2026-05-25T10:50:12.152+0000] {processor.py:841} WARNING - No viable dags retrieved from /opt/airflow/dags/pipeline.py
[2026-05-25T10:50:12.169+0000] {processor.py:179} INFO - Processing /opt/airflow/dags/pipeline.py took 0.030 seconds
[2026-05-25T10:50:42.432+0000] {processor.py:157} INFO - Started process (PID=517) to work on /opt/airflow/dags/pipeline.py
[2026-05-25T10:50:42.432+0000] {processor.py:829} INFO - Processing file /opt/airflow/dags/pipeline.py for tasks to queue
[2026-05-25T10:50:42.433+0000] {logging_mixin.py:151} INFO - [2026-05-25T10:50:42.433+0000] {dagbag.py:539} INFO - Filling up the DagBag from /opt/airflow/dags/pipeline.py
[2026-05-25T10:50:42.438+0000] {logging_mixin.py:151} INFO - [2026-05-25T10:50:42.438+0000] {dagbag.py:347} ERROR - Failed to import: /opt/airflow/dags/pipeline.py
Traceback (most recent call last):
  File "/home/airflow/.local/lib/python3.8/site-packages/airflow/models/dagbag.py", line 343, in parse
    loader.exec_module(new_module)
  File "<frozen importlib._bootstrap_external>", line 843, in exec_module
  File "<frozen importlib._bootstrap>", line 219, in _call_with_frames_removed
  File "/opt/airflow/dags/pipeline.py", line 26, in <module>
    extract_task >> transform_task >> load_task
NameError: name 'extract_task' is not defined
[2026-05-25T10:50:42.439+0000] {processor.py:841} WARNING - No viable dags retrieved from /opt/airflow/dags/pipeline.py
[2026-05-25T10:50:42.450+0000] {processor.py:179} INFO - Processing /opt/airflow/dags/pipeline.py took 0.020 seconds
[2026-05-25T10:51:12.722+0000] {processor.py:157} INFO - Started process (PID=532) to work on /opt/airflow/dags/pipeline.py
[2026-05-25T10:51:12.723+0000] {processor.py:829} INFO - Processing file /opt/airflow/dags/pipeline.py for tasks to queue
[2026-05-25T10:51:12.724+0000] {logging_mixin.py:151} INFO - [2026-05-25T10:51:12.724+0000] {dagbag.py:539} INFO - Filling up the DagBag from /opt/airflow/dags/pipeline.py
[2026-05-25T10:51:12.732+0000] {logging_mixin.py:151} INFO - [2026-05-25T10:51:12.731+0000] {dagbag.py:347} ERROR - Failed to import: /opt/airflow/dags/pipeline.py
Traceback (most recent call last):
  File "/home/airflow/.local/lib/python3.8/site-packages/airflow/models/dagbag.py", line 343, in parse
    loader.exec_module(new_module)
  File "<frozen importlib._bootstrap_external>", line 843, in exec_module
  File "<frozen importlib._bootstrap>", line 219, in _call_with_frames_removed
  File "/opt/airflow/dags/pipeline.py", line 26, in <module>
    extract_task >> transform_task >> load_task
NameError: name 'extract_task' is not defined
[2026-05-25T10:51:12.732+0000] {processor.py:841} WARNING - No viable dags retrieved from /opt/airflow/dags/pipeline.py
[2026-05-25T10:51:12.748+0000] {processor.py:179} INFO - Processing /opt/airflow/dags/pipeline.py took 0.029 seconds
[2026-05-25T10:51:43.026+0000] {processor.py:157} INFO - Started process (PID=542) to work on /opt/airflow/dags/pipeline.py
[2026-05-25T10:51:43.029+0000] {processor.py:829} INFO - Processing file /opt/airflow/dags/pipeline.py for tasks to queue
[2026-05-25T10:51:43.030+0000] {logging_mixin.py:151} INFO - [2026-05-25T10:51:43.030+0000] {dagbag.py:539} INFO - Filling up the DagBag from /opt/airflow/dags/pipeline.py
[2026-05-25T10:51:43.036+0000] {logging_mixin.py:151} INFO - [2026-05-25T10:51:43.035+0000] {dagbag.py:347} ERROR - Failed to import: /opt/airflow/dags/pipeline.py
Traceback (most recent call last):
  File "/home/airflow/.local/lib/python3.8/site-packages/airflow/models/dagbag.py", line 343, in parse
    loader.exec_module(new_module)
  File "<frozen importlib._bootstrap_external>", line 843, in exec_module
  File "<frozen importlib._bootstrap>", line 219, in _call_with_frames_removed
  File "/opt/airflow/dags/pipeline.py", line 26, in <module>
    extract_task >> transform_task >> load_task
NameError: name 'extract_task' is not defined
[2026-05-25T10:51:43.036+0000] {processor.py:841} WARNING - No viable dags retrieved from /opt/airflow/dags/pipeline.py
[2026-05-25T10:51:43.051+0000] {processor.py:179} INFO - Processing /opt/airflow/dags/pipeline.py took 0.031 seconds
[2026-05-25T10:52:13.374+0000] {processor.py:157} INFO - Started process (PID=557) to work on /opt/airflow/dags/pipeline.py
[2026-05-25T10:52:13.376+0000] {processor.py:829} INFO - Processing file /opt/airflow/dags/pipeline.py for tasks to queue
[2026-05-25T10:52:13.377+0000] {logging_mixin.py:151} INFO - [2026-05-25T10:52:13.376+0000] {dagbag.py:539} INFO - Filling up the DagBag from /opt/airflow/dags/pipeline.py
[2026-05-25T10:52:13.384+0000] {logging_mixin.py:151} INFO - [2026-05-25T10:52:13.382+0000] {dagbag.py:347} ERROR - Failed to import: /opt/airflow/dags/pipeline.py
Traceback (most recent call last):
  File "/home/airflow/.local/lib/python3.8/site-packages/airflow/models/dagbag.py", line 343, in parse
    loader.exec_module(new_module)
  File "<frozen importlib._bootstrap_external>", line 843, in exec_module
  File "<frozen importlib._bootstrap>", line 219, in _call_with_frames_removed
  File "/opt/airflow/dags/pipeline.py", line 26, in <module>
    extract_task >> transform_task >> load_task
NameError: name 'extract_task' is not defined
[2026-05-25T10:52:13.384+0000] {processor.py:841} WARNING - No viable dags retrieved from /opt/airflow/dags/pipeline.py
[2026-05-25T10:52:13.400+0000] {processor.py:179} INFO - Processing /opt/airflow/dags/pipeline.py took 0.029 seconds
[2026-05-25T10:52:43.685+0000] {processor.py:157} INFO - Started process (PID=567) to work on /opt/airflow/dags/pipeline.py
[2026-05-25T10:52:43.686+0000] {processor.py:829} INFO - Processing file /opt/airflow/dags/pipeline.py for tasks to queue
[2026-05-25T10:52:43.687+0000] {logging_mixin.py:151} INFO - [2026-05-25T10:52:43.687+0000] {dagbag.py:539} INFO - Filling up the DagBag from /opt/airflow/dags/pipeline.py
[2026-05-25T10:52:43.695+0000] {logging_mixin.py:151} INFO - [2026-05-25T10:52:43.693+0000] {dagbag.py:347} ERROR - Failed to import: /opt/airflow/dags/pipeline.py
Traceback (most recent call last):
  File "/home/airflow/.local/lib/python3.8/site-packages/airflow/models/dagbag.py", line 343, in parse
    loader.exec_module(new_module)
  File "<frozen importlib._bootstrap_external>", line 843, in exec_module
  File "<frozen importlib._bootstrap>", line 219, in _call_with_frames_removed
  File "/opt/airflow/dags/pipeline.py", line 26, in <module>
    extract_task >> transform_task >> load_task
NameError: name 'extract_task' is not defined
[2026-05-25T10:52:43.695+0000] {processor.py:841} WARNING - No viable dags retrieved from /opt/airflow/dags/pipeline.py
[2026-05-25T10:52:43.712+0000] {processor.py:179} INFO - Processing /opt/airflow/dags/pipeline.py took 0.032 seconds
[2026-05-25T10:53:13.969+0000] {processor.py:157} INFO - Started process (PID=582) to work on /opt/airflow/dags/pipeline.py
[2026-05-25T10:53:13.970+0000] {processor.py:829} INFO - Processing file /opt/airflow/dags/pipeline.py for tasks to queue
[2026-05-25T10:53:13.971+0000] {logging_mixin.py:151} INFO - [2026-05-25T10:53:13.971+0000] {dagbag.py:539} INFO - Filling up the DagBag from /opt/airflow/dags/pipeline.py
[2026-05-25T10:53:13.980+0000] {logging_mixin.py:151} INFO - [2026-05-25T10:53:13.979+0000] {dagbag.py:347} ERROR - Failed to import: /opt/airflow/dags/pipeline.py
Traceback (most recent call last):
  File "/home/airflow/.local/lib/python3.8/site-packages/airflow/models/dagbag.py", line 343, in parse
    loader.exec_module(new_module)
  File "<frozen importlib._bootstrap_external>", line 843, in exec_module
  File "<frozen importlib._bootstrap>", line 219, in _call_with_frames_removed
  File "/opt/airflow/dags/pipeline.py", line 26, in <module>
    extract_task >> transform_task >> load_task
NameError: name 'extract_task' is not defined
[2026-05-25T10:53:13.981+0000] {processor.py:841} WARNING - No viable dags retrieved from /opt/airflow/dags/pipeline.py
[2026-05-25T10:53:14.000+0000] {processor.py:179} INFO - Processing /opt/airflow/dags/pipeline.py took 0.035 seconds
[2026-05-25T10:53:44.291+0000] {processor.py:157} INFO - Started process (PID=592) to work on /opt/airflow/dags/pipeline.py
[2026-05-25T10:53:44.293+0000] {processor.py:829} INFO - Processing file /opt/airflow/dags/pipeline.py for tasks to queue
[2026-05-25T10:53:44.294+0000] {logging_mixin.py:151} INFO - [2026-05-25T10:53:44.293+0000] {dagbag.py:539} INFO - Filling up the DagBag from /opt/airflow/dags/pipeline.py
[2026-05-25T10:53:44.308+0000] {logging_mixin.py:151} INFO - [2026-05-25T10:53:44.306+0000] {dagbag.py:347} ERROR - Failed to import: /opt/airflow/dags/pipeline.py
Traceback (most recent call last):
  File "/home/airflow/.local/lib/python3.8/site-packages/airflow/models/dagbag.py", line 343, in parse
    loader.exec_module(new_module)
  File "<frozen importlib._bootstrap_external>", line 843, in exec_module
  File "<frozen importlib._bootstrap>", line 219, in _call_with_frames_removed
  File "/opt/airflow/dags/pipeline.py", line 26, in <module>
    extract_task >> transform_task >> load_task
NameError: name 'extract_task' is not defined
[2026-05-25T10:53:44.308+0000] {processor.py:841} WARNING - No viable dags retrieved from /opt/airflow/dags/pipeline.py
[2026-05-25T10:53:44.334+0000] {processor.py:179} INFO - Processing /opt/airflow/dags/pipeline.py took 0.049 seconds
[2026-05-25T10:54:14.611+0000] {processor.py:157} INFO - Started process (PID=602) to work on /opt/airflow/dags/pipeline.py
[2026-05-25T10:54:14.613+0000] {processor.py:829} INFO - Processing file /opt/airflow/dags/pipeline.py for tasks to queue
[2026-05-25T10:54:14.614+0000] {logging_mixin.py:151} INFO - [2026-05-25T10:54:14.614+0000] {dagbag.py:539} INFO - Filling up the DagBag from /opt/airflow/dags/pipeline.py
[2026-05-25T10:54:14.629+0000] {logging_mixin.py:151} INFO - [2026-05-25T10:54:14.626+0000] {dagbag.py:347} ERROR - Failed to import: /opt/airflow/dags/pipeline.py
Traceback (most recent call last):
  File "/home/airflow/.local/lib/python3.8/site-packages/airflow/models/dagbag.py", line 343, in parse
    loader.exec_module(new_module)
  File "<frozen importlib._bootstrap_external>", line 843, in exec_module
  File "<frozen importlib._bootstrap>", line 219, in _call_with_frames_removed
  File "/opt/airflow/dags/pipeline.py", line 26, in <module>
    extract_task >> transform_task >> load_task
NameError: name 'extract_task' is not defined
[2026-05-25T10:54:14.630+0000] {processor.py:841} WARNING - No viable dags retrieved from /opt/airflow/dags/pipeline.py
[2026-05-25T10:54:14.653+0000] {processor.py:179} INFO - Processing /opt/airflow/dags/pipeline.py took 0.053 seconds
[2026-05-25T10:54:44.947+0000] {processor.py:157} INFO - Started process (PID=612) to work on /opt/airflow/dags/pipeline.py
[2026-05-25T10:54:44.948+0000] {processor.py:829} INFO - Processing file /opt/airflow/dags/pipeline.py for tasks to queue
[2026-05-25T10:54:44.950+0000] {logging_mixin.py:151} INFO - [2026-05-25T10:54:44.950+0000] {dagbag.py:539} INFO - Filling up the DagBag from /opt/airflow/dags/pipeline.py
[2026-05-25T10:54:44.963+0000] {logging_mixin.py:151} INFO - [2026-05-25T10:54:44.961+0000] {dagbag.py:347} ERROR - Failed to import: /opt/airflow/dags/pipeline.py
Traceback (most recent call last):
  File "/home/airflow/.local/lib/python3.8/site-packages/airflow/models/dagbag.py", line 343, in parse
    loader.exec_module(new_module)
  File "<frozen importlib._bootstrap_external>", line 843, in exec_module
  File "<frozen importlib._bootstrap>", line 219, in _call_with_frames_removed
  File "/opt/airflow/dags/pipeline.py", line 26, in <module>
    extract_task >> transform_task >> load_task
NameError: name 'extract_task' is not defined
[2026-05-25T10:54:44.964+0000] {processor.py:841} WARNING - No viable dags retrieved from /opt/airflow/dags/pipeline.py
[2026-05-25T10:54:44.983+0000] {processor.py:179} INFO - Processing /opt/airflow/dags/pipeline.py took 0.046 seconds
[2026-05-25T10:55:15.255+0000] {processor.py:157} INFO - Started process (PID=627) to work on /opt/airflow/dags/pipeline.py
[2026-05-25T10:55:15.257+0000] {processor.py:829} INFO - Processing file /opt/airflow/dags/pipeline.py for tasks to queue
[2026-05-25T10:55:15.257+0000] {logging_mixin.py:151} INFO - [2026-05-25T10:55:15.257+0000] {dagbag.py:539} INFO - Filling up the DagBag from /opt/airflow/dags/pipeline.py
[2026-05-25T10:55:15.264+0000] {logging_mixin.py:151} INFO - [2026-05-25T10:55:15.263+0000] {dagbag.py:347} ERROR - Failed to import: /opt/airflow/dags/pipeline.py
Traceback (most recent call last):
  File "/home/airflow/.local/lib/python3.8/site-packages/airflow/models/dagbag.py", line 343, in parse
    loader.exec_module(new_module)
  File "<frozen importlib._bootstrap_external>", line 843, in exec_module
  File "<frozen importlib._bootstrap>", line 219, in _call_with_frames_removed
  File "/opt/airflow/dags/pipeline.py", line 26, in <module>
    extract_task >> transform_task >> load_task
NameError: name 'extract_task' is not defined
[2026-05-25T10:55:15.265+0000] {processor.py:841} WARNING - No viable dags retrieved from /opt/airflow/dags/pipeline.py
[2026-05-25T10:55:15.291+0000] {processor.py:179} INFO - Processing /opt/airflow/dags/pipeline.py took 0.045 seconds
[2026-05-25T10:55:45.596+0000] {processor.py:157} INFO - Started process (PID=637) to work on /opt/airflow/dags/pipeline.py
[2026-05-25T10:55:45.597+0000] {processor.py:829} INFO - Processing file /opt/airflow/dags/pipeline.py for tasks to queue
[2026-05-25T10:55:45.598+0000] {logging_mixin.py:151} INFO - [2026-05-25T10:55:45.598+0000] {dagbag.py:539} INFO - Filling up the DagBag from /opt/airflow/dags/pipeline.py
[2026-05-25T10:55:45.606+0000] {logging_mixin.py:151} INFO - [2026-05-25T10:55:45.604+0000] {dagbag.py:347} ERROR - Failed to import: /opt/airflow/dags/pipeline.py
Traceback (most recent call last):
  File "/home/airflow/.local/lib/python3.8/site-packages/airflow/models/dagbag.py", line 343, in parse
    loader.exec_module(new_module)
  File "<frozen importlib._bootstrap_external>", line 843, in exec_module
  File "<frozen importlib._bootstrap>", line 219, in _call_with_frames_removed
  File "/opt/airflow/dags/pipeline.py", line 26, in <module>
    extract_task >> transform_task >> load_task
NameError: name 'extract_task' is not defined
[2026-05-25T10:55:45.606+0000] {processor.py:841} WARNING - No viable dags retrieved from /opt/airflow/dags/pipeline.py
[2026-05-25T10:55:45.620+0000] {processor.py:179} INFO - Processing /opt/airflow/dags/pipeline.py took 0.028 seconds
[2026-05-25T10:56:15.873+0000] {processor.py:157} INFO - Started process (PID=647) to work on /opt/airflow/dags/pipeline.py
[2026-05-25T10:56:15.874+0000] {processor.py:829} INFO - Processing file /opt/airflow/dags/pipeline.py for tasks to queue
[2026-05-25T10:56:15.875+0000] {logging_mixin.py:151} INFO - [2026-05-25T10:56:15.875+0000] {dagbag.py:539} INFO - Filling up the DagBag from /opt/airflow/dags/pipeline.py
[2026-05-25T10:56:15.882+0000] {logging_mixin.py:151} INFO - [2026-05-25T10:56:15.881+0000] {dagbag.py:347} ERROR - Failed to import: /opt/airflow/dags/pipeline.py
Traceback (most recent call last):
  File "/home/airflow/.local/lib/python3.8/site-packages/airflow/models/dagbag.py", line 343, in parse
    loader.exec_module(new_module)
  File "<frozen importlib._bootstrap_external>", line 843, in exec_module
  File "<frozen importlib._bootstrap>", line 219, in _call_with_frames_removed
  File "/opt/airflow/dags/pipeline.py", line 26, in <module>
    extract_task >> transform_task >> load_task
NameError: name 'extract_task' is not defined
[2026-05-25T10:56:15.882+0000] {processor.py:841} WARNING - No viable dags retrieved from /opt/airflow/dags/pipeline.py
[2026-05-25T10:56:15.893+0000] {processor.py:179} INFO - Processing /opt/airflow/dags/pipeline.py took 0.025 seconds
[2026-05-25T10:56:46.129+0000] {processor.py:157} INFO - Started process (PID=657) to work on /opt/airflow/dags/pipeline.py
[2026-05-25T10:56:46.130+0000] {processor.py:829} INFO - Processing file /opt/airflow/dags/pipeline.py for tasks to queue
[2026-05-25T10:56:46.131+0000] {logging_mixin.py:151} INFO - [2026-05-25T10:56:46.131+0000] {dagbag.py:539} INFO - Filling up the DagBag from /opt/airflow/dags/pipeline.py
[2026-05-25T10:56:46.138+0000] {logging_mixin.py:151} INFO - [2026-05-25T10:56:46.137+0000] {dagbag.py:347} ERROR - Failed to import: /opt/airflow/dags/pipeline.py
Traceback (most recent call last):
  File "/home/airflow/.local/lib/python3.8/site-packages/airflow/models/dagbag.py", line 343, in parse
    loader.exec_module(new_module)
  File "<frozen importlib._bootstrap_external>", line 843, in exec_module
  File "<frozen importlib._bootstrap>", line 219, in _call_with_frames_removed
  File "/opt/airflow/dags/pipeline.py", line 26, in <module>
    extract_task >> transform_task >> load_task
NameError: name 'extract_task' is not defined
[2026-05-25T10:56:46.138+0000] {processor.py:841} WARNING - No viable dags retrieved from /opt/airflow/dags/pipeline.py
[2026-05-25T10:56:46.155+0000] {processor.py:179} INFO - Processing /opt/airflow/dags/pipeline.py took 0.031 seconds
[2026-05-25T10:57:16.436+0000] {processor.py:157} INFO - Started process (PID=672) to work on /opt/airflow/dags/pipeline.py
[2026-05-25T10:57:16.437+0000] {processor.py:829} INFO - Processing file /opt/airflow/dags/pipeline.py for tasks to queue
[2026-05-25T10:57:16.438+0000] {logging_mixin.py:151} INFO - [2026-05-25T10:57:16.438+0000] {dagbag.py:539} INFO - Filling up the DagBag from /opt/airflow/dags/pipeline.py
[2026-05-25T10:57:16.444+0000] {logging_mixin.py:151} INFO - [2026-05-25T10:57:16.443+0000] {dagbag.py:347} ERROR - Failed to import: /opt/airflow/dags/pipeline.py
Traceback (most recent call last):
  File "/home/airflow/.local/lib/python3.8/site-packages/airflow/models/dagbag.py", line 343, in parse
    loader.exec_module(new_module)
  File "<frozen importlib._bootstrap_external>", line 843, in exec_module
  File "<frozen importlib._bootstrap>", line 219, in _call_with_frames_removed
  File "/opt/airflow/dags/pipeline.py", line 26, in <module>
    extract_task >> transform_task >> load_task
NameError: name 'extract_task' is not defined
[2026-05-25T10:57:16.444+0000] {processor.py:841} WARNING - No viable dags retrieved from /opt/airflow/dags/pipeline.py
[2026-05-25T10:57:16.461+0000] {processor.py:179} INFO - Processing /opt/airflow/dags/pipeline.py took 0.027 seconds
[2026-05-25T10:57:46.718+0000] {processor.py:157} INFO - Started process (PID=682) to work on /opt/airflow/dags/pipeline.py
[2026-05-25T10:57:46.720+0000] {processor.py:829} INFO - Processing file /opt/airflow/dags/pipeline.py for tasks to queue
[2026-05-25T10:57:46.721+0000] {logging_mixin.py:151} INFO - [2026-05-25T10:57:46.720+0000] {dagbag.py:539} INFO - Filling up the DagBag from /opt/airflow/dags/pipeline.py
[2026-05-25T10:57:46.727+0000] {logging_mixin.py:151} INFO - [2026-05-25T10:57:46.726+0000] {dagbag.py:347} ERROR - Failed to import: /opt/airflow/dags/pipeline.py
Traceback (most recent call last):
  File "/home/airflow/.local/lib/python3.8/site-packages/airflow/models/dagbag.py", line 343, in parse
    loader.exec_module(new_module)
  File "<frozen importlib._bootstrap_external>", line 843, in exec_module
  File "<frozen importlib._bootstrap>", line 219, in _call_with_frames_removed
  File "/opt/airflow/dags/pipeline.py", line 26, in <module>
    extract_task >> transform_task >> load_task
NameError: name 'extract_task' is not defined
[2026-05-25T10:57:46.728+0000] {processor.py:841} WARNING - No viable dags retrieved from /opt/airflow/dags/pipeline.py
[2026-05-25T10:57:46.744+0000] {processor.py:179} INFO - Processing /opt/airflow/dags/pipeline.py took 0.032 seconds
[2026-05-25T10:58:17.049+0000] {processor.py:157} INFO - Started process (PID=692) to work on /opt/airflow/dags/pipeline.py
[2026-05-25T10:58:17.050+0000] {processor.py:829} INFO - Processing file /opt/airflow/dags/pipeline.py for tasks to queue
[2026-05-25T10:58:17.052+0000] {logging_mixin.py:151} INFO - [2026-05-25T10:58:17.051+0000] {dagbag.py:539} INFO - Filling up the DagBag from /opt/airflow/dags/pipeline.py
[2026-05-25T10:58:17.064+0000] {logging_mixin.py:151} INFO - [2026-05-25T10:58:17.060+0000] {dagbag.py:347} ERROR - Failed to import: /opt/airflow/dags/pipeline.py
Traceback (most recent call last):
  File "/home/airflow/.local/lib/python3.8/site-packages/airflow/models/dagbag.py", line 343, in parse
    loader.exec_module(new_module)
  File "<frozen importlib._bootstrap_external>", line 843, in exec_module
  File "<frozen importlib._bootstrap>", line 219, in _call_with_frames_removed
  File "/opt/airflow/dags/pipeline.py", line 26, in <module>
    extract_task >> transform_task >> load_task
NameError: name 'extract_task' is not defined
[2026-05-25T10:58:17.065+0000] {processor.py:841} WARNING - No viable dags retrieved from /opt/airflow/dags/pipeline.py
[2026-05-25T10:58:17.087+0000] {processor.py:179} INFO - Processing /opt/airflow/dags/pipeline.py took 0.043 seconds
[2026-05-25T10:58:47.346+0000] {processor.py:157} INFO - Started process (PID=702) to work on /opt/airflow/dags/pipeline.py
[2026-05-25T10:58:47.348+0000] {processor.py:829} INFO - Processing file /opt/airflow/dags/pipeline.py for tasks to queue
[2026-05-25T10:58:47.349+0000] {logging_mixin.py:151} INFO - [2026-05-25T10:58:47.349+0000] {dagbag.py:539} INFO - Filling up the DagBag from /opt/airflow/dags/pipeline.py
[2026-05-25T10:58:47.358+0000] {logging_mixin.py:151} INFO - [2026-05-25T10:58:47.357+0000] {dagbag.py:347} ERROR - Failed to import: /opt/airflow/dags/pipeline.py
Traceback (most recent call last):
  File "/home/airflow/.local/lib/python3.8/site-packages/airflow/models/dagbag.py", line 343, in parse
    loader.exec_module(new_module)
  File "<frozen importlib._bootstrap_external>", line 843, in exec_module
  File "<frozen importlib._bootstrap>", line 219, in _call_with_frames_removed
  File "/opt/airflow/dags/pipeline.py", line 26, in <module>
    extract_task >> transform_task >> load_task
NameError: name 'extract_task' is not defined
[2026-05-25T10:58:47.359+0000] {processor.py:841} WARNING - No viable dags retrieved from /opt/airflow/dags/pipeline.py
[2026-05-25T10:58:47.379+0000] {processor.py:179} INFO - Processing /opt/airflow/dags/pipeline.py took 0.036 seconds
[2026-05-25T10:59:17.670+0000] {processor.py:157} INFO - Started process (PID=712) to work on /opt/airflow/dags/pipeline.py
[2026-05-25T10:59:17.671+0000] {processor.py:829} INFO - Processing file /opt/airflow/dags/pipeline.py for tasks to queue
[2026-05-25T10:59:17.671+0000] {logging_mixin.py:151} INFO - [2026-05-25T10:59:17.671+0000] {dagbag.py:539} INFO - Filling up the DagBag from /opt/airflow/dags/pipeline.py
[2026-05-25T10:59:17.678+0000] {logging_mixin.py:151} INFO - [2026-05-25T10:59:17.677+0000] {dagbag.py:347} ERROR - Failed to import: /opt/airflow/dags/pipeline.py
Traceback (most recent call last):
  File "/home/airflow/.local/lib/python3.8/site-packages/airflow/models/dagbag.py", line 343, in parse
    loader.exec_module(new_module)
  File "<frozen importlib._bootstrap_external>", line 843, in exec_module
  File "<frozen importlib._bootstrap>", line 219, in _call_with_frames_removed
  File "/opt/airflow/dags/pipeline.py", line 26, in <module>
    extract_task >> transform_task >> load_task
NameError: name 'extract_task' is not defined
[2026-05-25T10:59:17.678+0000] {processor.py:841} WARNING - No viable dags retrieved from /opt/airflow/dags/pipeline.py
[2026-05-25T10:59:17.693+0000] {processor.py:179} INFO - Processing /opt/airflow/dags/pipeline.py took 0.027 seconds
[2026-05-25T10:59:47.949+0000] {processor.py:157} INFO - Started process (PID=722) to work on /opt/airflow/dags/pipeline.py
[2026-05-25T10:59:47.950+0000] {processor.py:829} INFO - Processing file /opt/airflow/dags/pipeline.py for tasks to queue
[2026-05-25T10:59:47.951+0000] {logging_mixin.py:151} INFO - [2026-05-25T10:59:47.951+0000] {dagbag.py:539} INFO - Filling up the DagBag from /opt/airflow/dags/pipeline.py
[2026-05-25T10:59:47.959+0000] {logging_mixin.py:151} INFO - [2026-05-25T10:59:47.958+0000] {dagbag.py:347} ERROR - Failed to import: /opt/airflow/dags/pipeline.py
Traceback (most recent call last):
  File "/home/airflow/.local/lib/python3.8/site-packages/airflow/models/dagbag.py", line 343, in parse
    loader.exec_module(new_module)
  File "<frozen importlib._bootstrap_external>", line 843, in exec_module
  File "<frozen importlib._bootstrap>", line 219, in _call_with_frames_removed
  File "/opt/airflow/dags/pipeline.py", line 26, in <module>
    extract_task >> transform_task >> load_task
NameError: name 'extract_task' is not defined
[2026-05-25T10:59:47.960+0000] {processor.py:841} WARNING - No viable dags retrieved from /opt/airflow/dags/pipeline.py
[2026-05-25T10:59:47.978+0000] {processor.py:179} INFO - Processing /opt/airflow/dags/pipeline.py took 0.033 seconds
[2026-05-25T11:00:18.261+0000] {processor.py:157} INFO - Started process (PID=732) to work on /opt/airflow/dags/pipeline.py
[2026-05-25T11:00:18.263+0000] {processor.py:829} INFO - Processing file /opt/airflow/dags/pipeline.py for tasks to queue
[2026-05-25T11:00:18.265+0000] {logging_mixin.py:151} INFO - [2026-05-25T11:00:18.264+0000] {dagbag.py:539} INFO - Filling up the DagBag from /opt/airflow/dags/pipeline.py
[2026-05-25T11:00:18.279+0000] {logging_mixin.py:151} INFO - [2026-05-25T11:00:18.276+0000] {dagbag.py:347} ERROR - Failed to import: /opt/airflow/dags/pipeline.py
Traceback (most recent call last):
  File "/home/airflow/.local/lib/python3.8/site-packages/airflow/models/dagbag.py", line 343, in parse
    loader.exec_module(new_module)
  File "<frozen importlib._bootstrap_external>", line 843, in exec_module
  File "<frozen importlib._bootstrap>", line 219, in _call_with_frames_removed
  File "/opt/airflow/dags/pipeline.py", line 26, in <module>
    extract_task >> transform_task >> load_task
NameError: name 'extract_task' is not defined
[2026-05-25T11:00:18.280+0000] {processor.py:841} WARNING - No viable dags retrieved from /opt/airflow/dags/pipeline.py
[2026-05-25T11:00:18.324+0000] {processor.py:179} INFO - Processing /opt/airflow/dags/pipeline.py took 0.070 seconds
[2026-05-25T11:00:48.631+0000] {processor.py:157} INFO - Started process (PID=742) to work on /opt/airflow/dags/pipeline.py
[2026-05-25T11:00:48.633+0000] {processor.py:829} INFO - Processing file /opt/airflow/dags/pipeline.py for tasks to queue
[2026-05-25T11:00:48.634+0000] {logging_mixin.py:151} INFO - [2026-05-25T11:00:48.634+0000] {dagbag.py:539} INFO - Filling up the DagBag from /opt/airflow/dags/pipeline.py
[2026-05-25T11:00:48.646+0000] {logging_mixin.py:151} INFO - [2026-05-25T11:00:48.644+0000] {dagbag.py:347} ERROR - Failed to import: /opt/airflow/dags/pipeline.py
Traceback (most recent call last):
  File "/home/airflow/.local/lib/python3.8/site-packages/airflow/models/dagbag.py", line 343, in parse
    loader.exec_module(new_module)
  File "<frozen importlib._bootstrap_external>", line 843, in exec_module
  File "<frozen importlib._bootstrap>", line 219, in _call_with_frames_removed
  File "/opt/airflow/dags/pipeline.py", line 26, in <module>
    extract_task >> transform_task >> load_task
NameError: name 'extract_task' is not defined
[2026-05-25T11:00:48.646+0000] {processor.py:841} WARNING - No viable dags retrieved from /opt/airflow/dags/pipeline.py
[2026-05-25T11:00:48.665+0000] {processor.py:179} INFO - Processing /opt/airflow/dags/pipeline.py took 0.041 seconds
[2026-05-25T11:01:18.963+0000] {processor.py:157} INFO - Started process (PID=752) to work on /opt/airflow/dags/pipeline.py
[2026-05-25T11:01:18.964+0000] {processor.py:829} INFO - Processing file /opt/airflow/dags/pipeline.py for tasks to queue
[2026-05-25T11:01:18.965+0000] {logging_mixin.py:151} INFO - [2026-05-25T11:01:18.964+0000] {dagbag.py:539} INFO - Filling up the DagBag from /opt/airflow/dags/pipeline.py
[2026-05-25T11:01:18.971+0000] {logging_mixin.py:151} INFO - [2026-05-25T11:01:18.970+0000] {dagbag.py:347} ERROR - Failed to import: /opt/airflow/dags/pipeline.py
Traceback (most recent call last):
  File "/home/airflow/.local/lib/python3.8/site-packages/airflow/models/dagbag.py", line 343, in parse
    loader.exec_module(new_module)
  File "<frozen importlib._bootstrap_external>", line 843, in exec_module
  File "<frozen importlib._bootstrap>", line 219, in _call_with_frames_removed
  File "/opt/airflow/dags/pipeline.py", line 26, in <module>
    extract_task >> transform_task >> load_task
NameError: name 'extract_task' is not defined
[2026-05-25T11:01:18.971+0000] {processor.py:841} WARNING - No viable dags retrieved from /opt/airflow/dags/pipeline.py
[2026-05-25T11:01:18.990+0000] {processor.py:179} INFO - Processing /opt/airflow/dags/pipeline.py took 0.031 seconds
[2026-05-25T11:01:49.229+0000] {processor.py:157} INFO - Started process (PID=762) to work on /opt/airflow/dags/pipeline.py
[2026-05-25T11:01:49.230+0000] {processor.py:829} INFO - Processing file /opt/airflow/dags/pipeline.py for tasks to queue
[2026-05-25T11:01:49.231+0000] {logging_mixin.py:151} INFO - [2026-05-25T11:01:49.230+0000] {dagbag.py:539} INFO - Filling up the DagBag from /opt/airflow/dags/pipeline.py
[2026-05-25T11:01:49.237+0000] {logging_mixin.py:151} INFO - [2026-05-25T11:01:49.236+0000] {dagbag.py:347} ERROR - Failed to import: /opt/airflow/dags/pipeline.py
Traceback (most recent call last):
  File "/home/airflow/.local/lib/python3.8/site-packages/airflow/models/dagbag.py", line 343, in parse
    loader.exec_module(new_module)
  File "<frozen importlib._bootstrap_external>", line 843, in exec_module
  File "<frozen importlib._bootstrap>", line 219, in _call_with_frames_removed
  File "/opt/airflow/dags/pipeline.py", line 26, in <module>
    extract_task >> transform_task >> load_task
NameError: name 'extract_task' is not defined
[2026-05-25T11:01:49.237+0000] {processor.py:841} WARNING - No viable dags retrieved from /opt/airflow/dags/pipeline.py
[2026-05-25T11:01:49.253+0000] {processor.py:179} INFO - Processing /opt/airflow/dags/pipeline.py took 0.027 seconds
[2026-05-25T11:02:19.571+0000] {processor.py:157} INFO - Started process (PID=772) to work on /opt/airflow/dags/pipeline.py
[2026-05-25T11:02:19.572+0000] {processor.py:829} INFO - Processing file /opt/airflow/dags/pipeline.py for tasks to queue
[2026-05-25T11:02:19.574+0000] {logging_mixin.py:151} INFO - [2026-05-25T11:02:19.573+0000] {dagbag.py:539} INFO - Filling up the DagBag from /opt/airflow/dags/pipeline.py
[2026-05-25T11:02:19.587+0000] {logging_mixin.py:151} INFO - [2026-05-25T11:02:19.585+0000] {dagbag.py:347} ERROR - Failed to import: /opt/airflow/dags/pipeline.py
Traceback (most recent call last):
  File "/home/airflow/.local/lib/python3.8/site-packages/airflow/models/dagbag.py", line 343, in parse
    loader.exec_module(new_module)
  File "<frozen importlib._bootstrap_external>", line 843, in exec_module
  File "<frozen importlib._bootstrap>", line 219, in _call_with_frames_removed
  File "/opt/airflow/dags/pipeline.py", line 26, in <module>
    extract_task >> transform_task >> load_task
NameError: name 'extract_task' is not defined
[2026-05-25T11:02:19.587+0000] {processor.py:841} WARNING - No viable dags retrieved from /opt/airflow/dags/pipeline.py
[2026-05-25T11:02:19.607+0000] {processor.py:179} INFO - Processing /opt/airflow/dags/pipeline.py took 0.045 seconds
[2026-05-25T11:02:49.906+0000] {processor.py:157} INFO - Started process (PID=782) to work on /opt/airflow/dags/pipeline.py
[2026-05-25T11:02:49.908+0000] {processor.py:829} INFO - Processing file /opt/airflow/dags/pipeline.py for tasks to queue
[2026-05-25T11:02:49.909+0000] {logging_mixin.py:151} INFO - [2026-05-25T11:02:49.909+0000] {dagbag.py:539} INFO - Filling up the DagBag from /opt/airflow/dags/pipeline.py
[2026-05-25T11:02:49.922+0000] {logging_mixin.py:151} INFO - [2026-05-25T11:02:49.920+0000] {dagbag.py:347} ERROR - Failed to import: /opt/airflow/dags/pipeline.py
Traceback (most recent call last):
  File "/home/airflow/.local/lib/python3.8/site-packages/airflow/models/dagbag.py", line 343, in parse
    loader.exec_module(new_module)
  File "<frozen importlib._bootstrap_external>", line 843, in exec_module
  File "<frozen importlib._bootstrap>", line 219, in _call_with_frames_removed
  File "/opt/airflow/dags/pipeline.py", line 26, in <module>
    extract_task >> transform_task >> load_task
NameError: name 'extract_task' is not defined
[2026-05-25T11:02:49.923+0000] {processor.py:841} WARNING - No viable dags retrieved from /opt/airflow/dags/pipeline.py
[2026-05-25T11:02:49.943+0000] {processor.py:179} INFO - Processing /opt/airflow/dags/pipeline.py took 0.043 seconds
[2026-05-25T11:03:20.187+0000] {processor.py:157} INFO - Started process (PID=792) to work on /opt/airflow/dags/pipeline.py
[2026-05-25T11:03:20.189+0000] {processor.py:829} INFO - Processing file /opt/airflow/dags/pipeline.py for tasks to queue
[2026-05-25T11:03:20.191+0000] {logging_mixin.py:151} INFO - [2026-05-25T11:03:20.191+0000] {dagbag.py:539} INFO - Filling up the DagBag from /opt/airflow/dags/pipeline.py
[2026-05-25T11:03:20.199+0000] {logging_mixin.py:151} INFO - [2026-05-25T11:03:20.197+0000] {dagbag.py:347} ERROR - Failed to import: /opt/airflow/dags/pipeline.py
Traceback (most recent call last):
  File "/home/airflow/.local/lib/python3.8/site-packages/airflow/models/dagbag.py", line 343, in parse
    loader.exec_module(new_module)
  File "<frozen importlib._bootstrap_external>", line 843, in exec_module
  File "<frozen importlib._bootstrap>", line 219, in _call_with_frames_removed
  File "/opt/airflow/dags/pipeline.py", line 26, in <module>
    extract_task >> transform_task >> load_task
NameError: name 'extract_task' is not defined
[2026-05-25T11:03:20.199+0000] {processor.py:841} WARNING - No viable dags retrieved from /opt/airflow/dags/pipeline.py
[2026-05-25T11:03:20.215+0000] {processor.py:179} INFO - Processing /opt/airflow/dags/pipeline.py took 0.032 seconds
[2026-05-25T11:03:50.492+0000] {processor.py:157} INFO - Started process (PID=802) to work on /opt/airflow/dags/pipeline.py
[2026-05-25T11:03:50.493+0000] {processor.py:829} INFO - Processing file /opt/airflow/dags/pipeline.py for tasks to queue
[2026-05-25T11:03:50.494+0000] {logging_mixin.py:151} INFO - [2026-05-25T11:03:50.494+0000] {dagbag.py:539} INFO - Filling up the DagBag from /opt/airflow/dags/pipeline.py
[2026-05-25T11:03:50.504+0000] {logging_mixin.py:151} INFO - [2026-05-25T11:03:50.502+0000] {dagbag.py:347} ERROR - Failed to import: /opt/airflow/dags/pipeline.py
Traceback (most recent call last):
  File "/home/airflow/.local/lib/python3.8/site-packages/airflow/models/dagbag.py", line 343, in parse
    loader.exec_module(new_module)
  File "<frozen importlib._bootstrap_external>", line 843, in exec_module
  File "<frozen importlib._bootstrap>", line 219, in _call_with_frames_removed
  File "/opt/airflow/dags/pipeline.py", line 26, in <module>
    extract_task >> transform_task >> load_task
NameError: name 'extract_task' is not defined
[2026-05-25T11:03:50.505+0000] {processor.py:841} WARNING - No viable dags retrieved from /opt/airflow/dags/pipeline.py
[2026-05-25T11:03:50.525+0000] {processor.py:179} INFO - Processing /opt/airflow/dags/pipeline.py took 0.037 seconds
[2026-05-25T11:04:20.764+0000] {processor.py:157} INFO - Started process (PID=812) to work on /opt/airflow/dags/pipeline.py
[2026-05-25T11:04:20.766+0000] {processor.py:829} INFO - Processing file /opt/airflow/dags/pipeline.py for tasks to queue
[2026-05-25T11:04:20.767+0000] {logging_mixin.py:151} INFO - [2026-05-25T11:04:20.767+0000] {dagbag.py:539} INFO - Filling up the DagBag from /opt/airflow/dags/pipeline.py
[2026-05-25T11:04:20.775+0000] {logging_mixin.py:151} INFO - [2026-05-25T11:04:20.774+0000] {dagbag.py:347} ERROR - Failed to import: /opt/airflow/dags/pipeline.py
Traceback (most recent call last):
  File "/home/airflow/.local/lib/python3.8/site-packages/airflow/models/dagbag.py", line 343, in parse
    loader.exec_module(new_module)
  File "<frozen importlib._bootstrap_external>", line 843, in exec_module
  File "<frozen importlib._bootstrap>", line 219, in _call_with_frames_removed
  File "/opt/airflow/dags/pipeline.py", line 26, in <module>
    extract_task >> transform_task >> load_task
NameError: name 'extract_task' is not defined
[2026-05-25T11:04:20.776+0000] {processor.py:841} WARNING - No viable dags retrieved from /opt/airflow/dags/pipeline.py
[2026-05-25T11:04:20.793+0000] {processor.py:179} INFO - Processing /opt/airflow/dags/pipeline.py took 0.033 seconds
[2026-05-25T11:04:51.102+0000] {processor.py:157} INFO - Started process (PID=822) to work on /opt/airflow/dags/pipeline.py
[2026-05-25T11:04:51.104+0000] {processor.py:829} INFO - Processing file /opt/airflow/dags/pipeline.py for tasks to queue
[2026-05-25T11:04:51.105+0000] {logging_mixin.py:151} INFO - [2026-05-25T11:04:51.104+0000] {dagbag.py:539} INFO - Filling up the DagBag from /opt/airflow/dags/pipeline.py
[2026-05-25T11:04:51.119+0000] {logging_mixin.py:151} INFO - [2026-05-25T11:04:51.117+0000] {dagbag.py:347} ERROR - Failed to import: /opt/airflow/dags/pipeline.py
Traceback (most recent call last):
  File "/home/airflow/.local/lib/python3.8/site-packages/airflow/models/dagbag.py", line 343, in parse
    loader.exec_module(new_module)
  File "<frozen importlib._bootstrap_external>", line 843, in exec_module
  File "<frozen importlib._bootstrap>", line 219, in _call_with_frames_removed
  File "/opt/airflow/dags/pipeline.py", line 26, in <module>
    extract_task >> transform_task >> load_task
NameError: name 'extract_task' is not defined
[2026-05-25T11:04:51.119+0000] {processor.py:841} WARNING - No viable dags retrieved from /opt/airflow/dags/pipeline.py
[2026-05-25T11:04:51.136+0000] {processor.py:179} INFO - Processing /opt/airflow/dags/pipeline.py took 0.039 seconds
[2026-05-25T11:05:21.418+0000] {processor.py:157} INFO - Started process (PID=832) to work on /opt/airflow/dags/pipeline.py
[2026-05-25T11:05:21.421+0000] {processor.py:829} INFO - Processing file /opt/airflow/dags/pipeline.py for tasks to queue
[2026-05-25T11:05:21.422+0000] {logging_mixin.py:151} INFO - [2026-05-25T11:05:21.421+0000] {dagbag.py:539} INFO - Filling up the DagBag from /opt/airflow/dags/pipeline.py
[2026-05-25T11:05:21.434+0000] {logging_mixin.py:151} INFO - [2026-05-25T11:05:21.433+0000] {dagbag.py:347} ERROR - Failed to import: /opt/airflow/dags/pipeline.py
Traceback (most recent call last):
  File "/home/airflow/.local/lib/python3.8/site-packages/airflow/models/dagbag.py", line 343, in parse
    loader.exec_module(new_module)
  File "<frozen importlib._bootstrap_external>", line 843, in exec_module
  File "<frozen importlib._bootstrap>", line 219, in _call_with_frames_removed
  File "/opt/airflow/dags/pipeline.py", line 26, in <module>
    extract_task >> transform_task >> load_task
NameError: name 'extract_task' is not defined
[2026-05-25T11:05:21.435+0000] {processor.py:841} WARNING - No viable dags retrieved from /opt/airflow/dags/pipeline.py
[2026-05-25T11:05:21.454+0000] {processor.py:179} INFO - Processing /opt/airflow/dags/pipeline.py took 0.042 seconds
[2026-05-25T11:05:51.689+0000] {processor.py:157} INFO - Started process (PID=842) to work on /opt/airflow/dags/pipeline.py
[2026-05-25T11:05:51.690+0000] {processor.py:829} INFO - Processing file /opt/airflow/dags/pipeline.py for tasks to queue
[2026-05-25T11:05:51.691+0000] {logging_mixin.py:151} INFO - [2026-05-25T11:05:51.690+0000] {dagbag.py:539} INFO - Filling up the DagBag from /opt/airflow/dags/pipeline.py
[2026-05-25T11:05:51.701+0000] {logging_mixin.py:151} INFO - [2026-05-25T11:05:51.699+0000] {dagbag.py:347} ERROR - Failed to import: /opt/airflow/dags/pipeline.py
Traceback (most recent call last):
  File "/home/airflow/.local/lib/python3.8/site-packages/airflow/models/dagbag.py", line 343, in parse
    loader.exec_module(new_module)
  File "<frozen importlib._bootstrap_external>", line 843, in exec_module
  File "<frozen importlib._bootstrap>", line 219, in _call_with_frames_removed
  File "/opt/airflow/dags/pipeline.py", line 26, in <module>
    extract_task >> transform_task >> load_task
NameError: name 'extract_task' is not defined
[2026-05-25T11:05:51.701+0000] {processor.py:841} WARNING - No viable dags retrieved from /opt/airflow/dags/pipeline.py
[2026-05-25T11:05:51.725+0000] {processor.py:179} INFO - Processing /opt/airflow/dags/pipeline.py took 0.042 seconds
[2026-05-25T11:06:22.014+0000] {processor.py:157} INFO - Started process (PID=852) to work on /opt/airflow/dags/pipeline.py
[2026-05-25T11:06:22.015+0000] {processor.py:829} INFO - Processing file /opt/airflow/dags/pipeline.py for tasks to queue
[2026-05-25T11:06:22.016+0000] {logging_mixin.py:151} INFO - [2026-05-25T11:06:22.016+0000] {dagbag.py:539} INFO - Filling up the DagBag from /opt/airflow/dags/pipeline.py
[2026-05-25T11:06:22.025+0000] {logging_mixin.py:151} INFO - [2026-05-25T11:06:22.024+0000] {dagbag.py:347} ERROR - Failed to import: /opt/airflow/dags/pipeline.py
Traceback (most recent call last):
  File "/home/airflow/.local/lib/python3.8/site-packages/airflow/models/dagbag.py", line 343, in parse
    loader.exec_module(new_module)
  File "<frozen importlib._bootstrap_external>", line 843, in exec_module
  File "<frozen importlib._bootstrap>", line 219, in _call_with_frames_removed
  File "/opt/airflow/dags/pipeline.py", line 26, in <module>
    extract_task >> transform_task >> load_task
NameError: name 'extract_task' is not defined
[2026-05-25T11:06:22.026+0000] {processor.py:841} WARNING - No viable dags retrieved from /opt/airflow/dags/pipeline.py
[2026-05-25T11:06:22.042+0000] {processor.py:179} INFO - Processing /opt/airflow/dags/pipeline.py took 0.033 seconds
[2026-05-25T11:06:52.278+0000] {processor.py:157} INFO - Started process (PID=862) to work on /opt/airflow/dags/pipeline.py
[2026-05-25T11:06:52.279+0000] {processor.py:829} INFO - Processing file /opt/airflow/dags/pipeline.py for tasks to queue
[2026-05-25T11:06:52.280+0000] {logging_mixin.py:151} INFO - [2026-05-25T11:06:52.280+0000] {dagbag.py:539} INFO - Filling up the DagBag from /opt/airflow/dags/pipeline.py
[2026-05-25T11:06:52.287+0000] {logging_mixin.py:151} INFO - [2026-05-25T11:06:52.286+0000] {dagbag.py:347} ERROR - Failed to import: /opt/airflow/dags/pipeline.py
Traceback (most recent call last):
  File "/home/airflow/.local/lib/python3.8/site-packages/airflow/models/dagbag.py", line 343, in parse
    loader.exec_module(new_module)
  File "<frozen importlib._bootstrap_external>", line 843, in exec_module
  File "<frozen importlib._bootstrap>", line 219, in _call_with_frames_removed
  File "/opt/airflow/dags/pipeline.py", line 26, in <module>
    extract_task >> transform_task >> load_task
NameError: name 'extract_task' is not defined
[2026-05-25T11:06:52.287+0000] {processor.py:841} WARNING - No viable dags retrieved from /opt/airflow/dags/pipeline.py
[2026-05-25T11:06:52.301+0000] {processor.py:179} INFO - Processing /opt/airflow/dags/pipeline.py took 0.026 seconds
[2026-05-25T11:07:22.563+0000] {processor.py:157} INFO - Started process (PID=872) to work on /opt/airflow/dags/pipeline.py
[2026-05-25T11:07:22.564+0000] {processor.py:829} INFO - Processing file /opt/airflow/dags/pipeline.py for tasks to queue
[2026-05-25T11:07:22.564+0000] {logging_mixin.py:151} INFO - [2026-05-25T11:07:22.564+0000] {dagbag.py:539} INFO - Filling up the DagBag from /opt/airflow/dags/pipeline.py
[2026-05-25T11:07:22.569+0000] {logging_mixin.py:151} INFO - [2026-05-25T11:07:22.569+0000] {dagbag.py:347} ERROR - Failed to import: /opt/airflow/dags/pipeline.py
Traceback (most recent call last):
  File "/home/airflow/.local/lib/python3.8/site-packages/airflow/models/dagbag.py", line 343, in parse
    loader.exec_module(new_module)
  File "<frozen importlib._bootstrap_external>", line 843, in exec_module
  File "<frozen importlib._bootstrap>", line 219, in _call_with_frames_removed
  File "/opt/airflow/dags/pipeline.py", line 26, in <module>
    extract_task >> transform_task >> load_task
NameError: name 'extract_task' is not defined
[2026-05-25T11:07:22.570+0000] {processor.py:841} WARNING - No viable dags retrieved from /opt/airflow/dags/pipeline.py
[2026-05-25T11:07:22.583+0000] {processor.py:179} INFO - Processing /opt/airflow/dags/pipeline.py took 0.024 seconds
[2026-05-25T11:07:52.860+0000] {processor.py:157} INFO - Started process (PID=882) to work on /opt/airflow/dags/pipeline.py
[2026-05-25T11:07:52.862+0000] {processor.py:829} INFO - Processing file /opt/airflow/dags/pipeline.py for tasks to queue
[2026-05-25T11:07:52.863+0000] {logging_mixin.py:151} INFO - [2026-05-25T11:07:52.862+0000] {dagbag.py:539} INFO - Filling up the DagBag from /opt/airflow/dags/pipeline.py
[2026-05-25T11:07:52.874+0000] {logging_mixin.py:151} INFO - [2026-05-25T11:07:52.872+0000] {dagbag.py:347} ERROR - Failed to import: /opt/airflow/dags/pipeline.py
Traceback (most recent call last):
  File "/home/airflow/.local/lib/python3.8/site-packages/airflow/models/dagbag.py", line 343, in parse
    loader.exec_module(new_module)
  File "<frozen importlib._bootstrap_external>", line 843, in exec_module
  File "<frozen importlib._bootstrap>", line 219, in _call_with_frames_removed
  File "/opt/airflow/dags/pipeline.py", line 26, in <module>
    extract_task >> transform_task >> load_task
NameError: name 'extract_task' is not defined
[2026-05-25T11:07:52.874+0000] {processor.py:841} WARNING - No viable dags retrieved from /opt/airflow/dags/pipeline.py
[2026-05-25T11:07:52.898+0000] {processor.py:179} INFO - Processing /opt/airflow/dags/pipeline.py took 0.043 seconds
[2026-05-25T11:08:23.121+0000] {processor.py:157} INFO - Started process (PID=892) to work on /opt/airflow/dags/pipeline.py
[2026-05-25T11:08:23.122+0000] {processor.py:829} INFO - Processing file /opt/airflow/dags/pipeline.py for tasks to queue
[2026-05-25T11:08:23.122+0000] {logging_mixin.py:151} INFO - [2026-05-25T11:08:23.122+0000] {dagbag.py:539} INFO - Filling up the DagBag from /opt/airflow/dags/pipeline.py
[2026-05-25T11:08:23.130+0000] {logging_mixin.py:151} INFO - [2026-05-25T11:08:23.129+0000] {dagbag.py:347} ERROR - Failed to import: /opt/airflow/dags/pipeline.py
Traceback (most recent call last):
  File "/home/airflow/.local/lib/python3.8/site-packages/airflow/models/dagbag.py", line 343, in parse
    loader.exec_module(new_module)
  File "<frozen importlib._bootstrap_external>", line 843, in exec_module
  File "<frozen importlib._bootstrap>", line 219, in _call_with_frames_removed
  File "/opt/airflow/dags/pipeline.py", line 26, in <module>
    extract_task >> transform_task >> load_task
NameError: name 'extract_task' is not defined
[2026-05-25T11:08:23.131+0000] {processor.py:841} WARNING - No viable dags retrieved from /opt/airflow/dags/pipeline.py
[2026-05-25T11:08:23.145+0000] {processor.py:179} INFO - Processing /opt/airflow/dags/pipeline.py took 0.028 seconds
[2026-05-25T11:08:53.417+0000] {processor.py:157} INFO - Started process (PID=907) to work on /opt/airflow/dags/pipeline.py
[2026-05-25T11:08:53.418+0000] {processor.py:829} INFO - Processing file /opt/airflow/dags/pipeline.py for tasks to queue
[2026-05-25T11:08:53.419+0000] {logging_mixin.py:151} INFO - [2026-05-25T11:08:53.419+0000] {dagbag.py:539} INFO - Filling up the DagBag from /opt/airflow/dags/pipeline.py
[2026-05-25T11:08:53.428+0000] {logging_mixin.py:151} INFO - [2026-05-25T11:08:53.427+0000] {dagbag.py:347} ERROR - Failed to import: /opt/airflow/dags/pipeline.py
Traceback (most recent call last):
  File "/home/airflow/.local/lib/python3.8/site-packages/airflow/models/dagbag.py", line 343, in parse
    loader.exec_module(new_module)
  File "<frozen importlib._bootstrap_external>", line 843, in exec_module
  File "<frozen importlib._bootstrap>", line 219, in _call_with_frames_removed
  File "/opt/airflow/dags/pipeline.py", line 26, in <module>
    extract_task >> transform_task >> load_task
NameError: name 'extract_task' is not defined
[2026-05-25T11:08:53.429+0000] {processor.py:841} WARNING - No viable dags retrieved from /opt/airflow/dags/pipeline.py
[2026-05-25T11:08:53.442+0000] {processor.py:179} INFO - Processing /opt/airflow/dags/pipeline.py took 0.029 seconds
[2026-05-25T11:09:23.716+0000] {processor.py:157} INFO - Started process (PID=917) to work on /opt/airflow/dags/pipeline.py
[2026-05-25T11:09:23.717+0000] {processor.py:829} INFO - Processing file /opt/airflow/dags/pipeline.py for tasks to queue
[2026-05-25T11:09:23.719+0000] {logging_mixin.py:151} INFO - [2026-05-25T11:09:23.719+0000] {dagbag.py:539} INFO - Filling up the DagBag from /opt/airflow/dags/pipeline.py
[2026-05-25T11:09:23.729+0000] {logging_mixin.py:151} INFO - [2026-05-25T11:09:23.727+0000] {dagbag.py:347} ERROR - Failed to import: /opt/airflow/dags/pipeline.py
Traceback (most recent call last):
  File "/home/airflow/.local/lib/python3.8/site-packages/airflow/models/dagbag.py", line 343, in parse
    loader.exec_module(new_module)
  File "<frozen importlib._bootstrap_external>", line 843, in exec_module
  File "<frozen importlib._bootstrap>", line 219, in _call_with_frames_removed
  File "/opt/airflow/dags/pipeline.py", line 26, in <module>
    extract_task >> transform_task >> load_task
NameError: name 'extract_task' is not defined
[2026-05-25T11:09:23.729+0000] {processor.py:841} WARNING - No viable dags retrieved from /opt/airflow/dags/pipeline.py
[2026-05-25T11:09:23.750+0000] {processor.py:179} INFO - Processing /opt/airflow/dags/pipeline.py took 0.041 seconds
[2026-05-25T11:09:53.987+0000] {processor.py:157} INFO - Started process (PID=927) to work on /opt/airflow/dags/pipeline.py
[2026-05-25T11:09:53.989+0000] {processor.py:829} INFO - Processing file /opt/airflow/dags/pipeline.py for tasks to queue
[2026-05-25T11:09:53.990+0000] {logging_mixin.py:151} INFO - [2026-05-25T11:09:53.990+0000] {dagbag.py:539} INFO - Filling up the DagBag from /opt/airflow/dags/pipeline.py
[2026-05-25T11:09:54.009+0000] {logging_mixin.py:151} INFO - [2026-05-25T11:09:54.008+0000] {dagbag.py:347} ERROR - Failed to import: /opt/airflow/dags/pipeline.py
Traceback (most recent call last):
  File "/home/airflow/.local/lib/python3.8/site-packages/airflow/models/dagbag.py", line 343, in parse
    loader.exec_module(new_module)
  File "<frozen importlib._bootstrap_external>", line 843, in exec_module
  File "<frozen importlib._bootstrap>", line 219, in _call_with_frames_removed
  File "/opt/airflow/dags/pipeline.py", line 26, in <module>
    extract_task >> transform_task >> load_task
NameError: name 'extract_task' is not defined
[2026-05-25T11:09:54.010+0000] {processor.py:841} WARNING - No viable dags retrieved from /opt/airflow/dags/pipeline.py
[2026-05-25T11:09:54.030+0000] {processor.py:179} INFO - Processing /opt/airflow/dags/pipeline.py took 0.047 seconds
[2026-05-25T11:10:24.299+0000] {processor.py:157} INFO - Started process (PID=937) to work on /opt/airflow/dags/pipeline.py
[2026-05-25T11:10:24.300+0000] {processor.py:829} INFO - Processing file /opt/airflow/dags/pipeline.py for tasks to queue
[2026-05-25T11:10:24.301+0000] {logging_mixin.py:151} INFO - [2026-05-25T11:10:24.301+0000] {dagbag.py:539} INFO - Filling up the DagBag from /opt/airflow/dags/pipeline.py
[2026-05-25T11:10:24.308+0000] {logging_mixin.py:151} INFO - [2026-05-25T11:10:24.307+0000] {dagbag.py:347} ERROR - Failed to import: /opt/airflow/dags/pipeline.py
Traceback (most recent call last):
  File "/home/airflow/.local/lib/python3.8/site-packages/airflow/models/dagbag.py", line 343, in parse
    loader.exec_module(new_module)
  File "<frozen importlib._bootstrap_external>", line 843, in exec_module
  File "<frozen importlib._bootstrap>", line 219, in _call_with_frames_removed
  File "/opt/airflow/dags/pipeline.py", line 26, in <module>
    extract_task >> transform_task >> load_task
NameError: name 'extract_task' is not defined
[2026-05-25T11:10:24.309+0000] {processor.py:841} WARNING - No viable dags retrieved from /opt/airflow/dags/pipeline.py
[2026-05-25T11:10:24.325+0000] {processor.py:179} INFO - Processing /opt/airflow/dags/pipeline.py took 0.030 seconds
[2026-05-25T11:10:54.617+0000] {processor.py:157} INFO - Started process (PID=947) to work on /opt/airflow/dags/pipeline.py
[2026-05-25T11:10:54.618+0000] {processor.py:829} INFO - Processing file /opt/airflow/dags/pipeline.py for tasks to queue
[2026-05-25T11:10:54.619+0000] {logging_mixin.py:151} INFO - [2026-05-25T11:10:54.619+0000] {dagbag.py:539} INFO - Filling up the DagBag from /opt/airflow/dags/pipeline.py
[2026-05-25T11:10:54.631+0000] {logging_mixin.py:151} INFO - [2026-05-25T11:10:54.629+0000] {dagbag.py:347} ERROR - Failed to import: /opt/airflow/dags/pipeline.py
Traceback (most recent call last):
  File "/home/airflow/.local/lib/python3.8/site-packages/airflow/models/dagbag.py", line 343, in parse
    loader.exec_module(new_module)
  File "<frozen importlib._bootstrap_external>", line 843, in exec_module
  File "<frozen importlib._bootstrap>", line 219, in _call_with_frames_removed
  File "/opt/airflow/dags/pipeline.py", line 26, in <module>
    extract_task >> transform_task >> load_task
NameError: name 'extract_task' is not defined
[2026-05-25T11:10:54.632+0000] {processor.py:841} WARNING - No viable dags retrieved from /opt/airflow/dags/pipeline.py
[2026-05-25T11:10:54.652+0000] {processor.py:179} INFO - Processing /opt/airflow/dags/pipeline.py took 0.041 seconds
[2026-05-25T11:11:24.961+0000] {processor.py:157} INFO - Started process (PID=962) to work on /opt/airflow/dags/pipeline.py
[2026-05-25T11:11:24.964+0000] {processor.py:829} INFO - Processing file /opt/airflow/dags/pipeline.py for tasks to queue
[2026-05-25T11:11:24.964+0000] {logging_mixin.py:151} INFO - [2026-05-25T11:11:24.964+0000] {dagbag.py:539} INFO - Filling up the DagBag from /opt/airflow/dags/pipeline.py
[2026-05-25T11:11:24.972+0000] {logging_mixin.py:151} INFO - [2026-05-25T11:11:24.970+0000] {dagbag.py:347} ERROR - Failed to import: /opt/airflow/dags/pipeline.py
Traceback (most recent call last):
  File "/home/airflow/.local/lib/python3.8/site-packages/airflow/models/dagbag.py", line 343, in parse
    loader.exec_module(new_module)
  File "<frozen importlib._bootstrap_external>", line 843, in exec_module
  File "<frozen importlib._bootstrap>", line 219, in _call_with_frames_removed
  File "/opt/airflow/dags/pipeline.py", line 26, in <module>
    extract_task >> transform_task >> load_task
NameError: name 'extract_task' is not defined
[2026-05-25T11:11:24.972+0000] {processor.py:841} WARNING - No viable dags retrieved from /opt/airflow/dags/pipeline.py
[2026-05-25T11:11:24.986+0000] {processor.py:179} INFO - Processing /opt/airflow/dags/pipeline.py took 0.030 seconds
[2026-05-25T11:11:55.309+0000] {processor.py:157} INFO - Started process (PID=972) to work on /opt/airflow/dags/pipeline.py
[2026-05-25T11:11:55.311+0000] {processor.py:829} INFO - Processing file /opt/airflow/dags/pipeline.py for tasks to queue
[2026-05-25T11:11:55.312+0000] {logging_mixin.py:151} INFO - [2026-05-25T11:11:55.311+0000] {dagbag.py:539} INFO - Filling up the DagBag from /opt/airflow/dags/pipeline.py
[2026-05-25T11:11:55.320+0000] {logging_mixin.py:151} INFO - [2026-05-25T11:11:55.319+0000] {dagbag.py:347} ERROR - Failed to import: /opt/airflow/dags/pipeline.py
Traceback (most recent call last):
  File "/home/airflow/.local/lib/python3.8/site-packages/airflow/models/dagbag.py", line 343, in parse
    loader.exec_module(new_module)
  File "<frozen importlib._bootstrap_external>", line 843, in exec_module
  File "<frozen importlib._bootstrap>", line 219, in _call_with_frames_removed
  File "/opt/airflow/dags/pipeline.py", line 26, in <module>
    extract_task >> transform_task >> load_task
NameError: name 'extract_task' is not defined
[2026-05-25T11:11:55.320+0000] {processor.py:841} WARNING - No viable dags retrieved from /opt/airflow/dags/pipeline.py
[2026-05-25T11:11:55.337+0000] {processor.py:179} INFO - Processing /opt/airflow/dags/pipeline.py took 0.032 seconds
[2026-05-25T11:12:25.597+0000] {processor.py:157} INFO - Started process (PID=982) to work on /opt/airflow/dags/pipeline.py
[2026-05-25T11:12:25.599+0000] {processor.py:829} INFO - Processing file /opt/airflow/dags/pipeline.py for tasks to queue
[2026-05-25T11:12:25.600+0000] {logging_mixin.py:151} INFO - [2026-05-25T11:12:25.600+0000] {dagbag.py:539} INFO - Filling up the DagBag from /opt/airflow/dags/pipeline.py
[2026-05-25T11:12:25.608+0000] {logging_mixin.py:151} INFO - [2026-05-25T11:12:25.607+0000] {dagbag.py:347} ERROR - Failed to import: /opt/airflow/dags/pipeline.py
Traceback (most recent call last):
  File "/home/airflow/.local/lib/python3.8/site-packages/airflow/models/dagbag.py", line 343, in parse
    loader.exec_module(new_module)
  File "<frozen importlib._bootstrap_external>", line 843, in exec_module
  File "<frozen importlib._bootstrap>", line 219, in _call_with_frames_removed
  File "/opt/airflow/dags/pipeline.py", line 26, in <module>
    extract_task >> transform_task >> load_task
NameError: name 'extract_task' is not defined
[2026-05-25T11:12:25.609+0000] {processor.py:841} WARNING - No viable dags retrieved from /opt/airflow/dags/pipeline.py
[2026-05-25T11:12:25.625+0000] {processor.py:179} INFO - Processing /opt/airflow/dags/pipeline.py took 0.032 seconds
[2026-05-25T11:12:55.877+0000] {processor.py:157} INFO - Started process (PID=992) to work on /opt/airflow/dags/pipeline.py
[2026-05-25T11:12:55.879+0000] {processor.py:829} INFO - Processing file /opt/airflow/dags/pipeline.py for tasks to queue
[2026-05-25T11:12:55.880+0000] {logging_mixin.py:151} INFO - [2026-05-25T11:12:55.880+0000] {dagbag.py:539} INFO - Filling up the DagBag from /opt/airflow/dags/pipeline.py
[2026-05-25T11:12:55.888+0000] {logging_mixin.py:151} INFO - [2026-05-25T11:12:55.887+0000] {dagbag.py:347} ERROR - Failed to import: /opt/airflow/dags/pipeline.py
Traceback (most recent call last):
  File "/home/airflow/.local/lib/python3.8/site-packages/airflow/models/dagbag.py", line 343, in parse
    loader.exec_module(new_module)
  File "<frozen importlib._bootstrap_external>", line 843, in exec_module
  File "<frozen importlib._bootstrap>", line 219, in _call_with_frames_removed
  File "/opt/airflow/dags/pipeline.py", line 26, in <module>
    extract_task >> transform_task >> load_task
NameError: name 'extract_task' is not defined
[2026-05-25T11:12:55.888+0000] {processor.py:841} WARNING - No viable dags retrieved from /opt/airflow/dags/pipeline.py
[2026-05-25T11:12:55.904+0000] {processor.py:179} INFO - Processing /opt/airflow/dags/pipeline.py took 0.031 seconds
[2026-05-25T11:13:26.194+0000] {processor.py:157} INFO - Started process (PID=1007) to work on /opt/airflow/dags/pipeline.py
[2026-05-25T11:13:26.197+0000] {processor.py:829} INFO - Processing file /opt/airflow/dags/pipeline.py for tasks to queue
[2026-05-25T11:13:26.197+0000] {logging_mixin.py:151} INFO - [2026-05-25T11:13:26.197+0000] {dagbag.py:539} INFO - Filling up the DagBag from /opt/airflow/dags/pipeline.py
[2026-05-25T11:13:26.204+0000] {logging_mixin.py:151} INFO - [2026-05-25T11:13:26.203+0000] {dagbag.py:347} ERROR - Failed to import: /opt/airflow/dags/pipeline.py
Traceback (most recent call last):
  File "/home/airflow/.local/lib/python3.8/site-packages/airflow/models/dagbag.py", line 343, in parse
    loader.exec_module(new_module)
  File "<frozen importlib._bootstrap_external>", line 843, in exec_module
  File "<frozen importlib._bootstrap>", line 219, in _call_with_frames_removed
  File "/opt/airflow/dags/pipeline.py", line 26, in <module>
    extract_task >> transform_task >> load_task
NameError: name 'extract_task' is not defined
[2026-05-25T11:13:26.205+0000] {processor.py:841} WARNING - No viable dags retrieved from /opt/airflow/dags/pipeline.py
[2026-05-25T11:13:26.218+0000] {processor.py:179} INFO - Processing /opt/airflow/dags/pipeline.py took 0.027 seconds
[2026-05-25T11:13:56.544+0000] {processor.py:157} INFO - Started process (PID=1017) to work on /opt/airflow/dags/pipeline.py
[2026-05-25T11:13:56.545+0000] {processor.py:829} INFO - Processing file /opt/airflow/dags/pipeline.py for tasks to queue
[2026-05-25T11:13:56.546+0000] {logging_mixin.py:151} INFO - [2026-05-25T11:13:56.546+0000] {dagbag.py:539} INFO - Filling up the DagBag from /opt/airflow/dags/pipeline.py
[2026-05-25T11:13:56.554+0000] {logging_mixin.py:151} INFO - [2026-05-25T11:13:56.553+0000] {dagbag.py:347} ERROR - Failed to import: /opt/airflow/dags/pipeline.py
Traceback (most recent call last):
  File "/home/airflow/.local/lib/python3.8/site-packages/airflow/models/dagbag.py", line 343, in parse
    loader.exec_module(new_module)
  File "<frozen importlib._bootstrap_external>", line 843, in exec_module
  File "<frozen importlib._bootstrap>", line 219, in _call_with_frames_removed
  File "/opt/airflow/dags/pipeline.py", line 26, in <module>
    extract_task >> transform_task >> load_task
NameError: name 'extract_task' is not defined
[2026-05-25T11:13:56.555+0000] {processor.py:841} WARNING - No viable dags retrieved from /opt/airflow/dags/pipeline.py
[2026-05-25T11:13:56.566+0000] {processor.py:179} INFO - Processing /opt/airflow/dags/pipeline.py took 0.025 seconds
[2026-05-25T11:14:26.829+0000] {processor.py:157} INFO - Started process (PID=1027) to work on /opt/airflow/dags/pipeline.py
[2026-05-25T11:14:26.831+0000] {processor.py:829} INFO - Processing file /opt/airflow/dags/pipeline.py for tasks to queue
[2026-05-25T11:14:26.832+0000] {logging_mixin.py:151} INFO - [2026-05-25T11:14:26.832+0000] {dagbag.py:539} INFO - Filling up the DagBag from /opt/airflow/dags/pipeline.py
[2026-05-25T11:14:26.840+0000] {logging_mixin.py:151} INFO - [2026-05-25T11:14:26.838+0000] {dagbag.py:347} ERROR - Failed to import: /opt/airflow/dags/pipeline.py
Traceback (most recent call last):
  File "/home/airflow/.local/lib/python3.8/site-packages/airflow/models/dagbag.py", line 343, in parse
    loader.exec_module(new_module)
  File "<frozen importlib._bootstrap_external>", line 843, in exec_module
  File "<frozen importlib._bootstrap>", line 219, in _call_with_frames_removed
  File "/opt/airflow/dags/pipeline.py", line 26, in <module>
    extract_task >> transform_task >> load_task
NameError: name 'extract_task' is not defined
[2026-05-25T11:14:26.840+0000] {processor.py:841} WARNING - No viable dags retrieved from /opt/airflow/dags/pipeline.py
[2026-05-25T11:14:26.856+0000] {processor.py:179} INFO - Processing /opt/airflow/dags/pipeline.py took 0.031 seconds
[2026-05-25T11:14:57.119+0000] {processor.py:157} INFO - Started process (PID=1037) to work on /opt/airflow/dags/pipeline.py
[2026-05-25T11:14:57.121+0000] {processor.py:829} INFO - Processing file /opt/airflow/dags/pipeline.py for tasks to queue
[2026-05-25T11:14:57.122+0000] {logging_mixin.py:151} INFO - [2026-05-25T11:14:57.122+0000] {dagbag.py:539} INFO - Filling up the DagBag from /opt/airflow/dags/pipeline.py
[2026-05-25T11:14:57.131+0000] {logging_mixin.py:151} INFO - [2026-05-25T11:14:57.129+0000] {dagbag.py:347} ERROR - Failed to import: /opt/airflow/dags/pipeline.py
Traceback (most recent call last):
  File "/home/airflow/.local/lib/python3.8/site-packages/airflow/models/dagbag.py", line 343, in parse
    loader.exec_module(new_module)
  File "<frozen importlib._bootstrap_external>", line 843, in exec_module
  File "<frozen importlib._bootstrap>", line 219, in _call_with_frames_removed
  File "/opt/airflow/dags/pipeline.py", line 26, in <module>
    extract_task >> transform_task >> load_task
NameError: name 'extract_task' is not defined
[2026-05-25T11:14:57.132+0000] {processor.py:841} WARNING - No viable dags retrieved from /opt/airflow/dags/pipeline.py
[2026-05-25T11:14:57.150+0000] {processor.py:179} INFO - Processing /opt/airflow/dags/pipeline.py took 0.035 seconds
[2026-05-25T11:15:27.439+0000] {processor.py:157} INFO - Started process (PID=1047) to work on /opt/airflow/dags/pipeline.py
[2026-05-25T11:15:27.440+0000] {processor.py:829} INFO - Processing file /opt/airflow/dags/pipeline.py for tasks to queue
[2026-05-25T11:15:27.442+0000] {logging_mixin.py:151} INFO - [2026-05-25T11:15:27.441+0000] {dagbag.py:539} INFO - Filling up the DagBag from /opt/airflow/dags/pipeline.py
[2026-05-25T11:15:27.453+0000] {logging_mixin.py:151} INFO - [2026-05-25T11:15:27.452+0000] {dagbag.py:347} ERROR - Failed to import: /opt/airflow/dags/pipeline.py
Traceback (most recent call last):
  File "/home/airflow/.local/lib/python3.8/site-packages/airflow/models/dagbag.py", line 343, in parse
    loader.exec_module(new_module)
  File "<frozen importlib._bootstrap_external>", line 843, in exec_module
  File "<frozen importlib._bootstrap>", line 219, in _call_with_frames_removed
  File "/opt/airflow/dags/pipeline.py", line 26, in <module>
    extract_task >> transform_task >> load_task
NameError: name 'extract_task' is not defined
[2026-05-25T11:15:27.454+0000] {processor.py:841} WARNING - No viable dags retrieved from /opt/airflow/dags/pipeline.py
[2026-05-25T11:15:27.471+0000] {processor.py:179} INFO - Processing /opt/airflow/dags/pipeline.py took 0.038 seconds
[2026-05-25T11:15:57.741+0000] {processor.py:157} INFO - Started process (PID=1057) to work on /opt/airflow/dags/pipeline.py
[2026-05-25T11:15:57.743+0000] {processor.py:829} INFO - Processing file /opt/airflow/dags/pipeline.py for tasks to queue
[2026-05-25T11:15:57.745+0000] {logging_mixin.py:151} INFO - [2026-05-25T11:15:57.744+0000] {dagbag.py:539} INFO - Filling up the DagBag from /opt/airflow/dags/pipeline.py
[2026-05-25T11:15:57.759+0000] {logging_mixin.py:151} INFO - [2026-05-25T11:15:57.757+0000] {dagbag.py:347} ERROR - Failed to import: /opt/airflow/dags/pipeline.py
Traceback (most recent call last):
  File "/home/airflow/.local/lib/python3.8/site-packages/airflow/models/dagbag.py", line 343, in parse
    loader.exec_module(new_module)
  File "<frozen importlib._bootstrap_external>", line 843, in exec_module
  File "<frozen importlib._bootstrap>", line 219, in _call_with_frames_removed
  File "/opt/airflow/dags/pipeline.py", line 26, in <module>
    extract_task >> transform_task >> load_task
NameError: name 'extract_task' is not defined
[2026-05-25T11:15:57.760+0000] {processor.py:841} WARNING - No viable dags retrieved from /opt/airflow/dags/pipeline.py
[2026-05-25T11:15:57.781+0000] {processor.py:179} INFO - Processing /opt/airflow/dags/pipeline.py took 0.046 seconds
[2026-05-25T11:16:28.039+0000] {processor.py:157} INFO - Started process (PID=1067) to work on /opt/airflow/dags/pipeline.py
[2026-05-25T11:16:28.041+0000] {processor.py:829} INFO - Processing file /opt/airflow/dags/pipeline.py for tasks to queue
[2026-05-25T11:16:28.042+0000] {logging_mixin.py:151} INFO - [2026-05-25T11:16:28.041+0000] {dagbag.py:539} INFO - Filling up the DagBag from /opt/airflow/dags/pipeline.py
[2026-05-25T11:16:28.052+0000] {logging_mixin.py:151} INFO - [2026-05-25T11:16:28.050+0000] {dagbag.py:347} ERROR - Failed to import: /opt/airflow/dags/pipeline.py
Traceback (most recent call last):
  File "/home/airflow/.local/lib/python3.8/site-packages/airflow/models/dagbag.py", line 343, in parse
    loader.exec_module(new_module)
  File "<frozen importlib._bootstrap_external>", line 843, in exec_module
  File "<frozen importlib._bootstrap>", line 219, in _call_with_frames_removed
  File "/opt/airflow/dags/pipeline.py", line 26, in <module>
    extract_task >> transform_task >> load_task
NameError: name 'extract_task' is not defined
[2026-05-25T11:16:28.052+0000] {processor.py:841} WARNING - No viable dags retrieved from /opt/airflow/dags/pipeline.py
[2026-05-25T11:16:28.071+0000] {processor.py:179} INFO - Processing /opt/airflow/dags/pipeline.py took 0.035 seconds
[2026-05-25T11:16:58.394+0000] {processor.py:157} INFO - Started process (PID=1077) to work on /opt/airflow/dags/pipeline.py
[2026-05-25T11:16:58.397+0000] {processor.py:829} INFO - Processing file /opt/airflow/dags/pipeline.py for tasks to queue
[2026-05-25T11:16:58.399+0000] {logging_mixin.py:151} INFO - [2026-05-25T11:16:58.399+0000] {dagbag.py:539} INFO - Filling up the DagBag from /opt/airflow/dags/pipeline.py
[2026-05-25T11:16:58.417+0000] {logging_mixin.py:151} INFO - [2026-05-25T11:16:58.413+0000] {dagbag.py:347} ERROR - Failed to import: /opt/airflow/dags/pipeline.py
Traceback (most recent call last):
  File "/home/airflow/.local/lib/python3.8/site-packages/airflow/models/dagbag.py", line 343, in parse
    loader.exec_module(new_module)
  File "<frozen importlib._bootstrap_external>", line 843, in exec_module
  File "<frozen importlib._bootstrap>", line 219, in _call_with_frames_removed
  File "/opt/airflow/dags/pipeline.py", line 26, in <module>
    extract_task >> transform_task >> load_task
NameError: name 'extract_task' is not defined
[2026-05-25T11:16:58.418+0000] {processor.py:841} WARNING - No viable dags retrieved from /opt/airflow/dags/pipeline.py
[2026-05-25T11:16:58.450+0000] {processor.py:179} INFO - Processing /opt/airflow/dags/pipeline.py took 0.067 seconds
[2026-05-25T11:17:28.700+0000] {processor.py:157} INFO - Started process (PID=1087) to work on /opt/airflow/dags/pipeline.py
[2026-05-25T11:17:28.702+0000] {processor.py:829} INFO - Processing file /opt/airflow/dags/pipeline.py for tasks to queue
[2026-05-25T11:17:28.703+0000] {logging_mixin.py:151} INFO - [2026-05-25T11:17:28.703+0000] {dagbag.py:539} INFO - Filling up the DagBag from /opt/airflow/dags/pipeline.py
[2026-05-25T11:17:28.711+0000] {logging_mixin.py:151} INFO - [2026-05-25T11:17:28.710+0000] {dagbag.py:347} ERROR - Failed to import: /opt/airflow/dags/pipeline.py
Traceback (most recent call last):
  File "/home/airflow/.local/lib/python3.8/site-packages/airflow/models/dagbag.py", line 343, in parse
    loader.exec_module(new_module)
  File "<frozen importlib._bootstrap_external>", line 843, in exec_module
  File "<frozen importlib._bootstrap>", line 219, in _call_with_frames_removed
  File "/opt/airflow/dags/pipeline.py", line 26, in <module>
    extract_task >> transform_task >> load_task
NameError: name 'extract_task' is not defined
[2026-05-25T11:17:28.712+0000] {processor.py:841} WARNING - No viable dags retrieved from /opt/airflow/dags/pipeline.py
[2026-05-25T11:17:28.727+0000] {processor.py:179} INFO - Processing /opt/airflow/dags/pipeline.py took 0.031 seconds
[2026-05-25T11:17:59.010+0000] {processor.py:157} INFO - Started process (PID=1097) to work on /opt/airflow/dags/pipeline.py
[2026-05-25T11:17:59.013+0000] {processor.py:829} INFO - Processing file /opt/airflow/dags/pipeline.py for tasks to queue
[2026-05-25T11:17:59.014+0000] {logging_mixin.py:151} INFO - [2026-05-25T11:17:59.014+0000] {dagbag.py:539} INFO - Filling up the DagBag from /opt/airflow/dags/pipeline.py
[2026-05-25T11:17:59.032+0000] {logging_mixin.py:151} INFO - [2026-05-25T11:17:59.029+0000] {dagbag.py:347} ERROR - Failed to import: /opt/airflow/dags/pipeline.py
Traceback (most recent call last):
  File "/home/airflow/.local/lib/python3.8/site-packages/airflow/models/dagbag.py", line 343, in parse
    loader.exec_module(new_module)
  File "<frozen importlib._bootstrap_external>", line 843, in exec_module
  File "<frozen importlib._bootstrap>", line 219, in _call_with_frames_removed
  File "/opt/airflow/dags/pipeline.py", line 26, in <module>
    extract_task >> transform_task >> load_task
NameError: name 'extract_task' is not defined
[2026-05-25T11:17:59.032+0000] {processor.py:841} WARNING - No viable dags retrieved from /opt/airflow/dags/pipeline.py
[2026-05-25T11:17:59.055+0000] {processor.py:179} INFO - Processing /opt/airflow/dags/pipeline.py took 0.053 seconds
[2026-05-25T11:18:29.340+0000] {processor.py:157} INFO - Started process (PID=1107) to work on /opt/airflow/dags/pipeline.py
[2026-05-25T11:18:29.342+0000] {processor.py:829} INFO - Processing file /opt/airflow/dags/pipeline.py for tasks to queue
[2026-05-25T11:18:29.343+0000] {logging_mixin.py:151} INFO - [2026-05-25T11:18:29.343+0000] {dagbag.py:539} INFO - Filling up the DagBag from /opt/airflow/dags/pipeline.py
[2026-05-25T11:18:29.356+0000] {logging_mixin.py:151} INFO - [2026-05-25T11:18:29.354+0000] {dagbag.py:347} ERROR - Failed to import: /opt/airflow/dags/pipeline.py
Traceback (most recent call last):
  File "/home/airflow/.local/lib/python3.8/site-packages/airflow/models/dagbag.py", line 343, in parse
    loader.exec_module(new_module)
  File "<frozen importlib._bootstrap_external>", line 843, in exec_module
  File "<frozen importlib._bootstrap>", line 219, in _call_with_frames_removed
  File "/opt/airflow/dags/pipeline.py", line 26, in <module>
    extract_task >> transform_task >> load_task
NameError: name 'extract_task' is not defined
[2026-05-25T11:18:29.356+0000] {processor.py:841} WARNING - No viable dags retrieved from /opt/airflow/dags/pipeline.py
[2026-05-25T11:18:29.378+0000] {processor.py:179} INFO - Processing /opt/airflow/dags/pipeline.py took 0.046 seconds
[2026-05-25T11:18:59.630+0000] {processor.py:157} INFO - Started process (PID=1117) to work on /opt/airflow/dags/pipeline.py
[2026-05-25T11:18:59.632+0000] {processor.py:829} INFO - Processing file /opt/airflow/dags/pipeline.py for tasks to queue
[2026-05-25T11:18:59.635+0000] {logging_mixin.py:151} INFO - [2026-05-25T11:18:59.635+0000] {dagbag.py:539} INFO - Filling up the DagBag from /opt/airflow/dags/pipeline.py
[2026-05-25T11:18:59.647+0000] {logging_mixin.py:151} INFO - [2026-05-25T11:18:59.645+0000] {dagbag.py:347} ERROR - Failed to import: /opt/airflow/dags/pipeline.py
Traceback (most recent call last):
  File "/home/airflow/.local/lib/python3.8/site-packages/airflow/models/dagbag.py", line 343, in parse
    loader.exec_module(new_module)
  File "<frozen importlib._bootstrap_external>", line 843, in exec_module
  File "<frozen importlib._bootstrap>", line 219, in _call_with_frames_removed
  File "/opt/airflow/dags/pipeline.py", line 26, in <module>
    extract_task >> transform_task >> load_task
NameError: name 'extract_task' is not defined
[2026-05-25T11:18:59.647+0000] {processor.py:841} WARNING - No viable dags retrieved from /opt/airflow/dags/pipeline.py
[2026-05-25T11:18:59.676+0000] {processor.py:179} INFO - Processing /opt/airflow/dags/pipeline.py took 0.051 seconds
[2026-05-25T11:19:30.003+0000] {processor.py:157} INFO - Started process (PID=1127) to work on /opt/airflow/dags/pipeline.py
[2026-05-25T11:19:30.006+0000] {processor.py:829} INFO - Processing file /opt/airflow/dags/pipeline.py for tasks to queue
[2026-05-25T11:19:30.007+0000] {logging_mixin.py:151} INFO - [2026-05-25T11:19:30.006+0000] {dagbag.py:539} INFO - Filling up the DagBag from /opt/airflow/dags/pipeline.py
[2026-05-25T11:19:30.022+0000] {logging_mixin.py:151} INFO - [2026-05-25T11:19:30.020+0000] {dagbag.py:347} ERROR - Failed to import: /opt/airflow/dags/pipeline.py
Traceback (most recent call last):
  File "/home/airflow/.local/lib/python3.8/site-packages/airflow/models/dagbag.py", line 343, in parse
    loader.exec_module(new_module)
  File "<frozen importlib._bootstrap_external>", line 843, in exec_module
  File "<frozen importlib._bootstrap>", line 219, in _call_with_frames_removed
  File "/opt/airflow/dags/pipeline.py", line 26, in <module>
    extract_task >> transform_task >> load_task
NameError: name 'extract_task' is not defined
[2026-05-25T11:19:30.022+0000] {processor.py:841} WARNING - No viable dags retrieved from /opt/airflow/dags/pipeline.py
[2026-05-25T11:19:30.046+0000] {processor.py:179} INFO - Processing /opt/airflow/dags/pipeline.py took 0.052 seconds
[2026-05-25T11:20:00.265+0000] {processor.py:157} INFO - Started process (PID=1137) to work on /opt/airflow/dags/pipeline.py
[2026-05-25T11:20:00.266+0000] {processor.py:829} INFO - Processing file /opt/airflow/dags/pipeline.py for tasks to queue
[2026-05-25T11:20:00.267+0000] {logging_mixin.py:151} INFO - [2026-05-25T11:20:00.267+0000] {dagbag.py:539} INFO - Filling up the DagBag from /opt/airflow/dags/pipeline.py
[2026-05-25T11:20:00.279+0000] {logging_mixin.py:151} INFO - [2026-05-25T11:20:00.277+0000] {dagbag.py:347} ERROR - Failed to import: /opt/airflow/dags/pipeline.py
Traceback (most recent call last):
  File "/home/airflow/.local/lib/python3.8/site-packages/airflow/models/dagbag.py", line 343, in parse
    loader.exec_module(new_module)
  File "<frozen importlib._bootstrap_external>", line 843, in exec_module
  File "<frozen importlib._bootstrap>", line 219, in _call_with_frames_removed
  File "/opt/airflow/dags/pipeline.py", line 26, in <module>
    extract_task >> transform_task >> load_task
NameError: name 'extract_task' is not defined
[2026-05-25T11:20:00.279+0000] {processor.py:841} WARNING - No viable dags retrieved from /opt/airflow/dags/pipeline.py
[2026-05-25T11:20:00.301+0000] {processor.py:179} INFO - Processing /opt/airflow/dags/pipeline.py took 0.042 seconds
[2026-05-25T11:20:30.573+0000] {processor.py:157} INFO - Started process (PID=1147) to work on /opt/airflow/dags/pipeline.py
[2026-05-25T11:20:30.575+0000] {processor.py:829} INFO - Processing file /opt/airflow/dags/pipeline.py for tasks to queue
[2026-05-25T11:20:30.576+0000] {logging_mixin.py:151} INFO - [2026-05-25T11:20:30.576+0000] {dagbag.py:539} INFO - Filling up the DagBag from /opt/airflow/dags/pipeline.py
[2026-05-25T11:20:30.585+0000] {logging_mixin.py:151} INFO - [2026-05-25T11:20:30.583+0000] {dagbag.py:347} ERROR - Failed to import: /opt/airflow/dags/pipeline.py
Traceback (most recent call last):
  File "/home/airflow/.local/lib/python3.8/site-packages/airflow/models/dagbag.py", line 343, in parse
    loader.exec_module(new_module)
  File "<frozen importlib._bootstrap_external>", line 843, in exec_module
  File "<frozen importlib._bootstrap>", line 219, in _call_with_frames_removed
  File "/opt/airflow/dags/pipeline.py", line 26, in <module>
    extract_task >> transform_task >> load_task
NameError: name 'extract_task' is not defined
[2026-05-25T11:20:30.585+0000] {processor.py:841} WARNING - No viable dags retrieved from /opt/airflow/dags/pipeline.py
[2026-05-25T11:20:30.603+0000] {processor.py:179} INFO - Processing /opt/airflow/dags/pipeline.py took 0.033 seconds
[2026-05-25T11:21:00.871+0000] {processor.py:157} INFO - Started process (PID=1157) to work on /opt/airflow/dags/pipeline.py
[2026-05-25T11:21:00.873+0000] {processor.py:829} INFO - Processing file /opt/airflow/dags/pipeline.py for tasks to queue
[2026-05-25T11:21:00.874+0000] {logging_mixin.py:151} INFO - [2026-05-25T11:21:00.874+0000] {dagbag.py:539} INFO - Filling up the DagBag from /opt/airflow/dags/pipeline.py
[2026-05-25T11:21:00.888+0000] {logging_mixin.py:151} INFO - [2026-05-25T11:21:00.886+0000] {dagbag.py:347} ERROR - Failed to import: /opt/airflow/dags/pipeline.py
Traceback (most recent call last):
  File "/home/airflow/.local/lib/python3.8/site-packages/airflow/models/dagbag.py", line 343, in parse
    loader.exec_module(new_module)
  File "<frozen importlib._bootstrap_external>", line 843, in exec_module
  File "<frozen importlib._bootstrap>", line 219, in _call_with_frames_removed
  File "/opt/airflow/dags/pipeline.py", line 26, in <module>
    extract_task >> transform_task >> load_task
NameError: name 'extract_task' is not defined
[2026-05-25T11:21:00.888+0000] {processor.py:841} WARNING - No viable dags retrieved from /opt/airflow/dags/pipeline.py
[2026-05-25T11:21:00.909+0000] {processor.py:179} INFO - Processing /opt/airflow/dags/pipeline.py took 0.044 seconds
[2026-05-25T11:21:31.207+0000] {processor.py:157} INFO - Started process (PID=1167) to work on /opt/airflow/dags/pipeline.py
[2026-05-25T11:21:31.208+0000] {processor.py:829} INFO - Processing file /opt/airflow/dags/pipeline.py for tasks to queue
[2026-05-25T11:21:31.210+0000] {logging_mixin.py:151} INFO - [2026-05-25T11:21:31.209+0000] {dagbag.py:539} INFO - Filling up the DagBag from /opt/airflow/dags/pipeline.py
[2026-05-25T11:21:31.225+0000] {logging_mixin.py:151} INFO - [2026-05-25T11:21:31.223+0000] {dagbag.py:347} ERROR - Failed to import: /opt/airflow/dags/pipeline.py
Traceback (most recent call last):
  File "/home/airflow/.local/lib/python3.8/site-packages/airflow/models/dagbag.py", line 343, in parse
    loader.exec_module(new_module)
  File "<frozen importlib._bootstrap_external>", line 843, in exec_module
  File "<frozen importlib._bootstrap>", line 219, in _call_with_frames_removed
  File "/opt/airflow/dags/pipeline.py", line 26, in <module>
    extract_task >> transform_task >> load_task
NameError: name 'extract_task' is not defined
[2026-05-25T11:21:31.226+0000] {processor.py:841} WARNING - No viable dags retrieved from /opt/airflow/dags/pipeline.py
[2026-05-25T11:21:31.259+0000] {processor.py:179} INFO - Processing /opt/airflow/dags/pipeline.py took 0.058 seconds
[2026-05-25T11:22:01.557+0000] {processor.py:157} INFO - Started process (PID=1177) to work on /opt/airflow/dags/pipeline.py
[2026-05-25T11:22:01.559+0000] {processor.py:829} INFO - Processing file /opt/airflow/dags/pipeline.py for tasks to queue
[2026-05-25T11:22:01.560+0000] {logging_mixin.py:151} INFO - [2026-05-25T11:22:01.560+0000] {dagbag.py:539} INFO - Filling up the DagBag from /opt/airflow/dags/pipeline.py
[2026-05-25T11:22:01.569+0000] {logging_mixin.py:151} INFO - [2026-05-25T11:22:01.568+0000] {dagbag.py:347} ERROR - Failed to import: /opt/airflow/dags/pipeline.py
Traceback (most recent call last):
  File "/home/airflow/.local/lib/python3.8/site-packages/airflow/models/dagbag.py", line 343, in parse
    loader.exec_module(new_module)
  File "<frozen importlib._bootstrap_external>", line 843, in exec_module
  File "<frozen importlib._bootstrap>", line 219, in _call_with_frames_removed
  File "/opt/airflow/dags/pipeline.py", line 26, in <module>
    extract_task >> transform_task >> load_task
NameError: name 'extract_task' is not defined
[2026-05-25T11:22:01.570+0000] {processor.py:841} WARNING - No viable dags retrieved from /opt/airflow/dags/pipeline.py
[2026-05-25T11:22:01.588+0000] {processor.py:179} INFO - Processing /opt/airflow/dags/pipeline.py took 0.036 seconds
[2026-05-25T11:22:31.985+0000] {processor.py:157} INFO - Started process (PID=1187) to work on /opt/airflow/dags/pipeline.py
[2026-05-25T11:22:31.987+0000] {processor.py:829} INFO - Processing file /opt/airflow/dags/pipeline.py for tasks to queue
[2026-05-25T11:22:31.989+0000] {logging_mixin.py:151} INFO - [2026-05-25T11:22:31.988+0000] {dagbag.py:539} INFO - Filling up the DagBag from /opt/airflow/dags/pipeline.py
[2026-05-25T11:22:32.003+0000] {logging_mixin.py:151} INFO - [2026-05-25T11:22:32.002+0000] {dagbag.py:347} ERROR - Failed to import: /opt/airflow/dags/pipeline.py
Traceback (most recent call last):
  File "/home/airflow/.local/lib/python3.8/site-packages/airflow/models/dagbag.py", line 343, in parse
    loader.exec_module(new_module)
  File "<frozen importlib._bootstrap_external>", line 843, in exec_module
  File "<frozen importlib._bootstrap>", line 219, in _call_with_frames_removed
  File "/opt/airflow/dags/pipeline.py", line 26, in <module>
    extract_task >> transform_task >> load_task
NameError: name 'extract_task' is not defined
[2026-05-25T11:22:32.003+0000] {processor.py:841} WARNING - No viable dags retrieved from /opt/airflow/dags/pipeline.py
[2026-05-25T11:22:32.030+0000] {processor.py:179} INFO - Processing /opt/airflow/dags/pipeline.py took 0.049 seconds
[2026-05-25T11:23:02.346+0000] {processor.py:157} INFO - Started process (PID=1197) to work on /opt/airflow/dags/pipeline.py
[2026-05-25T11:23:02.348+0000] {processor.py:829} INFO - Processing file /opt/airflow/dags/pipeline.py for tasks to queue
[2026-05-25T11:23:02.350+0000] {logging_mixin.py:151} INFO - [2026-05-25T11:23:02.349+0000] {dagbag.py:539} INFO - Filling up the DagBag from /opt/airflow/dags/pipeline.py
[2026-05-25T11:23:02.364+0000] {logging_mixin.py:151} INFO - [2026-05-25T11:23:02.362+0000] {dagbag.py:347} ERROR - Failed to import: /opt/airflow/dags/pipeline.py
Traceback (most recent call last):
  File "/home/airflow/.local/lib/python3.8/site-packages/airflow/models/dagbag.py", line 343, in parse
    loader.exec_module(new_module)
  File "<frozen importlib._bootstrap_external>", line 843, in exec_module
  File "<frozen importlib._bootstrap>", line 219, in _call_with_frames_removed
  File "/opt/airflow/dags/pipeline.py", line 26, in <module>
    extract_task >> transform_task >> load_task
NameError: name 'extract_task' is not defined
[2026-05-25T11:23:02.365+0000] {processor.py:841} WARNING - No viable dags retrieved from /opt/airflow/dags/pipeline.py
[2026-05-25T11:23:02.388+0000] {processor.py:179} INFO - Processing /opt/airflow/dags/pipeline.py took 0.048 seconds
[2026-05-25T11:23:32.633+0000] {processor.py:157} INFO - Started process (PID=1207) to work on /opt/airflow/dags/pipeline.py
[2026-05-25T11:23:32.634+0000] {processor.py:829} INFO - Processing file /opt/airflow/dags/pipeline.py for tasks to queue
[2026-05-25T11:23:32.635+0000] {logging_mixin.py:151} INFO - [2026-05-25T11:23:32.635+0000] {dagbag.py:539} INFO - Filling up the DagBag from /opt/airflow/dags/pipeline.py
[2026-05-25T11:23:32.643+0000] {logging_mixin.py:151} INFO - [2026-05-25T11:23:32.642+0000] {dagbag.py:347} ERROR - Failed to import: /opt/airflow/dags/pipeline.py
Traceback (most recent call last):
  File "/home/airflow/.local/lib/python3.8/site-packages/airflow/models/dagbag.py", line 343, in parse
    loader.exec_module(new_module)
  File "<frozen importlib._bootstrap_external>", line 843, in exec_module
  File "<frozen importlib._bootstrap>", line 219, in _call_with_frames_removed
  File "/opt/airflow/dags/pipeline.py", line 26, in <module>
    extract_task >> transform_task >> load_task
NameError: name 'extract_task' is not defined
[2026-05-25T11:23:32.643+0000] {processor.py:841} WARNING - No viable dags retrieved from /opt/airflow/dags/pipeline.py
[2026-05-25T11:23:32.660+0000] {processor.py:179} INFO - Processing /opt/airflow/dags/pipeline.py took 0.031 seconds
[2026-05-25T11:24:02.941+0000] {processor.py:157} INFO - Started process (PID=1217) to work on /opt/airflow/dags/pipeline.py
[2026-05-25T11:24:02.943+0000] {processor.py:829} INFO - Processing file /opt/airflow/dags/pipeline.py for tasks to queue
[2026-05-25T11:24:02.944+0000] {logging_mixin.py:151} INFO - [2026-05-25T11:24:02.943+0000] {dagbag.py:539} INFO - Filling up the DagBag from /opt/airflow/dags/pipeline.py
[2026-05-25T11:24:02.952+0000] {logging_mixin.py:151} INFO - [2026-05-25T11:24:02.950+0000] {dagbag.py:347} ERROR - Failed to import: /opt/airflow/dags/pipeline.py
Traceback (most recent call last):
  File "/home/airflow/.local/lib/python3.8/site-packages/airflow/models/dagbag.py", line 343, in parse
    loader.exec_module(new_module)
  File "<frozen importlib._bootstrap_external>", line 843, in exec_module
  File "<frozen importlib._bootstrap>", line 219, in _call_with_frames_removed
  File "/opt/airflow/dags/pipeline.py", line 26, in <module>
    extract_task >> transform_task >> load_task
NameError: name 'extract_task' is not defined
[2026-05-25T11:24:02.952+0000] {processor.py:841} WARNING - No viable dags retrieved from /opt/airflow/dags/pipeline.py
[2026-05-25T11:24:02.970+0000] {processor.py:179} INFO - Processing /opt/airflow/dags/pipeline.py took 0.032 seconds
[2026-05-25T11:24:33.245+0000] {processor.py:157} INFO - Started process (PID=1227) to work on /opt/airflow/dags/pipeline.py
[2026-05-25T11:24:33.247+0000] {processor.py:829} INFO - Processing file /opt/airflow/dags/pipeline.py for tasks to queue
[2026-05-25T11:24:33.248+0000] {logging_mixin.py:151} INFO - [2026-05-25T11:24:33.248+0000] {dagbag.py:539} INFO - Filling up the DagBag from /opt/airflow/dags/pipeline.py
[2026-05-25T11:24:33.256+0000] {logging_mixin.py:151} INFO - [2026-05-25T11:24:33.255+0000] {dagbag.py:347} ERROR - Failed to import: /opt/airflow/dags/pipeline.py
Traceback (most recent call last):
  File "/home/airflow/.local/lib/python3.8/site-packages/airflow/models/dagbag.py", line 343, in parse
    loader.exec_module(new_module)
  File "<frozen importlib._bootstrap_external>", line 843, in exec_module
  File "<frozen importlib._bootstrap>", line 219, in _call_with_frames_removed
  File "/opt/airflow/dags/pipeline.py", line 26, in <module>
    extract_task >> transform_task >> load_task
NameError: name 'extract_task' is not defined
[2026-05-25T11:24:33.257+0000] {processor.py:841} WARNING - No viable dags retrieved from /opt/airflow/dags/pipeline.py
[2026-05-25T11:24:33.276+0000] {processor.py:179} INFO - Processing /opt/airflow/dags/pipeline.py took 0.036 seconds
[2026-05-25T11:25:03.565+0000] {processor.py:157} INFO - Started process (PID=1237) to work on /opt/airflow/dags/pipeline.py
[2026-05-25T11:25:03.567+0000] {processor.py:829} INFO - Processing file /opt/airflow/dags/pipeline.py for tasks to queue
[2026-05-25T11:25:03.568+0000] {logging_mixin.py:151} INFO - [2026-05-25T11:25:03.567+0000] {dagbag.py:539} INFO - Filling up the DagBag from /opt/airflow/dags/pipeline.py
[2026-05-25T11:25:03.580+0000] {logging_mixin.py:151} INFO - [2026-05-25T11:25:03.578+0000] {dagbag.py:347} ERROR - Failed to import: /opt/airflow/dags/pipeline.py
Traceback (most recent call last):
  File "/home/airflow/.local/lib/python3.8/site-packages/airflow/models/dagbag.py", line 343, in parse
    loader.exec_module(new_module)
  File "<frozen importlib._bootstrap_external>", line 843, in exec_module
  File "<frozen importlib._bootstrap>", line 219, in _call_with_frames_removed
  File "/opt/airflow/dags/pipeline.py", line 26, in <module>
    extract_task >> transform_task >> load_task
NameError: name 'extract_task' is not defined
[2026-05-25T11:25:03.581+0000] {processor.py:841} WARNING - No viable dags retrieved from /opt/airflow/dags/pipeline.py
[2026-05-25T11:25:03.601+0000] {processor.py:179} INFO - Processing /opt/airflow/dags/pipeline.py took 0.043 seconds
[2026-05-25T11:25:33.843+0000] {processor.py:157} INFO - Started process (PID=1247) to work on /opt/airflow/dags/pipeline.py
[2026-05-25T11:25:33.845+0000] {processor.py:829} INFO - Processing file /opt/airflow/dags/pipeline.py for tasks to queue
[2026-05-25T11:25:33.846+0000] {logging_mixin.py:151} INFO - [2026-05-25T11:25:33.846+0000] {dagbag.py:539} INFO - Filling up the DagBag from /opt/airflow/dags/pipeline.py
[2026-05-25T11:25:33.856+0000] {logging_mixin.py:151} INFO - [2026-05-25T11:25:33.854+0000] {dagbag.py:347} ERROR - Failed to import: /opt/airflow/dags/pipeline.py
Traceback (most recent call last):
  File "/home/airflow/.local/lib/python3.8/site-packages/airflow/models/dagbag.py", line 343, in parse
    loader.exec_module(new_module)
  File "<frozen importlib._bootstrap_external>", line 843, in exec_module
  File "<frozen importlib._bootstrap>", line 219, in _call_with_frames_removed
  File "/opt/airflow/dags/pipeline.py", line 26, in <module>
    extract_task >> transform_task >> load_task
NameError: name 'extract_task' is not defined
[2026-05-25T11:25:33.856+0000] {processor.py:841} WARNING - No viable dags retrieved from /opt/airflow/dags/pipeline.py
[2026-05-25T11:25:33.880+0000] {processor.py:179} INFO - Processing /opt/airflow/dags/pipeline.py took 0.042 seconds
[2026-05-25T11:26:04.138+0000] {processor.py:157} INFO - Started process (PID=1257) to work on /opt/airflow/dags/pipeline.py
[2026-05-25T11:26:04.139+0000] {processor.py:829} INFO - Processing file /opt/airflow/dags/pipeline.py for tasks to queue
[2026-05-25T11:26:04.140+0000] {logging_mixin.py:151} INFO - [2026-05-25T11:26:04.140+0000] {dagbag.py:539} INFO - Filling up the DagBag from /opt/airflow/dags/pipeline.py
[2026-05-25T11:26:04.146+0000] {logging_mixin.py:151} INFO - [2026-05-25T11:26:04.145+0000] {dagbag.py:347} ERROR - Failed to import: /opt/airflow/dags/pipeline.py
Traceback (most recent call last):
  File "/home/airflow/.local/lib/python3.8/site-packages/airflow/models/dagbag.py", line 343, in parse
    loader.exec_module(new_module)
  File "<frozen importlib._bootstrap_external>", line 843, in exec_module
  File "<frozen importlib._bootstrap>", line 219, in _call_with_frames_removed
  File "/opt/airflow/dags/pipeline.py", line 26, in <module>
    extract_task >> transform_task >> load_task
NameError: name 'extract_task' is not defined
[2026-05-25T11:26:04.147+0000] {processor.py:841} WARNING - No viable dags retrieved from /opt/airflow/dags/pipeline.py
[2026-05-25T11:26:04.161+0000] {processor.py:179} INFO - Processing /opt/airflow/dags/pipeline.py took 0.026 seconds
[2026-05-25T11:26:34.417+0000] {processor.py:157} INFO - Started process (PID=1267) to work on /opt/airflow/dags/pipeline.py
[2026-05-25T11:26:34.419+0000] {processor.py:829} INFO - Processing file /opt/airflow/dags/pipeline.py for tasks to queue
[2026-05-25T11:26:34.420+0000] {logging_mixin.py:151} INFO - [2026-05-25T11:26:34.419+0000] {dagbag.py:539} INFO - Filling up the DagBag from /opt/airflow/dags/pipeline.py
[2026-05-25T11:26:34.429+0000] {logging_mixin.py:151} INFO - [2026-05-25T11:26:34.428+0000] {dagbag.py:347} ERROR - Failed to import: /opt/airflow/dags/pipeline.py
Traceback (most recent call last):
  File "/home/airflow/.local/lib/python3.8/site-packages/airflow/models/dagbag.py", line 343, in parse
    loader.exec_module(new_module)
  File "<frozen importlib._bootstrap_external>", line 843, in exec_module
  File "<frozen importlib._bootstrap>", line 219, in _call_with_frames_removed
  File "/opt/airflow/dags/pipeline.py", line 26, in <module>
    extract_task >> transform_task >> load_task
NameError: name 'extract_task' is not defined
[2026-05-25T11:26:34.430+0000] {processor.py:841} WARNING - No viable dags retrieved from /opt/airflow/dags/pipeline.py
[2026-05-25T11:26:34.446+0000] {processor.py:179} INFO - Processing /opt/airflow/dags/pipeline.py took 0.034 seconds
[2026-05-25T11:27:04.649+0000] {processor.py:157} INFO - Started process (PID=1277) to work on /opt/airflow/dags/pipeline.py
[2026-05-25T11:27:04.650+0000] {processor.py:829} INFO - Processing file /opt/airflow/dags/pipeline.py for tasks to queue
[2026-05-25T11:27:04.651+0000] {logging_mixin.py:151} INFO - [2026-05-25T11:27:04.651+0000] {dagbag.py:539} INFO - Filling up the DagBag from /opt/airflow/dags/pipeline.py
[2026-05-25T11:27:04.659+0000] {logging_mixin.py:151} INFO - [2026-05-25T11:27:04.658+0000] {dagbag.py:347} ERROR - Failed to import: /opt/airflow/dags/pipeline.py
Traceback (most recent call last):
  File "/home/airflow/.local/lib/python3.8/site-packages/airflow/models/dagbag.py", line 343, in parse
    loader.exec_module(new_module)
  File "<frozen importlib._bootstrap_external>", line 843, in exec_module
  File "<frozen importlib._bootstrap>", line 219, in _call_with_frames_removed
  File "/opt/airflow/dags/pipeline.py", line 26, in <module>
    extract_task >> transform_task >> load_task
NameError: name 'extract_task' is not defined
[2026-05-25T11:27:04.659+0000] {processor.py:841} WARNING - No viable dags retrieved from /opt/airflow/dags/pipeline.py
[2026-05-25T11:27:04.677+0000] {processor.py:179} INFO - Processing /opt/airflow/dags/pipeline.py took 0.032 seconds
[2026-05-25T11:27:34.879+0000] {processor.py:157} INFO - Started process (PID=1287) to work on /opt/airflow/dags/pipeline.py
[2026-05-25T11:27:34.881+0000] {processor.py:829} INFO - Processing file /opt/airflow/dags/pipeline.py for tasks to queue
[2026-05-25T11:27:34.882+0000] {logging_mixin.py:151} INFO - [2026-05-25T11:27:34.881+0000] {dagbag.py:539} INFO - Filling up the DagBag from /opt/airflow/dags/pipeline.py
[2026-05-25T11:27:34.888+0000] {logging_mixin.py:151} INFO - [2026-05-25T11:27:34.887+0000] {dagbag.py:347} ERROR - Failed to import: /opt/airflow/dags/pipeline.py
Traceback (most recent call last):
  File "/home/airflow/.local/lib/python3.8/site-packages/airflow/models/dagbag.py", line 343, in parse
    loader.exec_module(new_module)
  File "<frozen importlib._bootstrap_external>", line 843, in exec_module
  File "<frozen importlib._bootstrap>", line 219, in _call_with_frames_removed
  File "/opt/airflow/dags/pipeline.py", line 26, in <module>
    extract_task >> transform_task >> load_task
NameError: name 'extract_task' is not defined
[2026-05-25T11:27:34.889+0000] {processor.py:841} WARNING - No viable dags retrieved from /opt/airflow/dags/pipeline.py
[2026-05-25T11:27:34.904+0000] {processor.py:179} INFO - Processing /opt/airflow/dags/pipeline.py took 0.028 seconds
[2026-05-25T11:28:05.145+0000] {processor.py:157} INFO - Started process (PID=1297) to work on /opt/airflow/dags/pipeline.py
[2026-05-25T11:28:05.147+0000] {processor.py:829} INFO - Processing file /opt/airflow/dags/pipeline.py for tasks to queue
[2026-05-25T11:28:05.149+0000] {logging_mixin.py:151} INFO - [2026-05-25T11:28:05.148+0000] {dagbag.py:539} INFO - Filling up the DagBag from /opt/airflow/dags/pipeline.py
[2026-05-25T11:28:05.162+0000] {logging_mixin.py:151} INFO - [2026-05-25T11:28:05.161+0000] {dagbag.py:347} ERROR - Failed to import: /opt/airflow/dags/pipeline.py
Traceback (most recent call last):
  File "/home/airflow/.local/lib/python3.8/site-packages/airflow/models/dagbag.py", line 343, in parse
    loader.exec_module(new_module)
  File "<frozen importlib._bootstrap_external>", line 843, in exec_module
  File "<frozen importlib._bootstrap>", line 219, in _call_with_frames_removed
  File "/opt/airflow/dags/pipeline.py", line 26, in <module>
    extract_task >> transform_task >> load_task
NameError: name 'extract_task' is not defined
[2026-05-25T11:28:05.163+0000] {processor.py:841} WARNING - No viable dags retrieved from /opt/airflow/dags/pipeline.py
[2026-05-25T11:28:05.183+0000] {processor.py:179} INFO - Processing /opt/airflow/dags/pipeline.py took 0.044 seconds
[2026-05-25T11:28:35.430+0000] {processor.py:157} INFO - Started process (PID=1307) to work on /opt/airflow/dags/pipeline.py
[2026-05-25T11:28:35.431+0000] {processor.py:829} INFO - Processing file /opt/airflow/dags/pipeline.py for tasks to queue
[2026-05-25T11:28:35.433+0000] {logging_mixin.py:151} INFO - [2026-05-25T11:28:35.432+0000] {dagbag.py:539} INFO - Filling up the DagBag from /opt/airflow/dags/pipeline.py
[2026-05-25T11:28:35.445+0000] {logging_mixin.py:151} INFO - [2026-05-25T11:28:35.443+0000] {dagbag.py:347} ERROR - Failed to import: /opt/airflow/dags/pipeline.py
Traceback (most recent call last):
  File "/home/airflow/.local/lib/python3.8/site-packages/airflow/models/dagbag.py", line 343, in parse
    loader.exec_module(new_module)
  File "<frozen importlib._bootstrap_external>", line 843, in exec_module
  File "<frozen importlib._bootstrap>", line 219, in _call_with_frames_removed
  File "/opt/airflow/dags/pipeline.py", line 26, in <module>
    extract_task >> transform_task >> load_task
NameError: name 'extract_task' is not defined
[2026-05-25T11:28:35.446+0000] {processor.py:841} WARNING - No viable dags retrieved from /opt/airflow/dags/pipeline.py
[2026-05-25T11:28:35.463+0000] {processor.py:179} INFO - Processing /opt/airflow/dags/pipeline.py took 0.039 seconds
[2026-05-25T11:29:05.725+0000] {processor.py:157} INFO - Started process (PID=1317) to work on /opt/airflow/dags/pipeline.py
[2026-05-25T11:29:05.726+0000] {processor.py:829} INFO - Processing file /opt/airflow/dags/pipeline.py for tasks to queue
[2026-05-25T11:29:05.727+0000] {logging_mixin.py:151} INFO - [2026-05-25T11:29:05.726+0000] {dagbag.py:539} INFO - Filling up the DagBag from /opt/airflow/dags/pipeline.py
[2026-05-25T11:29:05.731+0000] {logging_mixin.py:151} INFO - [2026-05-25T11:29:05.730+0000] {dagbag.py:347} ERROR - Failed to import: /opt/airflow/dags/pipeline.py
Traceback (most recent call last):
  File "/home/airflow/.local/lib/python3.8/site-packages/airflow/models/dagbag.py", line 343, in parse
    loader.exec_module(new_module)
  File "<frozen importlib._bootstrap_external>", line 843, in exec_module
  File "<frozen importlib._bootstrap>", line 219, in _call_with_frames_removed
  File "/opt/airflow/dags/pipeline.py", line 26, in <module>
    extract_task >> transform_task >> load_task
NameError: name 'extract_task' is not defined
[2026-05-25T11:29:05.731+0000] {processor.py:841} WARNING - No viable dags retrieved from /opt/airflow/dags/pipeline.py
[2026-05-25T11:29:05.744+0000] {processor.py:179} INFO - Processing /opt/airflow/dags/pipeline.py took 0.021 seconds
[2026-05-25T11:29:36.010+0000] {processor.py:157} INFO - Started process (PID=1327) to work on /opt/airflow/dags/pipeline.py
[2026-05-25T11:29:36.012+0000] {processor.py:829} INFO - Processing file /opt/airflow/dags/pipeline.py for tasks to queue
[2026-05-25T11:29:36.013+0000] {logging_mixin.py:151} INFO - [2026-05-25T11:29:36.012+0000] {dagbag.py:539} INFO - Filling up the DagBag from /opt/airflow/dags/pipeline.py
[2026-05-25T11:29:36.021+0000] {logging_mixin.py:151} INFO - [2026-05-25T11:29:36.020+0000] {dagbag.py:347} ERROR - Failed to import: /opt/airflow/dags/pipeline.py
Traceback (most recent call last):
  File "/home/airflow/.local/lib/python3.8/site-packages/airflow/models/dagbag.py", line 343, in parse
    loader.exec_module(new_module)
  File "<frozen importlib._bootstrap_external>", line 843, in exec_module
  File "<frozen importlib._bootstrap>", line 219, in _call_with_frames_removed
  File "/opt/airflow/dags/pipeline.py", line 26, in <module>
    extract_task >> transform_task >> load_task
NameError: name 'extract_task' is not defined
[2026-05-25T11:29:36.021+0000] {processor.py:841} WARNING - No viable dags retrieved from /opt/airflow/dags/pipeline.py
[2026-05-25T11:29:36.038+0000] {processor.py:179} INFO - Processing /opt/airflow/dags/pipeline.py took 0.032 seconds
[2026-05-25T11:30:06.301+0000] {processor.py:157} INFO - Started process (PID=1337) to work on /opt/airflow/dags/pipeline.py
[2026-05-25T11:30:06.302+0000] {processor.py:829} INFO - Processing file /opt/airflow/dags/pipeline.py for tasks to queue
[2026-05-25T11:30:06.303+0000] {logging_mixin.py:151} INFO - [2026-05-25T11:30:06.303+0000] {dagbag.py:539} INFO - Filling up the DagBag from /opt/airflow/dags/pipeline.py
[2026-05-25T11:30:06.309+0000] {logging_mixin.py:151} INFO - [2026-05-25T11:30:06.308+0000] {dagbag.py:347} ERROR - Failed to import: /opt/airflow/dags/pipeline.py
Traceback (most recent call last):
  File "/home/airflow/.local/lib/python3.8/site-packages/airflow/models/dagbag.py", line 343, in parse
    loader.exec_module(new_module)
  File "<frozen importlib._bootstrap_external>", line 843, in exec_module
  File "<frozen importlib._bootstrap>", line 219, in _call_with_frames_removed
  File "/opt/airflow/dags/pipeline.py", line 26, in <module>
    extract_task >> transform_task >> load_task
NameError: name 'extract_task' is not defined
[2026-05-25T11:30:06.310+0000] {processor.py:841} WARNING - No viable dags retrieved from /opt/airflow/dags/pipeline.py
[2026-05-25T11:30:06.324+0000] {processor.py:179} INFO - Processing /opt/airflow/dags/pipeline.py took 0.024 seconds
[2026-05-25T11:30:36.620+0000] {processor.py:157} INFO - Started process (PID=1347) to work on /opt/airflow/dags/pipeline.py
[2026-05-25T11:30:36.622+0000] {processor.py:829} INFO - Processing file /opt/airflow/dags/pipeline.py for tasks to queue
[2026-05-25T11:30:36.623+0000] {logging_mixin.py:151} INFO - [2026-05-25T11:30:36.623+0000] {dagbag.py:539} INFO - Filling up the DagBag from /opt/airflow/dags/pipeline.py
[2026-05-25T11:30:36.639+0000] {logging_mixin.py:151} INFO - [2026-05-25T11:30:36.637+0000] {dagbag.py:347} ERROR - Failed to import: /opt/airflow/dags/pipeline.py
Traceback (most recent call last):
  File "/home/airflow/.local/lib/python3.8/site-packages/airflow/models/dagbag.py", line 343, in parse
    loader.exec_module(new_module)
  File "<frozen importlib._bootstrap_external>", line 843, in exec_module
  File "<frozen importlib._bootstrap>", line 219, in _call_with_frames_removed
  File "/opt/airflow/dags/pipeline.py", line 26, in <module>
    extract_task >> transform_task >> load_task
NameError: name 'extract_task' is not defined
[2026-05-25T11:30:36.639+0000] {processor.py:841} WARNING - No viable dags retrieved from /opt/airflow/dags/pipeline.py
[2026-05-25T11:30:36.659+0000] {processor.py:179} INFO - Processing /opt/airflow/dags/pipeline.py took 0.045 seconds
[2026-05-25T11:31:06.978+0000] {processor.py:157} INFO - Started process (PID=1357) to work on /opt/airflow/dags/pipeline.py
[2026-05-25T11:31:06.980+0000] {processor.py:829} INFO - Processing file /opt/airflow/dags/pipeline.py for tasks to queue
[2026-05-25T11:31:06.981+0000] {logging_mixin.py:151} INFO - [2026-05-25T11:31:06.980+0000] {dagbag.py:539} INFO - Filling up the DagBag from /opt/airflow/dags/pipeline.py
[2026-05-25T11:31:06.991+0000] {logging_mixin.py:151} INFO - [2026-05-25T11:31:06.989+0000] {dagbag.py:347} ERROR - Failed to import: /opt/airflow/dags/pipeline.py
Traceback (most recent call last):
  File "/home/airflow/.local/lib/python3.8/site-packages/airflow/models/dagbag.py", line 343, in parse
    loader.exec_module(new_module)
  File "<frozen importlib._bootstrap_external>", line 843, in exec_module
  File "<frozen importlib._bootstrap>", line 219, in _call_with_frames_removed
  File "/opt/airflow/dags/pipeline.py", line 26, in <module>
    extract_task >> transform_task >> load_task
NameError: name 'extract_task' is not defined
[2026-05-25T11:31:06.991+0000] {processor.py:841} WARNING - No viable dags retrieved from /opt/airflow/dags/pipeline.py
[2026-05-25T11:31:07.010+0000] {processor.py:179} INFO - Processing /opt/airflow/dags/pipeline.py took 0.036 seconds
[2026-05-25T11:31:37.261+0000] {processor.py:157} INFO - Started process (PID=1367) to work on /opt/airflow/dags/pipeline.py
[2026-05-25T11:31:37.263+0000] {processor.py:829} INFO - Processing file /opt/airflow/dags/pipeline.py for tasks to queue
[2026-05-25T11:31:37.264+0000] {logging_mixin.py:151} INFO - [2026-05-25T11:31:37.263+0000] {dagbag.py:539} INFO - Filling up the DagBag from /opt/airflow/dags/pipeline.py
[2026-05-25T11:31:37.272+0000] {logging_mixin.py:151} INFO - [2026-05-25T11:31:37.270+0000] {dagbag.py:347} ERROR - Failed to import: /opt/airflow/dags/pipeline.py
Traceback (most recent call last):
  File "/home/airflow/.local/lib/python3.8/site-packages/airflow/models/dagbag.py", line 343, in parse
    loader.exec_module(new_module)
  File "<frozen importlib._bootstrap_external>", line 843, in exec_module
  File "<frozen importlib._bootstrap>", line 219, in _call_with_frames_removed
  File "/opt/airflow/dags/pipeline.py", line 26, in <module>
    extract_task >> transform_task >> load_task
NameError: name 'extract_task' is not defined
[2026-05-25T11:31:37.272+0000] {processor.py:841} WARNING - No viable dags retrieved from /opt/airflow/dags/pipeline.py
[2026-05-25T11:31:37.288+0000] {processor.py:179} INFO - Processing /opt/airflow/dags/pipeline.py took 0.030 seconds
[2026-05-25T11:32:07.580+0000] {processor.py:157} INFO - Started process (PID=1377) to work on /opt/airflow/dags/pipeline.py
[2026-05-25T11:32:07.582+0000] {processor.py:829} INFO - Processing file /opt/airflow/dags/pipeline.py for tasks to queue
[2026-05-25T11:32:07.582+0000] {logging_mixin.py:151} INFO - [2026-05-25T11:32:07.582+0000] {dagbag.py:539} INFO - Filling up the DagBag from /opt/airflow/dags/pipeline.py
[2026-05-25T11:32:07.591+0000] {logging_mixin.py:151} INFO - [2026-05-25T11:32:07.589+0000] {dagbag.py:347} ERROR - Failed to import: /opt/airflow/dags/pipeline.py
Traceback (most recent call last):
  File "/home/airflow/.local/lib/python3.8/site-packages/airflow/models/dagbag.py", line 343, in parse
    loader.exec_module(new_module)
  File "<frozen importlib._bootstrap_external>", line 843, in exec_module
  File "<frozen importlib._bootstrap>", line 219, in _call_with_frames_removed
  File "/opt/airflow/dags/pipeline.py", line 26, in <module>
    extract_task >> transform_task >> load_task
NameError: name 'extract_task' is not defined
[2026-05-25T11:32:07.591+0000] {processor.py:841} WARNING - No viable dags retrieved from /opt/airflow/dags/pipeline.py
[2026-05-25T11:32:07.609+0000] {processor.py:179} INFO - Processing /opt/airflow/dags/pipeline.py took 0.034 seconds
[2026-05-25T11:32:37.914+0000] {processor.py:157} INFO - Started process (PID=1387) to work on /opt/airflow/dags/pipeline.py
[2026-05-25T11:32:37.916+0000] {processor.py:829} INFO - Processing file /opt/airflow/dags/pipeline.py for tasks to queue
[2026-05-25T11:32:37.917+0000] {logging_mixin.py:151} INFO - [2026-05-25T11:32:37.916+0000] {dagbag.py:539} INFO - Filling up the DagBag from /opt/airflow/dags/pipeline.py
[2026-05-25T11:32:37.924+0000] {logging_mixin.py:151} INFO - [2026-05-25T11:32:37.923+0000] {dagbag.py:347} ERROR - Failed to import: /opt/airflow/dags/pipeline.py
Traceback (most recent call last):
  File "/home/airflow/.local/lib/python3.8/site-packages/airflow/models/dagbag.py", line 343, in parse
    loader.exec_module(new_module)
  File "<frozen importlib._bootstrap_external>", line 843, in exec_module
  File "<frozen importlib._bootstrap>", line 219, in _call_with_frames_removed
  File "/opt/airflow/dags/pipeline.py", line 26, in <module>
    extract_task >> transform_task >> load_task
NameError: name 'extract_task' is not defined
[2026-05-25T11:32:37.924+0000] {processor.py:841} WARNING - No viable dags retrieved from /opt/airflow/dags/pipeline.py
[2026-05-25T11:32:37.940+0000] {processor.py:179} INFO - Processing /opt/airflow/dags/pipeline.py took 0.029 seconds
[2026-05-25T11:33:08.211+0000] {processor.py:157} INFO - Started process (PID=1397) to work on /opt/airflow/dags/pipeline.py
[2026-05-25T11:33:08.212+0000] {processor.py:829} INFO - Processing file /opt/airflow/dags/pipeline.py for tasks to queue
[2026-05-25T11:33:08.213+0000] {logging_mixin.py:151} INFO - [2026-05-25T11:33:08.213+0000] {dagbag.py:539} INFO - Filling up the DagBag from /opt/airflow/dags/pipeline.py
[2026-05-25T11:33:08.222+0000] {logging_mixin.py:151} INFO - [2026-05-25T11:33:08.221+0000] {dagbag.py:347} ERROR - Failed to import: /opt/airflow/dags/pipeline.py
Traceback (most recent call last):
  File "/home/airflow/.local/lib/python3.8/site-packages/airflow/models/dagbag.py", line 343, in parse
    loader.exec_module(new_module)
  File "<frozen importlib._bootstrap_external>", line 843, in exec_module
  File "<frozen importlib._bootstrap>", line 219, in _call_with_frames_removed
  File "/opt/airflow/dags/pipeline.py", line 26, in <module>
    extract_task >> transform_task >> load_task
NameError: name 'extract_task' is not defined
[2026-05-25T11:33:08.222+0000] {processor.py:841} WARNING - No viable dags retrieved from /opt/airflow/dags/pipeline.py
[2026-05-25T11:33:08.239+0000] {processor.py:179} INFO - Processing /opt/airflow/dags/pipeline.py took 0.033 seconds
[2026-05-25T11:33:38.549+0000] {processor.py:157} INFO - Started process (PID=1407) to work on /opt/airflow/dags/pipeline.py
[2026-05-25T11:33:38.551+0000] {processor.py:829} INFO - Processing file /opt/airflow/dags/pipeline.py for tasks to queue
[2026-05-25T11:33:38.552+0000] {logging_mixin.py:151} INFO - [2026-05-25T11:33:38.552+0000] {dagbag.py:539} INFO - Filling up the DagBag from /opt/airflow/dags/pipeline.py
[2026-05-25T11:33:38.560+0000] {logging_mixin.py:151} INFO - [2026-05-25T11:33:38.558+0000] {dagbag.py:347} ERROR - Failed to import: /opt/airflow/dags/pipeline.py
Traceback (most recent call last):
  File "/home/airflow/.local/lib/python3.8/site-packages/airflow/models/dagbag.py", line 343, in parse
    loader.exec_module(new_module)
  File "<frozen importlib._bootstrap_external>", line 843, in exec_module
  File "<frozen importlib._bootstrap>", line 219, in _call_with_frames_removed
  File "/opt/airflow/dags/pipeline.py", line 26, in <module>
    extract_task >> transform_task >> load_task
NameError: name 'extract_task' is not defined
[2026-05-25T11:33:38.560+0000] {processor.py:841} WARNING - No viable dags retrieved from /opt/airflow/dags/pipeline.py
[2026-05-25T11:33:38.576+0000] {processor.py:179} INFO - Processing /opt/airflow/dags/pipeline.py took 0.031 seconds
[2026-05-25T11:34:08.882+0000] {processor.py:157} INFO - Started process (PID=1417) to work on /opt/airflow/dags/pipeline.py
[2026-05-25T11:34:08.884+0000] {processor.py:829} INFO - Processing file /opt/airflow/dags/pipeline.py for tasks to queue
[2026-05-25T11:34:08.884+0000] {logging_mixin.py:151} INFO - [2026-05-25T11:34:08.884+0000] {dagbag.py:539} INFO - Filling up the DagBag from /opt/airflow/dags/pipeline.py
[2026-05-25T11:34:08.892+0000] {logging_mixin.py:151} INFO - [2026-05-25T11:34:08.891+0000] {dagbag.py:347} ERROR - Failed to import: /opt/airflow/dags/pipeline.py
Traceback (most recent call last):
  File "/home/airflow/.local/lib/python3.8/site-packages/airflow/models/dagbag.py", line 343, in parse
    loader.exec_module(new_module)
  File "<frozen importlib._bootstrap_external>", line 843, in exec_module
  File "<frozen importlib._bootstrap>", line 219, in _call_with_frames_removed
  File "/opt/airflow/dags/pipeline.py", line 26, in <module>
    extract_task >> transform_task >> load_task
NameError: name 'extract_task' is not defined
[2026-05-25T11:34:08.892+0000] {processor.py:841} WARNING - No viable dags retrieved from /opt/airflow/dags/pipeline.py
[2026-05-25T11:34:08.907+0000] {processor.py:179} INFO - Processing /opt/airflow/dags/pipeline.py took 0.029 seconds
[2026-05-25T11:34:39.178+0000] {processor.py:157} INFO - Started process (PID=1427) to work on /opt/airflow/dags/pipeline.py
[2026-05-25T11:34:39.180+0000] {processor.py:829} INFO - Processing file /opt/airflow/dags/pipeline.py for tasks to queue
[2026-05-25T11:34:39.181+0000] {logging_mixin.py:151} INFO - [2026-05-25T11:34:39.180+0000] {dagbag.py:539} INFO - Filling up the DagBag from /opt/airflow/dags/pipeline.py
[2026-05-25T11:34:39.190+0000] {logging_mixin.py:151} INFO - [2026-05-25T11:34:39.189+0000] {dagbag.py:347} ERROR - Failed to import: /opt/airflow/dags/pipeline.py
Traceback (most recent call last):
  File "/home/airflow/.local/lib/python3.8/site-packages/airflow/models/dagbag.py", line 343, in parse
    loader.exec_module(new_module)
  File "<frozen importlib._bootstrap_external>", line 843, in exec_module
  File "<frozen importlib._bootstrap>", line 219, in _call_with_frames_removed
  File "/opt/airflow/dags/pipeline.py", line 26, in <module>
    extract_task >> transform_task >> load_task
NameError: name 'extract_task' is not defined
[2026-05-25T11:34:39.191+0000] {processor.py:841} WARNING - No viable dags retrieved from /opt/airflow/dags/pipeline.py
[2026-05-25T11:34:39.208+0000] {processor.py:179} INFO - Processing /opt/airflow/dags/pipeline.py took 0.034 seconds
[2026-05-25T11:35:09.552+0000] {processor.py:157} INFO - Started process (PID=1442) to work on /opt/airflow/dags/pipeline.py
[2026-05-25T11:35:09.554+0000] {processor.py:829} INFO - Processing file /opt/airflow/dags/pipeline.py for tasks to queue
[2026-05-25T11:35:09.555+0000] {logging_mixin.py:151} INFO - [2026-05-25T11:35:09.555+0000] {dagbag.py:539} INFO - Filling up the DagBag from /opt/airflow/dags/pipeline.py
[2026-05-25T11:35:09.563+0000] {logging_mixin.py:151} INFO - [2026-05-25T11:35:09.562+0000] {dagbag.py:347} ERROR - Failed to import: /opt/airflow/dags/pipeline.py
Traceback (most recent call last):
  File "/home/airflow/.local/lib/python3.8/site-packages/airflow/models/dagbag.py", line 343, in parse
    loader.exec_module(new_module)
  File "<frozen importlib._bootstrap_external>", line 843, in exec_module
  File "<frozen importlib._bootstrap>", line 219, in _call_with_frames_removed
  File "/opt/airflow/dags/pipeline.py", line 26, in <module>
    extract_task >> transform_task >> load_task
NameError: name 'extract_task' is not defined
[2026-05-25T11:35:09.563+0000] {processor.py:841} WARNING - No viable dags retrieved from /opt/airflow/dags/pipeline.py
[2026-05-25T11:35:09.580+0000] {processor.py:179} INFO - Processing /opt/airflow/dags/pipeline.py took 0.031 seconds
[2026-05-25T11:35:39.880+0000] {processor.py:157} INFO - Started process (PID=1452) to work on /opt/airflow/dags/pipeline.py
[2026-05-25T11:35:39.881+0000] {processor.py:829} INFO - Processing file /opt/airflow/dags/pipeline.py for tasks to queue
[2026-05-25T11:35:39.881+0000] {logging_mixin.py:151} INFO - [2026-05-25T11:35:39.881+0000] {dagbag.py:539} INFO - Filling up the DagBag from /opt/airflow/dags/pipeline.py
[2026-05-25T11:35:39.887+0000] {logging_mixin.py:151} INFO - [2026-05-25T11:35:39.886+0000] {dagbag.py:347} ERROR - Failed to import: /opt/airflow/dags/pipeline.py
Traceback (most recent call last):
  File "/home/airflow/.local/lib/python3.8/site-packages/airflow/models/dagbag.py", line 343, in parse
    loader.exec_module(new_module)
  File "<frozen importlib._bootstrap_external>", line 843, in exec_module
  File "<frozen importlib._bootstrap>", line 219, in _call_with_frames_removed
  File "/opt/airflow/dags/pipeline.py", line 26, in <module>
    extract_task >> transform_task >> load_task
NameError: name 'extract_task' is not defined
[2026-05-25T11:35:39.887+0000] {processor.py:841} WARNING - No viable dags retrieved from /opt/airflow/dags/pipeline.py
[2026-05-25T11:35:39.899+0000] {processor.py:179} INFO - Processing /opt/airflow/dags/pipeline.py took 0.022 seconds
[2026-05-25T11:36:10.166+0000] {processor.py:157} INFO - Started process (PID=1462) to work on /opt/airflow/dags/pipeline.py
[2026-05-25T11:36:10.167+0000] {processor.py:829} INFO - Processing file /opt/airflow/dags/pipeline.py for tasks to queue
[2026-05-25T11:36:10.168+0000] {logging_mixin.py:151} INFO - [2026-05-25T11:36:10.168+0000] {dagbag.py:539} INFO - Filling up the DagBag from /opt/airflow/dags/pipeline.py
[2026-05-25T11:36:10.175+0000] {logging_mixin.py:151} INFO - [2026-05-25T11:36:10.174+0000] {dagbag.py:347} ERROR - Failed to import: /opt/airflow/dags/pipeline.py
Traceback (most recent call last):
  File "/home/airflow/.local/lib/python3.8/site-packages/airflow/models/dagbag.py", line 343, in parse
    loader.exec_module(new_module)
  File "<frozen importlib._bootstrap_external>", line 843, in exec_module
  File "<frozen importlib._bootstrap>", line 219, in _call_with_frames_removed
  File "/opt/airflow/dags/pipeline.py", line 26, in <module>
    extract_task >> transform_task >> load_task
NameError: name 'extract_task' is not defined
[2026-05-25T11:36:10.176+0000] {processor.py:841} WARNING - No viable dags retrieved from /opt/airflow/dags/pipeline.py
[2026-05-25T11:36:10.193+0000] {processor.py:179} INFO - Processing /opt/airflow/dags/pipeline.py took 0.032 seconds
[2026-05-25T11:36:40.471+0000] {processor.py:157} INFO - Started process (PID=1472) to work on /opt/airflow/dags/pipeline.py
[2026-05-25T11:36:40.473+0000] {processor.py:829} INFO - Processing file /opt/airflow/dags/pipeline.py for tasks to queue
[2026-05-25T11:36:40.474+0000] {logging_mixin.py:151} INFO - [2026-05-25T11:36:40.474+0000] {dagbag.py:539} INFO - Filling up the DagBag from /opt/airflow/dags/pipeline.py
[2026-05-25T11:36:40.485+0000] {logging_mixin.py:151} INFO - [2026-05-25T11:36:40.484+0000] {dagbag.py:347} ERROR - Failed to import: /opt/airflow/dags/pipeline.py
Traceback (most recent call last):
  File "/home/airflow/.local/lib/python3.8/site-packages/airflow/models/dagbag.py", line 343, in parse
    loader.exec_module(new_module)
  File "<frozen importlib._bootstrap_external>", line 843, in exec_module
  File "<frozen importlib._bootstrap>", line 219, in _call_with_frames_removed
  File "/opt/airflow/dags/pipeline.py", line 26, in <module>
    extract_task >> transform_task >> load_task
NameError: name 'extract_task' is not defined
[2026-05-25T11:36:40.485+0000] {processor.py:841} WARNING - No viable dags retrieved from /opt/airflow/dags/pipeline.py
[2026-05-25T11:36:40.505+0000] {processor.py:179} INFO - Processing /opt/airflow/dags/pipeline.py took 0.039 seconds
[2026-05-25T11:37:10.776+0000] {processor.py:157} INFO - Started process (PID=1482) to work on /opt/airflow/dags/pipeline.py
[2026-05-25T11:37:10.778+0000] {processor.py:829} INFO - Processing file /opt/airflow/dags/pipeline.py for tasks to queue
[2026-05-25T11:37:10.779+0000] {logging_mixin.py:151} INFO - [2026-05-25T11:37:10.779+0000] {dagbag.py:539} INFO - Filling up the DagBag from /opt/airflow/dags/pipeline.py
[2026-05-25T11:37:10.786+0000] {logging_mixin.py:151} INFO - [2026-05-25T11:37:10.785+0000] {dagbag.py:347} ERROR - Failed to import: /opt/airflow/dags/pipeline.py
Traceback (most recent call last):
  File "/home/airflow/.local/lib/python3.8/site-packages/airflow/models/dagbag.py", line 343, in parse
    loader.exec_module(new_module)
  File "<frozen importlib._bootstrap_external>", line 843, in exec_module
  File "<frozen importlib._bootstrap>", line 219, in _call_with_frames_removed
  File "/opt/airflow/dags/pipeline.py", line 26, in <module>
    extract_task >> transform_task >> load_task
NameError: name 'extract_task' is not defined
[2026-05-25T11:37:10.787+0000] {processor.py:841} WARNING - No viable dags retrieved from /opt/airflow/dags/pipeline.py
[2026-05-25T11:37:10.808+0000] {processor.py:179} INFO - Processing /opt/airflow/dags/pipeline.py took 0.036 seconds
[2026-05-25T11:37:41.086+0000] {processor.py:157} INFO - Started process (PID=1492) to work on /opt/airflow/dags/pipeline.py
[2026-05-25T11:37:41.087+0000] {processor.py:829} INFO - Processing file /opt/airflow/dags/pipeline.py for tasks to queue
[2026-05-25T11:37:41.088+0000] {logging_mixin.py:151} INFO - [2026-05-25T11:37:41.088+0000] {dagbag.py:539} INFO - Filling up the DagBag from /opt/airflow/dags/pipeline.py
[2026-05-25T11:37:41.096+0000] {logging_mixin.py:151} INFO - [2026-05-25T11:37:41.095+0000] {dagbag.py:347} ERROR - Failed to import: /opt/airflow/dags/pipeline.py
Traceback (most recent call last):
  File "/home/airflow/.local/lib/python3.8/site-packages/airflow/models/dagbag.py", line 343, in parse
    loader.exec_module(new_module)
  File "<frozen importlib._bootstrap_external>", line 843, in exec_module
  File "<frozen importlib._bootstrap>", line 219, in _call_with_frames_removed
  File "/opt/airflow/dags/pipeline.py", line 26, in <module>
    extract_task >> transform_task >> load_task
NameError: name 'extract_task' is not defined
[2026-05-25T11:37:41.096+0000] {processor.py:841} WARNING - No viable dags retrieved from /opt/airflow/dags/pipeline.py
[2026-05-25T11:37:41.112+0000] {processor.py:179} INFO - Processing /opt/airflow/dags/pipeline.py took 0.030 seconds
[2026-05-25T11:38:11.361+0000] {processor.py:157} INFO - Started process (PID=1502) to work on /opt/airflow/dags/pipeline.py
[2026-05-25T11:38:11.362+0000] {processor.py:829} INFO - Processing file /opt/airflow/dags/pipeline.py for tasks to queue
[2026-05-25T11:38:11.363+0000] {logging_mixin.py:151} INFO - [2026-05-25T11:38:11.362+0000] {dagbag.py:539} INFO - Filling up the DagBag from /opt/airflow/dags/pipeline.py
[2026-05-25T11:38:11.371+0000] {logging_mixin.py:151} INFO - [2026-05-25T11:38:11.370+0000] {dagbag.py:347} ERROR - Failed to import: /opt/airflow/dags/pipeline.py
Traceback (most recent call last):
  File "/home/airflow/.local/lib/python3.8/site-packages/airflow/models/dagbag.py", line 343, in parse
    loader.exec_module(new_module)
  File "<frozen importlib._bootstrap_external>", line 843, in exec_module
  File "<frozen importlib._bootstrap>", line 219, in _call_with_frames_removed
  File "/opt/airflow/dags/pipeline.py", line 26, in <module>
    extract_task >> transform_task >> load_task
NameError: name 'extract_task' is not defined
[2026-05-25T11:38:11.372+0000] {processor.py:841} WARNING - No viable dags retrieved from /opt/airflow/dags/pipeline.py
[2026-05-25T11:38:11.387+0000] {processor.py:179} INFO - Processing /opt/airflow/dags/pipeline.py took 0.031 seconds
[2026-05-25T11:38:41.629+0000] {processor.py:157} INFO - Started process (PID=1517) to work on /opt/airflow/dags/pipeline.py
[2026-05-25T11:38:41.631+0000] {processor.py:829} INFO - Processing file /opt/airflow/dags/pipeline.py for tasks to queue
[2026-05-25T11:38:41.631+0000] {logging_mixin.py:151} INFO - [2026-05-25T11:38:41.631+0000] {dagbag.py:539} INFO - Filling up the DagBag from /opt/airflow/dags/pipeline.py
[2026-05-25T11:38:41.637+0000] {logging_mixin.py:151} INFO - [2026-05-25T11:38:41.636+0000] {dagbag.py:347} ERROR - Failed to import: /opt/airflow/dags/pipeline.py
Traceback (most recent call last):
  File "/home/airflow/.local/lib/python3.8/site-packages/airflow/models/dagbag.py", line 343, in parse
    loader.exec_module(new_module)
  File "<frozen importlib._bootstrap_external>", line 843, in exec_module
  File "<frozen importlib._bootstrap>", line 219, in _call_with_frames_removed
  File "/opt/airflow/dags/pipeline.py", line 26, in <module>
    extract_task >> transform_task >> load_task
NameError: name 'extract_task' is not defined
[2026-05-25T11:38:41.638+0000] {processor.py:841} WARNING - No viable dags retrieved from /opt/airflow/dags/pipeline.py
[2026-05-25T11:38:41.651+0000] {processor.py:179} INFO - Processing /opt/airflow/dags/pipeline.py took 0.024 seconds
[2026-05-25T11:39:11.947+0000] {processor.py:157} INFO - Started process (PID=1527) to work on /opt/airflow/dags/pipeline.py
[2026-05-25T11:39:11.951+0000] {processor.py:829} INFO - Processing file /opt/airflow/dags/pipeline.py for tasks to queue
[2026-05-25T11:39:11.952+0000] {logging_mixin.py:151} INFO - [2026-05-25T11:39:11.952+0000] {dagbag.py:539} INFO - Filling up the DagBag from /opt/airflow/dags/pipeline.py
[2026-05-25T11:39:11.967+0000] {logging_mixin.py:151} INFO - [2026-05-25T11:39:11.965+0000] {dagbag.py:347} ERROR - Failed to import: /opt/airflow/dags/pipeline.py
Traceback (most recent call last):
  File "/home/airflow/.local/lib/python3.8/site-packages/airflow/models/dagbag.py", line 343, in parse
    loader.exec_module(new_module)
  File "<frozen importlib._bootstrap_external>", line 843, in exec_module
  File "<frozen importlib._bootstrap>", line 219, in _call_with_frames_removed
  File "/opt/airflow/dags/pipeline.py", line 26, in <module>
    extract_task >> transform_task >> load_task
NameError: name 'extract_task' is not defined
[2026-05-25T11:39:11.967+0000] {processor.py:841} WARNING - No viable dags retrieved from /opt/airflow/dags/pipeline.py
[2026-05-25T11:39:11.990+0000] {processor.py:179} INFO - Processing /opt/airflow/dags/pipeline.py took 0.050 seconds
[2026-05-25T11:39:42.250+0000] {processor.py:157} INFO - Started process (PID=1537) to work on /opt/airflow/dags/pipeline.py
[2026-05-25T11:39:42.251+0000] {processor.py:829} INFO - Processing file /opt/airflow/dags/pipeline.py for tasks to queue
[2026-05-25T11:39:42.252+0000] {logging_mixin.py:151} INFO - [2026-05-25T11:39:42.251+0000] {dagbag.py:539} INFO - Filling up the DagBag from /opt/airflow/dags/pipeline.py
[2026-05-25T11:39:42.259+0000] {logging_mixin.py:151} INFO - [2026-05-25T11:39:42.258+0000] {dagbag.py:347} ERROR - Failed to import: /opt/airflow/dags/pipeline.py
Traceback (most recent call last):
  File "/home/airflow/.local/lib/python3.8/site-packages/airflow/models/dagbag.py", line 343, in parse
    loader.exec_module(new_module)
  File "<frozen importlib._bootstrap_external>", line 843, in exec_module
  File "<frozen importlib._bootstrap>", line 219, in _call_with_frames_removed
  File "/opt/airflow/dags/pipeline.py", line 26, in <module>
    extract_task >> transform_task >> load_task
NameError: name 'extract_task' is not defined
[2026-05-25T11:39:42.260+0000] {processor.py:841} WARNING - No viable dags retrieved from /opt/airflow/dags/pipeline.py
[2026-05-25T11:39:42.278+0000] {processor.py:179} INFO - Processing /opt/airflow/dags/pipeline.py took 0.032 seconds
[2026-05-25T11:40:12.561+0000] {processor.py:157} INFO - Started process (PID=1547) to work on /opt/airflow/dags/pipeline.py
[2026-05-25T11:40:12.563+0000] {processor.py:829} INFO - Processing file /opt/airflow/dags/pipeline.py for tasks to queue
[2026-05-25T11:40:12.564+0000] {logging_mixin.py:151} INFO - [2026-05-25T11:40:12.563+0000] {dagbag.py:539} INFO - Filling up the DagBag from /opt/airflow/dags/pipeline.py
[2026-05-25T11:40:12.571+0000] {logging_mixin.py:151} INFO - [2026-05-25T11:40:12.569+0000] {dagbag.py:347} ERROR - Failed to import: /opt/airflow/dags/pipeline.py
Traceback (most recent call last):
  File "/home/airflow/.local/lib/python3.8/site-packages/airflow/models/dagbag.py", line 343, in parse
    loader.exec_module(new_module)
  File "<frozen importlib._bootstrap_external>", line 843, in exec_module
  File "<frozen importlib._bootstrap>", line 219, in _call_with_frames_removed
  File "/opt/airflow/dags/pipeline.py", line 26, in <module>
    extract_task >> transform_task >> load_task
NameError: name 'extract_task' is not defined
[2026-05-25T11:40:12.571+0000] {processor.py:841} WARNING - No viable dags retrieved from /opt/airflow/dags/pipeline.py
[2026-05-25T11:40:12.586+0000] {processor.py:179} INFO - Processing /opt/airflow/dags/pipeline.py took 0.030 seconds
[2026-05-25T11:40:42.866+0000] {processor.py:157} INFO - Started process (PID=1557) to work on /opt/airflow/dags/pipeline.py
[2026-05-25T11:40:42.868+0000] {processor.py:829} INFO - Processing file /opt/airflow/dags/pipeline.py for tasks to queue
[2026-05-25T11:40:42.869+0000] {logging_mixin.py:151} INFO - [2026-05-25T11:40:42.869+0000] {dagbag.py:539} INFO - Filling up the DagBag from /opt/airflow/dags/pipeline.py
[2026-05-25T11:40:42.877+0000] {logging_mixin.py:151} INFO - [2026-05-25T11:40:42.876+0000] {dagbag.py:347} ERROR - Failed to import: /opt/airflow/dags/pipeline.py
Traceback (most recent call last):
  File "/home/airflow/.local/lib/python3.8/site-packages/airflow/models/dagbag.py", line 343, in parse
    loader.exec_module(new_module)
  File "<frozen importlib._bootstrap_external>", line 843, in exec_module
  File "<frozen importlib._bootstrap>", line 219, in _call_with_frames_removed
  File "/opt/airflow/dags/pipeline.py", line 26, in <module>
    extract_task >> transform_task >> load_task
NameError: name 'extract_task' is not defined
[2026-05-25T11:40:42.878+0000] {processor.py:841} WARNING - No viable dags retrieved from /opt/airflow/dags/pipeline.py
[2026-05-25T11:40:42.895+0000] {processor.py:179} INFO - Processing /opt/airflow/dags/pipeline.py took 0.033 seconds
[2026-05-25T11:41:13.194+0000] {processor.py:157} INFO - Started process (PID=1567) to work on /opt/airflow/dags/pipeline.py
[2026-05-25T11:41:13.195+0000] {processor.py:829} INFO - Processing file /opt/airflow/dags/pipeline.py for tasks to queue
[2026-05-25T11:41:13.196+0000] {logging_mixin.py:151} INFO - [2026-05-25T11:41:13.195+0000] {dagbag.py:539} INFO - Filling up the DagBag from /opt/airflow/dags/pipeline.py
[2026-05-25T11:41:13.206+0000] {logging_mixin.py:151} INFO - [2026-05-25T11:41:13.204+0000] {dagbag.py:347} ERROR - Failed to import: /opt/airflow/dags/pipeline.py
Traceback (most recent call last):
  File "/home/airflow/.local/lib/python3.8/site-packages/airflow/models/dagbag.py", line 343, in parse
    loader.exec_module(new_module)
  File "<frozen importlib._bootstrap_external>", line 843, in exec_module
  File "<frozen importlib._bootstrap>", line 219, in _call_with_frames_removed
  File "/opt/airflow/dags/pipeline.py", line 26, in <module>
    extract_task >> transform_task >> load_task
NameError: name 'extract_task' is not defined
[2026-05-25T11:41:13.206+0000] {processor.py:841} WARNING - No viable dags retrieved from /opt/airflow/dags/pipeline.py
[2026-05-25T11:41:13.235+0000] {processor.py:179} INFO - Processing /opt/airflow/dags/pipeline.py took 0.049 seconds
[2026-05-25T11:41:43.541+0000] {processor.py:157} INFO - Started process (PID=1577) to work on /opt/airflow/dags/pipeline.py
[2026-05-25T11:41:43.543+0000] {processor.py:829} INFO - Processing file /opt/airflow/dags/pipeline.py for tasks to queue
[2026-05-25T11:41:43.544+0000] {logging_mixin.py:151} INFO - [2026-05-25T11:41:43.543+0000] {dagbag.py:539} INFO - Filling up the DagBag from /opt/airflow/dags/pipeline.py
[2026-05-25T11:41:43.552+0000] {logging_mixin.py:151} INFO - [2026-05-25T11:41:43.551+0000] {dagbag.py:347} ERROR - Failed to import: /opt/airflow/dags/pipeline.py
Traceback (most recent call last):
  File "/home/airflow/.local/lib/python3.8/site-packages/airflow/models/dagbag.py", line 343, in parse
    loader.exec_module(new_module)
  File "<frozen importlib._bootstrap_external>", line 843, in exec_module
  File "<frozen importlib._bootstrap>", line 219, in _call_with_frames_removed
  File "/opt/airflow/dags/pipeline.py", line 26, in <module>
    extract_task >> transform_task >> load_task
NameError: name 'extract_task' is not defined
[2026-05-25T11:41:43.552+0000] {processor.py:841} WARNING - No viable dags retrieved from /opt/airflow/dags/pipeline.py
[2026-05-25T11:41:43.568+0000] {processor.py:179} INFO - Processing /opt/airflow/dags/pipeline.py took 0.032 seconds
[2026-05-25T11:42:13.888+0000] {processor.py:157} INFO - Started process (PID=1587) to work on /opt/airflow/dags/pipeline.py
[2026-05-25T11:42:13.890+0000] {processor.py:829} INFO - Processing file /opt/airflow/dags/pipeline.py for tasks to queue
[2026-05-25T11:42:13.891+0000] {logging_mixin.py:151} INFO - [2026-05-25T11:42:13.890+0000] {dagbag.py:539} INFO - Filling up the DagBag from /opt/airflow/dags/pipeline.py
[2026-05-25T11:42:13.898+0000] {logging_mixin.py:151} INFO - [2026-05-25T11:42:13.897+0000] {dagbag.py:347} ERROR - Failed to import: /opt/airflow/dags/pipeline.py
Traceback (most recent call last):
  File "/home/airflow/.local/lib/python3.8/site-packages/airflow/models/dagbag.py", line 343, in parse
    loader.exec_module(new_module)
  File "<frozen importlib._bootstrap_external>", line 843, in exec_module
  File "<frozen importlib._bootstrap>", line 219, in _call_with_frames_removed
  File "/opt/airflow/dags/pipeline.py", line 26, in <module>
    extract_task >> transform_task >> load_task
NameError: name 'extract_task' is not defined
[2026-05-25T11:42:13.899+0000] {processor.py:841} WARNING - No viable dags retrieved from /opt/airflow/dags/pipeline.py
[2026-05-25T11:42:13.914+0000] {processor.py:179} INFO - Processing /opt/airflow/dags/pipeline.py took 0.030 seconds
[2026-05-25T11:42:44.215+0000] {processor.py:157} INFO - Started process (PID=1597) to work on /opt/airflow/dags/pipeline.py
[2026-05-25T11:42:44.217+0000] {processor.py:829} INFO - Processing file /opt/airflow/dags/pipeline.py for tasks to queue
[2026-05-25T11:42:44.218+0000] {logging_mixin.py:151} INFO - [2026-05-25T11:42:44.218+0000] {dagbag.py:539} INFO - Filling up the DagBag from /opt/airflow/dags/pipeline.py
[2026-05-25T11:42:44.227+0000] {logging_mixin.py:151} INFO - [2026-05-25T11:42:44.225+0000] {dagbag.py:347} ERROR - Failed to import: /opt/airflow/dags/pipeline.py
Traceback (most recent call last):
  File "/home/airflow/.local/lib/python3.8/site-packages/airflow/models/dagbag.py", line 343, in parse
    loader.exec_module(new_module)
  File "<frozen importlib._bootstrap_external>", line 843, in exec_module
  File "<frozen importlib._bootstrap>", line 219, in _call_with_frames_removed
  File "/opt/airflow/dags/pipeline.py", line 26, in <module>
    extract_task >> transform_task >> load_task
NameError: name 'extract_task' is not defined
[2026-05-25T11:42:44.227+0000] {processor.py:841} WARNING - No viable dags retrieved from /opt/airflow/dags/pipeline.py
[2026-05-25T11:42:44.244+0000] {processor.py:179} INFO - Processing /opt/airflow/dags/pipeline.py took 0.032 seconds
[2026-05-25T11:43:14.552+0000] {processor.py:157} INFO - Started process (PID=1607) to work on /opt/airflow/dags/pipeline.py
[2026-05-25T11:43:14.554+0000] {processor.py:829} INFO - Processing file /opt/airflow/dags/pipeline.py for tasks to queue
[2026-05-25T11:43:14.555+0000] {logging_mixin.py:151} INFO - [2026-05-25T11:43:14.554+0000] {dagbag.py:539} INFO - Filling up the DagBag from /opt/airflow/dags/pipeline.py
[2026-05-25T11:43:14.567+0000] {logging_mixin.py:151} INFO - [2026-05-25T11:43:14.566+0000] {dagbag.py:347} ERROR - Failed to import: /opt/airflow/dags/pipeline.py
Traceback (most recent call last):
  File "/home/airflow/.local/lib/python3.8/site-packages/airflow/models/dagbag.py", line 343, in parse
    loader.exec_module(new_module)
  File "<frozen importlib._bootstrap_external>", line 843, in exec_module
  File "<frozen importlib._bootstrap>", line 219, in _call_with_frames_removed
  File "/opt/airflow/dags/pipeline.py", line 26, in <module>
    extract_task >> transform_task >> load_task
NameError: name 'extract_task' is not defined
[2026-05-25T11:43:14.568+0000] {processor.py:841} WARNING - No viable dags retrieved from /opt/airflow/dags/pipeline.py
[2026-05-25T11:43:14.585+0000] {processor.py:179} INFO - Processing /opt/airflow/dags/pipeline.py took 0.038 seconds
[2026-05-25T11:43:45.006+0000] {processor.py:157} INFO - Started process (PID=1622) to work on /opt/airflow/dags/pipeline.py
[2026-05-25T11:43:45.009+0000] {processor.py:829} INFO - Processing file /opt/airflow/dags/pipeline.py for tasks to queue
[2026-05-25T11:43:45.009+0000] {logging_mixin.py:151} INFO - [2026-05-25T11:43:45.009+0000] {dagbag.py:539} INFO - Filling up the DagBag from /opt/airflow/dags/pipeline.py
[2026-05-25T11:43:45.018+0000] {logging_mixin.py:151} INFO - [2026-05-25T11:43:45.017+0000] {dagbag.py:347} ERROR - Failed to import: /opt/airflow/dags/pipeline.py
Traceback (most recent call last):
  File "/home/airflow/.local/lib/python3.8/site-packages/airflow/models/dagbag.py", line 343, in parse
    loader.exec_module(new_module)
  File "<frozen importlib._bootstrap_external>", line 843, in exec_module
  File "<frozen importlib._bootstrap>", line 219, in _call_with_frames_removed
  File "/opt/airflow/dags/pipeline.py", line 26, in <module>
    extract_task >> transform_task >> load_task
NameError: name 'extract_task' is not defined
[2026-05-25T11:43:45.018+0000] {processor.py:841} WARNING - No viable dags retrieved from /opt/airflow/dags/pipeline.py
[2026-05-25T11:43:45.035+0000] {processor.py:179} INFO - Processing /opt/airflow/dags/pipeline.py took 0.033 seconds
[2026-05-25T11:44:15.345+0000] {processor.py:157} INFO - Started process (PID=1632) to work on /opt/airflow/dags/pipeline.py
[2026-05-25T11:44:15.346+0000] {processor.py:829} INFO - Processing file /opt/airflow/dags/pipeline.py for tasks to queue
[2026-05-25T11:44:15.347+0000] {logging_mixin.py:151} INFO - [2026-05-25T11:44:15.347+0000] {dagbag.py:539} INFO - Filling up the DagBag from /opt/airflow/dags/pipeline.py
[2026-05-25T11:44:15.355+0000] {logging_mixin.py:151} INFO - [2026-05-25T11:44:15.354+0000] {dagbag.py:347} ERROR - Failed to import: /opt/airflow/dags/pipeline.py
Traceback (most recent call last):
  File "/home/airflow/.local/lib/python3.8/site-packages/airflow/models/dagbag.py", line 343, in parse
    loader.exec_module(new_module)
  File "<frozen importlib._bootstrap_external>", line 843, in exec_module
  File "<frozen importlib._bootstrap>", line 219, in _call_with_frames_removed
  File "/opt/airflow/dags/pipeline.py", line 26, in <module>
    extract_task >> transform_task >> load_task
NameError: name 'extract_task' is not defined
[2026-05-25T11:44:15.356+0000] {processor.py:841} WARNING - No viable dags retrieved from /opt/airflow/dags/pipeline.py
[2026-05-25T11:44:15.376+0000] {processor.py:179} INFO - Processing /opt/airflow/dags/pipeline.py took 0.035 seconds
[2026-05-25T11:44:45.660+0000] {processor.py:157} INFO - Started process (PID=1642) to work on /opt/airflow/dags/pipeline.py
[2026-05-25T11:44:45.663+0000] {processor.py:829} INFO - Processing file /opt/airflow/dags/pipeline.py for tasks to queue
[2026-05-25T11:44:45.664+0000] {logging_mixin.py:151} INFO - [2026-05-25T11:44:45.664+0000] {dagbag.py:539} INFO - Filling up the DagBag from /opt/airflow/dags/pipeline.py
[2026-05-25T11:44:45.673+0000] {logging_mixin.py:151} INFO - [2026-05-25T11:44:45.672+0000] {dagbag.py:347} ERROR - Failed to import: /opt/airflow/dags/pipeline.py
Traceback (most recent call last):
  File "/home/airflow/.local/lib/python3.8/site-packages/airflow/models/dagbag.py", line 343, in parse
    loader.exec_module(new_module)
  File "<frozen importlib._bootstrap_external>", line 843, in exec_module
  File "<frozen importlib._bootstrap>", line 219, in _call_with_frames_removed
  File "/opt/airflow/dags/pipeline.py", line 26, in <module>
    extract_task >> transform_task >> load_task
NameError: name 'extract_task' is not defined
[2026-05-25T11:44:45.674+0000] {processor.py:841} WARNING - No viable dags retrieved from /opt/airflow/dags/pipeline.py
[2026-05-25T11:44:45.691+0000] {processor.py:179} INFO - Processing /opt/airflow/dags/pipeline.py took 0.037 seconds
[2026-05-25T11:45:15.959+0000] {processor.py:157} INFO - Started process (PID=1652) to work on /opt/airflow/dags/pipeline.py
[2026-05-25T11:45:15.960+0000] {processor.py:829} INFO - Processing file /opt/airflow/dags/pipeline.py for tasks to queue
[2026-05-25T11:45:15.961+0000] {logging_mixin.py:151} INFO - [2026-05-25T11:45:15.961+0000] {dagbag.py:539} INFO - Filling up the DagBag from /opt/airflow/dags/pipeline.py
[2026-05-25T11:45:15.969+0000] {logging_mixin.py:151} INFO - [2026-05-25T11:45:15.968+0000] {dagbag.py:347} ERROR - Failed to import: /opt/airflow/dags/pipeline.py
Traceback (most recent call last):
  File "/home/airflow/.local/lib/python3.8/site-packages/airflow/models/dagbag.py", line 343, in parse
    loader.exec_module(new_module)
  File "<frozen importlib._bootstrap_external>", line 843, in exec_module
  File "<frozen importlib._bootstrap>", line 219, in _call_with_frames_removed
  File "/opt/airflow/dags/pipeline.py", line 26, in <module>
    extract_task >> transform_task >> load_task
NameError: name 'extract_task' is not defined
[2026-05-25T11:45:15.969+0000] {processor.py:841} WARNING - No viable dags retrieved from /opt/airflow/dags/pipeline.py
[2026-05-25T11:45:15.986+0000] {processor.py:179} INFO - Processing /opt/airflow/dags/pipeline.py took 0.031 seconds
[2026-05-25T11:45:46.241+0000] {processor.py:157} INFO - Started process (PID=1662) to work on /opt/airflow/dags/pipeline.py
[2026-05-25T11:45:46.243+0000] {processor.py:829} INFO - Processing file /opt/airflow/dags/pipeline.py for tasks to queue
[2026-05-25T11:45:46.244+0000] {logging_mixin.py:151} INFO - [2026-05-25T11:45:46.244+0000] {dagbag.py:539} INFO - Filling up the DagBag from /opt/airflow/dags/pipeline.py
[2026-05-25T11:45:46.252+0000] {logging_mixin.py:151} INFO - [2026-05-25T11:45:46.250+0000] {dagbag.py:347} ERROR - Failed to import: /opt/airflow/dags/pipeline.py
Traceback (most recent call last):
  File "/home/airflow/.local/lib/python3.8/site-packages/airflow/models/dagbag.py", line 343, in parse
    loader.exec_module(new_module)
  File "<frozen importlib._bootstrap_external>", line 843, in exec_module
  File "<frozen importlib._bootstrap>", line 219, in _call_with_frames_removed
  File "/opt/airflow/dags/pipeline.py", line 26, in <module>
    extract_task >> transform_task >> load_task
NameError: name 'extract_task' is not defined
[2026-05-25T11:45:46.252+0000] {processor.py:841} WARNING - No viable dags retrieved from /opt/airflow/dags/pipeline.py
[2026-05-25T11:45:46.268+0000] {processor.py:179} INFO - Processing /opt/airflow/dags/pipeline.py took 0.031 seconds
[2026-05-25T11:46:16.526+0000] {processor.py:157} INFO - Started process (PID=1672) to work on /opt/airflow/dags/pipeline.py
[2026-05-25T11:46:16.527+0000] {processor.py:829} INFO - Processing file /opt/airflow/dags/pipeline.py for tasks to queue
[2026-05-25T11:46:16.528+0000] {logging_mixin.py:151} INFO - [2026-05-25T11:46:16.528+0000] {dagbag.py:539} INFO - Filling up the DagBag from /opt/airflow/dags/pipeline.py
[2026-05-25T11:46:16.534+0000] {logging_mixin.py:151} INFO - [2026-05-25T11:46:16.533+0000] {dagbag.py:347} ERROR - Failed to import: /opt/airflow/dags/pipeline.py
Traceback (most recent call last):
  File "/home/airflow/.local/lib/python3.8/site-packages/airflow/models/dagbag.py", line 343, in parse
    loader.exec_module(new_module)
  File "<frozen importlib._bootstrap_external>", line 843, in exec_module
  File "<frozen importlib._bootstrap>", line 219, in _call_with_frames_removed
  File "/opt/airflow/dags/pipeline.py", line 26, in <module>
    extract_task >> transform_task >> load_task
NameError: name 'extract_task' is not defined
[2026-05-25T11:46:16.535+0000] {processor.py:841} WARNING - No viable dags retrieved from /opt/airflow/dags/pipeline.py
[2026-05-25T11:46:16.547+0000] {processor.py:179} INFO - Processing /opt/airflow/dags/pipeline.py took 0.023 seconds
[2026-05-25T11:46:46.816+0000] {processor.py:157} INFO - Started process (PID=1682) to work on /opt/airflow/dags/pipeline.py
[2026-05-25T11:46:46.818+0000] {processor.py:829} INFO - Processing file /opt/airflow/dags/pipeline.py for tasks to queue
[2026-05-25T11:46:46.819+0000] {logging_mixin.py:151} INFO - [2026-05-25T11:46:46.818+0000] {dagbag.py:539} INFO - Filling up the DagBag from /opt/airflow/dags/pipeline.py
[2026-05-25T11:46:46.827+0000] {logging_mixin.py:151} INFO - [2026-05-25T11:46:46.826+0000] {dagbag.py:347} ERROR - Failed to import: /opt/airflow/dags/pipeline.py
Traceback (most recent call last):
  File "/home/airflow/.local/lib/python3.8/site-packages/airflow/models/dagbag.py", line 343, in parse
    loader.exec_module(new_module)
  File "<frozen importlib._bootstrap_external>", line 843, in exec_module
  File "<frozen importlib._bootstrap>", line 219, in _call_with_frames_removed
  File "/opt/airflow/dags/pipeline.py", line 26, in <module>
    extract_task >> transform_task >> load_task
NameError: name 'extract_task' is not defined
[2026-05-25T11:46:46.827+0000] {processor.py:841} WARNING - No viable dags retrieved from /opt/airflow/dags/pipeline.py
[2026-05-25T11:46:46.844+0000] {processor.py:179} INFO - Processing /opt/airflow/dags/pipeline.py took 0.032 seconds
[2026-05-25T11:47:17.100+0000] {processor.py:157} INFO - Started process (PID=1692) to work on /opt/airflow/dags/pipeline.py
[2026-05-25T11:47:17.101+0000] {processor.py:829} INFO - Processing file /opt/airflow/dags/pipeline.py for tasks to queue
[2026-05-25T11:47:17.102+0000] {logging_mixin.py:151} INFO - [2026-05-25T11:47:17.102+0000] {dagbag.py:539} INFO - Filling up the DagBag from /opt/airflow/dags/pipeline.py
[2026-05-25T11:47:17.110+0000] {logging_mixin.py:151} INFO - [2026-05-25T11:47:17.109+0000] {dagbag.py:347} ERROR - Failed to import: /opt/airflow/dags/pipeline.py
Traceback (most recent call last):
  File "/home/airflow/.local/lib/python3.8/site-packages/airflow/models/dagbag.py", line 343, in parse
    loader.exec_module(new_module)
  File "<frozen importlib._bootstrap_external>", line 843, in exec_module
  File "<frozen importlib._bootstrap>", line 219, in _call_with_frames_removed
  File "/opt/airflow/dags/pipeline.py", line 26, in <module>
    extract_task >> transform_task >> load_task
NameError: name 'extract_task' is not defined
[2026-05-25T11:47:17.111+0000] {processor.py:841} WARNING - No viable dags retrieved from /opt/airflow/dags/pipeline.py
[2026-05-25T11:47:17.127+0000] {processor.py:179} INFO - Processing /opt/airflow/dags/pipeline.py took 0.031 seconds
[2026-05-25T11:47:47.360+0000] {processor.py:157} INFO - Started process (PID=1702) to work on /opt/airflow/dags/pipeline.py
[2026-05-25T11:47:47.362+0000] {processor.py:829} INFO - Processing file /opt/airflow/dags/pipeline.py for tasks to queue
[2026-05-25T11:47:47.363+0000] {logging_mixin.py:151} INFO - [2026-05-25T11:47:47.362+0000] {dagbag.py:539} INFO - Filling up the DagBag from /opt/airflow/dags/pipeline.py
[2026-05-25T11:47:47.371+0000] {logging_mixin.py:151} INFO - [2026-05-25T11:47:47.370+0000] {dagbag.py:347} ERROR - Failed to import: /opt/airflow/dags/pipeline.py
Traceback (most recent call last):
  File "/home/airflow/.local/lib/python3.8/site-packages/airflow/models/dagbag.py", line 343, in parse
    loader.exec_module(new_module)
  File "<frozen importlib._bootstrap_external>", line 843, in exec_module
  File "<frozen importlib._bootstrap>", line 219, in _call_with_frames_removed
  File "/opt/airflow/dags/pipeline.py", line 26, in <module>
    extract_task >> transform_task >> load_task
NameError: name 'extract_task' is not defined
[2026-05-25T11:47:47.371+0000] {processor.py:841} WARNING - No viable dags retrieved from /opt/airflow/dags/pipeline.py
[2026-05-25T11:47:47.388+0000] {processor.py:179} INFO - Processing /opt/airflow/dags/pipeline.py took 0.032 seconds
[2026-05-25T11:48:17.632+0000] {processor.py:157} INFO - Started process (PID=1712) to work on /opt/airflow/dags/pipeline.py
[2026-05-25T11:48:17.634+0000] {processor.py:829} INFO - Processing file /opt/airflow/dags/pipeline.py for tasks to queue
[2026-05-25T11:48:17.635+0000] {logging_mixin.py:151} INFO - [2026-05-25T11:48:17.634+0000] {dagbag.py:539} INFO - Filling up the DagBag from /opt/airflow/dags/pipeline.py
[2026-05-25T11:48:17.643+0000] {logging_mixin.py:151} INFO - [2026-05-25T11:48:17.641+0000] {dagbag.py:347} ERROR - Failed to import: /opt/airflow/dags/pipeline.py
Traceback (most recent call last):
  File "/home/airflow/.local/lib/python3.8/site-packages/airflow/models/dagbag.py", line 343, in parse
    loader.exec_module(new_module)
  File "<frozen importlib._bootstrap_external>", line 843, in exec_module
  File "<frozen importlib._bootstrap>", line 219, in _call_with_frames_removed
  File "/opt/airflow/dags/pipeline.py", line 26, in <module>
    extract_task >> transform_task >> load_task
NameError: name 'extract_task' is not defined
[2026-05-25T11:48:17.643+0000] {processor.py:841} WARNING - No viable dags retrieved from /opt/airflow/dags/pipeline.py
[2026-05-25T11:48:17.658+0000] {processor.py:179} INFO - Processing /opt/airflow/dags/pipeline.py took 0.030 seconds
[2026-05-25T11:48:47.926+0000] {processor.py:157} INFO - Started process (PID=1722) to work on /opt/airflow/dags/pipeline.py
[2026-05-25T11:48:47.928+0000] {processor.py:829} INFO - Processing file /opt/airflow/dags/pipeline.py for tasks to queue
[2026-05-25T11:48:47.929+0000] {logging_mixin.py:151} INFO - [2026-05-25T11:48:47.929+0000] {dagbag.py:539} INFO - Filling up the DagBag from /opt/airflow/dags/pipeline.py
[2026-05-25T11:48:47.941+0000] {logging_mixin.py:151} INFO - [2026-05-25T11:48:47.939+0000] {dagbag.py:347} ERROR - Failed to import: /opt/airflow/dags/pipeline.py
Traceback (most recent call last):
  File "/home/airflow/.local/lib/python3.8/site-packages/airflow/models/dagbag.py", line 343, in parse
    loader.exec_module(new_module)
  File "<frozen importlib._bootstrap_external>", line 843, in exec_module
  File "<frozen importlib._bootstrap>", line 219, in _call_with_frames_removed
  File "/opt/airflow/dags/pipeline.py", line 26, in <module>
    extract_task >> transform_task >> load_task
NameError: name 'extract_task' is not defined
[2026-05-25T11:48:47.941+0000] {processor.py:841} WARNING - No viable dags retrieved from /opt/airflow/dags/pipeline.py
[2026-05-25T11:48:47.960+0000] {processor.py:179} INFO - Processing /opt/airflow/dags/pipeline.py took 0.039 seconds
[2026-05-25T11:49:18.221+0000] {processor.py:157} INFO - Started process (PID=1732) to work on /opt/airflow/dags/pipeline.py
[2026-05-25T11:49:18.223+0000] {processor.py:829} INFO - Processing file /opt/airflow/dags/pipeline.py for tasks to queue
[2026-05-25T11:49:18.224+0000] {logging_mixin.py:151} INFO - [2026-05-25T11:49:18.224+0000] {dagbag.py:539} INFO - Filling up the DagBag from /opt/airflow/dags/pipeline.py
[2026-05-25T11:49:18.233+0000] {logging_mixin.py:151} INFO - [2026-05-25T11:49:18.231+0000] {dagbag.py:347} ERROR - Failed to import: /opt/airflow/dags/pipeline.py
Traceback (most recent call last):
  File "/home/airflow/.local/lib/python3.8/site-packages/airflow/models/dagbag.py", line 343, in parse
    loader.exec_module(new_module)
  File "<frozen importlib._bootstrap_external>", line 843, in exec_module
  File "<frozen importlib._bootstrap>", line 219, in _call_with_frames_removed
  File "/opt/airflow/dags/pipeline.py", line 26, in <module>
    extract_task >> transform_task >> load_task
NameError: name 'extract_task' is not defined
[2026-05-25T11:49:18.233+0000] {processor.py:841} WARNING - No viable dags retrieved from /opt/airflow/dags/pipeline.py
[2026-05-25T11:49:18.251+0000] {processor.py:179} INFO - Processing /opt/airflow/dags/pipeline.py took 0.034 seconds
[2026-05-25T11:49:48.486+0000] {processor.py:157} INFO - Started process (PID=1742) to work on /opt/airflow/dags/pipeline.py
[2026-05-25T11:49:48.488+0000] {processor.py:829} INFO - Processing file /opt/airflow/dags/pipeline.py for tasks to queue
[2026-05-25T11:49:48.489+0000] {logging_mixin.py:151} INFO - [2026-05-25T11:49:48.489+0000] {dagbag.py:539} INFO - Filling up the DagBag from /opt/airflow/dags/pipeline.py
[2026-05-25T11:49:48.500+0000] {logging_mixin.py:151} INFO - [2026-05-25T11:49:48.498+0000] {dagbag.py:347} ERROR - Failed to import: /opt/airflow/dags/pipeline.py
Traceback (most recent call last):
  File "/home/airflow/.local/lib/python3.8/site-packages/airflow/models/dagbag.py", line 343, in parse
    loader.exec_module(new_module)
  File "<frozen importlib._bootstrap_external>", line 843, in exec_module
  File "<frozen importlib._bootstrap>", line 219, in _call_with_frames_removed
  File "/opt/airflow/dags/pipeline.py", line 26, in <module>
    extract_task >> transform_task >> load_task
NameError: name 'extract_task' is not defined
[2026-05-25T11:49:48.500+0000] {processor.py:841} WARNING - No viable dags retrieved from /opt/airflow/dags/pipeline.py
[2026-05-25T11:49:48.519+0000] {processor.py:179} INFO - Processing /opt/airflow/dags/pipeline.py took 0.039 seconds
[2026-05-25T11:50:18.733+0000] {processor.py:157} INFO - Started process (PID=1752) to work on /opt/airflow/dags/pipeline.py
[2026-05-25T11:50:18.734+0000] {processor.py:829} INFO - Processing file /opt/airflow/dags/pipeline.py for tasks to queue
[2026-05-25T11:50:18.735+0000] {logging_mixin.py:151} INFO - [2026-05-25T11:50:18.735+0000] {dagbag.py:539} INFO - Filling up the DagBag from /opt/airflow/dags/pipeline.py
[2026-05-25T11:50:18.741+0000] {logging_mixin.py:151} INFO - [2026-05-25T11:50:18.740+0000] {dagbag.py:347} ERROR - Failed to import: /opt/airflow/dags/pipeline.py
Traceback (most recent call last):
  File "/home/airflow/.local/lib/python3.8/site-packages/airflow/models/dagbag.py", line 343, in parse
    loader.exec_module(new_module)
  File "<frozen importlib._bootstrap_external>", line 843, in exec_module
  File "<frozen importlib._bootstrap>", line 219, in _call_with_frames_removed
  File "/opt/airflow/dags/pipeline.py", line 26, in <module>
    extract_task >> transform_task >> load_task
NameError: name 'extract_task' is not defined
[2026-05-25T11:50:18.741+0000] {processor.py:841} WARNING - No viable dags retrieved from /opt/airflow/dags/pipeline.py
[2026-05-25T11:50:18.755+0000] {processor.py:179} INFO - Processing /opt/airflow/dags/pipeline.py took 0.025 seconds
[2026-05-25T11:50:49.134+0000] {processor.py:157} INFO - Started process (PID=1762) to work on /opt/airflow/dags/pipeline.py
[2026-05-25T11:50:49.137+0000] {processor.py:829} INFO - Processing file /opt/airflow/dags/pipeline.py for tasks to queue
[2026-05-25T11:50:49.138+0000] {logging_mixin.py:151} INFO - [2026-05-25T11:50:49.137+0000] {dagbag.py:539} INFO - Filling up the DagBag from /opt/airflow/dags/pipeline.py
[2026-05-25T11:50:49.163+0000] {logging_mixin.py:151} INFO - [2026-05-25T11:50:49.158+0000] {dagbag.py:347} ERROR - Failed to import: /opt/airflow/dags/pipeline.py
Traceback (most recent call last):
  File "/home/airflow/.local/lib/python3.8/site-packages/airflow/models/dagbag.py", line 343, in parse
    loader.exec_module(new_module)
  File "<frozen importlib._bootstrap_external>", line 843, in exec_module
  File "<frozen importlib._bootstrap>", line 219, in _call_with_frames_removed
  File "/opt/airflow/dags/pipeline.py", line 26, in <module>
    extract_task >> transform_task >> load_task
NameError: name 'extract_task' is not defined
[2026-05-25T11:50:49.163+0000] {processor.py:841} WARNING - No viable dags retrieved from /opt/airflow/dags/pipeline.py
[2026-05-25T11:50:49.196+0000] {processor.py:179} INFO - Processing /opt/airflow/dags/pipeline.py took 0.066 seconds
[2026-05-25T11:51:19.494+0000] {processor.py:157} INFO - Started process (PID=1772) to work on /opt/airflow/dags/pipeline.py
[2026-05-25T11:51:19.495+0000] {processor.py:829} INFO - Processing file /opt/airflow/dags/pipeline.py for tasks to queue
[2026-05-25T11:51:19.496+0000] {logging_mixin.py:151} INFO - [2026-05-25T11:51:19.496+0000] {dagbag.py:539} INFO - Filling up the DagBag from /opt/airflow/dags/pipeline.py
[2026-05-25T11:51:19.504+0000] {logging_mixin.py:151} INFO - [2026-05-25T11:51:19.503+0000] {dagbag.py:347} ERROR - Failed to import: /opt/airflow/dags/pipeline.py
Traceback (most recent call last):
  File "/home/airflow/.local/lib/python3.8/site-packages/airflow/models/dagbag.py", line 343, in parse
    loader.exec_module(new_module)
  File "<frozen importlib._bootstrap_external>", line 843, in exec_module
  File "<frozen importlib._bootstrap>", line 219, in _call_with_frames_removed
  File "/opt/airflow/dags/pipeline.py", line 26, in <module>
    extract_task >> transform_task >> load_task
NameError: name 'extract_task' is not defined
[2026-05-25T11:51:19.504+0000] {processor.py:841} WARNING - No viable dags retrieved from /opt/airflow/dags/pipeline.py
[2026-05-25T11:51:19.519+0000] {processor.py:179} INFO - Processing /opt/airflow/dags/pipeline.py took 0.029 seconds
[2026-05-25T11:51:49.748+0000] {processor.py:157} INFO - Started process (PID=1782) to work on /opt/airflow/dags/pipeline.py
[2026-05-25T11:51:49.750+0000] {processor.py:829} INFO - Processing file /opt/airflow/dags/pipeline.py for tasks to queue
[2026-05-25T11:51:49.750+0000] {logging_mixin.py:151} INFO - [2026-05-25T11:51:49.750+0000] {dagbag.py:539} INFO - Filling up the DagBag from /opt/airflow/dags/pipeline.py
[2026-05-25T11:51:49.758+0000] {logging_mixin.py:151} INFO - [2026-05-25T11:51:49.757+0000] {dagbag.py:347} ERROR - Failed to import: /opt/airflow/dags/pipeline.py
Traceback (most recent call last):
  File "/home/airflow/.local/lib/python3.8/site-packages/airflow/models/dagbag.py", line 343, in parse
    loader.exec_module(new_module)
  File "<frozen importlib._bootstrap_external>", line 843, in exec_module
  File "<frozen importlib._bootstrap>", line 219, in _call_with_frames_removed
  File "/opt/airflow/dags/pipeline.py", line 26, in <module>
    extract_task >> transform_task >> load_task
NameError: name 'extract_task' is not defined
[2026-05-25T11:51:49.758+0000] {processor.py:841} WARNING - No viable dags retrieved from /opt/airflow/dags/pipeline.py
[2026-05-25T11:51:49.773+0000] {processor.py:179} INFO - Processing /opt/airflow/dags/pipeline.py took 0.029 seconds
[2026-05-25T11:52:20.033+0000] {processor.py:157} INFO - Started process (PID=1792) to work on /opt/airflow/dags/pipeline.py
[2026-05-25T11:52:20.034+0000] {processor.py:829} INFO - Processing file /opt/airflow/dags/pipeline.py for tasks to queue
[2026-05-25T11:52:20.035+0000] {logging_mixin.py:151} INFO - [2026-05-25T11:52:20.035+0000] {dagbag.py:539} INFO - Filling up the DagBag from /opt/airflow/dags/pipeline.py
[2026-05-25T11:52:20.043+0000] {logging_mixin.py:151} INFO - [2026-05-25T11:52:20.041+0000] {dagbag.py:347} ERROR - Failed to import: /opt/airflow/dags/pipeline.py
Traceback (most recent call last):
  File "/home/airflow/.local/lib/python3.8/site-packages/airflow/models/dagbag.py", line 343, in parse
    loader.exec_module(new_module)
  File "<frozen importlib._bootstrap_external>", line 843, in exec_module
  File "<frozen importlib._bootstrap>", line 219, in _call_with_frames_removed
  File "/opt/airflow/dags/pipeline.py", line 26, in <module>
    extract_task >> transform_task >> load_task
NameError: name 'extract_task' is not defined
[2026-05-25T11:52:20.043+0000] {processor.py:841} WARNING - No viable dags retrieved from /opt/airflow/dags/pipeline.py
[2026-05-25T11:52:20.060+0000] {processor.py:179} INFO - Processing /opt/airflow/dags/pipeline.py took 0.031 seconds
[2026-05-25T11:52:50.360+0000] {processor.py:157} INFO - Started process (PID=1802) to work on /opt/airflow/dags/pipeline.py
[2026-05-25T11:52:50.362+0000] {processor.py:829} INFO - Processing file /opt/airflow/dags/pipeline.py for tasks to queue
[2026-05-25T11:52:50.362+0000] {logging_mixin.py:151} INFO - [2026-05-25T11:52:50.362+0000] {dagbag.py:539} INFO - Filling up the DagBag from /opt/airflow/dags/pipeline.py
[2026-05-25T11:52:50.371+0000] {logging_mixin.py:151} INFO - [2026-05-25T11:52:50.369+0000] {dagbag.py:347} ERROR - Failed to import: /opt/airflow/dags/pipeline.py
Traceback (most recent call last):
  File "/home/airflow/.local/lib/python3.8/site-packages/airflow/models/dagbag.py", line 343, in parse
    loader.exec_module(new_module)
  File "<frozen importlib._bootstrap_external>", line 843, in exec_module
  File "<frozen importlib._bootstrap>", line 219, in _call_with_frames_removed
  File "/opt/airflow/dags/pipeline.py", line 26, in <module>
    extract_task >> transform_task >> load_task
NameError: name 'extract_task' is not defined
[2026-05-25T11:52:50.371+0000] {processor.py:841} WARNING - No viable dags retrieved from /opt/airflow/dags/pipeline.py
[2026-05-25T11:52:50.387+0000] {processor.py:179} INFO - Processing /opt/airflow/dags/pipeline.py took 0.031 seconds
[2026-05-25T11:53:20.625+0000] {processor.py:157} INFO - Started process (PID=1812) to work on /opt/airflow/dags/pipeline.py
[2026-05-25T11:53:20.626+0000] {processor.py:829} INFO - Processing file /opt/airflow/dags/pipeline.py for tasks to queue
[2026-05-25T11:53:20.627+0000] {logging_mixin.py:151} INFO - [2026-05-25T11:53:20.627+0000] {dagbag.py:539} INFO - Filling up the DagBag from /opt/airflow/dags/pipeline.py
[2026-05-25T11:53:20.635+0000] {logging_mixin.py:151} INFO - [2026-05-25T11:53:20.633+0000] {dagbag.py:347} ERROR - Failed to import: /opt/airflow/dags/pipeline.py
Traceback (most recent call last):
  File "/home/airflow/.local/lib/python3.8/site-packages/airflow/models/dagbag.py", line 343, in parse
    loader.exec_module(new_module)
  File "<frozen importlib._bootstrap_external>", line 843, in exec_module
  File "<frozen importlib._bootstrap>", line 219, in _call_with_frames_removed
  File "/opt/airflow/dags/pipeline.py", line 26, in <module>
    extract_task >> transform_task >> load_task
NameError: name 'extract_task' is not defined
[2026-05-25T11:53:20.635+0000] {processor.py:841} WARNING - No viable dags retrieved from /opt/airflow/dags/pipeline.py
[2026-05-25T11:53:20.651+0000] {processor.py:179} INFO - Processing /opt/airflow/dags/pipeline.py took 0.029 seconds
[2026-05-25T11:53:50.925+0000] {processor.py:157} INFO - Started process (PID=1822) to work on /opt/airflow/dags/pipeline.py
[2026-05-25T11:53:50.927+0000] {processor.py:829} INFO - Processing file /opt/airflow/dags/pipeline.py for tasks to queue
[2026-05-25T11:53:50.928+0000] {logging_mixin.py:151} INFO - [2026-05-25T11:53:50.928+0000] {dagbag.py:539} INFO - Filling up the DagBag from /opt/airflow/dags/pipeline.py
[2026-05-25T11:53:50.939+0000] {logging_mixin.py:151} INFO - [2026-05-25T11:53:50.938+0000] {dagbag.py:347} ERROR - Failed to import: /opt/airflow/dags/pipeline.py
Traceback (most recent call last):
  File "/home/airflow/.local/lib/python3.8/site-packages/airflow/models/dagbag.py", line 343, in parse
    loader.exec_module(new_module)
  File "<frozen importlib._bootstrap_external>", line 843, in exec_module
  File "<frozen importlib._bootstrap>", line 219, in _call_with_frames_removed
  File "/opt/airflow/dags/pipeline.py", line 26, in <module>
    extract_task >> transform_task >> load_task
NameError: name 'extract_task' is not defined
[2026-05-25T11:53:50.940+0000] {processor.py:841} WARNING - No viable dags retrieved from /opt/airflow/dags/pipeline.py
[2026-05-25T11:53:50.957+0000] {processor.py:179} INFO - Processing /opt/airflow/dags/pipeline.py took 0.036 seconds
[2026-05-25T11:54:21.217+0000] {processor.py:157} INFO - Started process (PID=1832) to work on /opt/airflow/dags/pipeline.py
[2026-05-25T11:54:21.219+0000] {processor.py:829} INFO - Processing file /opt/airflow/dags/pipeline.py for tasks to queue
[2026-05-25T11:54:21.220+0000] {logging_mixin.py:151} INFO - [2026-05-25T11:54:21.219+0000] {dagbag.py:539} INFO - Filling up the DagBag from /opt/airflow/dags/pipeline.py
[2026-05-25T11:54:21.228+0000] {logging_mixin.py:151} INFO - [2026-05-25T11:54:21.226+0000] {dagbag.py:347} ERROR - Failed to import: /opt/airflow/dags/pipeline.py
Traceback (most recent call last):
  File "/home/airflow/.local/lib/python3.8/site-packages/airflow/models/dagbag.py", line 343, in parse
    loader.exec_module(new_module)
  File "<frozen importlib._bootstrap_external>", line 843, in exec_module
  File "<frozen importlib._bootstrap>", line 219, in _call_with_frames_removed
  File "/opt/airflow/dags/pipeline.py", line 26, in <module>
    extract_task >> transform_task >> load_task
NameError: name 'extract_task' is not defined
[2026-05-25T11:54:21.228+0000] {processor.py:841} WARNING - No viable dags retrieved from /opt/airflow/dags/pipeline.py
[2026-05-25T11:54:21.243+0000] {processor.py:179} INFO - Processing /opt/airflow/dags/pipeline.py took 0.030 seconds
[2026-05-25T11:54:51.489+0000] {processor.py:157} INFO - Started process (PID=1842) to work on /opt/airflow/dags/pipeline.py
[2026-05-25T11:54:51.490+0000] {processor.py:829} INFO - Processing file /opt/airflow/dags/pipeline.py for tasks to queue
[2026-05-25T11:54:51.491+0000] {logging_mixin.py:151} INFO - [2026-05-25T11:54:51.491+0000] {dagbag.py:539} INFO - Filling up the DagBag from /opt/airflow/dags/pipeline.py
[2026-05-25T11:54:51.497+0000] {logging_mixin.py:151} INFO - [2026-05-25T11:54:51.496+0000] {dagbag.py:347} ERROR - Failed to import: /opt/airflow/dags/pipeline.py
Traceback (most recent call last):
  File "/home/airflow/.local/lib/python3.8/site-packages/airflow/models/dagbag.py", line 343, in parse
    loader.exec_module(new_module)
  File "<frozen importlib._bootstrap_external>", line 843, in exec_module
  File "<frozen importlib._bootstrap>", line 219, in _call_with_frames_removed
  File "/opt/airflow/dags/pipeline.py", line 26, in <module>
    extract_task >> transform_task >> load_task
NameError: name 'extract_task' is not defined
[2026-05-25T11:54:51.497+0000] {processor.py:841} WARNING - No viable dags retrieved from /opt/airflow/dags/pipeline.py
[2026-05-25T11:54:51.511+0000] {processor.py:179} INFO - Processing /opt/airflow/dags/pipeline.py took 0.025 seconds
[2026-05-25T11:55:21.733+0000] {processor.py:157} INFO - Started process (PID=1852) to work on /opt/airflow/dags/pipeline.py
[2026-05-25T11:55:21.734+0000] {processor.py:829} INFO - Processing file /opt/airflow/dags/pipeline.py for tasks to queue
[2026-05-25T11:55:21.735+0000] {logging_mixin.py:151} INFO - [2026-05-25T11:55:21.735+0000] {dagbag.py:539} INFO - Filling up the DagBag from /opt/airflow/dags/pipeline.py
[2026-05-25T11:55:21.741+0000] {logging_mixin.py:151} INFO - [2026-05-25T11:55:21.740+0000] {dagbag.py:347} ERROR - Failed to import: /opt/airflow/dags/pipeline.py
Traceback (most recent call last):
  File "/home/airflow/.local/lib/python3.8/site-packages/airflow/models/dagbag.py", line 343, in parse
    loader.exec_module(new_module)
  File "<frozen importlib._bootstrap_external>", line 843, in exec_module
  File "<frozen importlib._bootstrap>", line 219, in _call_with_frames_removed
  File "/opt/airflow/dags/pipeline.py", line 26, in <module>
    extract_task >> transform_task >> load_task
NameError: name 'extract_task' is not defined
[2026-05-25T11:55:21.741+0000] {processor.py:841} WARNING - No viable dags retrieved from /opt/airflow/dags/pipeline.py
[2026-05-25T11:55:21.752+0000] {processor.py:179} INFO - Processing /opt/airflow/dags/pipeline.py took 0.021 seconds
[2026-05-25T11:55:52.017+0000] {processor.py:157} INFO - Started process (PID=1862) to work on /opt/airflow/dags/pipeline.py
[2026-05-25T11:55:52.019+0000] {processor.py:829} INFO - Processing file /opt/airflow/dags/pipeline.py for tasks to queue
[2026-05-25T11:55:52.019+0000] {logging_mixin.py:151} INFO - [2026-05-25T11:55:52.019+0000] {dagbag.py:539} INFO - Filling up the DagBag from /opt/airflow/dags/pipeline.py
[2026-05-25T11:55:52.027+0000] {logging_mixin.py:151} INFO - [2026-05-25T11:55:52.026+0000] {dagbag.py:347} ERROR - Failed to import: /opt/airflow/dags/pipeline.py
Traceback (most recent call last):
  File "/home/airflow/.local/lib/python3.8/site-packages/airflow/models/dagbag.py", line 343, in parse
    loader.exec_module(new_module)
  File "<frozen importlib._bootstrap_external>", line 843, in exec_module
  File "<frozen importlib._bootstrap>", line 219, in _call_with_frames_removed
  File "/opt/airflow/dags/pipeline.py", line 26, in <module>
    extract_task >> transform_task >> load_task
NameError: name 'extract_task' is not defined
[2026-05-25T11:55:52.028+0000] {processor.py:841} WARNING - No viable dags retrieved from /opt/airflow/dags/pipeline.py
[2026-05-25T11:55:52.042+0000] {processor.py:179} INFO - Processing /opt/airflow/dags/pipeline.py took 0.029 seconds
[2026-05-25T11:56:22.330+0000] {processor.py:157} INFO - Started process (PID=1872) to work on /opt/airflow/dags/pipeline.py
[2026-05-25T11:56:22.331+0000] {processor.py:829} INFO - Processing file /opt/airflow/dags/pipeline.py for tasks to queue
[2026-05-25T11:56:22.332+0000] {logging_mixin.py:151} INFO - [2026-05-25T11:56:22.332+0000] {dagbag.py:539} INFO - Filling up the DagBag from /opt/airflow/dags/pipeline.py
[2026-05-25T11:56:22.339+0000] {logging_mixin.py:151} INFO - [2026-05-25T11:56:22.338+0000] {dagbag.py:347} ERROR - Failed to import: /opt/airflow/dags/pipeline.py
Traceback (most recent call last):
  File "/home/airflow/.local/lib/python3.8/site-packages/airflow/models/dagbag.py", line 343, in parse
    loader.exec_module(new_module)
  File "<frozen importlib._bootstrap_external>", line 843, in exec_module
  File "<frozen importlib._bootstrap>", line 219, in _call_with_frames_removed
  File "/opt/airflow/dags/pipeline.py", line 26, in <module>
    extract_task >> transform_task >> load_task
NameError: name 'extract_task' is not defined
[2026-05-25T11:56:22.339+0000] {processor.py:841} WARNING - No viable dags retrieved from /opt/airflow/dags/pipeline.py
[2026-05-25T11:56:22.356+0000] {processor.py:179} INFO - Processing /opt/airflow/dags/pipeline.py took 0.029 seconds
[2026-05-25T11:56:52.622+0000] {processor.py:157} INFO - Started process (PID=1882) to work on /opt/airflow/dags/pipeline.py
[2026-05-25T11:56:52.624+0000] {processor.py:829} INFO - Processing file /opt/airflow/dags/pipeline.py for tasks to queue
[2026-05-25T11:56:52.625+0000] {logging_mixin.py:151} INFO - [2026-05-25T11:56:52.624+0000] {dagbag.py:539} INFO - Filling up the DagBag from /opt/airflow/dags/pipeline.py
[2026-05-25T11:56:52.634+0000] {logging_mixin.py:151} INFO - [2026-05-25T11:56:52.632+0000] {dagbag.py:347} ERROR - Failed to import: /opt/airflow/dags/pipeline.py
Traceback (most recent call last):
  File "/home/airflow/.local/lib/python3.8/site-packages/airflow/models/dagbag.py", line 343, in parse
    loader.exec_module(new_module)
  File "<frozen importlib._bootstrap_external>", line 843, in exec_module
  File "<frozen importlib._bootstrap>", line 219, in _call_with_frames_removed
  File "/opt/airflow/dags/pipeline.py", line 26, in <module>
    extract_task >> transform_task >> load_task
NameError: name 'extract_task' is not defined
[2026-05-25T11:56:52.634+0000] {processor.py:841} WARNING - No viable dags retrieved from /opt/airflow/dags/pipeline.py
[2026-05-25T11:56:52.653+0000] {processor.py:179} INFO - Processing /opt/airflow/dags/pipeline.py took 0.035 seconds
[2026-05-25T11:57:22.942+0000] {processor.py:157} INFO - Started process (PID=1892) to work on /opt/airflow/dags/pipeline.py
[2026-05-25T11:57:22.944+0000] {processor.py:829} INFO - Processing file /opt/airflow/dags/pipeline.py for tasks to queue
[2026-05-25T11:57:22.945+0000] {logging_mixin.py:151} INFO - [2026-05-25T11:57:22.945+0000] {dagbag.py:539} INFO - Filling up the DagBag from /opt/airflow/dags/pipeline.py
[2026-05-25T11:57:22.954+0000] {logging_mixin.py:151} INFO - [2026-05-25T11:57:22.953+0000] {dagbag.py:347} ERROR - Failed to import: /opt/airflow/dags/pipeline.py
Traceback (most recent call last):
  File "/home/airflow/.local/lib/python3.8/site-packages/airflow/models/dagbag.py", line 343, in parse
    loader.exec_module(new_module)
  File "<frozen importlib._bootstrap_external>", line 843, in exec_module
  File "<frozen importlib._bootstrap>", line 219, in _call_with_frames_removed
  File "/opt/airflow/dags/pipeline.py", line 26, in <module>
    extract_task >> transform_task >> load_task
NameError: name 'extract_task' is not defined
[2026-05-25T11:57:22.955+0000] {processor.py:841} WARNING - No viable dags retrieved from /opt/airflow/dags/pipeline.py
[2026-05-25T11:57:22.972+0000] {processor.py:179} INFO - Processing /opt/airflow/dags/pipeline.py took 0.035 seconds
