[2026-05-25T10:16:40.968+0000] {manager.py:487} INFO - Processing files using up to 2 processes at a time 
[2026-05-25T10:16:40.968+0000] {manager.py:488} INFO - Process each file at most once every 30 seconds
[2026-05-25T10:16:40.968+0000] {manager.py:489} INFO - Checking for new files in /opt/airflow/dags every 300 seconds
[2026-05-25T10:16:40.969+0000] {manager.py:759} INFO - Searching for files in /opt/airflow/dags
[2026-05-25T10:16:40.970+0000] {manager.py:762} INFO - There are 1 files in /opt/airflow/dags
[2026-05-25T10:16:41.032+0000] {manager.py:893} INFO - 
================================================================================
DAG File Processing Stats

File Path                        PID  Runtime      # DAGs    # Errors  Last Runtime    Last Run
-----------------------------  -----  ---------  --------  ----------  --------------  ----------
/opt/airflow/dags/pipeline.py    167  0.03s             0           0
================================================================================
[2026-05-25T10:17:11.216+0000] {manager.py:893} INFO - 
================================================================================
DAG File Processing Stats

File Path                        PID  Runtime      # DAGs    # Errors  Last Runtime    Last Run
-----------------------------  -----  ---------  --------  ----------  --------------  -------------------
/opt/airflow/dags/pipeline.py    172  0.00s             0           1  0.05s           2026-05-25T10:16:41
================================================================================
[2026-05-25T10:17:41.507+0000] {manager.py:893} INFO - 
================================================================================
DAG File Processing Stats

File Path                        PID  Runtime      # DAGs    # Errors  Last Runtime    Last Run
-----------------------------  -----  ---------  --------  ----------  --------------  -------------------
/opt/airflow/dags/pipeline.py    177  0.01s             0           1  0.05s           2026-05-25T10:17:11
================================================================================
[2026-05-25T10:18:11.723+0000] {manager.py:893} INFO - 
================================================================================
DAG File Processing Stats

File Path                        PID  Runtime      # DAGs    # Errors  Last Runtime    Last Run
-----------------------------  -----  ---------  --------  ----------  --------------  -------------------
/opt/airflow/dags/pipeline.py    182  0.01s             0           1  0.06s           2026-05-25T10:17:41
================================================================================
[2026-05-25T10:18:41.942+0000] {manager.py:893} INFO - 
================================================================================
DAG File Processing Stats

File Path                        PID  Runtime      # DAGs    # Errors  Last Runtime    Last Run
-----------------------------  -----  ---------  --------  ----------  --------------  -------------------
/opt/airflow/dags/pipeline.py    187  0.00s             0           1  0.07s           2026-05-25T10:18:11
================================================================================
[2026-05-25T10:19:12.174+0000] {manager.py:893} INFO - 
================================================================================
DAG File Processing Stats

File Path                        PID  Runtime      # DAGs    # Errors  Last Runtime    Last Run
-----------------------------  -----  ---------  --------  ----------  --------------  -------------------
/opt/airflow/dags/pipeline.py    192  0.01s             0           1  0.05s           2026-05-25T10:18:41
================================================================================
[2026-05-25T10:19:42.411+0000] {manager.py:893} INFO - 
================================================================================
DAG File Processing Stats

File Path                        PID  Runtime      # DAGs    # Errors  Last Runtime    Last Run
-----------------------------  -----  ---------  --------  ----------  --------------  -------------------
/opt/airflow/dags/pipeline.py    197  0.00s             0           1  0.08s           2026-05-25T10:19:12
================================================================================
[2026-05-25T10:20:12.745+0000] {manager.py:893} INFO - 
================================================================================
DAG File Processing Stats

File Path                        PID  Runtime      # DAGs    # Errors  Last Runtime    Last Run
-----------------------------  -----  ---------  --------  ----------  --------------  -------------------
/opt/airflow/dags/pipeline.py    202  0.01s             0           1  0.20s           2026-05-25T10:19:42
================================================================================
[2026-05-25T10:20:42.972+0000] {manager.py:893} INFO - 
================================================================================
DAG File Processing Stats

File Path                        PID  Runtime      # DAGs    # Errors  Last Runtime    Last Run
-----------------------------  -----  ---------  --------  ----------  --------------  -------------------
/opt/airflow/dags/pipeline.py    207  0.00s             0           1  0.06s           2026-05-25T10:20:12
================================================================================
[2026-05-25T10:21:13.222+0000] {manager.py:893} INFO - 
================================================================================
DAG File Processing Stats

File Path                        PID  Runtime      # DAGs    # Errors  Last Runtime    Last Run
-----------------------------  -----  ---------  --------  ----------  --------------  -------------------
/opt/airflow/dags/pipeline.py    212  0.00s             0           1  0.05s           2026-05-25T10:20:43
================================================================================
[2026-05-25T10:21:41.406+0000] {manager.py:759} INFO - Searching for files in /opt/airflow/dags
[2026-05-25T10:21:41.414+0000] {manager.py:762} INFO - There are 1 files in /opt/airflow/dags
[2026-05-25T10:21:43.454+0000] {manager.py:893} INFO - 
================================================================================
DAG File Processing Stats

File Path                        PID  Runtime      # DAGs    # Errors  Last Runtime    Last Run
-----------------------------  -----  ---------  --------  ----------  --------------  -------------------
/opt/airflow/dags/pipeline.py    217  0.01s             0           1  0.05s           2026-05-25T10:21:13
================================================================================
[2026-05-25T10:22:13.678+0000] {manager.py:893} INFO - 
================================================================================
DAG File Processing Stats

File Path                        PID  Runtime      # DAGs    # Errors  Last Runtime    Last Run
-----------------------------  -----  ---------  --------  ----------  --------------  -------------------
/opt/airflow/dags/pipeline.py    222  0.01s             0           1  0.05s           2026-05-25T10:21:43
================================================================================
[2026-05-25T10:22:45.155+0000] {manager.py:487} INFO - Processing files using up to 2 processes at a time 
[2026-05-25T10:22:45.158+0000] {manager.py:488} INFO - Process each file at most once every 30 seconds
[2026-05-25T10:22:45.158+0000] {manager.py:489} INFO - Checking for new files in /opt/airflow/dags every 300 seconds
[2026-05-25T10:22:45.159+0000] {manager.py:759} INFO - Searching for files in /opt/airflow/dags
[2026-05-25T10:22:45.162+0000] {manager.py:762} INFO - There are 1 files in /opt/airflow/dags
[2026-05-25T10:22:45.241+0000] {manager.py:893} INFO - 
================================================================================
DAG File Processing Stats

File Path                        PID  Runtime      # DAGs    # Errors  Last Runtime    Last Run
-----------------------------  -----  ---------  --------  ----------  --------------  ----------
/opt/airflow/dags/pipeline.py    167  0.04s             0           0
================================================================================
[2026-05-25T10:23:15.437+0000] {manager.py:893} INFO - 
================================================================================
DAG File Processing Stats

File Path                        PID  Runtime      # DAGs    # Errors  Last Runtime    Last Run
-----------------------------  -----  ---------  --------  ----------  --------------  -------------------
/opt/airflow/dags/pipeline.py    172  0.01s             0           1  0.07s           2026-05-25T10:22:45
================================================================================
[2026-05-25T10:23:45.662+0000] {manager.py:893} INFO - 
================================================================================
DAG File Processing Stats

File Path                        PID  Runtime      # DAGs    # Errors  Last Runtime    Last Run
-----------------------------  -----  ---------  --------  ----------  --------------  -------------------
/opt/airflow/dags/pipeline.py    177  0.01s             0           1  0.06s           2026-05-25T10:23:15
================================================================================
[2026-05-25T10:24:15.909+0000] {manager.py:893} INFO - 
================================================================================
DAG File Processing Stats

File Path                        PID  Runtime      # DAGs    # Errors  Last Runtime    Last Run
-----------------------------  -----  ---------  --------  ----------  --------------  -------------------
/opt/airflow/dags/pipeline.py    182  0.01s             0           1  0.05s           2026-05-25T10:23:45
================================================================================
[2026-05-25T10:24:46.146+0000] {manager.py:893} INFO - 
================================================================================
DAG File Processing Stats

File Path                        PID  Runtime      # DAGs    # Errors  Last Runtime    Last Run
-----------------------------  -----  ---------  --------  ----------  --------------  -------------------
/opt/airflow/dags/pipeline.py    187  0.01s             0           1  0.05s           2026-05-25T10:24:15
================================================================================
[2026-05-25T10:25:16.341+0000] {manager.py:893} INFO - 
================================================================================
DAG File Processing Stats

File Path                        PID  Runtime      # DAGs    # Errors  Last Runtime    Last Run
-----------------------------  -----  ---------  --------  ----------  --------------  -------------------
/opt/airflow/dags/pipeline.py    192  0.01s             0           1  0.04s           2026-05-25T10:24:46
================================================================================
[2026-05-25T10:25:57.993+0000] {manager.py:487} INFO - Processing files using up to 2 processes at a time 
[2026-05-25T10:25:57.997+0000] {manager.py:488} INFO - Process each file at most once every 30 seconds
[2026-05-25T10:25:57.997+0000] {manager.py:489} INFO - Checking for new files in /opt/airflow/dags every 300 seconds
[2026-05-25T10:25:57.998+0000] {manager.py:759} INFO - Searching for files in /opt/airflow/dags
[2026-05-25T10:25:58.001+0000] {manager.py:762} INFO - There are 1 files in /opt/airflow/dags
[2026-05-25T10:25:58.054+0000] {manager.py:893} INFO - 
================================================================================
DAG File Processing Stats

File Path                        PID  Runtime      # DAGs    # Errors  Last Runtime    Last Run
-----------------------------  -----  ---------  --------  ----------  --------------  ----------
/opt/airflow/dags/pipeline.py    167  0.03s             0           0
================================================================================
[2026-05-25T10:26:28.278+0000] {manager.py:893} INFO - 
================================================================================
DAG File Processing Stats

File Path                        PID  Runtime      # DAGs    # Errors  Last Runtime    Last Run
-----------------------------  -----  ---------  --------  ----------  --------------  -------------------
/opt/airflow/dags/pipeline.py    172  0.00s             0           1  0.04s           2026-05-25T10:25:58
================================================================================
[2026-05-25T10:26:58.508+0000] {manager.py:893} INFO - 
================================================================================
DAG File Processing Stats

File Path                        PID  Runtime      # DAGs    # Errors  Last Runtime    Last Run
-----------------------------  -----  ---------  --------  ----------  --------------  -------------------
/opt/airflow/dags/pipeline.py    177  0.00s             0           1  0.05s           2026-05-25T10:26:28
================================================================================
[2026-05-25T10:27:28.729+0000] {manager.py:893} INFO - 
================================================================================
DAG File Processing Stats

File Path                        PID  Runtime      # DAGs    # Errors  Last Runtime    Last Run
-----------------------------  -----  ---------  --------  ----------  --------------  -------------------
/opt/airflow/dags/pipeline.py    182  0.01s             0           1  0.04s           2026-05-25T10:26:58
================================================================================
[2026-05-25T10:27:58.985+0000] {manager.py:893} INFO - 
================================================================================
DAG File Processing Stats

File Path                        PID  Runtime      # DAGs    # Errors  Last Runtime    Last Run
-----------------------------  -----  ---------  --------  ----------  --------------  -------------------
/opt/airflow/dags/pipeline.py    187  0.01s             0           1  0.05s           2026-05-25T10:27:28
================================================================================
[2026-05-25T10:28:29.292+0000] {manager.py:893} INFO - 
================================================================================
DAG File Processing Stats

File Path                        PID  Runtime      # DAGs    # Errors  Last Runtime    Last Run
-----------------------------  -----  ---------  --------  ----------  --------------  -------------------
/opt/airflow/dags/pipeline.py    192  0.01s             0           1  0.05s           2026-05-25T10:27:59
================================================================================
[2026-05-25T10:28:59.558+0000] {manager.py:893} INFO - 
================================================================================
DAG File Processing Stats

File Path                        PID  Runtime      # DAGs    # Errors  Last Runtime    Last Run
-----------------------------  -----  ---------  --------  ----------  --------------  -------------------
/opt/airflow/dags/pipeline.py    197  0.01s             0           1  0.05s           2026-05-25T10:28:29
================================================================================
[2026-05-25T10:29:29.883+0000] {manager.py:893} INFO - 
================================================================================
DAG File Processing Stats

File Path                        PID  Runtime      # DAGs    # Errors  Last Runtime    Last Run
-----------------------------  -----  ---------  --------  ----------  --------------  -------------------
/opt/airflow/dags/pipeline.py    202  0.00s             0           1  0.19s           2026-05-25T10:28:59
================================================================================
[2026-05-25T10:30:00.173+0000] {manager.py:893} INFO - 
================================================================================
DAG File Processing Stats

File Path                        PID  Runtime      # DAGs    # Errors  Last Runtime    Last Run
-----------------------------  -----  ---------  --------  ----------  --------------  -------------------
/opt/airflow/dags/pipeline.py    207  0.01s             0           1  0.05s           2026-05-25T10:29:29
================================================================================
[2026-05-25T10:30:30.443+0000] {manager.py:893} INFO - 
================================================================================
DAG File Processing Stats

File Path                        PID  Runtime      # DAGs    # Errors  Last Runtime    Last Run
-----------------------------  -----  ---------  --------  ----------  --------------  -------------------
/opt/airflow/dags/pipeline.py    212  0.02s             0           1  0.05s           2026-05-25T10:30:00
================================================================================
[2026-05-25T10:30:58.724+0000] {manager.py:759} INFO - Searching for files in /opt/airflow/dags
[2026-05-25T10:30:58.730+0000] {manager.py:762} INFO - There are 1 files in /opt/airflow/dags
[2026-05-25T10:31:00.774+0000] {manager.py:893} INFO - 
================================================================================
DAG File Processing Stats

File Path                        PID  Runtime      # DAGs    # Errors  Last Runtime    Last Run
-----------------------------  -----  ---------  --------  ----------  --------------  -------------------
/opt/airflow/dags/pipeline.py    217  0.01s             0           1  0.08s           2026-05-25T10:30:30
================================================================================
[2026-05-25T10:31:30.975+0000] {manager.py:893} INFO - 
================================================================================
DAG File Processing Stats

File Path                        PID  Runtime      # DAGs    # Errors  Last Runtime    Last Run
-----------------------------  -----  ---------  --------  ----------  --------------  -------------------
/opt/airflow/dags/pipeline.py    222  0.00s             0           1  0.06s           2026-05-25T10:31:00
================================================================================
[2026-05-25T10:32:01.225+0000] {manager.py:893} INFO - 
================================================================================
DAG File Processing Stats

File Path                        PID  Runtime      # DAGs    # Errors  Last Runtime    Last Run
-----------------------------  -----  ---------  --------  ----------  --------------  -------------------
/opt/airflow/dags/pipeline.py    227  0.01s             0           1  0.06s           2026-05-25T10:31:31
================================================================================
[2026-05-25T10:32:31.504+0000] {manager.py:893} INFO - 
================================================================================
DAG File Processing Stats

File Path                        PID  Runtime      # DAGs    # Errors  Last Runtime    Last Run
-----------------------------  -----  ---------  --------  ----------  --------------  -------------------
/opt/airflow/dags/pipeline.py    232  0.00s             0           1  0.05s           2026-05-25T10:32:01
================================================================================
[2026-05-25T10:33:01.796+0000] {manager.py:893} INFO - 
================================================================================
DAG File Processing Stats

File Path                        PID  Runtime      # DAGs    # Errors  Last Runtime    Last Run
-----------------------------  -----  ---------  --------  ----------  --------------  -------------------
/opt/airflow/dags/pipeline.py    237  0.02s             0           1  0.05s           2026-05-25T10:32:31
================================================================================
[2026-05-25T10:33:32.077+0000] {manager.py:893} INFO - 
================================================================================
DAG File Processing Stats

File Path                        PID  Runtime      # DAGs    # Errors  Last Runtime    Last Run
-----------------------------  -----  ---------  --------  ----------  --------------  -------------------
/opt/airflow/dags/pipeline.py    242  0.01s             0           1  0.07s           2026-05-25T10:33:01
================================================================================
[2026-05-25T10:34:02.364+0000] {manager.py:893} INFO - 
================================================================================
DAG File Processing Stats

File Path                        PID  Runtime      # DAGs    # Errors  Last Runtime    Last Run
-----------------------------  -----  ---------  --------  ----------  --------------  -------------------
/opt/airflow/dags/pipeline.py    247  0.02s             0           1  0.05s           2026-05-25T10:33:32
================================================================================
[2026-05-25T10:34:32.641+0000] {manager.py:893} INFO - 
================================================================================
DAG File Processing Stats

File Path                        PID  Runtime      # DAGs    # Errors  Last Runtime    Last Run
-----------------------------  -----  ---------  --------  ----------  --------------  -------------------
/opt/airflow/dags/pipeline.py    252  0.00s             0           1  0.07s           2026-05-25T10:34:02
================================================================================
[2026-05-25T10:35:02.916+0000] {manager.py:893} INFO - 
================================================================================
DAG File Processing Stats

File Path                        PID  Runtime      # DAGs    # Errors  Last Runtime    Last Run
-----------------------------  -----  ---------  --------  ----------  --------------  -------------------
/opt/airflow/dags/pipeline.py    257  0.00s             0           1  0.04s           2026-05-25T10:34:32
================================================================================
[2026-05-25T10:35:33.184+0000] {manager.py:893} INFO - 
================================================================================
DAG File Processing Stats

File Path                        PID  Runtime      # DAGs    # Errors  Last Runtime    Last Run
-----------------------------  -----  ---------  --------  ----------  --------------  -------------------
/opt/airflow/dags/pipeline.py    262  0.00s             0           1  0.04s           2026-05-25T10:35:02
================================================================================
[2026-05-25T10:35:59.424+0000] {manager.py:759} INFO - Searching for files in /opt/airflow/dags
[2026-05-25T10:35:59.432+0000] {manager.py:762} INFO - There are 1 files in /opt/airflow/dags
[2026-05-25T10:36:03.485+0000] {manager.py:893} INFO - 
================================================================================
DAG File Processing Stats

File Path                        PID  Runtime      # DAGs    # Errors  Last Runtime    Last Run
-----------------------------  -----  ---------  --------  ----------  --------------  -------------------
/opt/airflow/dags/pipeline.py    267  0.00s             0           1  0.05s           2026-05-25T10:35:33
================================================================================
[2026-05-25T10:36:33.790+0000] {manager.py:893} INFO - 
================================================================================
DAG File Processing Stats

File Path                        PID  Runtime      # DAGs    # Errors  Last Runtime    Last Run
-----------------------------  -----  ---------  --------  ----------  --------------  -------------------
/opt/airflow/dags/pipeline.py    272  0.01s             0           1  0.04s           2026-05-25T10:36:03
================================================================================
[2026-05-25T10:37:04.058+0000] {manager.py:893} INFO - 
================================================================================
DAG File Processing Stats

File Path                        PID  Runtime      # DAGs    # Errors  Last Runtime    Last Run
-----------------------------  -----  ---------  --------  ----------  --------------  -------------------
/opt/airflow/dags/pipeline.py    277  0.00s             0           1  0.07s           2026-05-25T10:36:33
================================================================================
[2026-05-25T10:37:34.331+0000] {manager.py:893} INFO - 
================================================================================
DAG File Processing Stats

File Path                        PID  Runtime      # DAGs    # Errors  Last Runtime    Last Run
-----------------------------  -----  ---------  --------  ----------  --------------  -------------------
/opt/airflow/dags/pipeline.py    282  0.00s             0           1  0.04s           2026-05-25T10:37:04
================================================================================
[2026-05-25T10:38:04.627+0000] {manager.py:893} INFO - 
================================================================================
DAG File Processing Stats

File Path                        PID  Runtime      # DAGs    # Errors  Last Runtime    Last Run
-----------------------------  -----  ---------  --------  ----------  --------------  -------------------
/opt/airflow/dags/pipeline.py    287  0.00s             0           1  0.05s           2026-05-25T10:37:34
================================================================================
[2026-05-25T10:38:34.908+0000] {manager.py:893} INFO - 
================================================================================
DAG File Processing Stats

File Path                        PID  Runtime      # DAGs    # Errors  Last Runtime    Last Run
-----------------------------  -----  ---------  --------  ----------  --------------  -------------------
/opt/airflow/dags/pipeline.py    292  0.00s             0           1  0.04s           2026-05-25T10:38:04
================================================================================
[2026-05-25T10:39:05.196+0000] {manager.py:893} INFO - 
================================================================================
DAG File Processing Stats

File Path                        PID  Runtime      # DAGs    # Errors  Last Runtime    Last Run
-----------------------------  -----  ---------  --------  ----------  --------------  -------------------
/opt/airflow/dags/pipeline.py    297  0.01s             0           1  0.04s           2026-05-25T10:38:34
================================================================================
[2026-05-25T10:39:35.493+0000] {manager.py:893} INFO - 
================================================================================
DAG File Processing Stats

File Path                        PID  Runtime      # DAGs    # Errors  Last Runtime    Last Run
-----------------------------  -----  ---------  --------  ----------  --------------  -------------------
/opt/airflow/dags/pipeline.py    302  0.00s             0           1  0.05s           2026-05-25T10:39:05
================================================================================
[2026-05-25T10:40:05.785+0000] {manager.py:893} INFO - 
================================================================================
DAG File Processing Stats

File Path                        PID  Runtime      # DAGs    # Errors  Last Runtime    Last Run
-----------------------------  -----  ---------  --------  ----------  --------------  -------------------
/opt/airflow/dags/pipeline.py    307  0.00s             0           1  0.04s           2026-05-25T10:39:35
================================================================================
[2026-05-25T10:40:36.074+0000] {manager.py:893} INFO - 
================================================================================
DAG File Processing Stats

File Path                        PID  Runtime      # DAGs    # Errors  Last Runtime    Last Run
-----------------------------  -----  ---------  --------  ----------  --------------  -------------------
/opt/airflow/dags/pipeline.py    312  0.00s             0           1  0.04s           2026-05-25T10:40:05
================================================================================
[2026-05-25T10:41:00.264+0000] {manager.py:759} INFO - Searching for files in /opt/airflow/dags
[2026-05-25T10:41:00.273+0000] {manager.py:762} INFO - There are 2 files in /opt/airflow/dags
[2026-05-25T10:41:06.355+0000] {manager.py:893} INFO - 
================================================================================
DAG File Processing Stats

File Path                                  PID  Runtime      # DAGs    # Errors  Last Runtime    Last Run
---------------------------------------  -----  ---------  --------  ----------  --------------  -------------------
/opt/airflow/dags/data_lake_pipeline.py                           0           1  0.05s           2026-05-25T10:41:00
/opt/airflow/dags/pipeline.py              322  0.00s             0           1  0.04s           2026-05-25T10:40:36
================================================================================
[2026-05-25T10:41:36.687+0000] {manager.py:893} INFO - 
================================================================================
DAG File Processing Stats

File Path                                  PID  Runtime      # DAGs    # Errors  Last Runtime    Last Run
---------------------------------------  -----  ---------  --------  ----------  --------------  -------------------
/opt/airflow/dags/data_lake_pipeline.py                           0           1  0.05s           2026-05-25T10:41:30
/opt/airflow/dags/pipeline.py              332  0.00s             0           1  0.04s           2026-05-25T10:41:06
================================================================================
[2026-05-25T10:42:06.960+0000] {manager.py:893} INFO - 
================================================================================
DAG File Processing Stats

File Path                                  PID  Runtime      # DAGs    # Errors  Last Runtime    Last Run
---------------------------------------  -----  ---------  --------  ----------  --------------  -------------------
/opt/airflow/dags/data_lake_pipeline.py                           0           1  0.05s           2026-05-25T10:42:00
/opt/airflow/dags/pipeline.py              342  0.00s             0           1  0.04s           2026-05-25T10:41:36
================================================================================
[2026-05-25T10:42:37.280+0000] {manager.py:893} INFO - 
================================================================================
DAG File Processing Stats

File Path                                  PID  Runtime      # DAGs    # Errors  Last Runtime    Last Run
---------------------------------------  -----  ---------  --------  ----------  --------------  -------------------
/opt/airflow/dags/data_lake_pipeline.py                           0           1  0.09s           2026-05-25T10:42:31
/opt/airflow/dags/pipeline.py              352  0.00s             0           1  0.04s           2026-05-25T10:42:06
================================================================================
[2026-05-25T10:43:07.630+0000] {manager.py:893} INFO - 
================================================================================
DAG File Processing Stats

File Path                                  PID  Runtime      # DAGs    # Errors  Last Runtime    Last Run
---------------------------------------  -----  ---------  --------  ----------  --------------  -------------------
/opt/airflow/dags/data_lake_pipeline.py                           0           1  0.05s           2026-05-25T10:43:01
/opt/airflow/dags/pipeline.py              362  0.00s             0           1  0.05s           2026-05-25T10:42:37
================================================================================
[2026-05-25T10:43:38.018+0000] {manager.py:893} INFO - 
================================================================================
DAG File Processing Stats

File Path                                  PID  Runtime      # DAGs    # Errors  Last Runtime    Last Run
---------------------------------------  -----  ---------  --------  ----------  --------------  -------------------
/opt/airflow/dags/data_lake_pipeline.py                           0           1  0.06s           2026-05-25T10:43:31
/opt/airflow/dags/pipeline.py              372  0.00s             0           1  0.05s           2026-05-25T10:43:07
================================================================================
[2026-05-25T10:44:08.363+0000] {manager.py:893} INFO - 
================================================================================
DAG File Processing Stats

File Path                                  PID  Runtime      # DAGs    # Errors  Last Runtime    Last Run
---------------------------------------  -----  ---------  --------  ----------  --------------  -------------------
/opt/airflow/dags/data_lake_pipeline.py                           0           1  0.06s           2026-05-25T10:44:02
/opt/airflow/dags/pipeline.py              382  0.00s             0           1  0.05s           2026-05-25T10:43:38
================================================================================
[2026-05-25T10:44:38.731+0000] {manager.py:893} INFO - 
================================================================================
DAG File Processing Stats

File Path                                  PID  Runtime      # DAGs    # Errors  Last Runtime    Last Run
---------------------------------------  -----  ---------  --------  ----------  --------------  -------------------
/opt/airflow/dags/data_lake_pipeline.py                           0           1  0.05s           2026-05-25T10:44:32
/opt/airflow/dags/pipeline.py              392  0.00s             0           1  0.05s           2026-05-25T10:44:08
================================================================================
[2026-05-25T10:45:09.030+0000] {manager.py:893} INFO - 
================================================================================
DAG File Processing Stats

File Path                                  PID  Runtime      # DAGs    # Errors  Last Runtime    Last Run
---------------------------------------  -----  ---------  --------  ----------  --------------  -------------------
/opt/airflow/dags/data_lake_pipeline.py                           0           1  0.06s           2026-05-25T10:45:03
/opt/airflow/dags/pipeline.py              402  0.00s             0           1  0.05s           2026-05-25T10:44:38
================================================================================
[2026-05-25T10:45:39.339+0000] {manager.py:893} INFO - 
================================================================================
DAG File Processing Stats

File Path                                  PID  Runtime      # DAGs    # Errors  Last Runtime    Last Run
---------------------------------------  -----  ---------  --------  ----------  --------------  -------------------
/opt/airflow/dags/data_lake_pipeline.py                           0           1  0.05s           2026-05-25T10:45:33
/opt/airflow/dags/pipeline.py              412  0.00s             0           1  0.05s           2026-05-25T10:45:09
================================================================================
[2026-05-25T10:46:00.548+0000] {manager.py:759} INFO - Searching for files in /opt/airflow/dags
[2026-05-25T10:46:00.556+0000] {manager.py:762} INFO - There are 2 files in /opt/airflow/dags
[2026-05-25T10:46:09.688+0000] {manager.py:893} INFO - 
================================================================================
DAG File Processing Stats

File Path                                  PID  Runtime      # DAGs    # Errors  Last Runtime    Last Run
---------------------------------------  -----  ---------  --------  ----------  --------------  -------------------
/opt/airflow/dags/data_lake_pipeline.py                           0           1  0.05s           2026-05-25T10:46:03
/opt/airflow/dags/pipeline.py              422  0.00s             0           1  0.05s           2026-05-25T10:45:39
================================================================================
[2026-05-25T10:46:40.041+0000] {manager.py:893} INFO - 
================================================================================
DAG File Processing Stats

File Path                                  PID  Runtime      # DAGs    # Errors  Last Runtime    Last Run
---------------------------------------  -----  ---------  --------  ----------  --------------  -------------------
/opt/airflow/dags/data_lake_pipeline.py                           0           1  0.05s           2026-05-25T10:46:34
/opt/airflow/dags/pipeline.py              432  0.01s             0           1  0.05s           2026-05-25T10:46:09
================================================================================
[2026-05-25T10:47:10.307+0000] {manager.py:893} INFO - 
================================================================================
DAG File Processing Stats

File Path                                  PID  Runtime      # DAGs    # Errors  Last Runtime    Last Run
---------------------------------------  -----  ---------  --------  ----------  --------------  -------------------
/opt/airflow/dags/data_lake_pipeline.py                           0           1  0.04s           2026-05-25T10:46:58
/opt/airflow/dags/pipeline.py              447  0.00s             0           1  0.04s           2026-05-25T10:46:40
================================================================================
[2026-05-25T10:47:40.625+0000] {manager.py:893} INFO - 
================================================================================
DAG File Processing Stats

File Path                                  PID  Runtime      # DAGs    # Errors  Last Runtime    Last Run
---------------------------------------  -----  ---------  --------  ----------  --------------  -------------------
/opt/airflow/dags/data_lake_pipeline.py                           0           1  0.05s           2026-05-25T10:47:28
/opt/airflow/dags/pipeline.py              457  0.00s             0           1  0.03s           2026-05-25T10:47:10
================================================================================
[2026-05-25T10:48:10.945+0000] {manager.py:893} INFO - 
================================================================================
DAG File Processing Stats

File Path                                  PID  Runtime      # DAGs    # Errors  Last Runtime    Last Run
---------------------------------------  -----  ---------  --------  ----------  --------------  -------------------
/opt/airflow/dags/data_lake_pipeline.py                           0           1  0.05s           2026-05-25T10:47:58
/opt/airflow/dags/pipeline.py              467  0.00s             0           1  0.04s           2026-05-25T10:47:40
================================================================================
[2026-05-25T10:48:41.222+0000] {manager.py:893} INFO - 
================================================================================
DAG File Processing Stats

File Path                                  PID  Runtime      # DAGs    # Errors  Last Runtime    Last Run
---------------------------------------  -----  ---------  --------  ----------  --------------  -------------------
/opt/airflow/dags/data_lake_pipeline.py                           0           1  0.05s           2026-05-25T10:48:29
/opt/airflow/dags/pipeline.py              477  0.01s             0           1  0.04s           2026-05-25T10:48:10
================================================================================
[2026-05-25T10:49:11.584+0000] {manager.py:893} INFO - 
================================================================================
DAG File Processing Stats

File Path                                  PID  Runtime      # DAGs    # Errors  Last Runtime    Last Run
---------------------------------------  -----  ---------  --------  ----------  --------------  -------------------
/opt/airflow/dags/data_lake_pipeline.py                           0           1  0.07s           2026-05-25T10:48:59
/opt/airflow/dags/pipeline.py              487  0.00s             0           1  0.05s           2026-05-25T10:48:41
================================================================================
[2026-05-25T10:49:41.827+0000] {manager.py:893} INFO - 
================================================================================
DAG File Processing Stats

File Path                                  PID  Runtime      # DAGs    # Errors  Last Runtime    Last Run
---------------------------------------  -----  ---------  --------  ----------  --------------  -------------------
/opt/airflow/dags/data_lake_pipeline.py                           0           1  0.03s           2026-05-25T10:49:29
/opt/airflow/dags/pipeline.py              497  0.00s             0           1  0.04s           2026-05-25T10:49:11
================================================================================
[2026-05-25T10:50:12.132+0000] {manager.py:893} INFO - 
================================================================================
DAG File Processing Stats

File Path                                  PID  Runtime      # DAGs    # Errors  Last Runtime    Last Run
---------------------------------------  -----  ---------  --------  ----------  --------------  -------------------
/opt/airflow/dags/data_lake_pipeline.py                           0           1  0.04s           2026-05-25T10:50:00
/opt/airflow/dags/pipeline.py              507  0.00s             0           1  0.04s           2026-05-25T10:49:41
================================================================================
[2026-05-25T10:50:42.425+0000] {manager.py:893} INFO - 
================================================================================
DAG File Processing Stats

File Path                                  PID  Runtime      # DAGs    # Errors  Last Runtime    Last Run
---------------------------------------  -----  ---------  --------  ----------  --------------  -------------------
/opt/airflow/dags/data_lake_pipeline.py                           0           1  0.05s           2026-05-25T10:50:30
/opt/airflow/dags/pipeline.py              517  0.00s             0           1  0.05s           2026-05-25T10:50:12
================================================================================
[2026-05-25T10:51:00.584+0000] {manager.py:759} INFO - Searching for files in /opt/airflow/dags
[2026-05-25T10:51:00.589+0000] {manager.py:762} INFO - There are 2 files in /opt/airflow/dags
[2026-05-25T10:51:12.711+0000] {manager.py:893} INFO - 
================================================================================
DAG File Processing Stats

File Path                                  PID  Runtime      # DAGs    # Errors  Last Runtime    Last Run
---------------------------------------  -----  ---------  --------  ----------  --------------  -------------------
/opt/airflow/dags/data_lake_pipeline.py                           0           1  0.04s           2026-05-25T10:51:05
/opt/airflow/dags/pipeline.py              532  0.00s             0           1  0.03s           2026-05-25T10:50:42
================================================================================
[2026-05-25T10:51:43.015+0000] {manager.py:893} INFO - 
================================================================================
DAG File Processing Stats

File Path                                  PID  Runtime      # DAGs    # Errors  Last Runtime    Last Run
---------------------------------------  -----  ---------  --------  ----------  --------------  -------------------
/opt/airflow/dags/data_lake_pipeline.py                           0           1  0.06s           2026-05-25T10:51:35
/opt/airflow/dags/pipeline.py              542  0.00s             0           1  0.05s           2026-05-25T10:51:12
================================================================================
[2026-05-25T10:52:13.365+0000] {manager.py:893} INFO - 
================================================================================
DAG File Processing Stats

File Path                                  PID  Runtime      # DAGs    # Errors  Last Runtime    Last Run
---------------------------------------  -----  ---------  --------  ----------  --------------  -------------------
/opt/airflow/dags/data_lake_pipeline.py                           0           1  0.05s           2026-05-25T10:52:07
/opt/airflow/dags/pipeline.py              557  0.00s             0           1  0.05s           2026-05-25T10:51:43
================================================================================
[2026-05-25T10:52:43.673+0000] {manager.py:893} INFO - 
================================================================================
DAG File Processing Stats

File Path                                  PID  Runtime      # DAGs    # Errors  Last Runtime    Last Run
---------------------------------------  -----  ---------  --------  ----------  --------------  -------------------
/opt/airflow/dags/data_lake_pipeline.py                           0           1  0.05s           2026-05-25T10:52:18
/opt/airflow/dags/pipeline.py              567  0.00s             0           1  0.04s           2026-05-25T10:52:13
================================================================================
[2026-05-25T10:53:13.961+0000] {manager.py:893} INFO - 
================================================================================
DAG File Processing Stats

File Path                                  PID  Runtime      # DAGs    # Errors  Last Runtime    Last Run
---------------------------------------  -----  ---------  --------  ----------  --------------  -------------------
/opt/airflow/dags/data_lake_pipeline.py                           0           1  0.05s           2026-05-25T10:53:01
/opt/airflow/dags/pipeline.py              582  0.01s             0           1  0.05s           2026-05-25T10:52:43
================================================================================
[2026-05-25T10:53:44.276+0000] {manager.py:893} INFO - 
================================================================================
DAG File Processing Stats

File Path                                  PID  Runtime      # DAGs    # Errors  Last Runtime    Last Run
---------------------------------------  -----  ---------  --------  ----------  --------------  -------------------
/opt/airflow/dags/data_lake_pipeline.py                           0           1  0.06s           2026-05-25T10:53:32
/opt/airflow/dags/pipeline.py              592  0.02s             0           1  0.05s           2026-05-25T10:53:14
================================================================================
[2026-05-25T10:54:14.590+0000] {manager.py:893} INFO - 
================================================================================
DAG File Processing Stats

File Path                                  PID  Runtime      # DAGs    # Errors  Last Runtime    Last Run
---------------------------------------  -----  ---------  --------  ----------  --------------  -------------------
/opt/airflow/dags/data_lake_pipeline.py                           0           1  0.05s           2026-05-25T10:54:02
/opt/airflow/dags/pipeline.py              602  0.01s             0           1  0.09s           2026-05-25T10:53:44
================================================================================
[2026-05-25T10:54:44.920+0000] {manager.py:893} INFO - 
================================================================================
DAG File Processing Stats

File Path                                  PID  Runtime      # DAGs    # Errors  Last Runtime    Last Run
---------------------------------------  -----  ---------  --------  ----------  --------------  -------------------
/opt/airflow/dags/data_lake_pipeline.py                           0           1  0.08s           2026-05-25T10:54:32
/opt/airflow/dags/pipeline.py              612  0.01s             0           1  0.09s           2026-05-25T10:54:14
================================================================================
[2026-05-25T10:55:15.238+0000] {manager.py:893} INFO - 
================================================================================
DAG File Processing Stats

File Path                                  PID  Runtime      # DAGs    # Errors  Last Runtime    Last Run
---------------------------------------  -----  ---------  --------  ----------  --------------  -------------------
/opt/airflow/dags/data_lake_pipeline.py                           0           1  0.06s           2026-05-25T10:55:14
/opt/airflow/dags/pipeline.py              627  0.00s             0           1  0.08s           2026-05-25T10:54:44
================================================================================
[2026-05-25T10:55:45.588+0000] {manager.py:893} INFO - 
================================================================================
DAG File Processing Stats

File Path                                  PID  Runtime      # DAGs    # Errors  Last Runtime    Last Run
---------------------------------------  -----  ---------  --------  ----------  --------------  -------------------
/opt/airflow/dags/data_lake_pipeline.py                           0           1  0.07s           2026-05-25T10:55:44
/opt/airflow/dags/pipeline.py              637  0.00s             0           1  0.06s           2026-05-25T10:55:15
================================================================================
[2026-05-25T10:56:00.727+0000] {manager.py:759} INFO - Searching for files in /opt/airflow/dags
[2026-05-25T10:56:00.735+0000] {manager.py:762} INFO - There are 2 files in /opt/airflow/dags
[2026-05-25T10:56:15.864+0000] {manager.py:893} INFO - 
================================================================================
DAG File Processing Stats

File Path                                  PID  Runtime      # DAGs    # Errors  Last Runtime    Last Run
---------------------------------------  -----  ---------  --------  ----------  --------------  -------------------
/opt/airflow/dags/data_lake_pipeline.py                           0           1  0.03s           2026-05-25T10:56:14
/opt/airflow/dags/pipeline.py              647  0.00s             0           1  0.04s           2026-05-25T10:55:45
================================================================================
[2026-05-25T10:56:46.119+0000] {manager.py:893} INFO - 
================================================================================
DAG File Processing Stats

File Path                                  PID  Runtime      # DAGs    # Errors  Last Runtime    Last Run
---------------------------------------  -----  ---------  --------  ----------  --------------  -------------------
/opt/airflow/dags/data_lake_pipeline.py                           0           1  0.05s           2026-05-25T10:56:45
/opt/airflow/dags/pipeline.py              657  0.00s             0           1  0.04s           2026-05-25T10:56:15
================================================================================
[2026-05-25T10:57:16.428+0000] {manager.py:893} INFO - 
================================================================================
DAG File Processing Stats

File Path                                  PID  Runtime      # DAGs    # Errors  Last Runtime    Last Run
---------------------------------------  -----  ---------  --------  ----------  --------------  -------------------
/opt/airflow/dags/data_lake_pipeline.py                           0           1  0.04s           2026-05-25T10:57:13
/opt/airflow/dags/pipeline.py              672  0.00s             0           1  0.05s           2026-05-25T10:56:46
================================================================================
[2026-05-25T10:57:46.705+0000] {manager.py:893} INFO - 
================================================================================
DAG File Processing Stats

File Path                                  PID  Runtime      # DAGs    # Errors  Last Runtime    Last Run
---------------------------------------  -----  ---------  --------  ----------  --------------  -------------------
/opt/airflow/dags/data_lake_pipeline.py                           0           1  0.06s           2026-05-25T10:57:43
/opt/airflow/dags/pipeline.py              682  0.00s             0           1  0.04s           2026-05-25T10:57:16
================================================================================
[2026-05-25T10:58:17.038+0000] {manager.py:893} INFO - 
================================================================================
DAG File Processing Stats

File Path                                  PID  Runtime      # DAGs    # Errors  Last Runtime    Last Run
---------------------------------------  -----  ---------  --------  ----------  --------------  -------------------
/opt/airflow/dags/data_lake_pipeline.py                           0           1  0.06s           2026-05-25T10:58:14
/opt/airflow/dags/pipeline.py              692  0.01s             0           1  0.05s           2026-05-25T10:57:46
================================================================================
[2026-05-25T10:58:47.335+0000] {manager.py:893} INFO - 
================================================================================
DAG File Processing Stats

File Path                                  PID  Runtime      # DAGs    # Errors  Last Runtime    Last Run
---------------------------------------  -----  ---------  --------  ----------  --------------  -------------------
/opt/airflow/dags/data_lake_pipeline.py                           0           1  0.07s           2026-05-25T10:58:44
/opt/airflow/dags/pipeline.py              702  0.00s             0           1  0.06s           2026-05-25T10:58:17
================================================================================
[2026-05-25T10:59:17.661+0000] {manager.py:893} INFO - 
================================================================================
DAG File Processing Stats

File Path                                  PID  Runtime      # DAGs    # Errors  Last Runtime    Last Run
---------------------------------------  -----  ---------  --------  ----------  --------------  -------------------
/opt/airflow/dags/data_lake_pipeline.py                           0           1  0.05s           2026-05-25T10:59:14
/opt/airflow/dags/pipeline.py              712  0.00s             0           1  0.05s           2026-05-25T10:58:47
================================================================================
[2026-05-25T10:59:47.938+0000] {manager.py:893} INFO - 
================================================================================
DAG File Processing Stats

File Path                                  PID  Runtime      # DAGs    # Errors  Last Runtime    Last Run
---------------------------------------  -----  ---------  --------  ----------  --------------  -------------------
/opt/airflow/dags/data_lake_pipeline.py                           0           1  0.06s           2026-05-25T10:59:36
/opt/airflow/dags/pipeline.py              722  0.01s             0           1  0.04s           2026-05-25T10:59:17
================================================================================
[2026-05-25T11:00:18.243+0000] {manager.py:893} INFO - 
================================================================================
DAG File Processing Stats

File Path                                  PID  Runtime      # DAGs    # Errors  Last Runtime    Last Run
---------------------------------------  -----  ---------  --------  ----------  --------------  -------------------
/opt/airflow/dags/data_lake_pipeline.py                           0           1  0.05s           2026-05-25T11:00:07
/opt/airflow/dags/pipeline.py              732  0.02s             0           1  0.06s           2026-05-25T10:59:47
================================================================================
[2026-05-25T11:00:48.615+0000] {manager.py:893} INFO - 
================================================================================
DAG File Processing Stats

File Path                                  PID  Runtime      # DAGs    # Errors  Last Runtime    Last Run
---------------------------------------  -----  ---------  --------  ----------  --------------  -------------------
/opt/airflow/dags/data_lake_pipeline.py                           0           1  0.05s           2026-05-25T11:00:37
/opt/airflow/dags/pipeline.py              742  0.01s             0           1  0.11s           2026-05-25T11:00:18
================================================================================
[2026-05-25T11:01:00.733+0000] {manager.py:759} INFO - Searching for files in /opt/airflow/dags
[2026-05-25T11:01:00.743+0000] {manager.py:762} INFO - There are 2 files in /opt/airflow/dags
[2026-05-25T11:01:18.954+0000] {manager.py:893} INFO - 
================================================================================
DAG File Processing Stats

File Path                                  PID  Runtime      # DAGs    # Errors  Last Runtime    Last Run
---------------------------------------  -----  ---------  --------  ----------  --------------  -------------------
/opt/airflow/dags/data_lake_pipeline.py                           0           1  0.11s           2026-05-25T11:01:07
/opt/airflow/dags/pipeline.py              752  0.00s             0           1  0.07s           2026-05-25T11:00:48
================================================================================
[2026-05-25T11:01:49.222+0000] {manager.py:893} INFO - 
================================================================================
DAG File Processing Stats

File Path                                  PID  Runtime      # DAGs    # Errors  Last Runtime    Last Run
---------------------------------------  -----  ---------  --------  ----------  --------------  -------------------
/opt/airflow/dags/data_lake_pipeline.py                           0           1  0.04s           2026-05-25T11:01:38
/opt/airflow/dags/pipeline.py              762  0.00s             0           1  0.05s           2026-05-25T11:01:18
================================================================================
[2026-05-25T11:02:19.551+0000] {manager.py:893} INFO - 
================================================================================
DAG File Processing Stats

File Path                                  PID  Runtime      # DAGs    # Errors  Last Runtime    Last Run
---------------------------------------  -----  ---------  --------  ----------  --------------  -------------------
/opt/airflow/dags/data_lake_pipeline.py                           0           1  0.05s           2026-05-25T11:02:08
/opt/airflow/dags/pipeline.py              772  0.02s             0           1  0.04s           2026-05-25T11:01:49
================================================================================
[2026-05-25T11:02:49.888+0000] {manager.py:893} INFO - 
================================================================================
DAG File Processing Stats

File Path                                  PID  Runtime      # DAGs    # Errors  Last Runtime    Last Run
---------------------------------------  -----  ---------  --------  ----------  --------------  -------------------
/opt/airflow/dags/data_lake_pipeline.py                           0           1  0.08s           2026-05-25T11:02:38
/opt/airflow/dags/pipeline.py              782  0.02s             0           1  0.09s           2026-05-25T11:02:19
================================================================================
[2026-05-25T11:03:20.176+0000] {manager.py:893} INFO - 
================================================================================
DAG File Processing Stats

File Path                                  PID  Runtime      # DAGs    # Errors  Last Runtime    Last Run
---------------------------------------  -----  ---------  --------  ----------  --------------  -------------------
/opt/airflow/dags/data_lake_pipeline.py                           0           1  0.07s           2026-05-25T11:03:09
/opt/airflow/dags/pipeline.py              792  0.00s             0           1  0.08s           2026-05-25T11:02:49
================================================================================
[2026-05-25T11:03:50.481+0000] {manager.py:893} INFO - 
================================================================================
DAG File Processing Stats

File Path                                  PID  Runtime      # DAGs    # Errors  Last Runtime    Last Run
---------------------------------------  -----  ---------  --------  ----------  --------------  -------------------
/opt/airflow/dags/data_lake_pipeline.py                           0           1  0.07s           2026-05-25T11:03:39
/opt/airflow/dags/pipeline.py              802  0.01s             0           1  0.05s           2026-05-25T11:03:20
================================================================================
[2026-05-25T11:04:20.753+0000] {manager.py:893} INFO - 
================================================================================
DAG File Processing Stats

File Path                                  PID  Runtime      # DAGs    # Errors  Last Runtime    Last Run
---------------------------------------  -----  ---------  --------  ----------  --------------  -------------------
/opt/airflow/dags/data_lake_pipeline.py                           0           1  0.05s           2026-05-25T11:04:09
/opt/airflow/dags/pipeline.py              812  0.01s             0           1  0.06s           2026-05-25T11:03:50
================================================================================
[2026-05-25T11:04:51.088+0000] {manager.py:893} INFO - 
================================================================================
DAG File Processing Stats

File Path                                  PID  Runtime      # DAGs    # Errors  Last Runtime    Last Run
---------------------------------------  -----  ---------  --------  ----------  --------------  -------------------
/opt/airflow/dags/data_lake_pipeline.py                           0           1  0.07s           2026-05-25T11:04:39
/opt/airflow/dags/pipeline.py              822  0.01s             0           1  0.05s           2026-05-25T11:04:20
================================================================================
[2026-05-25T11:05:21.408+0000] {manager.py:893} INFO - 
================================================================================
DAG File Processing Stats

File Path                                  PID  Runtime      # DAGs    # Errors  Last Runtime    Last Run
---------------------------------------  -----  ---------  --------  ----------  --------------  -------------------
/opt/airflow/dags/data_lake_pipeline.py                           0           1  0.08s           2026-05-25T11:05:10
/opt/airflow/dags/pipeline.py              832  0.01s             0           1  0.06s           2026-05-25T11:04:51
================================================================================
[2026-05-25T11:05:51.679+0000] {manager.py:893} INFO - 
================================================================================
DAG File Processing Stats

File Path                                  PID  Runtime      # DAGs    # Errors  Last Runtime    Last Run
---------------------------------------  -----  ---------  --------  ----------  --------------  -------------------
/opt/airflow/dags/data_lake_pipeline.py                           0           1  0.07s           2026-05-25T11:05:40
/opt/airflow/dags/pipeline.py              842  0.01s             0           1  0.07s           2026-05-25T11:05:21
================================================================================
[2026-05-25T11:06:00.781+0000] {manager.py:759} INFO - Searching for files in /opt/airflow/dags
[2026-05-25T11:06:00.790+0000] {manager.py:762} INFO - There are 2 files in /opt/airflow/dags
[2026-05-25T11:06:22.003+0000] {manager.py:893} INFO - 
================================================================================
DAG File Processing Stats

File Path                                  PID  Runtime      # DAGs    # Errors  Last Runtime    Last Run
---------------------------------------  -----  ---------  --------  ----------  --------------  -------------------
/opt/airflow/dags/data_lake_pipeline.py                           0           1  0.07s           2026-05-25T11:06:10
/opt/airflow/dags/pipeline.py              852  0.00s             0           1  0.06s           2026-05-25T11:05:51
================================================================================
[2026-05-25T11:06:52.272+0000] {manager.py:893} INFO - 
================================================================================
DAG File Processing Stats

File Path                                  PID  Runtime      # DAGs    # Errors  Last Runtime    Last Run
---------------------------------------  -----  ---------  --------  ----------  --------------  -------------------
/opt/airflow/dags/data_lake_pipeline.py                           0           1  0.05s           2026-05-25T11:06:41
/opt/airflow/dags/pipeline.py              862  0.01s             0           1  0.05s           2026-05-25T11:06:22
================================================================================
[2026-05-25T11:07:22.554+0000] {manager.py:893} INFO - 
================================================================================
DAG File Processing Stats

File Path                                  PID  Runtime      # DAGs    # Errors  Last Runtime    Last Run
---------------------------------------  -----  ---------  --------  ----------  --------------  -------------------
/opt/airflow/dags/data_lake_pipeline.py                           0           1  0.06s           2026-05-25T11:07:11
/opt/airflow/dags/pipeline.py              872  0.00s             0           1  0.04s           2026-05-25T11:06:52
================================================================================
[2026-05-25T11:07:52.847+0000] {manager.py:893} INFO - 
================================================================================
DAG File Processing Stats

File Path                                  PID  Runtime      # DAGs    # Errors  Last Runtime    Last Run
---------------------------------------  -----  ---------  --------  ----------  --------------  -------------------
/opt/airflow/dags/data_lake_pipeline.py                           0           1  0.05s           2026-05-25T11:07:41
/opt/airflow/dags/pipeline.py              882  0.01s             0           1  0.04s           2026-05-25T11:07:22
================================================================================
[2026-05-25T11:08:23.112+0000] {manager.py:893} INFO - 
================================================================================
DAG File Processing Stats

File Path                                  PID  Runtime      # DAGs    # Errors  Last Runtime    Last Run
---------------------------------------  -----  ---------  --------  ----------  --------------  -------------------
/opt/airflow/dags/data_lake_pipeline.py                           0           1  0.06s           2026-05-25T11:08:12
/opt/airflow/dags/pipeline.py              892  0.00s             0           1  0.07s           2026-05-25T11:07:52
================================================================================
[2026-05-25T11:08:53.408+0000] {manager.py:893} INFO - 
================================================================================
DAG File Processing Stats

File Path                                  PID  Runtime      # DAGs    # Errors  Last Runtime    Last Run
---------------------------------------  -----  ---------  --------  ----------  --------------  -------------------
/opt/airflow/dags/data_lake_pipeline.py                           0           1  0.04s           2026-05-25T11:08:43
/opt/airflow/dags/pipeline.py              907  0.00s             0           1  0.04s           2026-05-25T11:08:23
================================================================================
[2026-05-25T11:09:23.700+0000] {manager.py:893} INFO - 
================================================================================
DAG File Processing Stats

File Path                                  PID  Runtime      # DAGs    # Errors  Last Runtime    Last Run
---------------------------------------  -----  ---------  --------  ----------  --------------  -------------------
/opt/airflow/dags/data_lake_pipeline.py                           0           1  0.04s           2026-05-25T11:09:13
/opt/airflow/dags/pipeline.py              917  0.01s             0           1  0.04s           2026-05-25T11:08:53
================================================================================
[2026-05-25T11:09:53.978+0000] {manager.py:893} INFO - 
================================================================================
DAG File Processing Stats

File Path                                  PID  Runtime      # DAGs    # Errors  Last Runtime    Last Run
---------------------------------------  -----  ---------  --------  ----------  --------------  -------------------
/opt/airflow/dags/data_lake_pipeline.py                           0           1  0.07s           2026-05-25T11:09:43
/opt/airflow/dags/pipeline.py              927  0.01s             0           1  0.07s           2026-05-25T11:09:23
================================================================================
[2026-05-25T11:10:24.291+0000] {manager.py:893} INFO - 
================================================================================
DAG File Processing Stats

File Path                                  PID  Runtime      # DAGs    # Errors  Last Runtime    Last Run
---------------------------------------  -----  ---------  --------  ----------  --------------  -------------------
/opt/airflow/dags/data_lake_pipeline.py                           0           1  0.07s           2026-05-25T11:10:14
/opt/airflow/dags/pipeline.py              937  0.01s             0           1  0.07s           2026-05-25T11:09:54
================================================================================
[2026-05-25T11:10:54.602+0000] {manager.py:893} INFO - 
================================================================================
DAG File Processing Stats

File Path                                  PID  Runtime      # DAGs    # Errors  Last Runtime    Last Run
---------------------------------------  -----  ---------  --------  ----------  --------------  -------------------
/opt/airflow/dags/data_lake_pipeline.py                           0           1  0.05s           2026-05-25T11:10:44
/opt/airflow/dags/pipeline.py              947  0.01s             0           1  0.05s           2026-05-25T11:10:24
================================================================================
[2026-05-25T11:11:01.670+0000] {manager.py:759} INFO - Searching for files in /opt/airflow/dags
[2026-05-25T11:11:01.677+0000] {manager.py:762} INFO - There are 2 files in /opt/airflow/dags
[2026-05-25T11:11:24.950+0000] {manager.py:893} INFO - 
================================================================================
DAG File Processing Stats

File Path                                  PID  Runtime      # DAGs    # Errors  Last Runtime    Last Run
---------------------------------------  -----  ---------  --------  ----------  --------------  -------------------
/opt/airflow/dags/data_lake_pipeline.py                           0           1  0.24s           2026-05-25T11:11:23
/opt/airflow/dags/pipeline.py              962  0.00s             0           1  0.07s           2026-05-25T11:10:54
================================================================================
[2026-05-25T11:11:55.299+0000] {manager.py:893} INFO - 
================================================================================
DAG File Processing Stats

File Path                                  PID  Runtime      # DAGs    # Errors  Last Runtime    Last Run
---------------------------------------  -----  ---------  --------  ----------  --------------  -------------------
/opt/airflow/dags/data_lake_pipeline.py                           0           1  0.22s           2026-05-25T11:11:53
/opt/airflow/dags/pipeline.py              972  0.00s             0           1  0.05s           2026-05-25T11:11:24
================================================================================
[2026-05-25T11:12:25.586+0000] {manager.py:893} INFO - 
================================================================================
DAG File Processing Stats

File Path                                  PID  Runtime      # DAGs    # Errors  Last Runtime    Last Run
---------------------------------------  -----  ---------  --------  ----------  --------------  -------------------
/opt/airflow/dags/data_lake_pipeline.py                           0           1  0.19s           2026-05-25T11:12:23
/opt/airflow/dags/pipeline.py              982  0.00s             0           1  0.05s           2026-05-25T11:11:55
================================================================================
[2026-05-25T11:12:55.867+0000] {manager.py:893} INFO - 
================================================================================
DAG File Processing Stats

File Path                                  PID  Runtime      # DAGs    # Errors  Last Runtime    Last Run
---------------------------------------  -----  ---------  --------  ----------  --------------  -------------------
/opt/airflow/dags/data_lake_pipeline.py                           0           1  0.12s           2026-05-25T11:12:53
/opt/airflow/dags/pipeline.py              992  0.00s             0           1  0.05s           2026-05-25T11:12:25
================================================================================
[2026-05-25T11:13:26.187+0000] {manager.py:893} INFO - 
================================================================================
DAG File Processing Stats

File Path                                  PID  Runtime      # DAGs    # Errors  Last Runtime    Last Run
---------------------------------------  -----  ---------  --------  ----------  --------------  -------------------
/opt/airflow/dags/data_lake_pipeline.py                           0           1  0.12s           2026-05-25T11:13:18
/opt/airflow/dags/pipeline.py             1007  0.00s             0           1  0.05s           2026-05-25T11:12:55
================================================================================
[2026-05-25T11:13:56.539+0000] {manager.py:893} INFO - 
================================================================================
DAG File Processing Stats

File Path                                  PID  Runtime      # DAGs    # Errors  Last Runtime    Last Run
---------------------------------------  -----  ---------  --------  ----------  --------------  -------------------
/opt/airflow/dags/data_lake_pipeline.py                           0           1  0.12s           2026-05-25T11:13:48
/opt/airflow/dags/pipeline.py             1017  0.00s             0           1  0.04s           2026-05-25T11:13:26
================================================================================
[2026-05-25T11:14:26.819+0000] {manager.py:893} INFO - 
================================================================================
DAG File Processing Stats

File Path                                  PID  Runtime      # DAGs    # Errors  Last Runtime    Last Run
---------------------------------------  -----  ---------  --------  ----------  --------------  -------------------
/opt/airflow/dags/data_lake_pipeline.py                           0           1  0.12s           2026-05-25T11:14:18
/opt/airflow/dags/pipeline.py             1027  0.00s             0           1  0.04s           2026-05-25T11:13:56
================================================================================
[2026-05-25T11:14:57.107+0000] {manager.py:893} INFO - 
================================================================================
DAG File Processing Stats

File Path                                  PID  Runtime      # DAGs    # Errors  Last Runtime    Last Run
---------------------------------------  -----  ---------  --------  ----------  --------------  -------------------
/opt/airflow/dags/data_lake_pipeline.py                           0           1  0.12s           2026-05-25T11:14:49
/opt/airflow/dags/pipeline.py             1037  0.01s             0           1  0.05s           2026-05-25T11:14:26
================================================================================
[2026-05-25T11:15:27.425+0000] {manager.py:893} INFO - 
================================================================================
DAG File Processing Stats

File Path                                  PID  Runtime      # DAGs    # Errors  Last Runtime    Last Run
---------------------------------------  -----  ---------  --------  ----------  --------------  -------------------
/opt/airflow/dags/data_lake_pipeline.py                           0           1  0.12s           2026-05-25T11:15:09
/opt/airflow/dags/pipeline.py             1047  0.01s             0           1  0.05s           2026-05-25T11:14:57
================================================================================
[2026-05-25T11:15:57.725+0000] {manager.py:893} INFO - 
================================================================================
DAG File Processing Stats

File Path                                  PID  Runtime      # DAGs    # Errors  Last Runtime    Last Run
---------------------------------------  -----  ---------  --------  ----------  --------------  -------------------
/opt/airflow/dags/data_lake_pipeline.py                           0           1  0.14s           2026-05-25T11:15:39
/opt/airflow/dags/pipeline.py             1057  0.01s             0           1  0.06s           2026-05-25T11:15:27
================================================================================
[2026-05-25T11:16:01.768+0000] {manager.py:759} INFO - Searching for files in /opt/airflow/dags
[2026-05-25T11:16:01.776+0000] {manager.py:762} INFO - There are 2 files in /opt/airflow/dags
[2026-05-25T11:16:28.032+0000] {manager.py:893} INFO - 
================================================================================
DAG File Processing Stats

File Path                                  PID  Runtime      # DAGs    # Errors  Last Runtime    Last Run
---------------------------------------  -----  ---------  --------  ----------  --------------  -------------------
/opt/airflow/dags/data_lake_pipeline.py                           0           1  0.14s           2026-05-25T11:16:09
/opt/airflow/dags/pipeline.py             1067  0.01s             0           1  0.08s           2026-05-25T11:15:57
================================================================================
[2026-05-25T11:16:58.375+0000] {manager.py:893} INFO - 
================================================================================
DAG File Processing Stats

File Path                                  PID  Runtime      # DAGs    # Errors  Last Runtime    Last Run
---------------------------------------  -----  ---------  --------  ----------  --------------  -------------------
/opt/airflow/dags/data_lake_pipeline.py                           0           1  0.13s           2026-05-25T11:16:40
/opt/airflow/dags/pipeline.py             1077  0.02s             0           1  0.05s           2026-05-25T11:16:28
================================================================================
[2026-05-25T11:17:28.690+0000] {manager.py:893} INFO - 
================================================================================
DAG File Processing Stats

File Path                                  PID  Runtime      # DAGs    # Errors  Last Runtime    Last Run
---------------------------------------  -----  ---------  --------  ----------  --------------  -------------------
/opt/airflow/dags/data_lake_pipeline.py                           0           1  0.14s           2026-05-25T11:17:10
/opt/airflow/dags/pipeline.py             1087  0.00s             0           1  0.11s           2026-05-25T11:16:58
================================================================================
[2026-05-25T11:17:58.993+0000] {manager.py:893} INFO - 
================================================================================
DAG File Processing Stats

File Path                                  PID  Runtime      # DAGs    # Errors  Last Runtime    Last Run
---------------------------------------  -----  ---------  --------  ----------  --------------  -------------------
/opt/airflow/dags/data_lake_pipeline.py                           0           1  0.11s           2026-05-25T11:17:40
/opt/airflow/dags/pipeline.py             1097  0.02s             0           1  0.05s           2026-05-25T11:17:28
================================================================================
[2026-05-25T11:18:29.324+0000] {manager.py:893} INFO - 
================================================================================
DAG File Processing Stats

File Path                                  PID  Runtime      # DAGs    # Errors  Last Runtime    Last Run
---------------------------------------  -----  ---------  --------  ----------  --------------  -------------------
/opt/airflow/dags/data_lake_pipeline.py                           0           1  0.13s           2026-05-25T11:18:11
/opt/airflow/dags/pipeline.py             1107  0.01s             0           1  0.09s           2026-05-25T11:17:59
================================================================================
[2026-05-25T11:18:59.620+0000] {manager.py:893} INFO - 
================================================================================
DAG File Processing Stats

File Path                                  PID  Runtime      # DAGs    # Errors  Last Runtime    Last Run
---------------------------------------  -----  ---------  --------  ----------  --------------  -------------------
/opt/airflow/dags/data_lake_pipeline.py                           0           1  0.14s           2026-05-25T11:18:41
/opt/airflow/dags/pipeline.py             1117  0.01s             0           1  0.08s           2026-05-25T11:18:29
================================================================================
[2026-05-25T11:19:29.984+0000] {manager.py:893} INFO - 
================================================================================
DAG File Processing Stats

File Path                                  PID  Runtime      # DAGs    # Errors  Last Runtime    Last Run
---------------------------------------  -----  ---------  --------  ----------  --------------  -------------------
/opt/airflow/dags/data_lake_pipeline.py                           0           1  0.15s           2026-05-25T11:19:11
/opt/airflow/dags/pipeline.py             1127  0.01s             0           1  0.08s           2026-05-25T11:18:59
================================================================================
[2026-05-25T11:20:00.252+0000] {manager.py:893} INFO - 
================================================================================
DAG File Processing Stats

File Path                                  PID  Runtime      # DAGs    # Errors  Last Runtime    Last Run
---------------------------------------  -----  ---------  --------  ----------  --------------  -------------------
/opt/airflow/dags/data_lake_pipeline.py                           0           1  0.12s           2026-05-25T11:19:42
/opt/airflow/dags/pipeline.py             1137  0.01s             0           1  0.08s           2026-05-25T11:19:30
================================================================================
[2026-05-25T11:20:30.563+0000] {manager.py:893} INFO - 
================================================================================
DAG File Processing Stats

File Path                                  PID  Runtime      # DAGs    # Errors  Last Runtime    Last Run
---------------------------------------  -----  ---------  --------  ----------  --------------  -------------------
/opt/airflow/dags/data_lake_pipeline.py                           0           1  0.23s           2026-05-25T11:20:12
/opt/airflow/dags/pipeline.py             1147  0.00s             0           1  0.06s           2026-05-25T11:20:00
================================================================================
[2026-05-25T11:21:00.852+0000] {manager.py:893} INFO - 
================================================================================
DAG File Processing Stats

File Path                                  PID  Runtime      # DAGs    # Errors  Last Runtime    Last Run
---------------------------------------  -----  ---------  --------  ----------  --------------  -------------------
/opt/airflow/dags/data_lake_pipeline.py                           0           1  0.13s           2026-05-25T11:20:42
/opt/airflow/dags/pipeline.py             1157  0.01s             0           1  0.05s           2026-05-25T11:20:30
================================================================================
[2026-05-25T11:21:01.914+0000] {manager.py:759} INFO - Searching for files in /opt/airflow/dags
[2026-05-25T11:21:01.921+0000] {manager.py:762} INFO - There are 2 files in /opt/airflow/dags
[2026-05-25T11:21:31.192+0000] {manager.py:893} INFO - 
================================================================================
DAG File Processing Stats

File Path                                  PID  Runtime      # DAGs    # Errors  Last Runtime    Last Run
---------------------------------------  -----  ---------  --------  ----------  --------------  -------------------
/opt/airflow/dags/data_lake_pipeline.py                           0           1  0.13s           2026-05-25T11:21:13
/opt/airflow/dags/pipeline.py             1167  0.01s             0           1  0.08s           2026-05-25T11:21:00
================================================================================
[2026-05-25T11:22:01.545+0000] {manager.py:893} INFO - 
================================================================================
DAG File Processing Stats

File Path                                  PID  Runtime      # DAGs    # Errors  Last Runtime    Last Run
---------------------------------------  -----  ---------  --------  ----------  --------------  -------------------
/opt/airflow/dags/data_lake_pipeline.py                           0           1  0.13s           2026-05-25T11:21:43
/opt/airflow/dags/pipeline.py             1177  0.01s             0           1  0.08s           2026-05-25T11:21:31
================================================================================
[2026-05-25T11:22:31.953+0000] {manager.py:893} INFO - 
================================================================================
DAG File Processing Stats

File Path                                  PID  Runtime      # DAGs    # Errors  Last Runtime    Last Run
---------------------------------------  -----  ---------  --------  ----------  --------------  -------------------
/opt/airflow/dags/data_lake_pipeline.py                           0           1  0.14s           2026-05-25T11:22:13
/opt/airflow/dags/pipeline.py             1187  0.08s             0           1  0.06s           2026-05-25T11:22:01
================================================================================
[2026-05-25T11:23:02.330+0000] {manager.py:893} INFO - 
================================================================================
DAG File Processing Stats

File Path                                  PID  Runtime      # DAGs    # Errors  Last Runtime    Last Run
---------------------------------------  -----  ---------  --------  ----------  --------------  -------------------
/opt/airflow/dags/data_lake_pipeline.py                           0           1  0.18s           2026-05-25T11:22:44
/opt/airflow/dags/pipeline.py             1197  0.01s             0           1  0.17s           2026-05-25T11:22:32
================================================================================
[2026-05-25T11:23:32.625+0000] {manager.py:893} INFO - 
================================================================================
DAG File Processing Stats

File Path                                  PID  Runtime      # DAGs    # Errors  Last Runtime    Last Run
---------------------------------------  -----  ---------  --------  ----------  --------------  -------------------
/opt/airflow/dags/data_lake_pipeline.py                           0           1  0.12s           2026-05-25T11:23:14
/opt/airflow/dags/pipeline.py             1207  0.00s             0           1  0.08s           2026-05-25T11:23:02
================================================================================
[2026-05-25T11:24:02.934+0000] {manager.py:893} INFO - 
================================================================================
DAG File Processing Stats

File Path                                  PID  Runtime      # DAGs    # Errors  Last Runtime    Last Run
---------------------------------------  -----  ---------  --------  ----------  --------------  -------------------
/opt/airflow/dags/data_lake_pipeline.py                           0           1  0.14s           2026-05-25T11:23:44
/opt/airflow/dags/pipeline.py             1217  0.01s             0           1  0.05s           2026-05-25T11:23:32
================================================================================
[2026-05-25T11:24:33.236+0000] {manager.py:893} INFO - 
================================================================================
DAG File Processing Stats

File Path                                  PID  Runtime      # DAGs    # Errors  Last Runtime    Last Run
---------------------------------------  -----  ---------  --------  ----------  --------------  -------------------
/opt/airflow/dags/data_lake_pipeline.py                           0           1  0.13s           2026-05-25T11:24:15
/opt/airflow/dags/pipeline.py             1227  0.01s             0           1  0.06s           2026-05-25T11:24:02
================================================================================
[2026-05-25T11:25:03.550+0000] {manager.py:893} INFO - 
================================================================================
DAG File Processing Stats

File Path                                  PID  Runtime      # DAGs    # Errors  Last Runtime    Last Run
---------------------------------------  -----  ---------  --------  ----------  --------------  -------------------
/opt/airflow/dags/data_lake_pipeline.py                           0           1  0.14s           2026-05-25T11:24:45
/opt/airflow/dags/pipeline.py             1237  0.02s             0           1  0.06s           2026-05-25T11:24:33
================================================================================
[2026-05-25T11:25:33.833+0000] {manager.py:893} INFO - 
================================================================================
DAG File Processing Stats

File Path                                  PID  Runtime      # DAGs    # Errors  Last Runtime    Last Run
---------------------------------------  -----  ---------  --------  ----------  --------------  -------------------
/opt/airflow/dags/data_lake_pipeline.py                           0           1  0.14s           2026-05-25T11:25:15
/opt/airflow/dags/pipeline.py             1247  0.01s             0           1  0.07s           2026-05-25T11:25:03
================================================================================
[2026-05-25T11:26:02.085+0000] {manager.py:759} INFO - Searching for files in /opt/airflow/dags
[2026-05-25T11:26:02.095+0000] {manager.py:762} INFO - There are 2 files in /opt/airflow/dags
[2026-05-25T11:26:04.132+0000] {manager.py:893} INFO - 
================================================================================
DAG File Processing Stats

File Path                                  PID  Runtime      # DAGs    # Errors  Last Runtime    Last Run
---------------------------------------  -----  ---------  --------  ----------  --------------  -------------------
/opt/airflow/dags/data_lake_pipeline.py                           0           1  0.13s           2026-05-25T11:25:46
/opt/airflow/dags/pipeline.py             1257  0.01s             0           1  0.06s           2026-05-25T11:25:33
================================================================================
[2026-05-25T11:26:34.404+0000] {manager.py:893} INFO - 
================================================================================
DAG File Processing Stats

File Path                                  PID  Runtime      # DAGs    # Errors  Last Runtime    Last Run
---------------------------------------  -----  ---------  --------  ----------  --------------  -------------------
/opt/airflow/dags/data_lake_pipeline.py                           0           1  0.11s           2026-05-25T11:26:16
/opt/airflow/dags/pipeline.py             1267  0.00s             0           1  0.04s           2026-05-25T11:26:04
================================================================================
[2026-05-25T11:27:04.641+0000] {manager.py:893} INFO - 
================================================================================
DAG File Processing Stats

File Path                                  PID  Runtime      # DAGs    # Errors  Last Runtime    Last Run
---------------------------------------  -----  ---------  --------  ----------  --------------  -------------------
/opt/airflow/dags/data_lake_pipeline.py                           0           1  0.12s           2026-05-25T11:26:46
/opt/airflow/dags/pipeline.py             1277  0.01s             0           1  0.05s           2026-05-25T11:26:34
================================================================================
[2026-05-25T11:27:34.872+0000] {manager.py:893} INFO - 
================================================================================
DAG File Processing Stats

File Path                                  PID  Runtime      # DAGs    # Errors  Last Runtime    Last Run
---------------------------------------  -----  ---------  --------  ----------  --------------  -------------------
/opt/airflow/dags/data_lake_pipeline.py                           0           1  0.16s           2026-05-25T11:27:16
/opt/airflow/dags/pipeline.py             1287  0.00s             0           1  0.05s           2026-05-25T11:27:04
================================================================================
[2026-05-25T11:28:05.132+0000] {manager.py:893} INFO - 
================================================================================
DAG File Processing Stats

File Path                                  PID  Runtime      # DAGs    # Errors  Last Runtime    Last Run
---------------------------------------  -----  ---------  --------  ----------  --------------  -------------------
/opt/airflow/dags/data_lake_pipeline.py                           0           1  0.15s           2026-05-25T11:27:47
/opt/airflow/dags/pipeline.py             1297  0.01s             0           1  0.04s           2026-05-25T11:27:34
================================================================================
[2026-05-25T11:28:35.417+0000] {manager.py:893} INFO - 
================================================================================
DAG File Processing Stats

File Path                                  PID  Runtime      # DAGs    # Errors  Last Runtime    Last Run
---------------------------------------  -----  ---------  --------  ----------  --------------  -------------------
/opt/airflow/dags/data_lake_pipeline.py                           0           1  0.11s           2026-05-25T11:28:17
/opt/airflow/dags/pipeline.py             1307  0.01s             0           1  0.07s           2026-05-25T11:28:05
================================================================================
[2026-05-25T11:29:05.720+0000] {manager.py:893} INFO - 
================================================================================
DAG File Processing Stats

File Path                                  PID  Runtime      # DAGs    # Errors  Last Runtime    Last Run
---------------------------------------  -----  ---------  --------  ----------  --------------  -------------------
/opt/airflow/dags/data_lake_pipeline.py                           0           1  0.13s           2026-05-25T11:28:47
/opt/airflow/dags/pipeline.py             1317  0.00s             0           1  0.06s           2026-05-25T11:28:35
================================================================================
[2026-05-25T11:29:36.000+0000] {manager.py:893} INFO - 
================================================================================
DAG File Processing Stats

File Path                                  PID  Runtime      # DAGs    # Errors  Last Runtime    Last Run
---------------------------------------  -----  ---------  --------  ----------  --------------  -------------------
/opt/airflow/dags/data_lake_pipeline.py                           0           1  0.11s           2026-05-25T11:29:17
/opt/airflow/dags/pipeline.py             1327  0.01s             0           1  0.03s           2026-05-25T11:29:05
================================================================================
[2026-05-25T11:30:06.296+0000] {manager.py:893} INFO - 
================================================================================
DAG File Processing Stats

File Path                                  PID  Runtime      # DAGs    # Errors  Last Runtime    Last Run
---------------------------------------  -----  ---------  --------  ----------  --------------  -------------------
/opt/airflow/dags/data_lake_pipeline.py                           0           1  0.10s           2026-05-25T11:29:48
/opt/airflow/dags/pipeline.py             1337  0.00s             0           1  0.05s           2026-05-25T11:29:36
================================================================================
[2026-05-25T11:30:36.604+0000] {manager.py:893} INFO - 
================================================================================
DAG File Processing Stats

File Path                                  PID  Runtime      # DAGs    # Errors  Last Runtime    Last Run
---------------------------------------  -----  ---------  --------  ----------  --------------  -------------------
/opt/airflow/dags/data_lake_pipeline.py                           0           1  0.11s           2026-05-25T11:30:18
/opt/airflow/dags/pipeline.py             1347  0.01s             0           1  0.04s           2026-05-25T11:30:06
================================================================================
[2026-05-25T11:31:02.899+0000] {manager.py:759} INFO - Searching for files in /opt/airflow/dags
[2026-05-25T11:31:02.907+0000] {manager.py:762} INFO - There are 2 files in /opt/airflow/dags
[2026-05-25T11:31:06.967+0000] {manager.py:893} INFO - 
================================================================================
DAG File Processing Stats

File Path                                  PID  Runtime      # DAGs    # Errors  Last Runtime    Last Run
---------------------------------------  -----  ---------  --------  ----------  --------------  -------------------
/opt/airflow/dags/data_lake_pipeline.py                           0           1  0.12s           2026-05-25T11:30:48
/opt/airflow/dags/pipeline.py             1357  0.01s             0           1  0.08s           2026-05-25T11:30:36
================================================================================
[2026-05-25T11:31:37.251+0000] {manager.py:893} INFO - 
================================================================================
DAG File Processing Stats

File Path                                  PID  Runtime      # DAGs    # Errors  Last Runtime    Last Run
---------------------------------------  -----  ---------  --------  ----------  --------------  -------------------
/opt/airflow/dags/data_lake_pipeline.py                           0           1  0.11s           2026-05-25T11:31:19
/opt/airflow/dags/pipeline.py             1367  0.00s             0           1  0.06s           2026-05-25T11:31:07
================================================================================
[2026-05-25T11:32:07.568+0000] {manager.py:893} INFO - 
================================================================================
DAG File Processing Stats

File Path                                  PID  Runtime      # DAGs    # Errors  Last Runtime    Last Run
---------------------------------------  -----  ---------  --------  ----------  --------------  -------------------
/opt/airflow/dags/data_lake_pipeline.py                           0           1  0.11s           2026-05-25T11:31:49
/opt/airflow/dags/pipeline.py             1377  0.00s             0           1  0.05s           2026-05-25T11:31:37
================================================================================
[2026-05-25T11:32:37.905+0000] {manager.py:893} INFO - 
================================================================================
DAG File Processing Stats

File Path                                  PID  Runtime      # DAGs    # Errors  Last Runtime    Last Run
---------------------------------------  -----  ---------  --------  ----------  --------------  -------------------
/opt/airflow/dags/data_lake_pipeline.py                           0           1  0.11s           2026-05-25T11:32:19
/opt/airflow/dags/pipeline.py             1387  0.00s             0           1  0.05s           2026-05-25T11:32:07
================================================================================
[2026-05-25T11:33:08.199+0000] {manager.py:893} INFO - 
================================================================================
DAG File Processing Stats

File Path                                  PID  Runtime      # DAGs    # Errors  Last Runtime    Last Run
---------------------------------------  -----  ---------  --------  ----------  --------------  -------------------
/opt/airflow/dags/data_lake_pipeline.py                           0           1  0.12s           2026-05-25T11:32:50
/opt/airflow/dags/pipeline.py             1397  0.00s             0           1  0.04s           2026-05-25T11:32:37
================================================================================
[2026-05-25T11:33:38.539+0000] {manager.py:893} INFO - 
================================================================================
DAG File Processing Stats

File Path                                  PID  Runtime      # DAGs    # Errors  Last Runtime    Last Run
---------------------------------------  -----  ---------  --------  ----------  --------------  -------------------
/opt/airflow/dags/data_lake_pipeline.py                           0           1  0.13s           2026-05-25T11:33:20
/opt/airflow/dags/pipeline.py             1407  0.00s             0           1  0.05s           2026-05-25T11:33:08
================================================================================
[2026-05-25T11:34:08.872+0000] {manager.py:893} INFO - 
================================================================================
DAG File Processing Stats

File Path                                  PID  Runtime      # DAGs    # Errors  Last Runtime    Last Run
---------------------------------------  -----  ---------  --------  ----------  --------------  -------------------
/opt/airflow/dags/data_lake_pipeline.py                           0           1  0.11s           2026-05-25T11:33:50
/opt/airflow/dags/pipeline.py             1417  0.00s             0           1  0.05s           2026-05-25T11:33:38
================================================================================
[2026-05-25T11:34:39.169+0000] {manager.py:893} INFO - 
================================================================================
DAG File Processing Stats

File Path                                  PID  Runtime      # DAGs    # Errors  Last Runtime    Last Run
---------------------------------------  -----  ---------  --------  ----------  --------------  -------------------
/opt/airflow/dags/data_lake_pipeline.py                           0           1  0.12s           2026-05-25T11:34:21
/opt/airflow/dags/pipeline.py             1427  0.01s             0           1  0.05s           2026-05-25T11:34:08
================================================================================
[2026-05-25T11:35:09.542+0000] {manager.py:893} INFO - 
================================================================================
DAG File Processing Stats

File Path                                  PID  Runtime      # DAGs    # Errors  Last Runtime    Last Run
---------------------------------------  -----  ---------  --------  ----------  --------------  -------------------
/opt/airflow/dags/data_lake_pipeline.py                           0           1  0.14s           2026-05-25T11:35:00
/opt/airflow/dags/pipeline.py             1442  0.00s             0           1  0.05s           2026-05-25T11:34:39
================================================================================
[2026-05-25T11:35:39.873+0000] {manager.py:893} INFO - 
================================================================================
DAG File Processing Stats

File Path                                  PID  Runtime      # DAGs    # Errors  Last Runtime    Last Run
---------------------------------------  -----  ---------  --------  ----------  --------------  -------------------
/opt/airflow/dags/data_lake_pipeline.py                           0           1  0.11s           2026-05-25T11:35:30
/opt/airflow/dags/pipeline.py             1452  0.00s             0           1  0.05s           2026-05-25T11:35:09
================================================================================
[2026-05-25T11:36:03.083+0000] {manager.py:759} INFO - Searching for files in /opt/airflow/dags
[2026-05-25T11:36:03.087+0000] {manager.py:762} INFO - There are 2 files in /opt/airflow/dags
[2026-05-25T11:36:10.155+0000] {manager.py:893} INFO - 
================================================================================
DAG File Processing Stats

File Path                                  PID  Runtime      # DAGs    # Errors  Last Runtime    Last Run
---------------------------------------  -----  ---------  --------  ----------  --------------  -------------------
/opt/airflow/dags/data_lake_pipeline.py                           0           1  0.11s           2026-05-25T11:36:01
/opt/airflow/dags/pipeline.py             1462  0.00s             0           1  0.03s           2026-05-25T11:35:39
================================================================================
[2026-05-25T11:36:40.457+0000] {manager.py:893} INFO - 
================================================================================
DAG File Processing Stats

File Path                                  PID  Runtime      # DAGs    # Errors  Last Runtime    Last Run
---------------------------------------  -----  ---------  --------  ----------  --------------  -------------------
/opt/airflow/dags/data_lake_pipeline.py                           0           1  0.11s           2026-05-25T11:36:31
/opt/airflow/dags/pipeline.py             1472  0.01s             0           1  0.05s           2026-05-25T11:36:10
================================================================================
[2026-05-25T11:37:10.764+0000] {manager.py:893} INFO - 
================================================================================
DAG File Processing Stats

File Path                                  PID  Runtime      # DAGs    # Errors  Last Runtime    Last Run
---------------------------------------  -----  ---------  --------  ----------  --------------  -------------------
/opt/airflow/dags/data_lake_pipeline.py                           0           1  0.13s           2026-05-25T11:37:01
/opt/airflow/dags/pipeline.py             1482  0.00s             0           1  0.06s           2026-05-25T11:36:40
================================================================================
[2026-05-25T11:37:41.076+0000] {manager.py:893} INFO - 
================================================================================
DAG File Processing Stats

File Path                                  PID  Runtime      # DAGs    # Errors  Last Runtime    Last Run
---------------------------------------  -----  ---------  --------  ----------  --------------  -------------------
/opt/airflow/dags/data_lake_pipeline.py                           0           1  0.11s           2026-05-25T11:37:32
/opt/airflow/dags/pipeline.py             1492  0.00s             0           1  0.06s           2026-05-25T11:37:10
================================================================================
[2026-05-25T11:38:11.351+0000] {manager.py:893} INFO - 
================================================================================
DAG File Processing Stats

File Path                                  PID  Runtime      # DAGs    # Errors  Last Runtime    Last Run
---------------------------------------  -----  ---------  --------  ----------  --------------  -------------------
/opt/airflow/dags/data_lake_pipeline.py                           0           1  0.14s           2026-05-25T11:37:46
/opt/airflow/dags/pipeline.py             1502  0.01s             0           1  0.05s           2026-05-25T11:37:41
================================================================================
[2026-05-25T11:38:41.621+0000] {manager.py:893} INFO - 
================================================================================
DAG File Processing Stats

File Path                                  PID  Runtime      # DAGs    # Errors  Last Runtime    Last Run
---------------------------------------  -----  ---------  --------  ----------  --------------  -------------------
/opt/airflow/dags/data_lake_pipeline.py                           0           1  0.05s           2026-05-25T11:38:20
/opt/airflow/dags/pipeline.py             1517  0.00s             0           1  0.05s           2026-05-25T11:38:11
================================================================================
[2026-05-25T11:39:11.933+0000] {manager.py:893} INFO - 
================================================================================
DAG File Processing Stats

File Path                                  PID  Runtime      # DAGs    # Errors  Last Runtime    Last Run
---------------------------------------  -----  ---------  --------  ----------  --------------  -------------------
/opt/airflow/dags/data_lake_pipeline.py                           0           1  0.03s           2026-05-25T11:38:50
/opt/airflow/dags/pipeline.py             1527  0.01s             0           1  0.04s           2026-05-25T11:38:41
================================================================================
[2026-05-25T11:39:42.242+0000] {manager.py:893} INFO - 
================================================================================
DAG File Processing Stats

File Path                                  PID  Runtime      # DAGs    # Errors  Last Runtime    Last Run
---------------------------------------  -----  ---------  --------  ----------  --------------  -------------------
/opt/airflow/dags/data_lake_pipeline.py                           0           1  0.04s           2026-05-25T11:39:21
/opt/airflow/dags/pipeline.py             1537  0.00s             0           1  0.08s           2026-05-25T11:39:11
================================================================================
[2026-05-25T11:40:12.550+0000] {manager.py:893} INFO - 
================================================================================
DAG File Processing Stats

File Path                                  PID  Runtime      # DAGs    # Errors  Last Runtime    Last Run
---------------------------------------  -----  ---------  --------  ----------  --------------  -------------------
/opt/airflow/dags/data_lake_pipeline.py                           0           1  0.04s           2026-05-25T11:39:51
/opt/airflow/dags/pipeline.py             1547  0.00s             0           1  0.04s           2026-05-25T11:39:42
================================================================================
[2026-05-25T11:40:42.856+0000] {manager.py:893} INFO - 
================================================================================
DAG File Processing Stats

File Path                                  PID  Runtime      # DAGs    # Errors  Last Runtime    Last Run
---------------------------------------  -----  ---------  --------  ----------  --------------  -------------------
/opt/airflow/dags/data_lake_pipeline.py                           0           1  0.05s           2026-05-25T11:40:21
/opt/airflow/dags/pipeline.py             1557  0.00s             0           1  0.05s           2026-05-25T11:40:12
================================================================================
[2026-05-25T11:41:04.063+0000] {manager.py:759} INFO - Searching for files in /opt/airflow/dags
[2026-05-25T11:41:04.077+0000] {manager.py:762} INFO - There are 2 files in /opt/airflow/dags
[2026-05-25T11:41:13.180+0000] {manager.py:893} INFO - 
================================================================================
DAG File Processing Stats

File Path                                  PID  Runtime      # DAGs    # Errors  Last Runtime    Last Run
---------------------------------------  -----  ---------  --------  ----------  --------------  -------------------
/opt/airflow/dags/data_lake_pipeline.py                           0           1  0.04s           2026-05-25T11:40:51
/opt/airflow/dags/pipeline.py             1567  0.01s             0           1  0.05s           2026-05-25T11:40:42
================================================================================
[2026-05-25T11:41:43.530+0000] {manager.py:893} INFO - 
================================================================================
DAG File Processing Stats

File Path                                  PID  Runtime      # DAGs    # Errors  Last Runtime    Last Run
---------------------------------------  -----  ---------  --------  ----------  --------------  -------------------
/opt/airflow/dags/data_lake_pipeline.py                           0           1  0.12s           2026-05-25T11:41:20
/opt/airflow/dags/pipeline.py             1577  0.00s             0           1  0.08s           2026-05-25T11:41:13
================================================================================
[2026-05-25T11:42:13.878+0000] {manager.py:893} INFO - 
================================================================================
DAG File Processing Stats

File Path                                  PID  Runtime      # DAGs    # Errors  Last Runtime    Last Run
---------------------------------------  -----  ---------  --------  ----------  --------------  -------------------
/opt/airflow/dags/data_lake_pipeline.py                           0           1  0.11s           2026-05-25T11:41:50
/opt/airflow/dags/pipeline.py             1587  0.00s             0           1  0.05s           2026-05-25T11:41:43
================================================================================
[2026-05-25T11:42:44.206+0000] {manager.py:893} INFO - 
================================================================================
DAG File Processing Stats

File Path                                  PID  Runtime      # DAGs    # Errors  Last Runtime    Last Run
---------------------------------------  -----  ---------  --------  ----------  --------------  -------------------
/opt/airflow/dags/data_lake_pipeline.py                           0           1  0.11s           2026-05-25T11:42:21
/opt/airflow/dags/pipeline.py             1597  0.01s             0           1  0.05s           2026-05-25T11:42:13
================================================================================
[2026-05-25T11:43:14.542+0000] {manager.py:893} INFO - 
================================================================================
DAG File Processing Stats

File Path                                  PID  Runtime      # DAGs    # Errors  Last Runtime    Last Run
---------------------------------------  -----  ---------  --------  ----------  --------------  -------------------
/opt/airflow/dags/data_lake_pipeline.py                           0           1  0.12s           2026-05-25T11:42:51
/opt/airflow/dags/pipeline.py             1607  0.01s             0           1  0.05s           2026-05-25T11:42:44
================================================================================
[2026-05-25T11:43:44.994+0000] {manager.py:893} INFO - 
================================================================================
DAG File Processing Stats

File Path                                  PID  Runtime      # DAGs    # Errors  Last Runtime    Last Run
---------------------------------------  -----  ---------  --------  ----------  --------------  -------------------
/opt/airflow/dags/data_lake_pipeline.py                           0           1  0.12s           2026-05-25T11:43:35
/opt/airflow/dags/pipeline.py             1622  0.00s             0           1  0.06s           2026-05-25T11:43:14
================================================================================
[2026-05-25T11:44:15.334+0000] {manager.py:893} INFO - 
================================================================================
DAG File Processing Stats

File Path                                  PID  Runtime      # DAGs    # Errors  Last Runtime    Last Run
---------------------------------------  -----  ---------  --------  ----------  --------------  -------------------
/opt/airflow/dags/data_lake_pipeline.py                           0           1  0.12s           2026-05-25T11:44:06
/opt/airflow/dags/pipeline.py             1632  0.01s             0           1  0.05s           2026-05-25T11:43:45
================================================================================
[2026-05-25T11:44:45.647+0000] {manager.py:893} INFO - 
================================================================================
DAG File Processing Stats

File Path                                  PID  Runtime      # DAGs    # Errors  Last Runtime    Last Run
---------------------------------------  -----  ---------  --------  ----------  --------------  -------------------
/opt/airflow/dags/data_lake_pipeline.py                           0           1  0.16s           2026-05-25T11:44:36
/opt/airflow/dags/pipeline.py             1642  0.01s             0           1  0.05s           2026-05-25T11:44:15
================================================================================
[2026-05-25T11:45:15.949+0000] {manager.py:893} INFO - 
================================================================================
DAG File Processing Stats

File Path                                  PID  Runtime      # DAGs    # Errors  Last Runtime    Last Run
---------------------------------------  -----  ---------  --------  ----------  --------------  -------------------
/opt/airflow/dags/data_lake_pipeline.py                           0           1  0.11s           2026-05-25T11:45:06
/opt/airflow/dags/pipeline.py             1652  0.00s             0           1  0.06s           2026-05-25T11:44:45
================================================================================
[2026-05-25T11:45:46.231+0000] {manager.py:893} INFO - 
================================================================================
DAG File Processing Stats

File Path                                  PID  Runtime      # DAGs    # Errors  Last Runtime    Last Run
---------------------------------------  -----  ---------  --------  ----------  --------------  -------------------
/opt/airflow/dags/data_lake_pipeline.py                           0           1  0.11s           2026-05-25T11:45:37
/opt/airflow/dags/pipeline.py             1662  0.00s             0           1  0.05s           2026-05-25T11:45:15
================================================================================
[2026-05-25T11:46:04.367+0000] {manager.py:759} INFO - Searching for files in /opt/airflow/dags
[2026-05-25T11:46:04.378+0000] {manager.py:762} INFO - There are 2 files in /opt/airflow/dags
[2026-05-25T11:46:16.522+0000] {manager.py:893} INFO - 
================================================================================
DAG File Processing Stats

File Path                                  PID  Runtime      # DAGs    # Errors  Last Runtime    Last Run
---------------------------------------  -----  ---------  --------  ----------  --------------  -------------------
/opt/airflow/dags/data_lake_pipeline.py                           0           1  0.13s           2026-05-25T11:46:07
/opt/airflow/dags/pipeline.py             1672  0.00s             0           1  0.05s           2026-05-25T11:45:46
================================================================================
[2026-05-25T11:46:46.807+0000] {manager.py:893} INFO - 
================================================================================
DAG File Processing Stats

File Path                                  PID  Runtime      # DAGs    # Errors  Last Runtime    Last Run
---------------------------------------  -----  ---------  --------  ----------  --------------  -------------------
/opt/airflow/dags/data_lake_pipeline.py                           0           1  0.11s           2026-05-25T11:46:37
/opt/airflow/dags/pipeline.py             1682  0.00s             0           1  0.03s           2026-05-25T11:46:16
================================================================================
[2026-05-25T11:47:17.090+0000] {manager.py:893} INFO - 
================================================================================
DAG File Processing Stats

File Path                                  PID  Runtime      # DAGs    # Errors  Last Runtime    Last Run
---------------------------------------  -----  ---------  --------  ----------  --------------  -------------------
/opt/airflow/dags/data_lake_pipeline.py                           0           1  0.11s           2026-05-25T11:47:08
/opt/airflow/dags/pipeline.py             1692  0.00s             0           1  0.05s           2026-05-25T11:46:46
================================================================================
[2026-05-25T11:47:47.351+0000] {manager.py:893} INFO - 
================================================================================
DAG File Processing Stats

File Path                                  PID  Runtime      # DAGs    # Errors  Last Runtime    Last Run
---------------------------------------  -----  ---------  --------  ----------  --------------  -------------------
/opt/airflow/dags/data_lake_pipeline.py                           0           1  0.12s           2026-05-25T11:47:38
/opt/airflow/dags/pipeline.py             1702  0.00s             0           1  0.05s           2026-05-25T11:47:17
================================================================================
[2026-05-25T11:48:17.621+0000] {manager.py:893} INFO - 
================================================================================
DAG File Processing Stats

File Path                                  PID  Runtime      # DAGs    # Errors  Last Runtime    Last Run
---------------------------------------  -----  ---------  --------  ----------  --------------  -------------------
/opt/airflow/dags/data_lake_pipeline.py                           0           1  0.11s           2026-05-25T11:48:08
/opt/airflow/dags/pipeline.py             1712  0.00s             0           1  0.05s           2026-05-25T11:47:47
================================================================================
[2026-05-25T11:48:47.913+0000] {manager.py:893} INFO - 
================================================================================
DAG File Processing Stats

File Path                                  PID  Runtime      # DAGs    # Errors  Last Runtime    Last Run
---------------------------------------  -----  ---------  --------  ----------  --------------  -------------------
/opt/airflow/dags/data_lake_pipeline.py                           0           1  0.11s           2026-05-25T11:48:38
/opt/airflow/dags/pipeline.py             1722  0.01s             0           1  0.05s           2026-05-25T11:48:17
================================================================================
[2026-05-25T11:49:18.209+0000] {manager.py:893} INFO - 
================================================================================
DAG File Processing Stats

File Path                                  PID  Runtime      # DAGs    # Errors  Last Runtime    Last Run
---------------------------------------  -----  ---------  --------  ----------  --------------  -------------------
/opt/airflow/dags/data_lake_pipeline.py                           0           1  0.14s           2026-05-25T11:49:09
/opt/airflow/dags/pipeline.py             1732  0.01s             0           1  0.06s           2026-05-25T11:48:47
================================================================================
[2026-05-25T11:49:48.475+0000] {manager.py:893} INFO - 
================================================================================
DAG File Processing Stats

File Path                                  PID  Runtime      # DAGs    # Errors  Last Runtime    Last Run
---------------------------------------  -----  ---------  --------  ----------  --------------  -------------------
/opt/airflow/dags/data_lake_pipeline.py                           0           1  0.12s           2026-05-25T11:49:39
/opt/airflow/dags/pipeline.py             1742  0.01s             0           1  0.05s           2026-05-25T11:49:18
================================================================================
[2026-05-25T11:50:18.725+0000] {manager.py:893} INFO - 
================================================================================
DAG File Processing Stats

File Path                                  PID  Runtime      # DAGs    # Errors  Last Runtime    Last Run
---------------------------------------  -----  ---------  --------  ----------  --------------  -------------------
/opt/airflow/dags/data_lake_pipeline.py                           0           1  0.11s           2026-05-25T11:50:09
/opt/airflow/dags/pipeline.py             1752  0.00s             0           1  0.06s           2026-05-25T11:49:48
================================================================================
[2026-05-25T11:50:49.120+0000] {manager.py:893} INFO - 
================================================================================
DAG File Processing Stats

File Path                                  PID  Runtime      # DAGs    # Errors  Last Runtime    Last Run
---------------------------------------  -----  ---------  --------  ----------  --------------  -------------------
/opt/airflow/dags/data_lake_pipeline.py                           0           1  0.15s           2026-05-25T11:50:40
/opt/airflow/dags/pipeline.py             1762  0.04s             0           1  0.04s           2026-05-25T11:50:18
================================================================================
[2026-05-25T11:51:05.305+0000] {manager.py:759} INFO - Searching for files in /opt/airflow/dags
[2026-05-25T11:51:05.314+0000] {manager.py:762} INFO - There are 2 files in /opt/airflow/dags
[2026-05-25T11:51:19.483+0000] {manager.py:893} INFO - 
================================================================================
DAG File Processing Stats

File Path                                  PID  Runtime      # DAGs    # Errors  Last Runtime    Last Run
---------------------------------------  -----  ---------  --------  ----------  --------------  -------------------
/opt/airflow/dags/data_lake_pipeline.py                           0           1  0.16s           2026-05-25T11:51:10
/opt/airflow/dags/pipeline.py             1772  0.00s             0           1  0.13s           2026-05-25T11:50:49
================================================================================
[2026-05-25T11:51:49.738+0000] {manager.py:893} INFO - 
================================================================================
DAG File Processing Stats

File Path                                  PID  Runtime      # DAGs    # Errors  Last Runtime    Last Run
---------------------------------------  -----  ---------  --------  ----------  --------------  -------------------
/opt/airflow/dags/data_lake_pipeline.py                           0           1  0.11s           2026-05-25T11:51:40
/opt/airflow/dags/pipeline.py             1782  0.00s             0           1  0.05s           2026-05-25T11:51:19
================================================================================
[2026-05-25T11:52:20.026+0000] {manager.py:893} INFO - 
================================================================================
DAG File Processing Stats

File Path                                  PID  Runtime      # DAGs    # Errors  Last Runtime    Last Run
---------------------------------------  -----  ---------  --------  ----------  --------------  -------------------
/opt/airflow/dags/data_lake_pipeline.py                           0           1  0.15s           2026-05-25T11:52:11
/opt/airflow/dags/pipeline.py             1792  0.00s             0           1  0.05s           2026-05-25T11:51:49
================================================================================
[2026-05-25T11:52:50.351+0000] {manager.py:893} INFO - 
================================================================================
DAG File Processing Stats

File Path                                  PID  Runtime      # DAGs    # Errors  Last Runtime    Last Run
---------------------------------------  -----  ---------  --------  ----------  --------------  -------------------
/opt/airflow/dags/data_lake_pipeline.py                           0           1  0.22s           2026-05-25T11:52:41
/opt/airflow/dags/pipeline.py             1802  0.00s             0           1  0.05s           2026-05-25T11:52:20
================================================================================
[2026-05-25T11:53:20.618+0000] {manager.py:893} INFO - 
================================================================================
DAG File Processing Stats

File Path                                  PID  Runtime      # DAGs    # Errors  Last Runtime    Last Run
---------------------------------------  -----  ---------  --------  ----------  --------------  -------------------
/opt/airflow/dags/data_lake_pipeline.py                           0           1  0.14s           2026-05-25T11:53:11
/opt/airflow/dags/pipeline.py             1812  0.00s             0           1  0.05s           2026-05-25T11:52:50
================================================================================
[2026-05-25T11:53:50.915+0000] {manager.py:893} INFO - 
================================================================================
DAG File Processing Stats

File Path                                  PID  Runtime      # DAGs    # Errors  Last Runtime    Last Run
---------------------------------------  -----  ---------  --------  ----------  --------------  -------------------
/opt/airflow/dags/data_lake_pipeline.py                           0           1  0.12s           2026-05-25T11:53:41
/opt/airflow/dags/pipeline.py             1822  0.01s             0           1  0.04s           2026-05-25T11:53:20
================================================================================
[2026-05-25T11:54:21.208+0000] {manager.py:893} INFO - 
================================================================================
DAG File Processing Stats

File Path                                  PID  Runtime      # DAGs    # Errors  Last Runtime    Last Run
---------------------------------------  -----  ---------  --------  ----------  --------------  -------------------
/opt/airflow/dags/data_lake_pipeline.py                           0           1  0.13s           2026-05-25T11:54:12
/opt/airflow/dags/pipeline.py             1832  0.00s             0           1  0.06s           2026-05-25T11:53:50
================================================================================
[2026-05-25T11:54:51.482+0000] {manager.py:893} INFO - 
================================================================================
DAG File Processing Stats

File Path                                  PID  Runtime      # DAGs    # Errors  Last Runtime    Last Run
---------------------------------------  -----  ---------  --------  ----------  --------------  -------------------
/opt/airflow/dags/data_lake_pipeline.py                           0           1  0.09s           2026-05-25T11:54:42
/opt/airflow/dags/pipeline.py             1842  0.00s             0           1  0.05s           2026-05-25T11:54:21
================================================================================
[2026-05-25T11:55:21.726+0000] {manager.py:893} INFO - 
================================================================================
DAG File Processing Stats

File Path                                  PID  Runtime      # DAGs    # Errors  Last Runtime    Last Run
---------------------------------------  -----  ---------  --------  ----------  --------------  -------------------
/opt/airflow/dags/data_lake_pipeline.py                           0           1  0.11s           2026-05-25T11:55:12
/opt/airflow/dags/pipeline.py             1852  0.00s             0           1  0.04s           2026-05-25T11:54:51
================================================================================
[2026-05-25T11:55:52.009+0000] {manager.py:893} INFO - 
================================================================================
DAG File Processing Stats

File Path                                  PID  Runtime      # DAGs    # Errors  Last Runtime    Last Run
---------------------------------------  -----  ---------  --------  ----------  --------------  -------------------
/opt/airflow/dags/data_lake_pipeline.py                           0           1  0.13s           2026-05-25T11:55:43
/opt/airflow/dags/pipeline.py             1862  0.00s             0           1  0.03s           2026-05-25T11:55:21
================================================================================
[2026-05-25T11:56:06.137+0000] {manager.py:759} INFO - Searching for files in /opt/airflow/dags
[2026-05-25T11:56:06.146+0000] {manager.py:762} INFO - There are 2 files in /opt/airflow/dags
[2026-05-25T11:56:22.324+0000] {manager.py:893} INFO - 
================================================================================
DAG File Processing Stats

File Path                                  PID  Runtime      # DAGs    # Errors  Last Runtime    Last Run
---------------------------------------  -----  ---------  --------  ----------  --------------  -------------------
/opt/airflow/dags/data_lake_pipeline.py                           0           1  0.11s           2026-05-25T11:56:13
/opt/airflow/dags/pipeline.py             1872  0.00s             0           1  0.04s           2026-05-25T11:55:52
================================================================================
[2026-05-25T11:56:52.611+0000] {manager.py:893} INFO - 
================================================================================
DAG File Processing Stats

File Path                                  PID  Runtime      # DAGs    # Errors  Last Runtime    Last Run
---------------------------------------  -----  ---------  --------  ----------  --------------  -------------------
/opt/airflow/dags/data_lake_pipeline.py                           0           1  0.13s           2026-05-25T11:56:43
/opt/airflow/dags/pipeline.py             1882  0.00s             0           1  0.04s           2026-05-25T11:56:22
================================================================================
[2026-05-25T11:57:22.930+0000] {manager.py:893} INFO - 
================================================================================
DAG File Processing Stats

File Path                                  PID  Runtime      # DAGs    # Errors  Last Runtime    Last Run
---------------------------------------  -----  ---------  --------  ----------  --------------  -------------------
/opt/airflow/dags/data_lake_pipeline.py                           0           1  0.11s           2026-05-25T11:57:13
/opt/airflow/dags/pipeline.py             1892  0.01s             0           1  0.05s           2026-05-25T11:56:52
================================================================================
[2026-05-25T11:57:31.009+0000] {manager.py:1145} WARNING - Skipping processing of missing file: /opt/airflow/dags/pipeline.py
[2026-05-25T11:57:53.207+0000] {manager.py:893} INFO - 
================================================================================
DAG File Processing Stats

File Path                                PID    Runtime      # DAGs    # Errors  Last Runtime    Last Run
---------------------------------------  -----  ---------  --------  ----------  --------------  -------------------
/opt/airflow/dags/data_lake_pipeline.py                           0           1  0.16s           2026-05-25T11:57:44
================================================================================
[2026-05-25T11:58:00.424+0000] {manager.py:469} INFO - Exiting gracefully upon receiving signal 15
[2026-05-25T11:58:37.764+0000] {manager.py:487} INFO - Processing files using up to 2 processes at a time 
[2026-05-25T11:58:37.768+0000] {manager.py:488} INFO - Process each file at most once every 30 seconds
[2026-05-25T11:58:37.768+0000] {manager.py:489} INFO - Checking for new files in /opt/airflow/dags every 300 seconds
[2026-05-25T11:58:37.768+0000] {manager.py:759} INFO - Searching for files in /opt/airflow/dags
[2026-05-25T11:58:37.771+0000] {manager.py:762} INFO - There are 1 files in /opt/airflow/dags
[2026-05-25T11:58:37.824+0000] {manager.py:893} INFO - 
================================================================================
DAG File Processing Stats

File Path                                  PID  Runtime      # DAGs    # Errors  Last Runtime    Last Run
---------------------------------------  -----  ---------  --------  ----------  --------------  ----------
/opt/airflow/dags/data_lake_pipeline.py    166  0.02s             0           0
================================================================================
[2026-05-25T11:59:08.006+0000] {manager.py:893} INFO - 
================================================================================
DAG File Processing Stats

File Path                                PID    Runtime      # DAGs    # Errors  Last Runtime    Last Run
---------------------------------------  -----  ---------  --------  ----------  --------------  -------------------
/opt/airflow/dags/data_lake_pipeline.py                           0           1  0.23s           2026-05-25T11:58:38
================================================================================
[2026-05-25T11:59:38.466+0000] {manager.py:893} INFO - 
================================================================================
DAG File Processing Stats

File Path                                  PID  Runtime      # DAGs    # Errors  Last Runtime    Last Run
---------------------------------------  -----  ---------  --------  ----------  --------------  -------------------
/opt/airflow/dags/data_lake_pipeline.py    176  0.01s             0           1  0.23s           2026-05-25T11:59:08
================================================================================
[2026-05-25T12:00:08.899+0000] {manager.py:893} INFO - 
================================================================================
DAG File Processing Stats

File Path                                  PID  Runtime      # DAGs    # Errors  Last Runtime    Last Run
---------------------------------------  -----  ---------  --------  ----------  --------------  -------------------
/opt/airflow/dags/data_lake_pipeline.py    181  0.01s             0           1  0.22s           2026-05-25T11:59:38
================================================================================
[2026-05-25T12:00:39.181+0000] {manager.py:893} INFO - 
================================================================================
DAG File Processing Stats

File Path                                  PID  Runtime      # DAGs    # Errors  Last Runtime    Last Run
---------------------------------------  -----  ---------  --------  ----------  --------------  -------------------
/opt/airflow/dags/data_lake_pipeline.py    186  0.01s             0           1  0.23s           2026-05-25T12:00:09
================================================================================
[2026-05-25T12:01:09.688+0000] {manager.py:893} INFO - 
================================================================================
DAG File Processing Stats

File Path                                  PID  Runtime      # DAGs    # Errors  Last Runtime    Last Run
---------------------------------------  -----  ---------  --------  ----------  --------------  -------------------
/opt/airflow/dags/data_lake_pipeline.py    191  0.00s             0           1  0.18s           2026-05-25T12:00:39
================================================================================
[2026-05-25T12:01:39.984+0000] {manager.py:893} INFO - 
================================================================================
DAG File Processing Stats

File Path                                  PID  Runtime      # DAGs    # Errors  Last Runtime    Last Run
---------------------------------------  -----  ---------  --------  ----------  --------------  -------------------
/opt/airflow/dags/data_lake_pipeline.py    196  0.01s             0           1  0.11s           2026-05-25T12:01:09
================================================================================
[2026-05-25T12:02:10.296+0000] {manager.py:893} INFO - 
================================================================================
DAG File Processing Stats

File Path                                  PID  Runtime      # DAGs    # Errors  Last Runtime    Last Run
---------------------------------------  -----  ---------  --------  ----------  --------------  -------------------
/opt/airflow/dags/data_lake_pipeline.py    201  0.01s             0           1  0.11s           2026-05-25T12:01:40
================================================================================
[2026-05-25T12:02:40.571+0000] {manager.py:893} INFO - 
================================================================================
DAG File Processing Stats

File Path                                  PID  Runtime      # DAGs    # Errors  Last Runtime    Last Run
---------------------------------------  -----  ---------  --------  ----------  --------------  -------------------
/opt/airflow/dags/data_lake_pipeline.py    206  0.02s             0           1  0.13s           2026-05-25T12:02:10
================================================================================
[2026-05-25T12:03:10.917+0000] {manager.py:893} INFO - 
================================================================================
DAG File Processing Stats

File Path                                  PID  Runtime      # DAGs    # Errors  Last Runtime    Last Run
---------------------------------------  -----  ---------  --------  ----------  --------------  -------------------
/opt/airflow/dags/data_lake_pipeline.py    211  0.01s             0           1  0.15s           2026-05-25T12:02:40
================================================================================
[2026-05-25T12:03:38.141+0000] {manager.py:759} INFO - Searching for files in /opt/airflow/dags
[2026-05-25T12:03:38.148+0000] {manager.py:762} INFO - There are 1 files in /opt/airflow/dags
[2026-05-25T12:03:41.205+0000] {manager.py:893} INFO - 
================================================================================
DAG File Processing Stats

File Path                                  PID  Runtime      # DAGs    # Errors  Last Runtime    Last Run
---------------------------------------  -----  ---------  --------  ----------  --------------  -------------------
/opt/airflow/dags/data_lake_pipeline.py    216  0.01s             0           1  0.12s           2026-05-25T12:03:11
================================================================================
[2026-05-25T12:04:11.521+0000] {manager.py:893} INFO - 
================================================================================
DAG File Processing Stats

File Path                                  PID  Runtime      # DAGs    # Errors  Last Runtime    Last Run
---------------------------------------  -----  ---------  --------  ----------  --------------  -------------------
/opt/airflow/dags/data_lake_pipeline.py    221  0.01s             0           1  0.12s           2026-05-25T12:03:41
================================================================================
[2026-05-25T12:04:41.738+0000] {manager.py:893} INFO - 
================================================================================
DAG File Processing Stats

File Path                                PID    Runtime      # DAGs    # Errors  Last Runtime    Last Run
---------------------------------------  -----  ---------  --------  ----------  --------------  -------------------
/opt/airflow/dags/data_lake_pipeline.py                           0           1  1.58s           2026-05-25T12:04:13
================================================================================
[2026-05-25T12:05:11.964+0000] {manager.py:893} INFO - 
================================================================================
DAG File Processing Stats

File Path                                PID    Runtime      # DAGs    # Errors  Last Runtime    Last Run
---------------------------------------  -----  ---------  --------  ----------  --------------  -------------------
/opt/airflow/dags/data_lake_pipeline.py                           0           1  0.70s           2026-05-25T12:04:44
================================================================================
[2026-05-25T12:05:42.111+0000] {manager.py:893} INFO - 
================================================================================
DAG File Processing Stats

File Path                                PID    Runtime      # DAGs    # Errors  Last Runtime    Last Run
---------------------------------------  -----  ---------  --------  ----------  --------------  -------------------
/opt/airflow/dags/data_lake_pipeline.py                           1           0  0.83s           2026-05-25T12:05:32
================================================================================
[2026-05-25T12:06:12.179+0000] {manager.py:893} INFO - 
================================================================================
DAG File Processing Stats

File Path                                PID    Runtime      # DAGs    # Errors  Last Runtime    Last Run
---------------------------------------  -----  ---------  --------  ----------  --------------  -------------------
/opt/airflow/dags/data_lake_pipeline.py                           1           0  0.83s           2026-05-25T12:06:03
================================================================================
[2026-05-25T12:06:42.691+0000] {manager.py:893} INFO - 
================================================================================
DAG File Processing Stats

File Path                                PID    Runtime      # DAGs    # Errors  Last Runtime    Last Run
---------------------------------------  -----  ---------  --------  ----------  --------------  -------------------
/opt/airflow/dags/data_lake_pipeline.py                           1           0  0.70s           2026-05-25T12:06:34
================================================================================
[2026-05-25T12:07:12.945+0000] {manager.py:893} INFO - 
================================================================================
DAG File Processing Stats

File Path                                PID    Runtime      # DAGs    # Errors  Last Runtime    Last Run
---------------------------------------  -----  ---------  --------  ----------  --------------  -------------------
/opt/airflow/dags/data_lake_pipeline.py                           1           0  0.60s           2026-05-25T12:07:04
================================================================================
[2026-05-25T12:07:43.206+0000] {manager.py:893} INFO - 
================================================================================
DAG File Processing Stats

File Path                                PID    Runtime      # DAGs    # Errors  Last Runtime    Last Run
---------------------------------------  -----  ---------  --------  ----------  --------------  -------------------
/opt/airflow/dags/data_lake_pipeline.py                           1           0  0.65s           2026-05-25T12:07:35
================================================================================
[2026-05-25T12:08:13.430+0000] {manager.py:893} INFO - 
================================================================================
DAG File Processing Stats

File Path                                PID    Runtime      # DAGs    # Errors  Last Runtime    Last Run
---------------------------------------  -----  ---------  --------  ----------  --------------  -------------------
/opt/airflow/dags/data_lake_pipeline.py                           1           0  0.73s           2026-05-25T12:08:06
================================================================================
[2026-05-25T12:08:38.617+0000] {manager.py:759} INFO - Searching for files in /opt/airflow/dags
[2026-05-25T12:08:38.624+0000] {manager.py:762} INFO - There are 1 files in /opt/airflow/dags
[2026-05-25T12:08:43.672+0000] {manager.py:893} INFO - 
================================================================================
DAG File Processing Stats

File Path                                PID    Runtime      # DAGs    # Errors  Last Runtime    Last Run
---------------------------------------  -----  ---------  --------  ----------  --------------  -------------------
/opt/airflow/dags/data_lake_pipeline.py                           1           0  0.68s           2026-05-25T12:08:37
================================================================================
[2026-05-25T12:09:13.683+0000] {manager.py:893} INFO - 
================================================================================
DAG File Processing Stats

File Path                                PID    Runtime      # DAGs    # Errors  Last Runtime    Last Run
---------------------------------------  -----  ---------  --------  ----------  --------------  -------------------
/opt/airflow/dags/data_lake_pipeline.py                           1           0  0.79s           2026-05-25T12:09:08
================================================================================
[2026-05-25T12:09:44.124+0000] {manager.py:893} INFO - 
================================================================================
DAG File Processing Stats

File Path                                PID    Runtime      # DAGs    # Errors  Last Runtime    Last Run
---------------------------------------  -----  ---------  --------  ----------  --------------  -------------------
/opt/airflow/dags/data_lake_pipeline.py                           1           0  0.60s           2026-05-25T12:09:39
================================================================================
[2026-05-25T12:10:14.341+0000] {manager.py:893} INFO - 
================================================================================
DAG File Processing Stats

File Path                                PID    Runtime      # DAGs    # Errors  Last Runtime    Last Run
---------------------------------------  -----  ---------  --------  ----------  --------------  -------------------
/opt/airflow/dags/data_lake_pipeline.py                           1           0  0.76s           2026-05-25T12:10:10
================================================================================
[2026-05-25T12:10:44.383+0000] {manager.py:893} INFO - 
================================================================================
DAG File Processing Stats

File Path                                PID    Runtime      # DAGs    # Errors  Last Runtime    Last Run
---------------------------------------  -----  ---------  --------  ----------  --------------  -------------------
/opt/airflow/dags/data_lake_pipeline.py                           1           0  0.80s           2026-05-25T12:10:41
================================================================================
[2026-05-25T12:11:14.388+0000] {manager.py:893} INFO - 
================================================================================
DAG File Processing Stats

File Path                                PID    Runtime      # DAGs    # Errors  Last Runtime    Last Run
---------------------------------------  -----  ---------  --------  ----------  --------------  -------------------
/opt/airflow/dags/data_lake_pipeline.py                           1           0  0.76s           2026-05-25T12:11:12
================================================================================
[2026-05-25T12:11:45.057+0000] {manager.py:893} INFO - 
================================================================================
DAG File Processing Stats

File Path                                PID    Runtime      # DAGs    # Errors  Last Runtime    Last Run
---------------------------------------  -----  ---------  --------  ----------  --------------  -------------------
/opt/airflow/dags/data_lake_pipeline.py                           1           0  0.68s           2026-05-25T12:11:43
================================================================================
[2026-05-25T12:12:15.269+0000] {manager.py:893} INFO - 
================================================================================
DAG File Processing Stats

File Path                                PID    Runtime      # DAGs    # Errors  Last Runtime    Last Run
---------------------------------------  -----  ---------  --------  ----------  --------------  -------------------
/opt/airflow/dags/data_lake_pipeline.py                           1           0  0.77s           2026-05-25T12:12:14
================================================================================
[2026-05-25T12:12:45.726+0000] {manager.py:893} INFO - 
================================================================================
DAG File Processing Stats

File Path                                PID    Runtime      # DAGs    # Errors  Last Runtime    Last Run
---------------------------------------  -----  ---------  --------  ----------  --------------  -------------------
/opt/airflow/dags/data_lake_pipeline.py                           1           0  0.59s           2026-05-25T12:12:45
================================================================================
[2026-05-25T12:13:15.953+0000] {manager.py:893} INFO - 
================================================================================
DAG File Processing Stats

File Path                                  PID  Runtime      # DAGs    # Errors  Last Runtime    Last Run
---------------------------------------  -----  ---------  --------  ----------  --------------  -------------------
/opt/airflow/dags/data_lake_pipeline.py    420  0.65s             1           0  0.59s           2026-05-25T12:12:45
================================================================================
[2026-05-25T12:13:39.141+0000] {manager.py:759} INFO - Searching for files in /opt/airflow/dags
[2026-05-25T12:13:39.151+0000] {manager.py:762} INFO - There are 1 files in /opt/airflow/dags
[2026-05-25T12:13:46.240+0000] {manager.py:893} INFO - 
================================================================================
DAG File Processing Stats

File Path                                  PID  Runtime      # DAGs    # Errors  Last Runtime    Last Run
---------------------------------------  -----  ---------  --------  ----------  --------------  -------------------
/opt/airflow/dags/data_lake_pipeline.py    429  0.01s             1           0  0.67s           2026-05-25T12:13:15
================================================================================
[2026-05-25T12:14:16.528+0000] {manager.py:893} INFO - 
================================================================================
DAG File Processing Stats

File Path                                PID    Runtime      # DAGs    # Errors  Last Runtime    Last Run
---------------------------------------  -----  ---------  --------  ----------  --------------  -------------------
/opt/airflow/dags/data_lake_pipeline.py                           1           0  0.73s           2026-05-25T12:13:46
================================================================================
[2026-05-25T12:14:46.775+0000] {manager.py:893} INFO - 
================================================================================
DAG File Processing Stats

File Path                                PID    Runtime      # DAGs    # Errors  Last Runtime    Last Run
---------------------------------------  -----  ---------  --------  ----------  --------------  -------------------
/opt/airflow/dags/data_lake_pipeline.py                           1           0  0.71s           2026-05-25T12:14:17
================================================================================
[2026-05-25T12:15:17.029+0000] {manager.py:893} INFO - 
================================================================================
DAG File Processing Stats

File Path                                PID    Runtime      # DAGs    # Errors  Last Runtime    Last Run
---------------------------------------  -----  ---------  --------  ----------  --------------  -------------------
/opt/airflow/dags/data_lake_pipeline.py                           1           0  0.67s           2026-05-25T12:14:48
================================================================================
[2026-05-25T12:15:47.110+0000] {manager.py:893} INFO - 
================================================================================
DAG File Processing Stats

File Path                                PID    Runtime      # DAGs    # Errors  Last Runtime    Last Run
---------------------------------------  -----  ---------  --------  ----------  --------------  -------------------
/opt/airflow/dags/data_lake_pipeline.py                           1           0  0.86s           2026-05-25T12:15:19
================================================================================
[2026-05-25T12:16:17.252+0000] {manager.py:893} INFO - 
================================================================================
DAG File Processing Stats

File Path                                PID    Runtime      # DAGs    # Errors  Last Runtime    Last Run
---------------------------------------  -----  ---------  --------  ----------  --------------  -------------------
/opt/airflow/dags/data_lake_pipeline.py                           1           0  0.89s           2026-05-25T12:15:51
================================================================================
[2026-05-25T12:16:47.263+0000] {manager.py:893} INFO - 
================================================================================
DAG File Processing Stats

File Path                                PID    Runtime      # DAGs    # Errors  Last Runtime    Last Run
---------------------------------------  -----  ---------  --------  ----------  --------------  -------------------
/opt/airflow/dags/data_lake_pipeline.py                           1           0  0.62s           2026-05-25T12:16:31
================================================================================
[2026-05-25T12:17:17.304+0000] {manager.py:893} INFO - 
================================================================================
DAG File Processing Stats

File Path                                PID    Runtime      # DAGs    # Errors  Last Runtime    Last Run
---------------------------------------  -----  ---------  --------  ----------  --------------  -------------------
/opt/airflow/dags/data_lake_pipeline.py                           1           0  1.00s           2026-05-25T12:16:58
================================================================================
[2026-05-25T12:17:47.344+0000] {manager.py:893} INFO - 
================================================================================
DAG File Processing Stats

File Path                                PID    Runtime      # DAGs    # Errors  Last Runtime    Last Run
---------------------------------------  -----  ---------  --------  ----------  --------------  -------------------
/opt/airflow/dags/data_lake_pipeline.py                           1           0  0.78s           2026-05-25T12:17:29
================================================================================
[2026-05-25T12:18:17.885+0000] {manager.py:893} INFO - 
================================================================================
DAG File Processing Stats

File Path                                PID    Runtime      # DAGs    # Errors  Last Runtime    Last Run
---------------------------------------  -----  ---------  --------  ----------  --------------  -------------------
/opt/airflow/dags/data_lake_pipeline.py                           1           0  0.62s           2026-05-25T12:18:00
================================================================================
[2026-05-25T12:18:39.194+0000] {manager.py:759} INFO - Searching for files in /opt/airflow/dags
[2026-05-25T12:18:39.204+0000] {manager.py:762} INFO - There are 1 files in /opt/airflow/dags
[2026-05-25T12:18:48.099+0000] {manager.py:893} INFO - 
================================================================================
DAG File Processing Stats

File Path                                PID    Runtime      # DAGs    # Errors  Last Runtime    Last Run
---------------------------------------  -----  ---------  --------  ----------  --------------  -------------------
/opt/airflow/dags/data_lake_pipeline.py                           1           0  0.87s           2026-05-25T12:18:31
================================================================================
[2026-05-25T12:19:18.420+0000] {manager.py:893} INFO - 
================================================================================
DAG File Processing Stats

File Path                                PID    Runtime      # DAGs    # Errors  Last Runtime    Last Run
---------------------------------------  -----  ---------  --------  ----------  --------------  -------------------
/opt/airflow/dags/data_lake_pipeline.py                           1           0  0.63s           2026-05-25T12:19:12
================================================================================
[2026-05-25T12:19:48.618+0000] {manager.py:893} INFO - 
================================================================================
DAG File Processing Stats

File Path                                PID    Runtime      # DAGs    # Errors  Last Runtime    Last Run
---------------------------------------  -----  ---------  --------  ----------  --------------  -------------------
/opt/airflow/dags/data_lake_pipeline.py                           1           0  0.85s           2026-05-25T12:19:44
================================================================================
[2026-05-25T12:20:18.853+0000] {manager.py:893} INFO - 
================================================================================
DAG File Processing Stats

File Path                                PID    Runtime      # DAGs    # Errors  Last Runtime    Last Run
---------------------------------------  -----  ---------  --------  ----------  --------------  -------------------
/opt/airflow/dags/data_lake_pipeline.py                           1           0  0.79s           2026-05-25T12:20:15
================================================================================
[2026-05-25T12:20:49.059+0000] {manager.py:893} INFO - 
================================================================================
DAG File Processing Stats

File Path                                PID    Runtime      # DAGs    # Errors  Last Runtime    Last Run
---------------------------------------  -----  ---------  --------  ----------  --------------  -------------------
/opt/airflow/dags/data_lake_pipeline.py                           1           0  0.79s           2026-05-25T12:20:46
================================================================================
[2026-05-25T12:21:19.071+0000] {manager.py:893} INFO - 
================================================================================
DAG File Processing Stats

File Path                                PID    Runtime      # DAGs    # Errors  Last Runtime    Last Run
---------------------------------------  -----  ---------  --------  ----------  --------------  -------------------
/opt/airflow/dags/data_lake_pipeline.py                           1           0  0.81s           2026-05-25T12:21:17
================================================================================
[2026-05-25T12:21:49.254+0000] {manager.py:893} INFO - 
================================================================================
DAG File Processing Stats

File Path                                PID    Runtime      # DAGs    # Errors  Last Runtime    Last Run
---------------------------------------  -----  ---------  --------  ----------  --------------  -------------------
/opt/airflow/dags/data_lake_pipeline.py                           1           0  0.94s           2026-05-25T12:21:48
================================================================================
[2026-05-25T12:22:19.413+0000] {manager.py:893} INFO - 
================================================================================
DAG File Processing Stats

File Path                                PID    Runtime      # DAGs    # Errors  Last Runtime    Last Run
---------------------------------------  -----  ---------  --------  ----------  --------------  -------------------
/opt/airflow/dags/data_lake_pipeline.py                           1           0  0.87s           2026-05-25T12:22:19
================================================================================
[2026-05-25T12:22:49.666+0000] {manager.py:893} INFO - 
================================================================================
DAG File Processing Stats

File Path                                PID    Runtime      # DAGs    # Errors  Last Runtime    Last Run
---------------------------------------  -----  ---------  --------  ----------  --------------  -------------------
/opt/airflow/dags/data_lake_pipeline.py                           1           0  1.11s           2026-05-25T12:22:42
================================================================================
[2026-05-25T12:23:19.991+0000] {manager.py:893} INFO - 
================================================================================
DAG File Processing Stats

File Path                                PID    Runtime      # DAGs    # Errors  Last Runtime    Last Run
---------------------------------------  -----  ---------  --------  ----------  --------------  -------------------
/opt/airflow/dags/data_lake_pipeline.py                           1           0  1.13s           2026-05-25T12:23:13
================================================================================
[2026-05-25T12:23:40.140+0000] {manager.py:759} INFO - Searching for files in /opt/airflow/dags
[2026-05-25T12:23:40.150+0000] {manager.py:762} INFO - There are 1 files in /opt/airflow/dags
[2026-05-25T12:23:50.652+0000] {manager.py:893} INFO - 
================================================================================
DAG File Processing Stats

File Path                                PID    Runtime      # DAGs    # Errors  Last Runtime    Last Run
---------------------------------------  -----  ---------  --------  ----------  --------------  -------------------
/opt/airflow/dags/data_lake_pipeline.py                           1           0  0.66s           2026-05-25T12:23:44
================================================================================
[2026-05-25T12:24:21.129+0000] {manager.py:893} INFO - 
================================================================================
DAG File Processing Stats

File Path                                PID    Runtime      # DAGs    # Errors  Last Runtime    Last Run
---------------------------------------  -----  ---------  --------  ----------  --------------  -------------------
/opt/airflow/dags/data_lake_pipeline.py                           1           0  0.59s           2026-05-25T12:23:55
================================================================================
[2026-05-25T12:24:51.390+0000] {manager.py:893} INFO - 
================================================================================
DAG File Processing Stats

File Path                                PID    Runtime      # DAGs    # Errors  Last Runtime    Last Run
---------------------------------------  -----  ---------  --------  ----------  --------------  -------------------
/opt/airflow/dags/data_lake_pipeline.py                           1           0  0.86s           2026-05-25T12:24:26
================================================================================
[2026-05-25T12:25:21.408+0000] {manager.py:893} INFO - 
================================================================================
DAG File Processing Stats

File Path                                PID    Runtime      # DAGs    # Errors  Last Runtime    Last Run
---------------------------------------  -----  ---------  --------  ----------  --------------  -------------------
/opt/airflow/dags/data_lake_pipeline.py                           1           0  0.72s           2026-05-25T12:24:57
================================================================================
[2026-05-25T12:25:51.879+0000] {manager.py:893} INFO - 
================================================================================
DAG File Processing Stats

File Path                                PID    Runtime      # DAGs    # Errors  Last Runtime    Last Run
---------------------------------------  -----  ---------  --------  ----------  --------------  -------------------
/opt/airflow/dags/data_lake_pipeline.py                           1           0  0.57s           2026-05-25T12:25:35
================================================================================
[2026-05-25T12:26:22.050+0000] {manager.py:893} INFO - 
================================================================================
DAG File Processing Stats

File Path                                PID    Runtime      # DAGs    # Errors  Last Runtime    Last Run
---------------------------------------  -----  ---------  --------  ----------  --------------  -------------------
/opt/airflow/dags/data_lake_pipeline.py                           1           0  0.61s           2026-05-25T12:26:05
================================================================================
[2026-05-25T12:26:52.739+0000] {manager.py:893} INFO - 
================================================================================
DAG File Processing Stats

File Path                                PID    Runtime      # DAGs    # Errors  Last Runtime    Last Run
---------------------------------------  -----  ---------  --------  ----------  --------------  -------------------
/opt/airflow/dags/data_lake_pipeline.py                           1           0  0.83s           2026-05-25T12:26:37
================================================================================
[2026-05-25T12:27:22.969+0000] {manager.py:893} INFO - 
================================================================================
DAG File Processing Stats

File Path                                PID    Runtime      # DAGs    # Errors  Last Runtime    Last Run
---------------------------------------  -----  ---------  --------  ----------  --------------  -------------------
/opt/airflow/dags/data_lake_pipeline.py                           1           0  0.70s           2026-05-25T12:27:08
================================================================================
[2026-05-25T12:27:53.069+0000] {manager.py:893} INFO - 
================================================================================
DAG File Processing Stats

File Path                                PID    Runtime      # DAGs    # Errors  Last Runtime    Last Run
---------------------------------------  -----  ---------  --------  ----------  --------------  -------------------
/opt/airflow/dags/data_lake_pipeline.py                           1           0  0.62s           2026-05-25T12:27:38
================================================================================
[2026-05-25T12:28:23.709+0000] {manager.py:893} INFO - 
================================================================================
DAG File Processing Stats

File Path                                PID    Runtime      # DAGs    # Errors  Last Runtime    Last Run
---------------------------------------  -----  ---------  --------  ----------  --------------  -------------------
/opt/airflow/dags/data_lake_pipeline.py                           1           0  0.58s           2026-05-25T12:28:09
================================================================================
[2026-05-25T12:28:40.394+0000] {manager.py:759} INFO - Searching for files in /opt/airflow/dags
[2026-05-25T12:28:40.396+0000] {manager.py:762} INFO - There are 1 files in /opt/airflow/dags
[2026-05-25T12:28:54.103+0000] {manager.py:893} INFO - 
================================================================================
DAG File Processing Stats

File Path                                PID    Runtime      # DAGs    # Errors  Last Runtime    Last Run
---------------------------------------  -----  ---------  --------  ----------  --------------  -------------------
/opt/airflow/dags/data_lake_pipeline.py                           1           0  0.55s           2026-05-25T12:28:40
================================================================================
[2026-05-25T12:34:14.275+0000] {manager.py:759} INFO - Searching for files in /opt/airflow/dags
[2026-05-25T12:34:14.283+0000] {manager.py:762} INFO - There are 1 files in /opt/airflow/dags
[2026-05-25T12:34:22.677+0000] {manager.py:893} INFO - 
================================================================================
DAG File Processing Stats

File Path                                PID    Runtime      # DAGs    # Errors  Last Runtime    Last Run
---------------------------------------  -----  ---------  --------  ----------  --------------  -------------------
/opt/airflow/dags/data_lake_pipeline.py                           1           0  1.37s           2026-05-25T12:34:15
================================================================================
[2026-05-25T12:34:53.036+0000] {manager.py:893} INFO - 
================================================================================
DAG File Processing Stats

File Path                                PID    Runtime      # DAGs    # Errors  Last Runtime    Last Run
---------------------------------------  -----  ---------  --------  ----------  --------------  -------------------
/opt/airflow/dags/data_lake_pipeline.py                           1           0  0.62s           2026-05-25T12:34:35
================================================================================
[2026-05-25T12:40:11.523+0000] {manager.py:759} INFO - Searching for files in /opt/airflow/dags
[2026-05-25T12:40:11.529+0000] {manager.py:762} INFO - There are 1 files in /opt/airflow/dags
[2026-05-25T12:40:20.963+0000] {manager.py:893} INFO - 
================================================================================
DAG File Processing Stats

File Path                                PID    Runtime      # DAGs    # Errors  Last Runtime    Last Run
---------------------------------------  -----  ---------  --------  ----------  --------------  -------------------
/opt/airflow/dags/data_lake_pipeline.py                           1           0  0.60s           2026-05-25T12:40:12
================================================================================
[2026-05-25T12:57:25.807+0000] {manager.py:759} INFO - Searching for files in /opt/airflow/dags
[2026-05-25T12:57:25.815+0000] {manager.py:762} INFO - There are 1 files in /opt/airflow/dags
[2026-05-25T12:57:35.123+0000] {manager.py:893} INFO - 
================================================================================
DAG File Processing Stats

File Path                                PID    Runtime      # DAGs    # Errors  Last Runtime    Last Run
---------------------------------------  -----  ---------  --------  ----------  --------------  -------------------
/opt/airflow/dags/data_lake_pipeline.py                           1           0  1.39s           2026-05-25T12:57:27
================================================================================
[2026-05-25T12:58:05.305+0000] {manager.py:893} INFO - 
================================================================================
DAG File Processing Stats

File Path                                PID    Runtime      # DAGs    # Errors  Last Runtime    Last Run
---------------------------------------  -----  ---------  --------  ----------  --------------  -------------------
/opt/airflow/dags/data_lake_pipeline.py                           1           0  0.84s           2026-05-25T12:57:58
================================================================================
[2026-05-25T12:58:35.784+0000] {manager.py:893} INFO - 
================================================================================
DAG File Processing Stats

File Path                                PID    Runtime      # DAGs    # Errors  Last Runtime    Last Run
---------------------------------------  -----  ---------  --------  ----------  --------------  -------------------
/opt/airflow/dags/data_lake_pipeline.py                           1           0  0.61s           2026-05-25T12:58:29
================================================================================
[2026-05-25T12:59:06.013+0000] {manager.py:893} INFO - 
================================================================================
DAG File Processing Stats

File Path                                PID    Runtime      # DAGs    # Errors  Last Runtime    Last Run
---------------------------------------  -----  ---------  --------  ----------  --------------  -------------------
/opt/airflow/dags/data_lake_pipeline.py                           1           0  0.59s           2026-05-25T12:58:59
================================================================================
[2026-05-25T12:59:36.109+0000] {manager.py:893} INFO - 
================================================================================
DAG File Processing Stats

File Path                                PID    Runtime      # DAGs    # Errors  Last Runtime    Last Run
---------------------------------------  -----  ---------  --------  ----------  --------------  -------------------
/opt/airflow/dags/data_lake_pipeline.py                           1           0  0.83s           2026-05-25T12:59:31
================================================================================
[2026-05-25T13:00:06.483+0000] {manager.py:893} INFO - 
================================================================================
DAG File Processing Stats

File Path                                PID    Runtime      # DAGs    # Errors  Last Runtime    Last Run
---------------------------------------  -----  ---------  --------  ----------  --------------  -------------------
/opt/airflow/dags/data_lake_pipeline.py                           1           0  0.58s           2026-05-25T13:00:01
================================================================================
[2026-05-25T13:00:36.731+0000] {manager.py:893} INFO - 
================================================================================
DAG File Processing Stats

File Path                                PID    Runtime      # DAGs    # Errors  Last Runtime    Last Run
---------------------------------------  -----  ---------  --------  ----------  --------------  -------------------
/opt/airflow/dags/data_lake_pipeline.py                           1           0  0.62s           2026-05-25T13:00:32
================================================================================
[2026-05-25T13:01:06.785+0000] {manager.py:893} INFO - 
================================================================================
DAG File Processing Stats

File Path                                PID    Runtime      # DAGs    # Errors  Last Runtime    Last Run
---------------------------------------  -----  ---------  --------  ----------  --------------  -------------------
/opt/airflow/dags/data_lake_pipeline.py                           1           0  0.81s           2026-05-25T13:01:03
================================================================================
[2026-05-25T13:01:37.208+0000] {manager.py:893} INFO - 
================================================================================
DAG File Processing Stats

File Path                                PID    Runtime      # DAGs    # Errors  Last Runtime    Last Run
---------------------------------------  -----  ---------  --------  ----------  --------------  -------------------
/opt/airflow/dags/data_lake_pipeline.py                           1           0  0.62s           2026-05-25T13:01:34
================================================================================
[2026-05-25T13:02:07.457+0000] {manager.py:893} INFO - 
================================================================================
DAG File Processing Stats

File Path                                PID    Runtime      # DAGs    # Errors  Last Runtime    Last Run
---------------------------------------  -----  ---------  --------  ----------  --------------  -------------------
/opt/airflow/dags/data_lake_pipeline.py                           1           0  0.79s           2026-05-25T13:02:05
================================================================================
[2026-05-25T13:02:25.827+0000] {manager.py:759} INFO - Searching for files in /opt/airflow/dags
[2026-05-25T13:02:25.834+0000] {manager.py:762} INFO - There are 1 files in /opt/airflow/dags
[2026-05-25T13:02:37.925+0000] {manager.py:893} INFO - 
================================================================================
DAG File Processing Stats

File Path                                PID    Runtime      # DAGs    # Errors  Last Runtime    Last Run
---------------------------------------  -----  ---------  --------  ----------  --------------  -------------------
/opt/airflow/dags/data_lake_pipeline.py                           1           0  0.62s           2026-05-25T13:02:36
================================================================================
[2026-05-25T13:03:08.133+0000] {manager.py:893} INFO - 
================================================================================
DAG File Processing Stats

File Path                                PID    Runtime      # DAGs    # Errors  Last Runtime    Last Run
---------------------------------------  -----  ---------  --------  ----------  --------------  -------------------
/opt/airflow/dags/data_lake_pipeline.py                           1           0  0.61s           2026-05-25T13:03:07
================================================================================
[2026-05-25T13:03:38.402+0000] {manager.py:893} INFO - 
================================================================================
DAG File Processing Stats

File Path                                PID    Runtime      # DAGs    # Errors  Last Runtime    Last Run
---------------------------------------  -----  ---------  --------  ----------  --------------  -------------------
/opt/airflow/dags/data_lake_pipeline.py                           1           0  0.68s           2026-05-25T13:03:38
================================================================================
[2026-05-25T13:04:08.631+0000] {manager.py:893} INFO - 
================================================================================
DAG File Processing Stats

File Path                                  PID  Runtime      # DAGs    # Errors  Last Runtime    Last Run
---------------------------------------  -----  ---------  --------  ----------  --------------  -------------------
/opt/airflow/dags/data_lake_pipeline.py   1104  0.33s             1           0  0.68s           2026-05-25T13:03:38
================================================================================
[2026-05-25T13:04:38.872+0000] {manager.py:893} INFO - 
================================================================================
DAG File Processing Stats

File Path                                PID    Runtime      # DAGs    # Errors  Last Runtime    Last Run
---------------------------------------  -----  ---------  --------  ----------  --------------  -------------------
/opt/airflow/dags/data_lake_pipeline.py                           1           0  0.64s           2026-05-25T13:04:08
================================================================================
[2026-05-25T13:05:09.084+0000] {manager.py:893} INFO - 
================================================================================
DAG File Processing Stats

File Path                                PID    Runtime      # DAGs    # Errors  Last Runtime    Last Run
---------------------------------------  -----  ---------  --------  ----------  --------------  -------------------
/opt/airflow/dags/data_lake_pipeline.py                           1           0  0.67s           2026-05-25T13:04:39
================================================================================
[2026-05-25T13:05:39.693+0000] {manager.py:893} INFO - 
================================================================================
DAG File Processing Stats

File Path                                PID    Runtime      # DAGs    # Errors  Last Runtime    Last Run
---------------------------------------  -----  ---------  --------  ----------  --------------  -------------------
/opt/airflow/dags/data_lake_pipeline.py                           1           0  0.60s           2026-05-25T13:05:10
================================================================================
[2026-05-25T13:06:10.144+0000] {manager.py:893} INFO - 
================================================================================
DAG File Processing Stats

File Path                                PID    Runtime      # DAGs    # Errors  Last Runtime    Last Run
---------------------------------------  -----  ---------  --------  ----------  --------------  -------------------
/opt/airflow/dags/data_lake_pipeline.py                           1           0  0.63s           2026-05-25T13:05:41
================================================================================
[2026-05-25T13:06:40.374+0000] {manager.py:893} INFO - 
================================================================================
DAG File Processing Stats

File Path                                PID    Runtime      # DAGs    # Errors  Last Runtime    Last Run
---------------------------------------  -----  ---------  --------  ----------  --------------  -------------------
/opt/airflow/dags/data_lake_pipeline.py                           1           0  0.59s           2026-05-25T13:06:12
================================================================================
[2026-05-25T13:07:10.643+0000] {manager.py:893} INFO - 
================================================================================
DAG File Processing Stats

File Path                                PID    Runtime      # DAGs    # Errors  Last Runtime    Last Run
---------------------------------------  -----  ---------  --------  ----------  --------------  -------------------
/opt/airflow/dags/data_lake_pipeline.py                           1           0  0.57s           2026-05-25T13:06:42
================================================================================
[2026-05-25T13:07:25.892+0000] {manager.py:759} INFO - Searching for files in /opt/airflow/dags
[2026-05-25T13:07:25.899+0000] {manager.py:762} INFO - There are 1 files in /opt/airflow/dags
[2026-05-25T13:07:40.899+0000] {manager.py:893} INFO - 
================================================================================
DAG File Processing Stats

File Path                                PID    Runtime      # DAGs    # Errors  Last Runtime    Last Run
---------------------------------------  -----  ---------  --------  ----------  --------------  -------------------
/opt/airflow/dags/data_lake_pipeline.py                           1           0  0.59s           2026-05-25T13:07:13
================================================================================
[2026-05-25T13:08:11.257+0000] {manager.py:893} INFO - 
================================================================================
DAG File Processing Stats

File Path                                PID    Runtime      # DAGs    # Errors  Last Runtime    Last Run
---------------------------------------  -----  ---------  --------  ----------  --------------  -------------------
/opt/airflow/dags/data_lake_pipeline.py                           1           0  0.68s           2026-05-25T13:07:44
================================================================================
[2026-05-25T13:08:41.513+0000] {manager.py:893} INFO - 
================================================================================
DAG File Processing Stats

File Path                                PID    Runtime      # DAGs    # Errors  Last Runtime    Last Run
---------------------------------------  -----  ---------  --------  ----------  --------------  -------------------
/opt/airflow/dags/data_lake_pipeline.py                           1           0  0.62s           2026-05-25T13:08:15
================================================================================
[2026-05-25T13:09:11.891+0000] {manager.py:893} INFO - 
================================================================================
DAG File Processing Stats

File Path                                PID    Runtime      # DAGs    # Errors  Last Runtime    Last Run
---------------------------------------  -----  ---------  --------  ----------  --------------  -------------------
/opt/airflow/dags/data_lake_pipeline.py                           1           0  0.65s           2026-05-25T13:08:46
================================================================================
[2026-05-25T13:09:42.152+0000] {manager.py:893} INFO - 
================================================================================
DAG File Processing Stats

File Path                                PID    Runtime      # DAGs    # Errors  Last Runtime    Last Run
---------------------------------------  -----  ---------  --------  ----------  --------------  -------------------
/opt/airflow/dags/data_lake_pipeline.py                           1           0  0.72s           2026-05-25T13:09:17
================================================================================
[2026-05-25T13:10:12.627+0000] {manager.py:893} INFO - 
================================================================================
DAG File Processing Stats

File Path                                PID    Runtime      # DAGs    # Errors  Last Runtime    Last Run
---------------------------------------  -----  ---------  --------  ----------  --------------  -------------------
/opt/airflow/dags/data_lake_pipeline.py                           1           0  0.61s           2026-05-25T13:09:47
================================================================================
[2026-05-25T13:10:42.913+0000] {manager.py:893} INFO - 
================================================================================
DAG File Processing Stats

File Path                                PID    Runtime      # DAGs    # Errors  Last Runtime    Last Run
---------------------------------------  -----  ---------  --------  ----------  --------------  -------------------
/opt/airflow/dags/data_lake_pipeline.py                           1           0  0.76s           2026-05-25T13:10:18
================================================================================
[2026-05-25T13:11:13.260+0000] {manager.py:893} INFO - 
================================================================================
DAG File Processing Stats

File Path                                PID    Runtime      # DAGs    # Errors  Last Runtime    Last Run
---------------------------------------  -----  ---------  --------  ----------  --------------  -------------------
/opt/airflow/dags/data_lake_pipeline.py                           1           0  0.66s           2026-05-25T13:10:49
================================================================================
[2026-05-25T13:11:43.525+0000] {manager.py:893} INFO - 
================================================================================
DAG File Processing Stats

File Path                                PID    Runtime      # DAGs    # Errors  Last Runtime    Last Run
---------------------------------------  -----  ---------  --------  ----------  --------------  -------------------
/opt/airflow/dags/data_lake_pipeline.py                           1           0  0.63s           2026-05-25T13:11:20
================================================================================
[2026-05-25T13:12:13.580+0000] {manager.py:893} INFO - 
================================================================================
DAG File Processing Stats

File Path                                PID    Runtime      # DAGs    # Errors  Last Runtime    Last Run
---------------------------------------  -----  ---------  --------  ----------  --------------  -------------------
/opt/airflow/dags/data_lake_pipeline.py                           1           0  0.78s           2026-05-25T13:11:51
================================================================================
[2026-05-25T13:12:26.126+0000] {manager.py:759} INFO - Searching for files in /opt/airflow/dags
[2026-05-25T13:12:26.133+0000] {manager.py:762} INFO - There are 1 files in /opt/airflow/dags
[2026-05-25T13:12:44.301+0000] {manager.py:893} INFO - 
================================================================================
DAG File Processing Stats

File Path                                PID    Runtime      # DAGs    # Errors  Last Runtime    Last Run
---------------------------------------  -----  ---------  --------  ----------  --------------  -------------------
/opt/airflow/dags/data_lake_pipeline.py                           1           0  0.59s           2026-05-25T13:12:22
================================================================================
[2026-05-25T13:13:14.677+0000] {manager.py:893} INFO - 
================================================================================
DAG File Processing Stats

File Path                                PID    Runtime      # DAGs    # Errors  Last Runtime    Last Run
---------------------------------------  -----  ---------  --------  ----------  --------------  -------------------
/opt/airflow/dags/data_lake_pipeline.py                           1           0  0.60s           2026-05-25T13:12:52
================================================================================
[2026-05-25T13:13:44.978+0000] {manager.py:893} INFO - 
================================================================================
DAG File Processing Stats

File Path                                PID    Runtime      # DAGs    # Errors  Last Runtime    Last Run
---------------------------------------  -----  ---------  --------  ----------  --------------  -------------------
/opt/airflow/dags/data_lake_pipeline.py                           1           0  0.64s           2026-05-25T13:13:23
================================================================================
[2026-05-25T13:14:14.993+0000] {manager.py:893} INFO - 
================================================================================
DAG File Processing Stats

File Path                                PID    Runtime      # DAGs    # Errors  Last Runtime    Last Run
---------------------------------------  -----  ---------  --------  ----------  --------------  -------------------
/opt/airflow/dags/data_lake_pipeline.py                           1           0  0.74s           2026-05-25T13:13:54
================================================================================
[2026-05-25T13:14:45.509+0000] {manager.py:893} INFO - 
================================================================================
DAG File Processing Stats

File Path                                PID    Runtime      # DAGs    # Errors  Last Runtime    Last Run
---------------------------------------  -----  ---------  --------  ----------  --------------  -------------------
/opt/airflow/dags/data_lake_pipeline.py                           1           0  0.59s           2026-05-25T13:14:25
================================================================================
[2026-05-25T13:15:15.772+0000] {manager.py:893} INFO - 
================================================================================
DAG File Processing Stats

File Path                                PID    Runtime      # DAGs    # Errors  Last Runtime    Last Run
---------------------------------------  -----  ---------  --------  ----------  --------------  -------------------
/opt/airflow/dags/data_lake_pipeline.py                           1           0  0.62s           2026-05-25T13:14:56
================================================================================
[2026-05-25T13:15:46.437+0000] {manager.py:893} INFO - 
================================================================================
DAG File Processing Stats

File Path                                PID    Runtime      # DAGs    # Errors  Last Runtime    Last Run
---------------------------------------  -----  ---------  --------  ----------  --------------  -------------------
/opt/airflow/dags/data_lake_pipeline.py                           1           0  0.62s           2026-05-25T13:15:27
================================================================================
[2026-05-25T13:16:16.935+0000] {manager.py:893} INFO - 
================================================================================
DAG File Processing Stats

File Path                                PID    Runtime      # DAGs    # Errors  Last Runtime    Last Run
---------------------------------------  -----  ---------  --------  ----------  --------------  -------------------
/opt/airflow/dags/data_lake_pipeline.py                           1           0  0.66s           2026-05-25T13:15:58
================================================================================
[2026-05-25T13:16:47.238+0000] {manager.py:893} INFO - 
================================================================================
DAG File Processing Stats

File Path                                PID    Runtime      # DAGs    # Errors  Last Runtime    Last Run
---------------------------------------  -----  ---------  --------  ----------  --------------  -------------------
/opt/airflow/dags/data_lake_pipeline.py                           1           0  0.59s           2026-05-25T13:16:29
================================================================================
[2026-05-25T13:17:17.530+0000] {manager.py:893} INFO - 
================================================================================
DAG File Processing Stats

File Path                                PID    Runtime      # DAGs    # Errors  Last Runtime    Last Run
---------------------------------------  -----  ---------  --------  ----------  --------------  -------------------
/opt/airflow/dags/data_lake_pipeline.py                           1           0  0.63s           2026-05-25T13:16:59
================================================================================
[2026-05-25T13:17:26.225+0000] {manager.py:759} INFO - Searching for files in /opt/airflow/dags
[2026-05-25T13:17:26.233+0000] {manager.py:762} INFO - There are 1 files in /opt/airflow/dags
[2026-05-25T13:17:47.790+0000] {manager.py:893} INFO - 
================================================================================
DAG File Processing Stats

File Path                                PID    Runtime      # DAGs    # Errors  Last Runtime    Last Run
---------------------------------------  -----  ---------  --------  ----------  --------------  -------------------
/opt/airflow/dags/data_lake_pipeline.py                           1           0  0.62s           2026-05-25T13:17:30
================================================================================
[2026-05-25T13:18:17.954+0000] {manager.py:893} INFO - 
================================================================================
DAG File Processing Stats

File Path                                PID    Runtime      # DAGs    # Errors  Last Runtime    Last Run
---------------------------------------  -----  ---------  --------  ----------  --------------  -------------------
/opt/airflow/dags/data_lake_pipeline.py                           1           0  0.65s           2026-05-25T13:18:01
================================================================================
[2026-05-25T13:18:48.546+0000] {manager.py:893} INFO - 
================================================================================
DAG File Processing Stats

File Path                                PID    Runtime      # DAGs    # Errors  Last Runtime    Last Run
---------------------------------------  -----  ---------  --------  ----------  --------------  -------------------
/opt/airflow/dags/data_lake_pipeline.py                           1           0  0.59s           2026-05-25T13:18:32
================================================================================
[2026-05-25T13:19:18.646+0000] {manager.py:893} INFO - 
================================================================================
DAG File Processing Stats

File Path                                PID    Runtime      # DAGs    # Errors  Last Runtime    Last Run
---------------------------------------  -----  ---------  --------  ----------  --------------  -------------------
/opt/airflow/dags/data_lake_pipeline.py                           1           0  0.59s           2026-05-25T13:19:03
================================================================================
[2026-05-25T13:19:49.323+0000] {manager.py:893} INFO - 
================================================================================
DAG File Processing Stats

File Path                                PID    Runtime      # DAGs    # Errors  Last Runtime    Last Run
---------------------------------------  -----  ---------  --------  ----------  --------------  -------------------
/opt/airflow/dags/data_lake_pipeline.py                           1           0  0.57s           2026-05-25T13:19:34
================================================================================
[2026-05-25T13:20:19.653+0000] {manager.py:893} INFO - 
================================================================================
DAG File Processing Stats

File Path                                PID    Runtime      # DAGs    # Errors  Last Runtime    Last Run
---------------------------------------  -----  ---------  --------  ----------  --------------  -------------------
/opt/airflow/dags/data_lake_pipeline.py                           1           0  0.60s           2026-05-25T13:20:05
================================================================================
[2026-05-25T13:20:49.885+0000] {manager.py:893} INFO - 
================================================================================
DAG File Processing Stats

File Path                                PID    Runtime      # DAGs    # Errors  Last Runtime    Last Run
---------------------------------------  -----  ---------  --------  ----------  --------------  -------------------
/opt/airflow/dags/data_lake_pipeline.py                           1           0  0.62s           2026-05-25T13:20:35
================================================================================
[2026-05-25T13:21:20.368+0000] {manager.py:893} INFO - 
================================================================================
DAG File Processing Stats

File Path                                PID    Runtime      # DAGs    # Errors  Last Runtime    Last Run
---------------------------------------  -----  ---------  --------  ----------  --------------  -------------------
/opt/airflow/dags/data_lake_pipeline.py                           1           0  0.59s           2026-05-25T13:21:06
================================================================================
[2026-05-25T13:21:50.614+0000] {manager.py:893} INFO - 
================================================================================
DAG File Processing Stats

File Path                                PID    Runtime      # DAGs    # Errors  Last Runtime    Last Run
---------------------------------------  -----  ---------  --------  ----------  --------------  -------------------
/opt/airflow/dags/data_lake_pipeline.py                           1           0  0.61s           2026-05-25T13:21:37
================================================================================
[2026-05-25T13:22:21.286+0000] {manager.py:893} INFO - 
================================================================================
DAG File Processing Stats

File Path                                PID    Runtime      # DAGs    # Errors  Last Runtime    Last Run
---------------------------------------  -----  ---------  --------  ----------  --------------  -------------------
/opt/airflow/dags/data_lake_pipeline.py                           1           0  0.57s           2026-05-25T13:22:08
================================================================================
[2026-05-25T13:22:26.330+0000] {manager.py:759} INFO - Searching for files in /opt/airflow/dags
[2026-05-25T13:22:26.338+0000] {manager.py:762} INFO - There are 1 files in /opt/airflow/dags
[2026-05-25T13:22:51.687+0000] {manager.py:893} INFO - 
================================================================================
DAG File Processing Stats

File Path                                PID    Runtime      # DAGs    # Errors  Last Runtime    Last Run
---------------------------------------  -----  ---------  --------  ----------  --------------  -------------------
/opt/airflow/dags/data_lake_pipeline.py                           1           0  0.57s           2026-05-25T13:22:39
================================================================================
[2026-05-25T13:23:21.948+0000] {manager.py:893} INFO - 
================================================================================
DAG File Processing Stats

File Path                                PID    Runtime      # DAGs    # Errors  Last Runtime    Last Run
---------------------------------------  -----  ---------  --------  ----------  --------------  -------------------
/opt/airflow/dags/data_lake_pipeline.py                           1           0  0.58s           2026-05-25T13:23:09
================================================================================
[2026-05-25T13:23:52.264+0000] {manager.py:893} INFO - 
================================================================================
DAG File Processing Stats

File Path                                PID    Runtime      # DAGs    # Errors  Last Runtime    Last Run
---------------------------------------  -----  ---------  --------  ----------  --------------  -------------------
/opt/airflow/dags/data_lake_pipeline.py                           1           0  0.61s           2026-05-25T13:23:40
================================================================================
[2026-05-25T13:24:22.534+0000] {manager.py:893} INFO - 
================================================================================
DAG File Processing Stats

File Path                                PID    Runtime      # DAGs    # Errors  Last Runtime    Last Run
---------------------------------------  -----  ---------  --------  ----------  --------------  -------------------
/opt/airflow/dags/data_lake_pipeline.py                           1           0  0.62s           2026-05-25T13:24:11
================================================================================
[2026-05-25T13:24:52.973+0000] {manager.py:893} INFO - 
================================================================================
DAG File Processing Stats

File Path                                PID    Runtime      # DAGs    # Errors  Last Runtime    Last Run
---------------------------------------  -----  ---------  --------  ----------  --------------  -------------------
/opt/airflow/dags/data_lake_pipeline.py                           1           0  0.64s           2026-05-25T13:24:42
================================================================================
[2026-05-25T13:25:23.252+0000] {manager.py:893} INFO - 
================================================================================
DAG File Processing Stats

File Path                                PID    Runtime      # DAGs    # Errors  Last Runtime    Last Run
---------------------------------------  -----  ---------  --------  ----------  --------------  -------------------
/opt/airflow/dags/data_lake_pipeline.py                           1           0  0.59s           2026-05-25T13:25:13
================================================================================
[2026-05-25T13:25:53.584+0000] {manager.py:893} INFO - 
================================================================================
DAG File Processing Stats

File Path                                PID    Runtime      # DAGs    # Errors  Last Runtime    Last Run
---------------------------------------  -----  ---------  --------  ----------  --------------  -------------------
/opt/airflow/dags/data_lake_pipeline.py                           1           0  0.58s           2026-05-25T13:25:44
================================================================================
[2026-05-25T13:26:23.850+0000] {manager.py:893} INFO - 
================================================================================
DAG File Processing Stats

File Path                                PID    Runtime      # DAGs    # Errors  Last Runtime    Last Run
---------------------------------------  -----  ---------  --------  ----------  --------------  -------------------
/opt/airflow/dags/data_lake_pipeline.py                           1           0  0.59s           2026-05-25T13:26:14
================================================================================
[2026-05-25T13:26:54.222+0000] {manager.py:893} INFO - 
================================================================================
DAG File Processing Stats

File Path                                PID    Runtime      # DAGs    # Errors  Last Runtime    Last Run
---------------------------------------  -----  ---------  --------  ----------  --------------  -------------------
/opt/airflow/dags/data_lake_pipeline.py                           1           0  0.58s           2026-05-25T13:26:45
================================================================================
[2026-05-25T13:27:24.501+0000] {manager.py:893} INFO - 
================================================================================
DAG File Processing Stats

File Path                                PID    Runtime      # DAGs    # Errors  Last Runtime    Last Run
---------------------------------------  -----  ---------  --------  ----------  --------------  -------------------
/opt/airflow/dags/data_lake_pipeline.py                           1           0  0.62s           2026-05-25T13:27:16
================================================================================
[2026-05-25T13:27:26.517+0000] {manager.py:759} INFO - Searching for files in /opt/airflow/dags
[2026-05-25T13:27:26.523+0000] {manager.py:762} INFO - There are 1 files in /opt/airflow/dags
[2026-05-25T13:27:54.865+0000] {manager.py:893} INFO - 
================================================================================
DAG File Processing Stats

File Path                                PID    Runtime      # DAGs    # Errors  Last Runtime    Last Run
---------------------------------------  -----  ---------  --------  ----------  --------------  -------------------
/opt/airflow/dags/data_lake_pipeline.py                           1           0  0.58s           2026-05-25T13:27:47
================================================================================
[2026-05-25T13:28:25.152+0000] {manager.py:893} INFO - 
================================================================================
DAG File Processing Stats

File Path                                PID    Runtime      # DAGs    # Errors  Last Runtime    Last Run
---------------------------------------  -----  ---------  --------  ----------  --------------  -------------------
/opt/airflow/dags/data_lake_pipeline.py                           1           0  0.63s           2026-05-25T13:28:18
================================================================================
[2026-05-25T13:28:55.612+0000] {manager.py:893} INFO - 
================================================================================
DAG File Processing Stats

File Path                                PID    Runtime      # DAGs    # Errors  Last Runtime    Last Run
---------------------------------------  -----  ---------  --------  ----------  --------------  -------------------
/opt/airflow/dags/data_lake_pipeline.py                           1           0  0.60s           2026-05-25T13:28:49
================================================================================
[2026-05-25T13:29:25.866+0000] {manager.py:893} INFO - 
================================================================================
DAG File Processing Stats

File Path                                PID    Runtime      # DAGs    # Errors  Last Runtime    Last Run
---------------------------------------  -----  ---------  --------  ----------  --------------  -------------------
/opt/airflow/dags/data_lake_pipeline.py                           1           0  0.57s           2026-05-25T13:29:19
================================================================================
[2026-05-25T13:29:56.174+0000] {manager.py:893} INFO - 
================================================================================
DAG File Processing Stats

File Path                                PID    Runtime      # DAGs    # Errors  Last Runtime    Last Run
---------------------------------------  -----  ---------  --------  ----------  --------------  -------------------
/opt/airflow/dags/data_lake_pipeline.py                           1           0  0.56s           2026-05-25T13:29:50
================================================================================
[2026-05-25T13:30:26.452+0000] {manager.py:893} INFO - 
================================================================================
DAG File Processing Stats

File Path                                PID    Runtime      # DAGs    # Errors  Last Runtime    Last Run
---------------------------------------  -----  ---------  --------  ----------  --------------  -------------------
/opt/airflow/dags/data_lake_pipeline.py                           1           0  0.69s           2026-05-25T13:30:21
================================================================================
[2026-05-25T13:30:56.456+0000] {manager.py:893} INFO - 
================================================================================
DAG File Processing Stats

File Path                                PID    Runtime      # DAGs    # Errors  Last Runtime    Last Run
---------------------------------------  -----  ---------  --------  ----------  --------------  -------------------
/opt/airflow/dags/data_lake_pipeline.py                           1           0  0.65s           2026-05-25T13:30:52
================================================================================
[2026-05-25T13:31:27.205+0000] {manager.py:893} INFO - 
================================================================================
DAG File Processing Stats

File Path                                PID    Runtime      # DAGs    # Errors  Last Runtime    Last Run
---------------------------------------  -----  ---------  --------  ----------  --------------  -------------------
/opt/airflow/dags/data_lake_pipeline.py                           1           0  0.60s           2026-05-25T13:31:23
================================================================================
[2026-05-25T13:31:57.550+0000] {manager.py:893} INFO - 
================================================================================
DAG File Processing Stats

File Path                                PID    Runtime      # DAGs    # Errors  Last Runtime    Last Run
---------------------------------------  -----  ---------  --------  ----------  --------------  -------------------
/opt/airflow/dags/data_lake_pipeline.py                           1           0  0.63s           2026-05-25T13:31:54
================================================================================
[2026-05-25T13:32:26.813+0000] {manager.py:759} INFO - Searching for files in /opt/airflow/dags
[2026-05-25T13:32:26.820+0000] {manager.py:762} INFO - There are 1 files in /opt/airflow/dags
[2026-05-25T13:32:27.843+0000] {manager.py:893} INFO - 
================================================================================
DAG File Processing Stats

File Path                                PID    Runtime      # DAGs    # Errors  Last Runtime    Last Run
---------------------------------------  -----  ---------  --------  ----------  --------------  -------------------
/opt/airflow/dags/data_lake_pipeline.py                           1           0  0.65s           2026-05-25T13:32:24
================================================================================
[2026-05-25T13:32:58.224+0000] {manager.py:893} INFO - 
================================================================================
DAG File Processing Stats

File Path                                PID    Runtime      # DAGs    # Errors  Last Runtime    Last Run
---------------------------------------  -----  ---------  --------  ----------  --------------  -------------------
/opt/airflow/dags/data_lake_pipeline.py                           1           0  0.58s           2026-05-25T13:32:55
================================================================================
[2026-05-25T13:33:28.506+0000] {manager.py:893} INFO - 
================================================================================
DAG File Processing Stats

File Path                                PID    Runtime      # DAGs    # Errors  Last Runtime    Last Run
---------------------------------------  -----  ---------  --------  ----------  --------------  -------------------
/opt/airflow/dags/data_lake_pipeline.py                           1           0  0.60s           2026-05-25T13:33:26
================================================================================
[2026-05-25T13:33:58.953+0000] {manager.py:893} INFO - 
================================================================================
DAG File Processing Stats

File Path                                PID    Runtime      # DAGs    # Errors  Last Runtime    Last Run
---------------------------------------  -----  ---------  --------  ----------  --------------  -------------------
/opt/airflow/dags/data_lake_pipeline.py                           1           0  1.32s           2026-05-25T13:33:58
================================================================================
[2026-05-25T13:34:29.179+0000] {manager.py:893} INFO - 
================================================================================
DAG File Processing Stats

File Path                                  PID  Runtime      # DAGs    # Errors  Last Runtime    Last Run
---------------------------------------  -----  ---------  --------  ----------  --------------  -------------------
/opt/airflow/dags/data_lake_pipeline.py   1635  0.74s             1           0  1.32s           2026-05-25T13:33:58
================================================================================
[2026-05-25T13:34:59.443+0000] {manager.py:893} INFO - 
================================================================================
DAG File Processing Stats

File Path                                  PID  Runtime      # DAGs    # Errors  Last Runtime    Last Run
---------------------------------------  -----  ---------  --------  ----------  --------------  -------------------
/opt/airflow/dags/data_lake_pipeline.py   1644  0.01s             1           0  0.89s           2026-05-25T13:34:29
================================================================================
[2026-05-25T13:35:29.694+0000] {manager.py:893} INFO - 
================================================================================
DAG File Processing Stats

File Path                                PID    Runtime      # DAGs    # Errors  Last Runtime    Last Run
---------------------------------------  -----  ---------  --------  ----------  --------------  -------------------
/opt/airflow/dags/data_lake_pipeline.py                           1           0  1.03s           2026-05-25T13:35:00
================================================================================
[2026-05-25T13:35:59.945+0000] {manager.py:893} INFO - 
================================================================================
DAG File Processing Stats

File Path                                PID    Runtime      # DAGs    # Errors  Last Runtime    Last Run
---------------------------------------  -----  ---------  --------  ----------  --------------  -------------------
/opt/airflow/dags/data_lake_pipeline.py                           1           0  0.62s           2026-05-25T13:35:31
================================================================================
[2026-05-25T13:36:30.188+0000] {manager.py:893} INFO - 
================================================================================
DAG File Processing Stats

File Path                                PID    Runtime      # DAGs    # Errors  Last Runtime    Last Run
---------------------------------------  -----  ---------  --------  ----------  --------------  -------------------
/opt/airflow/dags/data_lake_pipeline.py                           1           0  0.73s           2026-05-25T13:36:02
================================================================================
[2026-05-25T13:37:00.349+0000] {manager.py:893} INFO - 
================================================================================
DAG File Processing Stats

File Path                                PID    Runtime      # DAGs    # Errors  Last Runtime    Last Run
---------------------------------------  -----  ---------  --------  ----------  --------------  -------------------
/opt/airflow/dags/data_lake_pipeline.py                           1           0  0.67s           2026-05-25T13:36:33
================================================================================
[2026-05-25T13:37:26.908+0000] {manager.py:759} INFO - Searching for files in /opt/airflow/dags
[2026-05-25T13:37:26.913+0000] {manager.py:762} INFO - There are 1 files in /opt/airflow/dags
[2026-05-25T13:37:30.949+0000] {manager.py:893} INFO - 
================================================================================
DAG File Processing Stats

File Path                                PID    Runtime      # DAGs    # Errors  Last Runtime    Last Run
---------------------------------------  -----  ---------  --------  ----------  --------------  -------------------
/opt/airflow/dags/data_lake_pipeline.py                           1           0  0.75s           2026-05-25T13:37:04
================================================================================
[2026-05-25T13:38:01.206+0000] {manager.py:893} INFO - 
================================================================================
DAG File Processing Stats

File Path                                PID    Runtime      # DAGs    # Errors  Last Runtime    Last Run
---------------------------------------  -----  ---------  --------  ----------  --------------  -------------------
/opt/airflow/dags/data_lake_pipeline.py                           1           0  0.68s           2026-05-25T13:37:35
================================================================================
[2026-05-25T13:38:31.684+0000] {manager.py:893} INFO - 
================================================================================
DAG File Processing Stats

File Path                                PID    Runtime      # DAGs    # Errors  Last Runtime    Last Run
---------------------------------------  -----  ---------  --------  ----------  --------------  -------------------
/opt/airflow/dags/data_lake_pipeline.py                           1           0  0.66s           2026-05-25T13:38:29
================================================================================
[2026-05-25T13:39:02.268+0000] {manager.py:893} INFO - 
================================================================================
DAG File Processing Stats

File Path                                PID    Runtime      # DAGs    # Errors  Last Runtime    Last Run
---------------------------------------  -----  ---------  --------  ----------  --------------  -------------------
/opt/airflow/dags/data_lake_pipeline.py                           1           0  0.71s           2026-05-25T13:38:58
================================================================================
[2026-05-25T13:39:32.496+0000] {manager.py:893} INFO - 
================================================================================
DAG File Processing Stats

File Path                                PID    Runtime      # DAGs    # Errors  Last Runtime    Last Run
---------------------------------------  -----  ---------  --------  ----------  --------------  -------------------
/opt/airflow/dags/data_lake_pipeline.py                           1           0  0.95s           2026-05-25T13:39:29
================================================================================
[2026-05-25T13:40:02.785+0000] {manager.py:893} INFO - 
================================================================================
DAG File Processing Stats

File Path                                PID    Runtime      # DAGs    # Errors  Last Runtime    Last Run
---------------------------------------  -----  ---------  --------  ----------  --------------  -------------------
/opt/airflow/dags/data_lake_pipeline.py                           1           0  0.89s           2026-05-25T13:40:00
================================================================================
[2026-05-25T13:40:33.124+0000] {manager.py:893} INFO - 
================================================================================
DAG File Processing Stats

File Path                                PID    Runtime      # DAGs    # Errors  Last Runtime    Last Run
---------------------------------------  -----  ---------  --------  ----------  --------------  -------------------
/opt/airflow/dags/data_lake_pipeline.py                           1           0  0.59s           2026-05-25T13:40:31
================================================================================
[2026-05-25T13:41:03.351+0000] {manager.py:893} INFO - 
================================================================================
DAG File Processing Stats

File Path                                PID    Runtime      # DAGs    # Errors  Last Runtime    Last Run
---------------------------------------  -----  ---------  --------  ----------  --------------  -------------------
/opt/airflow/dags/data_lake_pipeline.py                           1           0  0.73s           2026-05-25T13:41:02
================================================================================
[2026-05-25T13:41:33.483+0000] {manager.py:893} INFO - 
================================================================================
DAG File Processing Stats

File Path                                PID    Runtime      # DAGs    # Errors  Last Runtime    Last Run
---------------------------------------  -----  ---------  --------  ----------  --------------  -------------------
/opt/airflow/dags/data_lake_pipeline.py                           1           0  0.61s           2026-05-25T13:41:33
================================================================================
[2026-05-25T13:42:03.760+0000] {manager.py:893} INFO - 
================================================================================
DAG File Processing Stats

File Path                                  PID  Runtime      # DAGs    # Errors  Last Runtime    Last Run
---------------------------------------  -----  ---------  --------  ----------  --------------  -------------------
/opt/airflow/dags/data_lake_pipeline.py   1779  0.01s             1           0  0.61s           2026-05-25T13:41:33
================================================================================
[2026-05-25T13:42:27.266+0000] {manager.py:759} INFO - Searching for files in /opt/airflow/dags
[2026-05-25T13:42:27.276+0000] {manager.py:762} INFO - There are 1 files in /opt/airflow/dags
[2026-05-25T13:42:34.340+0000] {manager.py:893} INFO - 
================================================================================
DAG File Processing Stats

File Path                                PID    Runtime      # DAGs    # Errors  Last Runtime    Last Run
---------------------------------------  -----  ---------  --------  ----------  --------------  -------------------
/opt/airflow/dags/data_lake_pipeline.py                           1           0  0.72s           2026-05-25T13:42:04
================================================================================
[2026-05-25T13:43:04.590+0000] {manager.py:893} INFO - 
================================================================================
DAG File Processing Stats

File Path                                PID    Runtime      # DAGs    # Errors  Last Runtime    Last Run
---------------------------------------  -----  ---------  --------  ----------  --------------  -------------------
/opt/airflow/dags/data_lake_pipeline.py                           1           0  0.72s           2026-05-25T13:42:35
================================================================================
[2026-05-25T13:43:35.115+0000] {manager.py:893} INFO - 
================================================================================
DAG File Processing Stats

File Path                                PID    Runtime      # DAGs    # Errors  Last Runtime    Last Run
---------------------------------------  -----  ---------  --------  ----------  --------------  -------------------
/opt/airflow/dags/data_lake_pipeline.py                           1           0  0.69s           2026-05-25T13:43:30
================================================================================
[2026-05-25T13:44:05.289+0000] {manager.py:893} INFO - 
================================================================================
DAG File Processing Stats

File Path                                PID    Runtime      # DAGs    # Errors  Last Runtime    Last Run
---------------------------------------  -----  ---------  --------  ----------  --------------  -------------------
/opt/airflow/dags/data_lake_pipeline.py                           1           0  0.95s           2026-05-25T13:44:01
================================================================================
[2026-05-25T13:44:35.808+0000] {manager.py:893} INFO - 
================================================================================
DAG File Processing Stats

File Path                                PID    Runtime      # DAGs    # Errors  Last Runtime    Last Run
---------------------------------------  -----  ---------  --------  ----------  --------------  -------------------
/opt/airflow/dags/data_lake_pipeline.py                           1           0  0.75s           2026-05-25T13:44:32
================================================================================
[2026-05-25T13:45:06.007+0000] {manager.py:893} INFO - 
================================================================================
DAG File Processing Stats

File Path                                PID    Runtime      # DAGs    # Errors  Last Runtime    Last Run
---------------------------------------  -----  ---------  --------  ----------  --------------  -------------------
/opt/airflow/dags/data_lake_pipeline.py                           1           0  0.84s           2026-05-25T13:45:03
================================================================================
[2026-05-25T13:45:36.164+0000] {manager.py:893} INFO - 
================================================================================
DAG File Processing Stats

File Path                                PID    Runtime      # DAGs    # Errors  Last Runtime    Last Run
---------------------------------------  -----  ---------  --------  ----------  --------------  -------------------
/opt/airflow/dags/data_lake_pipeline.py                           1           0  0.68s           2026-05-25T13:45:34
================================================================================
[2026-05-25T13:46:06.252+0000] {manager.py:893} INFO - 
================================================================================
DAG File Processing Stats

File Path                                PID    Runtime      # DAGs    # Errors  Last Runtime    Last Run
---------------------------------------  -----  ---------  --------  ----------  --------------  -------------------
/opt/airflow/dags/data_lake_pipeline.py                           1           0  0.87s           2026-05-25T13:46:05
================================================================================
[2026-05-25T13:46:36.867+0000] {manager.py:893} INFO - 
================================================================================
DAG File Processing Stats

File Path                                PID    Runtime      # DAGs    # Errors  Last Runtime    Last Run
---------------------------------------  -----  ---------  --------  ----------  --------------  -------------------
/opt/airflow/dags/data_lake_pipeline.py                           1           0  0.68s           2026-05-25T13:46:36
================================================================================
[2026-05-25T13:47:07.049+0000] {manager.py:893} INFO - 
================================================================================
DAG File Processing Stats

File Path                                PID    Runtime      # DAGs    # Errors  Last Runtime    Last Run
---------------------------------------  -----  ---------  --------  ----------  --------------  -------------------
/opt/airflow/dags/data_lake_pipeline.py                           1           0  0.76s           2026-05-25T13:47:07
================================================================================
[2026-05-25T13:47:27.430+0000] {manager.py:759} INFO - Searching for files in /opt/airflow/dags
[2026-05-25T13:47:27.436+0000] {manager.py:762} INFO - There are 1 files in /opt/airflow/dags
[2026-05-25T13:47:37.256+0000] {manager.py:893} INFO - 
================================================================================
DAG File Processing Stats

File Path                                  PID  Runtime      # DAGs    # Errors  Last Runtime    Last Run
---------------------------------------  -----  ---------  --------  ----------  --------------  -------------------
/opt/airflow/dags/data_lake_pipeline.py   1933  0.01s             1           0  0.76s           2026-05-25T13:47:07
================================================================================
[2026-05-25T13:48:07.720+0000] {manager.py:893} INFO - 
================================================================================
DAG File Processing Stats

File Path                                PID    Runtime      # DAGs    # Errors  Last Runtime    Last Run
---------------------------------------  -----  ---------  --------  ----------  --------------  -------------------
/opt/airflow/dags/data_lake_pipeline.py                           1           0  0.63s           2026-05-25T13:47:37
================================================================================
[2026-05-25T13:48:37.932+0000] {manager.py:893} INFO - 
================================================================================
DAG File Processing Stats

File Path                                PID    Runtime      # DAGs    # Errors  Last Runtime    Last Run
---------------------------------------  -----  ---------  --------  ----------  --------------  -------------------
/opt/airflow/dags/data_lake_pipeline.py                           1           0  0.79s           2026-05-25T13:48:08
================================================================================
[2026-05-25T13:49:08.199+0000] {manager.py:893} INFO - 
================================================================================
DAG File Processing Stats

File Path                                PID    Runtime      # DAGs    # Errors  Last Runtime    Last Run
---------------------------------------  -----  ---------  --------  ----------  --------------  -------------------
/opt/airflow/dags/data_lake_pipeline.py                           1           0  0.61s           2026-05-25T13:48:39
================================================================================
[2026-05-25T13:49:38.415+0000] {manager.py:893} INFO - 
================================================================================
DAG File Processing Stats

File Path                                PID    Runtime      # DAGs    # Errors  Last Runtime    Last Run
---------------------------------------  -----  ---------  --------  ----------  --------------  -------------------
/opt/airflow/dags/data_lake_pipeline.py                           1           0  0.66s           2026-05-25T13:49:10
================================================================================
[2026-05-25T13:50:08.452+0000] {manager.py:893} INFO - 
================================================================================
DAG File Processing Stats

File Path                                PID    Runtime      # DAGs    # Errors  Last Runtime    Last Run
---------------------------------------  -----  ---------  --------  ----------  --------------  -------------------
/opt/airflow/dags/data_lake_pipeline.py                           1           0  0.61s           2026-05-25T13:49:44
================================================================================
[2026-05-25T13:50:38.455+0000] {manager.py:893} INFO - 
================================================================================
DAG File Processing Stats

File Path                                PID    Runtime      # DAGs    # Errors  Last Runtime    Last Run
---------------------------------------  -----  ---------  --------  ----------  --------------  -------------------
/opt/airflow/dags/data_lake_pipeline.py                           1           0  0.83s           2026-05-25T13:50:15
================================================================================
[2026-05-25T13:51:09.274+0000] {manager.py:893} INFO - 
================================================================================
DAG File Processing Stats

File Path                                PID    Runtime      # DAGs    # Errors  Last Runtime    Last Run
---------------------------------------  -----  ---------  --------  ----------  --------------  -------------------
/opt/airflow/dags/data_lake_pipeline.py                           1           0  0.80s           2026-05-25T13:50:46
================================================================================
[2026-05-25T13:51:39.643+0000] {manager.py:893} INFO - 
================================================================================
DAG File Processing Stats

File Path                                PID    Runtime      # DAGs    # Errors  Last Runtime    Last Run
---------------------------------------  -----  ---------  --------  ----------  --------------  -------------------
/opt/airflow/dags/data_lake_pipeline.py                           1           0  0.61s           2026-05-25T13:51:16
================================================================================
[2026-05-25T13:52:09.885+0000] {manager.py:893} INFO - 
================================================================================
DAG File Processing Stats

File Path                                PID    Runtime      # DAGs    # Errors  Last Runtime    Last Run
---------------------------------------  -----  ---------  --------  ----------  --------------  -------------------
/opt/airflow/dags/data_lake_pipeline.py                           1           0  0.88s           2026-05-25T13:51:48
================================================================================
[2026-05-25T13:52:27.539+0000] {manager.py:759} INFO - Searching for files in /opt/airflow/dags
[2026-05-25T13:52:27.544+0000] {manager.py:762} INFO - There are 1 files in /opt/airflow/dags
[2026-05-25T13:52:40.004+0000] {manager.py:893} INFO - 
================================================================================
DAG File Processing Stats

File Path                                PID    Runtime      # DAGs    # Errors  Last Runtime    Last Run
---------------------------------------  -----  ---------  --------  ----------  --------------  -------------------
/opt/airflow/dags/data_lake_pipeline.py                           1           0  0.59s           2026-05-25T13:52:18
================================================================================
[2026-05-25T13:53:10.856+0000] {manager.py:893} INFO - 
================================================================================
DAG File Processing Stats

File Path                                PID    Runtime      # DAGs    # Errors  Last Runtime    Last Run
---------------------------------------  -----  ---------  --------  ----------  --------------  -------------------
/opt/airflow/dags/data_lake_pipeline.py                           1           0  0.72s           2026-05-25T13:52:45
================================================================================
[2026-05-25T13:53:41.157+0000] {manager.py:893} INFO - 
================================================================================
DAG File Processing Stats

File Path                                PID    Runtime      # DAGs    # Errors  Last Runtime    Last Run
---------------------------------------  -----  ---------  --------  ----------  --------------  -------------------
/opt/airflow/dags/data_lake_pipeline.py                           1           0  0.61s           2026-05-25T13:53:16
================================================================================
[2026-05-25T13:54:11.391+0000] {manager.py:893} INFO - 
================================================================================
DAG File Processing Stats

File Path                                PID    Runtime      # DAGs    # Errors  Last Runtime    Last Run
---------------------------------------  -----  ---------  --------  ----------  --------------  -------------------
/opt/airflow/dags/data_lake_pipeline.py                           1           0  0.70s           2026-05-25T13:53:47
================================================================================
[2026-05-25T13:54:41.535+0000] {manager.py:893} INFO - 
================================================================================
DAG File Processing Stats

File Path                                PID    Runtime      # DAGs    # Errors  Last Runtime    Last Run
---------------------------------------  -----  ---------  --------  ----------  --------------  -------------------
/opt/airflow/dags/data_lake_pipeline.py                           1           0  0.92s           2026-05-25T13:54:18
================================================================================
[2026-05-25T13:55:11.642+0000] {manager.py:893} INFO - 
================================================================================
DAG File Processing Stats

File Path                                PID    Runtime      # DAGs    # Errors  Last Runtime    Last Run
---------------------------------------  -----  ---------  --------  ----------  --------------  -------------------
/opt/airflow/dags/data_lake_pipeline.py                           1           0  0.91s           2026-05-25T13:54:49
================================================================================
[2026-05-25T13:55:41.880+0000] {manager.py:893} INFO - 
================================================================================
DAG File Processing Stats

File Path                                PID    Runtime      # DAGs    # Errors  Last Runtime    Last Run
---------------------------------------  -----  ---------  --------  ----------  --------------  -------------------
/opt/airflow/dags/data_lake_pipeline.py                           1           0  0.77s           2026-05-25T13:55:39
================================================================================
[2026-05-25T13:56:12.397+0000] {manager.py:893} INFO - 
================================================================================
DAG File Processing Stats

File Path                                PID    Runtime      # DAGs    # Errors  Last Runtime    Last Run
---------------------------------------  -----  ---------  --------  ----------  --------------  -------------------
/opt/airflow/dags/data_lake_pipeline.py                           1           0  0.69s           2026-05-25T13:55:44
================================================================================
[2026-05-25T13:56:42.617+0000] {manager.py:893} INFO - 
================================================================================
DAG File Processing Stats

File Path                                PID    Runtime      # DAGs    # Errors  Last Runtime    Last Run
---------------------------------------  -----  ---------  --------  ----------  --------------  -------------------
/opt/airflow/dags/data_lake_pipeline.py                           1           0  0.71s           2026-05-25T13:56:15
================================================================================
[2026-05-25T13:57:12.847+0000] {manager.py:893} INFO - 
================================================================================
DAG File Processing Stats

File Path                                PID    Runtime      # DAGs    # Errors  Last Runtime    Last Run
---------------------------------------  -----  ---------  --------  ----------  --------------  -------------------
/opt/airflow/dags/data_lake_pipeline.py                           1           0  0.78s           2026-05-25T13:56:46
================================================================================
[2026-05-25T13:57:27.939+0000] {manager.py:759} INFO - Searching for files in /opt/airflow/dags
[2026-05-25T13:57:27.945+0000] {manager.py:762} INFO - There are 1 files in /opt/airflow/dags
[2026-05-25T13:57:43.038+0000] {manager.py:893} INFO - 
================================================================================
DAG File Processing Stats

File Path                                PID    Runtime      # DAGs    # Errors  Last Runtime    Last Run
---------------------------------------  -----  ---------  --------  ----------  --------------  -------------------
/opt/airflow/dags/data_lake_pipeline.py                           1           0  1.27s           2026-05-25T13:57:17
================================================================================
[2026-05-25T13:58:13.227+0000] {manager.py:893} INFO - 
================================================================================
DAG File Processing Stats

File Path                                PID    Runtime      # DAGs    # Errors  Last Runtime    Last Run
---------------------------------------  -----  ---------  --------  ----------  --------------  -------------------
/opt/airflow/dags/data_lake_pipeline.py                           1           0  0.95s           2026-05-25T13:57:49
================================================================================
[2026-05-25T13:58:43.372+0000] {manager.py:893} INFO - 
================================================================================
DAG File Processing Stats

File Path                                PID    Runtime      # DAGs    # Errors  Last Runtime    Last Run
---------------------------------------  -----  ---------  --------  ----------  --------------  -------------------
/opt/airflow/dags/data_lake_pipeline.py                           1           0  0.90s           2026-05-25T13:58:17
================================================================================
[2026-05-25T13:59:13.474+0000] {manager.py:893} INFO - 
================================================================================
DAG File Processing Stats

File Path                                PID    Runtime      # DAGs    # Errors  Last Runtime    Last Run
---------------------------------------  -----  ---------  --------  ----------  --------------  -------------------
/opt/airflow/dags/data_lake_pipeline.py                           1           0  0.84s           2026-05-25T13:58:48
================================================================================
[2026-05-25T13:59:43.534+0000] {manager.py:893} INFO - 
================================================================================
DAG File Processing Stats

File Path                                PID    Runtime      # DAGs    # Errors  Last Runtime    Last Run
---------------------------------------  -----  ---------  --------  ----------  --------------  -------------------
/opt/airflow/dags/data_lake_pipeline.py                           1           0  0.84s           2026-05-25T13:59:19
================================================================================
[2026-05-25T14:00:13.657+0000] {manager.py:893} INFO - 
================================================================================
DAG File Processing Stats

File Path                                PID    Runtime      # DAGs    # Errors  Last Runtime    Last Run
---------------------------------------  -----  ---------  --------  ----------  --------------  -------------------
/opt/airflow/dags/data_lake_pipeline.py                           1           0  0.93s           2026-05-25T13:59:50
================================================================================
[2026-05-25T14:00:44.237+0000] {manager.py:893} INFO - 
================================================================================
DAG File Processing Stats

File Path                                PID    Runtime      # DAGs    # Errors  Last Runtime    Last Run
---------------------------------------  -----  ---------  --------  ----------  --------------  -------------------
/opt/airflow/dags/data_lake_pipeline.py                           1           0  0.71s           2026-05-25T14:00:21
================================================================================
[2026-05-25T14:01:14.761+0000] {manager.py:893} INFO - 
================================================================================
DAG File Processing Stats

File Path                                PID    Runtime      # DAGs    # Errors  Last Runtime    Last Run
---------------------------------------  -----  ---------  --------  ----------  --------------  -------------------
/opt/airflow/dags/data_lake_pipeline.py                           1           0  1.14s           2026-05-25T14:00:52
================================================================================
[2026-05-25T14:01:45.064+0000] {manager.py:893} INFO - 
================================================================================
DAG File Processing Stats

File Path                                PID    Runtime      # DAGs    # Errors  Last Runtime    Last Run
---------------------------------------  -----  ---------  --------  ----------  --------------  -------------------
/opt/airflow/dags/data_lake_pipeline.py                           1           0  1.19s           2026-05-25T14:01:24
================================================================================
[2026-05-25T14:02:15.145+0000] {manager.py:893} INFO - 
================================================================================
DAG File Processing Stats

File Path                                PID    Runtime      # DAGs    # Errors  Last Runtime    Last Run
---------------------------------------  -----  ---------  --------  ----------  --------------  -------------------
/opt/airflow/dags/data_lake_pipeline.py                           1           0  0.87s           2026-05-25T14:01:54
================================================================================
[2026-05-25T14:02:28.092+0000] {manager.py:759} INFO - Searching for files in /opt/airflow/dags
[2026-05-25T14:02:28.095+0000] {manager.py:762} INFO - There are 1 files in /opt/airflow/dags
[2026-05-25T14:02:45.221+0000] {manager.py:893} INFO - 
================================================================================
DAG File Processing Stats

File Path                                PID    Runtime      # DAGs    # Errors  Last Runtime    Last Run
---------------------------------------  -----  ---------  --------  ----------  --------------  -------------------
/opt/airflow/dags/data_lake_pipeline.py                           1           0  0.86s           2026-05-25T14:02:26
================================================================================
[2026-05-25T14:03:15.229+0000] {manager.py:893} INFO - 
================================================================================
DAG File Processing Stats

File Path                                PID    Runtime      # DAGs    # Errors  Last Runtime    Last Run
---------------------------------------  -----  ---------  --------  ----------  --------------  -------------------
/opt/airflow/dags/data_lake_pipeline.py                           1           0  0.81s           2026-05-25T14:02:57
================================================================================
[2026-05-25T14:03:45.917+0000] {manager.py:893} INFO - 
================================================================================
DAG File Processing Stats

File Path                                PID    Runtime      # DAGs    # Errors  Last Runtime    Last Run
---------------------------------------  -----  ---------  --------  ----------  --------------  -------------------
/opt/airflow/dags/data_lake_pipeline.py                           1           0  0.78s           2026-05-25T14:03:18
================================================================================
[2026-05-25T14:04:16.122+0000] {manager.py:893} INFO - 
================================================================================
DAG File Processing Stats

File Path                                PID    Runtime      # DAGs    # Errors  Last Runtime    Last Run
---------------------------------------  -----  ---------  --------  ----------  --------------  -------------------
/opt/airflow/dags/data_lake_pipeline.py                           1           0  0.64s           2026-05-25T14:03:48
================================================================================
[2026-05-25T14:04:46.207+0000] {manager.py:893} INFO - 
================================================================================
DAG File Processing Stats

File Path                                PID    Runtime      # DAGs    # Errors  Last Runtime    Last Run
---------------------------------------  -----  ---------  --------  ----------  --------------  -------------------
/opt/airflow/dags/data_lake_pipeline.py                           1           0  0.83s           2026-05-25T14:04:19
================================================================================
[2026-05-25T14:05:16.293+0000] {manager.py:893} INFO - 
================================================================================
DAG File Processing Stats

File Path                                PID    Runtime      # DAGs    # Errors  Last Runtime    Last Run
---------------------------------------  -----  ---------  --------  ----------  --------------  -------------------
/opt/airflow/dags/data_lake_pipeline.py                           1           0  0.86s           2026-05-25T14:04:51
================================================================================
[2026-05-25T14:05:46.496+0000] {manager.py:893} INFO - 
================================================================================
DAG File Processing Stats

File Path                                PID    Runtime      # DAGs    # Errors  Last Runtime    Last Run
---------------------------------------  -----  ---------  --------  ----------  --------------  -------------------
/opt/airflow/dags/data_lake_pipeline.py                           1           0  0.69s           2026-05-25T14:05:20
================================================================================
[2026-05-25T14:06:16.744+0000] {manager.py:893} INFO - 
================================================================================
DAG File Processing Stats

File Path                                PID    Runtime      # DAGs    # Errors  Last Runtime    Last Run
---------------------------------------  -----  ---------  --------  ----------  --------------  -------------------
/opt/airflow/dags/data_lake_pipeline.py                           1           0  0.61s           2026-05-25T14:05:51
================================================================================
[2026-05-25T14:06:20.312+0000] {manager.py:469} INFO - Exiting gracefully upon receiving signal 15
[2026-05-25T14:09:38.811+0000] {manager.py:487} INFO - Processing files using up to 2 processes at a time 
[2026-05-25T14:09:38.815+0000] {manager.py:488} INFO - Process each file at most once every 30 seconds
[2026-05-25T14:09:38.815+0000] {manager.py:489} INFO - Checking for new files in /opt/airflow/dags every 300 seconds
[2026-05-25T14:09:38.816+0000] {manager.py:759} INFO - Searching for files in /opt/airflow/dags
[2026-05-25T14:09:38.820+0000] {manager.py:762} INFO - There are 1 files in /opt/airflow/dags
[2026-05-25T14:09:38.877+0000] {manager.py:893} INFO - 
================================================================================
DAG File Processing Stats

File Path                                  PID  Runtime      # DAGs    # Errors  Last Runtime    Last Run
---------------------------------------  -----  ---------  --------  ----------  --------------  ----------
/opt/airflow/dags/data_lake_pipeline.py    166  0.03s             0           0
================================================================================
[2026-05-25T14:10:09.078+0000] {manager.py:893} INFO - 
================================================================================
DAG File Processing Stats

File Path                                PID    Runtime      # DAGs    # Errors  Last Runtime    Last Run
---------------------------------------  -----  ---------  --------  ----------  --------------  -------------------
/opt/airflow/dags/data_lake_pipeline.py                           0           1  0.28s           2026-05-25T14:09:39
================================================================================
[2026-05-25T14:10:39.479+0000] {manager.py:893} INFO - 
================================================================================
DAG File Processing Stats

File Path                                PID    Runtime      # DAGs    # Errors  Last Runtime    Last Run
---------------------------------------  -----  ---------  --------  ----------  --------------  -------------------
/opt/airflow/dags/data_lake_pipeline.py                           0           1  0.20s           2026-05-25T14:10:09
================================================================================
[2026-05-25T14:11:09.883+0000] {manager.py:893} INFO - 
================================================================================
DAG File Processing Stats

File Path                                PID    Runtime      # DAGs    # Errors  Last Runtime    Last Run
---------------------------------------  -----  ---------  --------  ----------  --------------  -------------------
/opt/airflow/dags/data_lake_pipeline.py                           0           1  0.24s           2026-05-25T14:10:39
================================================================================
[2026-05-25T14:11:40.352+0000] {manager.py:893} INFO - 
================================================================================
DAG File Processing Stats

File Path                                  PID  Runtime      # DAGs    # Errors  Last Runtime    Last Run
---------------------------------------  -----  ---------  --------  ----------  --------------  -------------------
/opt/airflow/dags/data_lake_pipeline.py    187  0.01s             0           1  0.19s           2026-05-25T14:11:10
================================================================================
[2026-05-25T14:12:10.785+0000] {manager.py:893} INFO - 
================================================================================
DAG File Processing Stats

File Path                                  PID  Runtime      # DAGs    # Errors  Last Runtime    Last Run
---------------------------------------  -----  ---------  --------  ----------  --------------  -------------------
/opt/airflow/dags/data_lake_pipeline.py    198  0.01s             0           1  0.24s           2026-05-25T14:11:40
================================================================================
[2026-05-25T14:12:41.041+0000] {manager.py:893} INFO - 
================================================================================
DAG File Processing Stats

File Path                                  PID  Runtime      # DAGs    # Errors  Last Runtime    Last Run
---------------------------------------  -----  ---------  --------  ----------  --------------  -------------------
/opt/airflow/dags/data_lake_pipeline.py    203  0.01s             0           1  0.13s           2026-05-25T14:12:10
================================================================================
[2026-05-25T14:13:11.301+0000] {manager.py:893} INFO - 
================================================================================
DAG File Processing Stats

File Path                                  PID  Runtime      # DAGs    # Errors  Last Runtime    Last Run
---------------------------------------  -----  ---------  --------  ----------  --------------  -------------------
/opt/airflow/dags/data_lake_pipeline.py    208  0.01s             0           1  0.15s           2026-05-25T14:12:41
================================================================================
[2026-05-25T14:13:41.553+0000] {manager.py:893} INFO - 
================================================================================
DAG File Processing Stats

File Path                                  PID  Runtime      # DAGs    # Errors  Last Runtime    Last Run
---------------------------------------  -----  ---------  --------  ----------  --------------  -------------------
/opt/airflow/dags/data_lake_pipeline.py    213  0.01s             0           1  0.19s           2026-05-25T14:13:11
================================================================================
[2026-05-25T14:14:55.670+0000] {manager.py:487} INFO - Processing files using up to 2 processes at a time 
[2026-05-25T14:14:55.682+0000] {manager.py:488} INFO - Process each file at most once every 30 seconds
[2026-05-25T14:14:55.683+0000] {manager.py:489} INFO - Checking for new files in /opt/airflow/dags every 300 seconds
[2026-05-25T14:14:55.683+0000] {manager.py:759} INFO - Searching for files in /opt/airflow/dags
[2026-05-25T14:14:55.686+0000] {manager.py:762} INFO - There are 1 files in /opt/airflow/dags
[2026-05-25T14:14:55.740+0000] {manager.py:893} INFO - 
================================================================================
DAG File Processing Stats

File Path                                  PID  Runtime      # DAGs    # Errors  Last Runtime    Last Run
---------------------------------------  -----  ---------  --------  ----------  --------------  ----------
/opt/airflow/dags/data_lake_pipeline.py    167  0.03s             0           0
================================================================================
[2026-05-25T14:15:25.890+0000] {manager.py:893} INFO - 
================================================================================
DAG File Processing Stats

File Path                                PID    Runtime      # DAGs    # Errors  Last Runtime    Last Run
---------------------------------------  -----  ---------  --------  ----------  --------------  -------------------
/opt/airflow/dags/data_lake_pipeline.py                           1           0  1.67s           2026-05-25T14:14:57
================================================================================
[2026-05-25T14:15:56.070+0000] {manager.py:893} INFO - 
================================================================================
DAG File Processing Stats

File Path                                PID    Runtime      # DAGs    # Errors  Last Runtime    Last Run
---------------------------------------  -----  ---------  --------  ----------  --------------  -------------------
/opt/airflow/dags/data_lake_pipeline.py                           1           0  0.85s           2026-05-25T14:15:28
================================================================================
[2026-05-25T14:16:26.322+0000] {manager.py:893} INFO - 
================================================================================
DAG File Processing Stats

File Path                                PID    Runtime      # DAGs    # Errors  Last Runtime    Last Run
---------------------------------------  -----  ---------  --------  ----------  --------------  -------------------
/opt/airflow/dags/data_lake_pipeline.py                           1           0  0.84s           2026-05-25T14:15:59
================================================================================
[2026-05-25T14:16:56.888+0000] {manager.py:893} INFO - 
================================================================================
DAG File Processing Stats

File Path                                PID    Runtime      # DAGs    # Errors  Last Runtime    Last Run
---------------------------------------  -----  ---------  --------  ----------  --------------  -------------------
/opt/airflow/dags/data_lake_pipeline.py                           1           0  0.96s           2026-05-25T14:16:56
================================================================================
[2026-05-25T14:17:27.188+0000] {manager.py:893} INFO - 
================================================================================
DAG File Processing Stats

File Path                                  PID  Runtime      # DAGs    # Errors  Last Runtime    Last Run
---------------------------------------  -----  ---------  --------  ----------  --------------  -------------------
/opt/airflow/dags/data_lake_pipeline.py    262  0.00s             1           0  0.96s           2026-05-25T14:16:56
================================================================================
[2026-05-25T14:17:57.378+0000] {manager.py:893} INFO - 
================================================================================
DAG File Processing Stats

File Path                                PID    Runtime      # DAGs    # Errors  Last Runtime    Last Run
---------------------------------------  -----  ---------  --------  ----------  --------------  -------------------
/opt/airflow/dags/data_lake_pipeline.py                           1           0  0.82s           2026-05-25T14:17:41
================================================================================
[2026-05-25T14:18:27.484+0000] {manager.py:893} INFO - 
================================================================================
DAG File Processing Stats

File Path                                PID    Runtime      # DAGs    # Errors  Last Runtime    Last Run
---------------------------------------  -----  ---------  --------  ----------  --------------  -------------------
/opt/airflow/dags/data_lake_pipeline.py                           0           1  0.60s           2026-05-25T14:18:22
================================================================================
[2026-05-25T14:18:58.127+0000] {manager.py:893} INFO - 
================================================================================
DAG File Processing Stats

File Path                                PID    Runtime      # DAGs    # Errors  Last Runtime    Last Run
---------------------------------------  -----  ---------  --------  ----------  --------------  -------------------
/opt/airflow/dags/data_lake_pipeline.py                           0           1  0.64s           2026-05-25T14:18:53
================================================================================
[2026-05-25T14:19:28.925+0000] {manager.py:893} INFO - 
================================================================================
DAG File Processing Stats

File Path                                PID    Runtime      # DAGs    # Errors  Last Runtime    Last Run
---------------------------------------  -----  ---------  --------  ----------  --------------  -------------------
/opt/airflow/dags/data_lake_pipeline.py                           0           1  0.55s           2026-05-25T14:19:14
================================================================================
[2026-05-25T14:19:55.701+0000] {manager.py:759} INFO - Searching for files in /opt/airflow/dags
[2026-05-25T14:19:55.708+0000] {manager.py:762} INFO - There are 1 files in /opt/airflow/dags
[2026-05-25T14:19:59.287+0000] {manager.py:893} INFO - 
================================================================================
DAG File Processing Stats

File Path                                PID    Runtime      # DAGs    # Errors  Last Runtime    Last Run
---------------------------------------  -----  ---------  --------  ----------  --------------  -------------------
/opt/airflow/dags/data_lake_pipeline.py                           0           1  0.57s           2026-05-25T14:19:44
================================================================================
[2026-05-25T14:20:29.483+0000] {manager.py:893} INFO - 
================================================================================
DAG File Processing Stats

File Path                                PID    Runtime      # DAGs    # Errors  Last Runtime    Last Run
---------------------------------------  -----  ---------  --------  ----------  --------------  -------------------
/opt/airflow/dags/data_lake_pipeline.py                           1           0  0.73s           2026-05-25T14:20:15
================================================================================
[2026-05-25T14:20:59.514+0000] {manager.py:893} INFO - 
================================================================================
DAG File Processing Stats

File Path                                PID    Runtime      # DAGs    # Errors  Last Runtime    Last Run
---------------------------------------  -----  ---------  --------  ----------  --------------  -------------------
/opt/airflow/dags/data_lake_pipeline.py                           1           0  0.59s           2026-05-25T14:20:46
================================================================================
[2026-05-25T14:21:30.091+0000] {manager.py:893} INFO - 
================================================================================
DAG File Processing Stats

File Path                                PID    Runtime      # DAGs    # Errors  Last Runtime    Last Run
---------------------------------------  -----  ---------  --------  ----------  --------------  -------------------
/opt/airflow/dags/data_lake_pipeline.py                           1           0  0.60s           2026-05-25T14:21:17
================================================================================
[2026-05-25T14:22:00.159+0000] {manager.py:893} INFO - 
================================================================================
DAG File Processing Stats

File Path                                PID    Runtime      # DAGs    # Errors  Last Runtime    Last Run
---------------------------------------  -----  ---------  --------  ----------  --------------  -------------------
/opt/airflow/dags/data_lake_pipeline.py                           1           0  0.62s           2026-05-25T14:21:48
================================================================================
[2026-05-25T14:22:30.422+0000] {manager.py:893} INFO - 
================================================================================
DAG File Processing Stats

File Path                                PID    Runtime      # DAGs    # Errors  Last Runtime    Last Run
---------------------------------------  -----  ---------  --------  ----------  --------------  -------------------
/opt/airflow/dags/data_lake_pipeline.py                           1           0  1.06s           2026-05-25T14:22:19
================================================================================
[2026-05-25T14:23:00.562+0000] {manager.py:893} INFO - 
================================================================================
DAG File Processing Stats

File Path                                PID    Runtime      # DAGs    # Errors  Last Runtime    Last Run
---------------------------------------  -----  ---------  --------  ----------  --------------  -------------------
/opt/airflow/dags/data_lake_pipeline.py                           1           0  0.91s           2026-05-25T14:22:50
================================================================================
[2026-05-25T14:23:30.823+0000] {manager.py:893} INFO - 
================================================================================
DAG File Processing Stats

File Path                                PID    Runtime      # DAGs    # Errors  Last Runtime    Last Run
---------------------------------------  -----  ---------  --------  ----------  --------------  -------------------
/opt/airflow/dags/data_lake_pipeline.py                           1           0  0.62s           2026-05-25T14:23:21
================================================================================
[2026-05-25T14:24:01.014+0000] {manager.py:893} INFO - 
================================================================================
DAG File Processing Stats

File Path                                PID    Runtime      # DAGs    # Errors  Last Runtime    Last Run
---------------------------------------  -----  ---------  --------  ----------  --------------  -------------------
/opt/airflow/dags/data_lake_pipeline.py                           1           0  1.01s           2026-05-25T14:23:52
================================================================================
[2026-05-25T14:24:31.256+0000] {manager.py:893} INFO - 
================================================================================
DAG File Processing Stats

File Path                                  PID  Runtime      # DAGs    # Errors  Last Runtime    Last Run
---------------------------------------  -----  ---------  --------  ----------  --------------  -------------------
/opt/airflow/dags/data_lake_pipeline.py    484  1.02s             1           0  1.65s           2026-05-25T14:24:24
================================================================================
[2026-05-25T14:24:56.410+0000] {manager.py:759} INFO - Searching for files in /opt/airflow/dags
[2026-05-25T14:24:56.417+0000] {manager.py:762} INFO - There are 1 files in /opt/airflow/dags
[2026-05-25T14:25:01.471+0000] {manager.py:893} INFO - 
================================================================================
DAG File Processing Stats

File Path                                  PID  Runtime      # DAGs    # Errors  Last Runtime    Last Run
---------------------------------------  -----  ---------  --------  ----------  --------------  -------------------
/opt/airflow/dags/data_lake_pipeline.py    493  0.01s             1           0  1.10s           2026-05-25T14:24:31
================================================================================
[2026-05-25T14:25:31.677+0000] {manager.py:893} INFO - 
================================================================================
DAG File Processing Stats

File Path                                PID    Runtime      # DAGs    # Errors  Last Runtime    Last Run
---------------------------------------  -----  ---------  --------  ----------  --------------  -------------------
/opt/airflow/dags/data_lake_pipeline.py                           1           0  0.78s           2026-05-25T14:25:02
================================================================================
[2026-05-25T14:26:01.856+0000] {manager.py:893} INFO - 
================================================================================
DAG File Processing Stats

File Path                                PID    Runtime      # DAGs    # Errors  Last Runtime    Last Run
---------------------------------------  -----  ---------  --------  ----------  --------------  -------------------
/opt/airflow/dags/data_lake_pipeline.py                           1           0  0.74s           2026-05-25T14:25:33
================================================================================
