[2026-05-29T08:41:45.042+0000] {processor.py:157} INFO - Started process (PID=170) to work on /opt/airflow/dags/hackernews_dag.py
[2026-05-29T08:41:45.043+0000] {processor.py:829} INFO - Processing file /opt/airflow/dags/hackernews_dag.py for tasks to queue
[2026-05-29T08:41:45.045+0000] {logging_mixin.py:151} INFO - [2026-05-29T08:41:45.045+0000] {dagbag.py:539} INFO - Filling up the DagBag from /opt/airflow/dags/hackernews_dag.py
[2026-05-29T08:41:45.064+0000] {processor.py:839} INFO - DAG(s) dict_keys(['hackernews_pipeline']) retrieved from /opt/airflow/dags/hackernews_dag.py
[2026-05-29T08:41:45.093+0000] {logging_mixin.py:151} INFO - [2026-05-29T08:41:45.093+0000] {dag.py:2915} INFO - Sync 1 DAGs
[2026-05-29T08:41:45.115+0000] {logging_mixin.py:151} INFO - [2026-05-29T08:41:45.114+0000] {dag.py:3696} INFO - Setting next_dagrun for hackernews_pipeline to 2024-01-01T00:00:00+00:00, run_after=2024-01-01T00:05:00+00:00
[2026-05-29T08:41:45.129+0000] {processor.py:179} INFO - Processing /opt/airflow/dags/hackernews_dag.py took 0.090 seconds
[2026-05-29T08:43:53.800+0000] {processor.py:157} INFO - Started process (PID=170) to work on /opt/airflow/dags/hackernews_dag.py
[2026-05-29T08:43:53.802+0000] {processor.py:829} INFO - Processing file /opt/airflow/dags/hackernews_dag.py for tasks to queue
[2026-05-29T08:43:53.804+0000] {logging_mixin.py:151} INFO - [2026-05-29T08:43:53.804+0000] {dagbag.py:539} INFO - Filling up the DagBag from /opt/airflow/dags/hackernews_dag.py
[2026-05-29T08:43:53.846+0000] {processor.py:839} INFO - DAG(s) dict_keys(['hackernews_pipeline']) retrieved from /opt/airflow/dags/hackernews_dag.py
[2026-05-29T08:43:53.903+0000] {logging_mixin.py:151} INFO - [2026-05-29T08:43:53.902+0000] {dag.py:2915} INFO - Sync 1 DAGs
[2026-05-29T08:43:53.928+0000] {logging_mixin.py:151} INFO - [2026-05-29T08:43:53.928+0000] {dag.py:3696} INFO - Setting next_dagrun for hackernews_pipeline to 2024-01-01T00:00:00+00:00, run_after=2024-01-01T00:05:00+00:00
[2026-05-29T08:43:53.971+0000] {processor.py:179} INFO - Processing /opt/airflow/dags/hackernews_dag.py took 0.178 seconds
[2026-05-29T08:44:24.262+0000] {processor.py:157} INFO - Started process (PID=180) to work on /opt/airflow/dags/hackernews_dag.py
[2026-05-29T08:44:24.263+0000] {processor.py:829} INFO - Processing file /opt/airflow/dags/hackernews_dag.py for tasks to queue
[2026-05-29T08:44:24.265+0000] {logging_mixin.py:151} INFO - [2026-05-29T08:44:24.264+0000] {dagbag.py:539} INFO - Filling up the DagBag from /opt/airflow/dags/hackernews_dag.py
[2026-05-29T08:44:24.280+0000] {processor.py:839} INFO - DAG(s) dict_keys(['hackernews_pipeline']) retrieved from /opt/airflow/dags/hackernews_dag.py
[2026-05-29T08:44:24.319+0000] {logging_mixin.py:151} INFO - [2026-05-29T08:44:24.319+0000] {dag.py:2915} INFO - Sync 1 DAGs
[2026-05-29T08:44:24.335+0000] {logging_mixin.py:151} INFO - [2026-05-29T08:44:24.335+0000] {dag.py:3696} INFO - Setting next_dagrun for hackernews_pipeline to 2024-01-01T00:00:00+00:00, run_after=2024-01-01T00:05:00+00:00
[2026-05-29T08:44:24.349+0000] {processor.py:179} INFO - Processing /opt/airflow/dags/hackernews_dag.py took 0.097 seconds
[2026-05-29T08:44:54.606+0000] {processor.py:157} INFO - Started process (PID=190) to work on /opt/airflow/dags/hackernews_dag.py
[2026-05-29T08:44:54.608+0000] {processor.py:829} INFO - Processing file /opt/airflow/dags/hackernews_dag.py for tasks to queue
[2026-05-29T08:44:54.610+0000] {logging_mixin.py:151} INFO - [2026-05-29T08:44:54.609+0000] {dagbag.py:539} INFO - Filling up the DagBag from /opt/airflow/dags/hackernews_dag.py
[2026-05-29T08:44:54.631+0000] {processor.py:839} INFO - DAG(s) dict_keys(['hackernews_pipeline']) retrieved from /opt/airflow/dags/hackernews_dag.py
[2026-05-29T08:44:54.656+0000] {logging_mixin.py:151} INFO - [2026-05-29T08:44:54.656+0000] {dag.py:2915} INFO - Sync 1 DAGs
[2026-05-29T08:44:54.674+0000] {logging_mixin.py:151} INFO - [2026-05-29T08:44:54.674+0000] {dag.py:3696} INFO - Setting next_dagrun for hackernews_pipeline to 2024-01-01T00:00:00+00:00, run_after=2024-01-01T00:05:00+00:00
[2026-05-29T08:44:54.802+0000] {processor.py:179} INFO - Processing /opt/airflow/dags/hackernews_dag.py took 0.202 seconds
[2026-05-29T08:45:24.906+0000] {processor.py:157} INFO - Started process (PID=199) to work on /opt/airflow/dags/hackernews_dag.py
[2026-05-29T08:45:24.907+0000] {processor.py:829} INFO - Processing file /opt/airflow/dags/hackernews_dag.py for tasks to queue
[2026-05-29T08:45:24.908+0000] {logging_mixin.py:151} INFO - [2026-05-29T08:45:24.908+0000] {dagbag.py:539} INFO - Filling up the DagBag from /opt/airflow/dags/hackernews_dag.py
[2026-05-29T08:45:24.917+0000] {processor.py:839} INFO - DAG(s) dict_keys(['hackernews_pipeline']) retrieved from /opt/airflow/dags/hackernews_dag.py
[2026-05-29T08:45:24.936+0000] {logging_mixin.py:151} INFO - [2026-05-29T08:45:24.936+0000] {dag.py:2915} INFO - Sync 1 DAGs
[2026-05-29T08:45:25.035+0000] {logging_mixin.py:151} INFO - [2026-05-29T08:45:25.035+0000] {dag.py:3696} INFO - Setting next_dagrun for hackernews_pipeline to 2024-01-01T00:00:00+00:00, run_after=2024-01-01T00:05:00+00:00
[2026-05-29T08:45:25.046+0000] {processor.py:179} INFO - Processing /opt/airflow/dags/hackernews_dag.py took 0.142 seconds
[2026-05-29T08:45:55.358+0000] {processor.py:157} INFO - Started process (PID=210) to work on /opt/airflow/dags/hackernews_dag.py
[2026-05-29T08:45:55.359+0000] {processor.py:829} INFO - Processing file /opt/airflow/dags/hackernews_dag.py for tasks to queue
[2026-05-29T08:45:55.360+0000] {logging_mixin.py:151} INFO - [2026-05-29T08:45:55.360+0000] {dagbag.py:539} INFO - Filling up the DagBag from /opt/airflow/dags/hackernews_dag.py
[2026-05-29T08:45:55.375+0000] {processor.py:839} INFO - DAG(s) dict_keys(['hackernews_pipeline']) retrieved from /opt/airflow/dags/hackernews_dag.py
[2026-05-29T08:45:55.407+0000] {logging_mixin.py:151} INFO - [2026-05-29T08:45:55.407+0000] {dag.py:2915} INFO - Sync 1 DAGs
[2026-05-29T08:45:55.558+0000] {logging_mixin.py:151} INFO - [2026-05-29T08:45:55.557+0000] {dag.py:3696} INFO - Setting next_dagrun for hackernews_pipeline to 2024-01-01T00:00:00+00:00, run_after=2024-01-01T00:05:00+00:00
[2026-05-29T08:45:55.570+0000] {processor.py:179} INFO - Processing /opt/airflow/dags/hackernews_dag.py took 0.216 seconds
[2026-05-29T08:46:25.641+0000] {processor.py:157} INFO - Started process (PID=220) to work on /opt/airflow/dags/hackernews_dag.py
[2026-05-29T08:46:25.643+0000] {processor.py:829} INFO - Processing file /opt/airflow/dags/hackernews_dag.py for tasks to queue
[2026-05-29T08:46:25.644+0000] {logging_mixin.py:151} INFO - [2026-05-29T08:46:25.644+0000] {dagbag.py:539} INFO - Filling up the DagBag from /opt/airflow/dags/hackernews_dag.py
[2026-05-29T08:46:25.658+0000] {processor.py:839} INFO - DAG(s) dict_keys(['hackernews_pipeline']) retrieved from /opt/airflow/dags/hackernews_dag.py
[2026-05-29T08:46:25.787+0000] {logging_mixin.py:151} INFO - [2026-05-29T08:46:25.787+0000] {dag.py:2915} INFO - Sync 1 DAGs
[2026-05-29T08:46:25.799+0000] {logging_mixin.py:151} INFO - [2026-05-29T08:46:25.798+0000] {dag.py:3696} INFO - Setting next_dagrun for hackernews_pipeline to 2024-01-01T00:00:00+00:00, run_after=2024-01-01T00:05:00+00:00
[2026-05-29T08:46:25.807+0000] {processor.py:179} INFO - Processing /opt/airflow/dags/hackernews_dag.py took 0.171 seconds
[2026-05-29T08:46:55.960+0000] {processor.py:157} INFO - Started process (PID=230) to work on /opt/airflow/dags/hackernews_dag.py
[2026-05-29T08:46:55.961+0000] {processor.py:829} INFO - Processing file /opt/airflow/dags/hackernews_dag.py for tasks to queue
[2026-05-29T08:46:55.962+0000] {logging_mixin.py:151} INFO - [2026-05-29T08:46:55.962+0000] {dagbag.py:539} INFO - Filling up the DagBag from /opt/airflow/dags/hackernews_dag.py
[2026-05-29T08:46:56.064+0000] {processor.py:839} INFO - DAG(s) dict_keys(['hackernews_pipeline']) retrieved from /opt/airflow/dags/hackernews_dag.py
[2026-05-29T08:46:56.078+0000] {logging_mixin.py:151} INFO - [2026-05-29T08:46:56.078+0000] {dag.py:2915} INFO - Sync 1 DAGs
[2026-05-29T08:46:56.087+0000] {logging_mixin.py:151} INFO - [2026-05-29T08:46:56.087+0000] {dag.py:3696} INFO - Setting next_dagrun for hackernews_pipeline to 2024-01-01T00:00:00+00:00, run_after=2024-01-01T00:05:00+00:00
[2026-05-29T08:46:56.099+0000] {processor.py:179} INFO - Processing /opt/airflow/dags/hackernews_dag.py took 0.142 seconds
[2026-05-29T08:47:26.504+0000] {processor.py:157} INFO - Started process (PID=240) to work on /opt/airflow/dags/hackernews_dag.py
[2026-05-29T08:47:26.506+0000] {processor.py:829} INFO - Processing file /opt/airflow/dags/hackernews_dag.py for tasks to queue
[2026-05-29T08:47:26.506+0000] {logging_mixin.py:151} INFO - [2026-05-29T08:47:26.506+0000] {dagbag.py:539} INFO - Filling up the DagBag from /opt/airflow/dags/hackernews_dag.py
[2026-05-29T08:47:26.518+0000] {processor.py:839} INFO - DAG(s) dict_keys(['hackernews_pipeline']) retrieved from /opt/airflow/dags/hackernews_dag.py
[2026-05-29T08:47:26.539+0000] {logging_mixin.py:151} INFO - [2026-05-29T08:47:26.539+0000] {dag.py:2915} INFO - Sync 1 DAGs
[2026-05-29T08:47:26.554+0000] {logging_mixin.py:151} INFO - [2026-05-29T08:47:26.554+0000] {dag.py:3696} INFO - Setting next_dagrun for hackernews_pipeline to 2024-01-01T00:00:00+00:00, run_after=2024-01-01T00:05:00+00:00
[2026-05-29T08:47:26.565+0000] {processor.py:179} INFO - Processing /opt/airflow/dags/hackernews_dag.py took 0.065 seconds
[2026-05-29T08:47:56.798+0000] {processor.py:157} INFO - Started process (PID=250) to work on /opt/airflow/dags/hackernews_dag.py
[2026-05-29T08:47:56.799+0000] {processor.py:829} INFO - Processing file /opt/airflow/dags/hackernews_dag.py for tasks to queue
[2026-05-29T08:47:56.800+0000] {logging_mixin.py:151} INFO - [2026-05-29T08:47:56.799+0000] {dagbag.py:539} INFO - Filling up the DagBag from /opt/airflow/dags/hackernews_dag.py
[2026-05-29T08:47:56.811+0000] {processor.py:839} INFO - DAG(s) dict_keys(['hackernews_pipeline']) retrieved from /opt/airflow/dags/hackernews_dag.py
[2026-05-29T08:47:56.832+0000] {logging_mixin.py:151} INFO - [2026-05-29T08:47:56.832+0000] {dag.py:2915} INFO - Sync 1 DAGs
[2026-05-29T08:47:56.846+0000] {logging_mixin.py:151} INFO - [2026-05-29T08:47:56.846+0000] {dag.py:3696} INFO - Setting next_dagrun for hackernews_pipeline to 2024-01-01T00:00:00+00:00, run_after=2024-01-01T00:05:00+00:00
[2026-05-29T08:47:56.857+0000] {processor.py:179} INFO - Processing /opt/airflow/dags/hackernews_dag.py took 0.063 seconds
[2026-05-29T08:48:27.047+0000] {processor.py:157} INFO - Started process (PID=260) to work on /opt/airflow/dags/hackernews_dag.py
[2026-05-29T08:48:27.048+0000] {processor.py:829} INFO - Processing file /opt/airflow/dags/hackernews_dag.py for tasks to queue
[2026-05-29T08:48:27.048+0000] {logging_mixin.py:151} INFO - [2026-05-29T08:48:27.048+0000] {dagbag.py:539} INFO - Filling up the DagBag from /opt/airflow/dags/hackernews_dag.py
[2026-05-29T08:48:27.058+0000] {processor.py:839} INFO - DAG(s) dict_keys(['hackernews_pipeline']) retrieved from /opt/airflow/dags/hackernews_dag.py
[2026-05-29T08:48:27.077+0000] {logging_mixin.py:151} INFO - [2026-05-29T08:48:27.077+0000] {dag.py:2915} INFO - Sync 1 DAGs
[2026-05-29T08:48:27.090+0000] {logging_mixin.py:151} INFO - [2026-05-29T08:48:27.090+0000] {dag.py:3696} INFO - Setting next_dagrun for hackernews_pipeline to 2024-01-01T00:00:00+00:00, run_after=2024-01-01T00:05:00+00:00
[2026-05-29T08:48:27.101+0000] {processor.py:179} INFO - Processing /opt/airflow/dags/hackernews_dag.py took 0.055 seconds
[2026-05-29T08:48:57.399+0000] {processor.py:157} INFO - Started process (PID=270) to work on /opt/airflow/dags/hackernews_dag.py
[2026-05-29T08:48:57.400+0000] {processor.py:829} INFO - Processing file /opt/airflow/dags/hackernews_dag.py for tasks to queue
[2026-05-29T08:48:57.402+0000] {logging_mixin.py:151} INFO - [2026-05-29T08:48:57.401+0000] {dagbag.py:539} INFO - Filling up the DagBag from /opt/airflow/dags/hackernews_dag.py
[2026-05-29T08:48:57.419+0000] {processor.py:839} INFO - DAG(s) dict_keys(['hackernews_pipeline']) retrieved from /opt/airflow/dags/hackernews_dag.py
[2026-05-29T08:48:57.450+0000] {logging_mixin.py:151} INFO - [2026-05-29T08:48:57.450+0000] {dag.py:2915} INFO - Sync 1 DAGs
[2026-05-29T08:48:57.467+0000] {logging_mixin.py:151} INFO - [2026-05-29T08:48:57.467+0000] {dag.py:3696} INFO - Setting next_dagrun for hackernews_pipeline to 2024-01-01T00:00:00+00:00, run_after=2024-01-01T00:05:00+00:00
[2026-05-29T08:48:57.482+0000] {processor.py:179} INFO - Processing /opt/airflow/dags/hackernews_dag.py took 0.088 seconds
[2026-05-29T08:49:27.701+0000] {processor.py:157} INFO - Started process (PID=280) to work on /opt/airflow/dags/hackernews_dag.py
[2026-05-29T08:49:27.702+0000] {processor.py:829} INFO - Processing file /opt/airflow/dags/hackernews_dag.py for tasks to queue
[2026-05-29T08:49:27.703+0000] {logging_mixin.py:151} INFO - [2026-05-29T08:49:27.703+0000] {dagbag.py:539} INFO - Filling up the DagBag from /opt/airflow/dags/hackernews_dag.py
[2026-05-29T08:49:27.718+0000] {processor.py:839} INFO - DAG(s) dict_keys(['hackernews_pipeline']) retrieved from /opt/airflow/dags/hackernews_dag.py
[2026-05-29T08:49:27.746+0000] {logging_mixin.py:151} INFO - [2026-05-29T08:49:27.746+0000] {dag.py:2915} INFO - Sync 1 DAGs
[2026-05-29T08:49:27.763+0000] {logging_mixin.py:151} INFO - [2026-05-29T08:49:27.763+0000] {dag.py:3696} INFO - Setting next_dagrun for hackernews_pipeline to 2024-01-01T00:00:00+00:00, run_after=2024-01-01T00:05:00+00:00
[2026-05-29T08:49:27.775+0000] {processor.py:179} INFO - Processing /opt/airflow/dags/hackernews_dag.py took 0.078 seconds
[2026-05-29T08:49:58.010+0000] {processor.py:157} INFO - Started process (PID=290) to work on /opt/airflow/dags/hackernews_dag.py
[2026-05-29T08:49:58.011+0000] {processor.py:829} INFO - Processing file /opt/airflow/dags/hackernews_dag.py for tasks to queue
[2026-05-29T08:49:58.013+0000] {logging_mixin.py:151} INFO - [2026-05-29T08:49:58.013+0000] {dagbag.py:539} INFO - Filling up the DagBag from /opt/airflow/dags/hackernews_dag.py
[2026-05-29T08:49:58.028+0000] {processor.py:839} INFO - DAG(s) dict_keys(['hackernews_pipeline']) retrieved from /opt/airflow/dags/hackernews_dag.py
[2026-05-29T08:49:58.053+0000] {logging_mixin.py:151} INFO - [2026-05-29T08:49:58.053+0000] {dag.py:2915} INFO - Sync 1 DAGs
[2026-05-29T08:49:58.067+0000] {logging_mixin.py:151} INFO - [2026-05-29T08:49:58.067+0000] {dag.py:3696} INFO - Setting next_dagrun for hackernews_pipeline to 2024-01-01T00:00:00+00:00, run_after=2024-01-01T00:05:00+00:00
[2026-05-29T08:49:58.079+0000] {processor.py:179} INFO - Processing /opt/airflow/dags/hackernews_dag.py took 0.073 seconds
[2026-05-29T08:50:28.289+0000] {processor.py:157} INFO - Started process (PID=300) to work on /opt/airflow/dags/hackernews_dag.py
[2026-05-29T08:50:28.290+0000] {processor.py:829} INFO - Processing file /opt/airflow/dags/hackernews_dag.py for tasks to queue
[2026-05-29T08:50:28.292+0000] {logging_mixin.py:151} INFO - [2026-05-29T08:50:28.291+0000] {dagbag.py:539} INFO - Filling up the DagBag from /opt/airflow/dags/hackernews_dag.py
[2026-05-29T08:50:28.305+0000] {processor.py:839} INFO - DAG(s) dict_keys(['hackernews_pipeline']) retrieved from /opt/airflow/dags/hackernews_dag.py
[2026-05-29T08:50:28.323+0000] {logging_mixin.py:151} INFO - [2026-05-29T08:50:28.322+0000] {dag.py:2915} INFO - Sync 1 DAGs
[2026-05-29T08:50:28.355+0000] {logging_mixin.py:151} INFO - [2026-05-29T08:50:28.354+0000] {dag.py:3696} INFO - Setting next_dagrun for hackernews_pipeline to 2024-01-01T00:00:00+00:00, run_after=2024-01-01T00:05:00+00:00
[2026-05-29T08:50:28.368+0000] {processor.py:179} INFO - Processing /opt/airflow/dags/hackernews_dag.py took 0.063 seconds
[2026-05-29T08:50:58.721+0000] {processor.py:157} INFO - Started process (PID=310) to work on /opt/airflow/dags/hackernews_dag.py
[2026-05-29T08:50:58.722+0000] {processor.py:829} INFO - Processing file /opt/airflow/dags/hackernews_dag.py for tasks to queue
[2026-05-29T08:50:58.723+0000] {logging_mixin.py:151} INFO - [2026-05-29T08:50:58.722+0000] {dagbag.py:539} INFO - Filling up the DagBag from /opt/airflow/dags/hackernews_dag.py
[2026-05-29T08:50:58.733+0000] {processor.py:839} INFO - DAG(s) dict_keys(['hackernews_pipeline']) retrieved from /opt/airflow/dags/hackernews_dag.py
[2026-05-29T08:50:58.754+0000] {logging_mixin.py:151} INFO - [2026-05-29T08:50:58.754+0000] {dag.py:2915} INFO - Sync 1 DAGs
[2026-05-29T08:50:58.768+0000] {logging_mixin.py:151} INFO - [2026-05-29T08:50:58.768+0000] {dag.py:3696} INFO - Setting next_dagrun for hackernews_pipeline to 2024-01-01T00:00:00+00:00, run_after=2024-01-01T00:05:00+00:00
[2026-05-29T08:50:58.781+0000] {processor.py:179} INFO - Processing /opt/airflow/dags/hackernews_dag.py took 0.064 seconds
[2026-05-29T08:55:28.250+0000] {processor.py:157} INFO - Started process (PID=322) to work on /opt/airflow/dags/hackernews_dag.py
[2026-05-29T08:55:28.261+0000] {processor.py:829} INFO - Processing file /opt/airflow/dags/hackernews_dag.py for tasks to queue
[2026-05-29T08:55:28.273+0000] {logging_mixin.py:151} INFO - [2026-05-29T08:55:28.265+0000] {dagbag.py:539} INFO - Filling up the DagBag from /opt/airflow/dags/hackernews_dag.py
[2026-05-29T08:55:28.342+0000] {processor.py:839} INFO - DAG(s) dict_keys(['hackernews_pipeline']) retrieved from /opt/airflow/dags/hackernews_dag.py
[2026-05-29T08:55:28.392+0000] {logging_mixin.py:151} INFO - [2026-05-29T08:55:28.392+0000] {dag.py:2915} INFO - Sync 1 DAGs
[2026-05-29T08:55:28.410+0000] {logging_mixin.py:151} INFO - [2026-05-29T08:55:28.410+0000] {dag.py:3696} INFO - Setting next_dagrun for hackernews_pipeline to 2024-01-01T00:00:00+00:00, run_after=2024-01-01T00:05:00+00:00
[2026-05-29T08:55:28.424+0000] {processor.py:179} INFO - Processing /opt/airflow/dags/hackernews_dag.py took 0.186 seconds
[2026-05-29T08:55:58.766+0000] {processor.py:157} INFO - Started process (PID=332) to work on /opt/airflow/dags/hackernews_dag.py
[2026-05-29T08:55:58.768+0000] {processor.py:829} INFO - Processing file /opt/airflow/dags/hackernews_dag.py for tasks to queue
[2026-05-29T08:55:58.770+0000] {logging_mixin.py:151} INFO - [2026-05-29T08:55:58.768+0000] {dagbag.py:539} INFO - Filling up the DagBag from /opt/airflow/dags/hackernews_dag.py
[2026-05-29T08:55:58.787+0000] {processor.py:839} INFO - DAG(s) dict_keys(['hackernews_pipeline']) retrieved from /opt/airflow/dags/hackernews_dag.py
[2026-05-29T08:55:58.822+0000] {logging_mixin.py:151} INFO - [2026-05-29T08:55:58.822+0000] {dag.py:2915} INFO - Sync 1 DAGs
[2026-05-29T08:55:58.848+0000] {logging_mixin.py:151} INFO - [2026-05-29T08:55:58.848+0000] {dag.py:3696} INFO - Setting next_dagrun for hackernews_pipeline to 2024-01-01T00:00:00+00:00, run_after=2024-01-01T00:05:00+00:00
[2026-05-29T08:55:58.866+0000] {processor.py:179} INFO - Processing /opt/airflow/dags/hackernews_dag.py took 0.106 seconds
[2026-05-29T08:56:29.057+0000] {processor.py:157} INFO - Started process (PID=342) to work on /opt/airflow/dags/hackernews_dag.py
[2026-05-29T08:56:29.058+0000] {processor.py:829} INFO - Processing file /opt/airflow/dags/hackernews_dag.py for tasks to queue
[2026-05-29T08:56:29.060+0000] {logging_mixin.py:151} INFO - [2026-05-29T08:56:29.059+0000] {dagbag.py:539} INFO - Filling up the DagBag from /opt/airflow/dags/hackernews_dag.py
[2026-05-29T08:56:29.074+0000] {processor.py:839} INFO - DAG(s) dict_keys(['hackernews_pipeline']) retrieved from /opt/airflow/dags/hackernews_dag.py
[2026-05-29T08:56:29.096+0000] {logging_mixin.py:151} INFO - [2026-05-29T08:56:29.096+0000] {dag.py:2915} INFO - Sync 1 DAGs
[2026-05-29T08:56:29.109+0000] {logging_mixin.py:151} INFO - [2026-05-29T08:56:29.109+0000] {dag.py:3696} INFO - Setting next_dagrun for hackernews_pipeline to 2024-01-01T00:00:00+00:00, run_after=2024-01-01T00:05:00+00:00
[2026-05-29T08:56:29.122+0000] {processor.py:179} INFO - Processing /opt/airflow/dags/hackernews_dag.py took 0.069 seconds
[2026-05-29T08:56:59.408+0000] {processor.py:157} INFO - Started process (PID=352) to work on /opt/airflow/dags/hackernews_dag.py
[2026-05-29T08:56:59.409+0000] {processor.py:829} INFO - Processing file /opt/airflow/dags/hackernews_dag.py for tasks to queue
[2026-05-29T08:56:59.411+0000] {logging_mixin.py:151} INFO - [2026-05-29T08:56:59.410+0000] {dagbag.py:539} INFO - Filling up the DagBag from /opt/airflow/dags/hackernews_dag.py
[2026-05-29T08:56:59.429+0000] {processor.py:839} INFO - DAG(s) dict_keys(['hackernews_pipeline']) retrieved from /opt/airflow/dags/hackernews_dag.py
[2026-05-29T08:56:59.454+0000] {logging_mixin.py:151} INFO - [2026-05-29T08:56:59.454+0000] {dag.py:2915} INFO - Sync 1 DAGs
[2026-05-29T08:56:59.469+0000] {logging_mixin.py:151} INFO - [2026-05-29T08:56:59.469+0000] {dag.py:3696} INFO - Setting next_dagrun for hackernews_pipeline to 2024-01-01T00:00:00+00:00, run_after=2024-01-01T00:05:00+00:00
[2026-05-29T08:56:59.482+0000] {processor.py:179} INFO - Processing /opt/airflow/dags/hackernews_dag.py took 0.078 seconds
[2026-05-29T08:57:29.690+0000] {processor.py:157} INFO - Started process (PID=362) to work on /opt/airflow/dags/hackernews_dag.py
[2026-05-29T08:57:29.691+0000] {processor.py:829} INFO - Processing file /opt/airflow/dags/hackernews_dag.py for tasks to queue
[2026-05-29T08:57:29.692+0000] {logging_mixin.py:151} INFO - [2026-05-29T08:57:29.692+0000] {dagbag.py:539} INFO - Filling up the DagBag from /opt/airflow/dags/hackernews_dag.py
[2026-05-29T08:57:29.703+0000] {processor.py:839} INFO - DAG(s) dict_keys(['hackernews_pipeline']) retrieved from /opt/airflow/dags/hackernews_dag.py
[2026-05-29T08:57:29.727+0000] {logging_mixin.py:151} INFO - [2026-05-29T08:57:29.727+0000] {dag.py:2915} INFO - Sync 1 DAGs
[2026-05-29T08:57:29.749+0000] {logging_mixin.py:151} INFO - [2026-05-29T08:57:29.749+0000] {dag.py:3696} INFO - Setting next_dagrun for hackernews_pipeline to 2024-01-01T00:00:00+00:00, run_after=2024-01-01T00:05:00+00:00
[2026-05-29T08:57:29.765+0000] {processor.py:179} INFO - Processing /opt/airflow/dags/hackernews_dag.py took 0.077 seconds
[2026-05-29T08:58:00.034+0000] {processor.py:157} INFO - Started process (PID=372) to work on /opt/airflow/dags/hackernews_dag.py
[2026-05-29T08:58:00.036+0000] {processor.py:829} INFO - Processing file /opt/airflow/dags/hackernews_dag.py for tasks to queue
[2026-05-29T08:58:00.037+0000] {logging_mixin.py:151} INFO - [2026-05-29T08:58:00.037+0000] {dagbag.py:539} INFO - Filling up the DagBag from /opt/airflow/dags/hackernews_dag.py
[2026-05-29T08:58:00.049+0000] {processor.py:839} INFO - DAG(s) dict_keys(['hackernews_pipeline']) retrieved from /opt/airflow/dags/hackernews_dag.py
[2026-05-29T08:58:00.095+0000] {logging_mixin.py:151} INFO - [2026-05-29T08:58:00.095+0000] {dag.py:2915} INFO - Sync 1 DAGs
[2026-05-29T08:58:00.110+0000] {logging_mixin.py:151} INFO - [2026-05-29T08:58:00.109+0000] {dag.py:3696} INFO - Setting next_dagrun for hackernews_pipeline to 2024-01-01T00:00:00+00:00, run_after=2024-01-01T00:05:00+00:00
[2026-05-29T08:58:00.130+0000] {processor.py:179} INFO - Processing /opt/airflow/dags/hackernews_dag.py took 0.101 seconds
[2026-05-29T08:58:30.297+0000] {processor.py:157} INFO - Started process (PID=382) to work on /opt/airflow/dags/hackernews_dag.py
[2026-05-29T08:58:30.298+0000] {processor.py:829} INFO - Processing file /opt/airflow/dags/hackernews_dag.py for tasks to queue
[2026-05-29T08:58:30.299+0000] {logging_mixin.py:151} INFO - [2026-05-29T08:58:30.298+0000] {dagbag.py:539} INFO - Filling up the DagBag from /opt/airflow/dags/hackernews_dag.py
[2026-05-29T08:58:30.314+0000] {processor.py:839} INFO - DAG(s) dict_keys(['hackernews_pipeline']) retrieved from /opt/airflow/dags/hackernews_dag.py
[2026-05-29T08:58:30.343+0000] {logging_mixin.py:151} INFO - [2026-05-29T08:58:30.343+0000] {dag.py:2915} INFO - Sync 1 DAGs
[2026-05-29T08:58:30.361+0000] {logging_mixin.py:151} INFO - [2026-05-29T08:58:30.361+0000] {dag.py:3696} INFO - Setting next_dagrun for hackernews_pipeline to 2024-01-01T00:00:00+00:00, run_after=2024-01-01T00:05:00+00:00
[2026-05-29T08:58:30.373+0000] {processor.py:179} INFO - Processing /opt/airflow/dags/hackernews_dag.py took 0.081 seconds
[2026-05-29T08:59:00.602+0000] {processor.py:157} INFO - Started process (PID=392) to work on /opt/airflow/dags/hackernews_dag.py
[2026-05-29T08:59:00.603+0000] {processor.py:829} INFO - Processing file /opt/airflow/dags/hackernews_dag.py for tasks to queue
[2026-05-29T08:59:00.604+0000] {logging_mixin.py:151} INFO - [2026-05-29T08:59:00.603+0000] {dagbag.py:539} INFO - Filling up the DagBag from /opt/airflow/dags/hackernews_dag.py
[2026-05-29T08:59:00.613+0000] {processor.py:839} INFO - DAG(s) dict_keys(['hackernews_pipeline']) retrieved from /opt/airflow/dags/hackernews_dag.py
[2026-05-29T08:59:00.635+0000] {logging_mixin.py:151} INFO - [2026-05-29T08:59:00.634+0000] {dag.py:2915} INFO - Sync 1 DAGs
[2026-05-29T08:59:00.647+0000] {logging_mixin.py:151} INFO - [2026-05-29T08:59:00.647+0000] {dag.py:3696} INFO - Setting next_dagrun for hackernews_pipeline to 2024-01-01T00:00:00+00:00, run_after=2024-01-01T00:05:00+00:00
[2026-05-29T08:59:00.661+0000] {processor.py:179} INFO - Processing /opt/airflow/dags/hackernews_dag.py took 0.063 seconds
[2026-05-29T08:59:31.005+0000] {processor.py:157} INFO - Started process (PID=402) to work on /opt/airflow/dags/hackernews_dag.py
[2026-05-29T08:59:31.006+0000] {processor.py:829} INFO - Processing file /opt/airflow/dags/hackernews_dag.py for tasks to queue
[2026-05-29T08:59:31.007+0000] {logging_mixin.py:151} INFO - [2026-05-29T08:59:31.007+0000] {dagbag.py:539} INFO - Filling up the DagBag from /opt/airflow/dags/hackernews_dag.py
[2026-05-29T08:59:31.018+0000] {processor.py:839} INFO - DAG(s) dict_keys(['hackernews_pipeline']) retrieved from /opt/airflow/dags/hackernews_dag.py
[2026-05-29T08:59:31.042+0000] {logging_mixin.py:151} INFO - [2026-05-29T08:59:31.041+0000] {dag.py:2915} INFO - Sync 1 DAGs
[2026-05-29T08:59:31.059+0000] {logging_mixin.py:151} INFO - [2026-05-29T08:59:31.059+0000] {dag.py:3696} INFO - Setting next_dagrun for hackernews_pipeline to 2024-01-01T00:00:00+00:00, run_after=2024-01-01T00:05:00+00:00
[2026-05-29T08:59:31.071+0000] {processor.py:179} INFO - Processing /opt/airflow/dags/hackernews_dag.py took 0.073 seconds
[2026-05-29T09:00:01.405+0000] {processor.py:157} INFO - Started process (PID=412) to work on /opt/airflow/dags/hackernews_dag.py
[2026-05-29T09:00:01.407+0000] {processor.py:829} INFO - Processing file /opt/airflow/dags/hackernews_dag.py for tasks to queue
[2026-05-29T09:00:01.408+0000] {logging_mixin.py:151} INFO - [2026-05-29T09:00:01.407+0000] {dagbag.py:539} INFO - Filling up the DagBag from /opt/airflow/dags/hackernews_dag.py
[2026-05-29T09:00:01.427+0000] {processor.py:839} INFO - DAG(s) dict_keys(['hackernews_pipeline']) retrieved from /opt/airflow/dags/hackernews_dag.py
[2026-05-29T09:00:01.454+0000] {logging_mixin.py:151} INFO - [2026-05-29T09:00:01.454+0000] {dag.py:2915} INFO - Sync 1 DAGs
[2026-05-29T09:00:01.469+0000] {logging_mixin.py:151} INFO - [2026-05-29T09:00:01.468+0000] {dag.py:3696} INFO - Setting next_dagrun for hackernews_pipeline to 2024-01-01T00:00:00+00:00, run_after=2024-01-01T00:05:00+00:00
[2026-05-29T09:00:01.480+0000] {processor.py:179} INFO - Processing /opt/airflow/dags/hackernews_dag.py took 0.079 seconds
[2026-05-29T09:00:31.855+0000] {processor.py:157} INFO - Started process (PID=422) to work on /opt/airflow/dags/hackernews_dag.py
[2026-05-29T09:00:31.857+0000] {processor.py:829} INFO - Processing file /opt/airflow/dags/hackernews_dag.py for tasks to queue
[2026-05-29T09:00:31.859+0000] {logging_mixin.py:151} INFO - [2026-05-29T09:00:31.858+0000] {dagbag.py:539} INFO - Filling up the DagBag from /opt/airflow/dags/hackernews_dag.py
[2026-05-29T09:00:31.874+0000] {processor.py:839} INFO - DAG(s) dict_keys(['hackernews_pipeline']) retrieved from /opt/airflow/dags/hackernews_dag.py
[2026-05-29T09:00:31.895+0000] {logging_mixin.py:151} INFO - [2026-05-29T09:00:31.895+0000] {dag.py:2915} INFO - Sync 1 DAGs
[2026-05-29T09:00:31.908+0000] {logging_mixin.py:151} INFO - [2026-05-29T09:00:31.908+0000] {dag.py:3696} INFO - Setting next_dagrun for hackernews_pipeline to 2024-01-01T00:00:00+00:00, run_after=2024-01-01T00:05:00+00:00
[2026-05-29T09:00:31.919+0000] {processor.py:179} INFO - Processing /opt/airflow/dags/hackernews_dag.py took 0.069 seconds
[2026-05-29T09:01:02.205+0000] {processor.py:157} INFO - Started process (PID=432) to work on /opt/airflow/dags/hackernews_dag.py
[2026-05-29T09:01:02.206+0000] {processor.py:829} INFO - Processing file /opt/airflow/dags/hackernews_dag.py for tasks to queue
[2026-05-29T09:01:02.208+0000] {logging_mixin.py:151} INFO - [2026-05-29T09:01:02.207+0000] {dagbag.py:539} INFO - Filling up the DagBag from /opt/airflow/dags/hackernews_dag.py
[2026-05-29T09:01:02.218+0000] {processor.py:839} INFO - DAG(s) dict_keys(['hackernews_pipeline']) retrieved from /opt/airflow/dags/hackernews_dag.py
[2026-05-29T09:01:02.240+0000] {logging_mixin.py:151} INFO - [2026-05-29T09:01:02.240+0000] {dag.py:2915} INFO - Sync 1 DAGs
[2026-05-29T09:01:02.254+0000] {logging_mixin.py:151} INFO - [2026-05-29T09:01:02.253+0000] {dag.py:3696} INFO - Setting next_dagrun for hackernews_pipeline to 2024-01-01T00:00:00+00:00, run_after=2024-01-01T00:05:00+00:00
[2026-05-29T09:01:02.265+0000] {processor.py:179} INFO - Processing /opt/airflow/dags/hackernews_dag.py took 0.063 seconds
[2026-05-29T09:01:32.650+0000] {processor.py:157} INFO - Started process (PID=442) to work on /opt/airflow/dags/hackernews_dag.py
[2026-05-29T09:01:32.651+0000] {processor.py:829} INFO - Processing file /opt/airflow/dags/hackernews_dag.py for tasks to queue
[2026-05-29T09:01:32.652+0000] {logging_mixin.py:151} INFO - [2026-05-29T09:01:32.652+0000] {dagbag.py:539} INFO - Filling up the DagBag from /opt/airflow/dags/hackernews_dag.py
[2026-05-29T09:01:32.668+0000] {processor.py:839} INFO - DAG(s) dict_keys(['hackernews_pipeline']) retrieved from /opt/airflow/dags/hackernews_dag.py
[2026-05-29T09:01:32.687+0000] {logging_mixin.py:151} INFO - [2026-05-29T09:01:32.687+0000] {dag.py:2915} INFO - Sync 1 DAGs
[2026-05-29T09:01:32.700+0000] {logging_mixin.py:151} INFO - [2026-05-29T09:01:32.699+0000] {dag.py:3696} INFO - Setting next_dagrun for hackernews_pipeline to 2024-01-01T00:00:00+00:00, run_after=2024-01-01T00:05:00+00:00
[2026-05-29T09:01:32.710+0000] {processor.py:179} INFO - Processing /opt/airflow/dags/hackernews_dag.py took 0.065 seconds
[2026-05-29T09:02:02.955+0000] {processor.py:157} INFO - Started process (PID=452) to work on /opt/airflow/dags/hackernews_dag.py
[2026-05-29T09:02:02.957+0000] {processor.py:829} INFO - Processing file /opt/airflow/dags/hackernews_dag.py for tasks to queue
[2026-05-29T09:02:02.958+0000] {logging_mixin.py:151} INFO - [2026-05-29T09:02:02.957+0000] {dagbag.py:539} INFO - Filling up the DagBag from /opt/airflow/dags/hackernews_dag.py
[2026-05-29T09:02:02.974+0000] {processor.py:839} INFO - DAG(s) dict_keys(['hackernews_pipeline']) retrieved from /opt/airflow/dags/hackernews_dag.py
[2026-05-29T09:02:02.993+0000] {logging_mixin.py:151} INFO - [2026-05-29T09:02:02.993+0000] {dag.py:2915} INFO - Sync 1 DAGs
[2026-05-29T09:02:03.006+0000] {logging_mixin.py:151} INFO - [2026-05-29T09:02:03.006+0000] {dag.py:3696} INFO - Setting next_dagrun for hackernews_pipeline to 2024-01-01T00:00:00+00:00, run_after=2024-01-01T00:05:00+00:00
[2026-05-29T09:02:03.016+0000] {processor.py:179} INFO - Processing /opt/airflow/dags/hackernews_dag.py took 0.065 seconds
[2026-05-29T09:02:33.241+0000] {processor.py:157} INFO - Started process (PID=462) to work on /opt/airflow/dags/hackernews_dag.py
[2026-05-29T09:02:33.242+0000] {processor.py:829} INFO - Processing file /opt/airflow/dags/hackernews_dag.py for tasks to queue
[2026-05-29T09:02:33.243+0000] {logging_mixin.py:151} INFO - [2026-05-29T09:02:33.243+0000] {dagbag.py:539} INFO - Filling up the DagBag from /opt/airflow/dags/hackernews_dag.py
[2026-05-29T09:02:33.257+0000] {processor.py:839} INFO - DAG(s) dict_keys(['hackernews_pipeline']) retrieved from /opt/airflow/dags/hackernews_dag.py
[2026-05-29T09:02:33.278+0000] {logging_mixin.py:151} INFO - [2026-05-29T09:02:33.278+0000] {dag.py:2915} INFO - Sync 1 DAGs
[2026-05-29T09:02:33.290+0000] {logging_mixin.py:151} INFO - [2026-05-29T09:02:33.290+0000] {dag.py:3696} INFO - Setting next_dagrun for hackernews_pipeline to 2024-01-01T00:00:00+00:00, run_after=2024-01-01T00:05:00+00:00
[2026-05-29T09:02:33.305+0000] {processor.py:179} INFO - Processing /opt/airflow/dags/hackernews_dag.py took 0.067 seconds
[2026-05-29T09:03:03.620+0000] {processor.py:157} INFO - Started process (PID=472) to work on /opt/airflow/dags/hackernews_dag.py
[2026-05-29T09:03:03.621+0000] {processor.py:829} INFO - Processing file /opt/airflow/dags/hackernews_dag.py for tasks to queue
[2026-05-29T09:03:03.622+0000] {logging_mixin.py:151} INFO - [2026-05-29T09:03:03.622+0000] {dagbag.py:539} INFO - Filling up the DagBag from /opt/airflow/dags/hackernews_dag.py
[2026-05-29T09:03:03.628+0000] {processor.py:839} INFO - DAG(s) dict_keys(['hackernews_pipeline']) retrieved from /opt/airflow/dags/hackernews_dag.py
[2026-05-29T09:03:03.646+0000] {logging_mixin.py:151} INFO - [2026-05-29T09:03:03.646+0000] {dag.py:2915} INFO - Sync 1 DAGs
[2026-05-29T09:03:03.658+0000] {logging_mixin.py:151} INFO - [2026-05-29T09:03:03.658+0000] {dag.py:3696} INFO - Setting next_dagrun for hackernews_pipeline to 2024-01-01T00:00:00+00:00, run_after=2024-01-01T00:05:00+00:00
[2026-05-29T09:03:03.670+0000] {processor.py:179} INFO - Processing /opt/airflow/dags/hackernews_dag.py took 0.052 seconds
[2026-05-29T09:03:33.945+0000] {processor.py:157} INFO - Started process (PID=482) to work on /opt/airflow/dags/hackernews_dag.py
[2026-05-29T09:03:33.946+0000] {processor.py:829} INFO - Processing file /opt/airflow/dags/hackernews_dag.py for tasks to queue
[2026-05-29T09:03:33.947+0000] {logging_mixin.py:151} INFO - [2026-05-29T09:03:33.947+0000] {dagbag.py:539} INFO - Filling up the DagBag from /opt/airflow/dags/hackernews_dag.py
[2026-05-29T09:03:33.963+0000] {processor.py:839} INFO - DAG(s) dict_keys(['hackernews_pipeline']) retrieved from /opt/airflow/dags/hackernews_dag.py
[2026-05-29T09:03:33.991+0000] {logging_mixin.py:151} INFO - [2026-05-29T09:03:33.991+0000] {dag.py:2915} INFO - Sync 1 DAGs
[2026-05-29T09:03:34.006+0000] {logging_mixin.py:151} INFO - [2026-05-29T09:03:34.006+0000] {dag.py:3696} INFO - Setting next_dagrun for hackernews_pipeline to 2024-01-01T00:00:00+00:00, run_after=2024-01-01T00:05:00+00:00
[2026-05-29T09:03:34.018+0000] {processor.py:179} INFO - Processing /opt/airflow/dags/hackernews_dag.py took 0.078 seconds
[2026-05-29T09:04:04.245+0000] {processor.py:157} INFO - Started process (PID=492) to work on /opt/airflow/dags/hackernews_dag.py
[2026-05-29T09:04:04.247+0000] {processor.py:829} INFO - Processing file /opt/airflow/dags/hackernews_dag.py for tasks to queue
[2026-05-29T09:04:04.248+0000] {logging_mixin.py:151} INFO - [2026-05-29T09:04:04.248+0000] {dagbag.py:539} INFO - Filling up the DagBag from /opt/airflow/dags/hackernews_dag.py
[2026-05-29T09:04:04.264+0000] {processor.py:839} INFO - DAG(s) dict_keys(['hackernews_pipeline']) retrieved from /opt/airflow/dags/hackernews_dag.py
[2026-05-29T09:04:04.283+0000] {logging_mixin.py:151} INFO - [2026-05-29T09:04:04.283+0000] {dag.py:2915} INFO - Sync 1 DAGs
[2026-05-29T09:04:04.295+0000] {logging_mixin.py:151} INFO - [2026-05-29T09:04:04.294+0000] {dag.py:3696} INFO - Setting next_dagrun for hackernews_pipeline to 2024-01-01T00:00:00+00:00, run_after=2024-01-01T00:05:00+00:00
[2026-05-29T09:04:04.304+0000] {processor.py:179} INFO - Processing /opt/airflow/dags/hackernews_dag.py took 0.063 seconds
[2026-05-29T09:04:34.540+0000] {processor.py:157} INFO - Started process (PID=502) to work on /opt/airflow/dags/hackernews_dag.py
[2026-05-29T09:04:34.542+0000] {processor.py:829} INFO - Processing file /opt/airflow/dags/hackernews_dag.py for tasks to queue
[2026-05-29T09:04:34.543+0000] {logging_mixin.py:151} INFO - [2026-05-29T09:04:34.542+0000] {dagbag.py:539} INFO - Filling up the DagBag from /opt/airflow/dags/hackernews_dag.py
[2026-05-29T09:04:34.556+0000] {processor.py:839} INFO - DAG(s) dict_keys(['hackernews_pipeline']) retrieved from /opt/airflow/dags/hackernews_dag.py
[2026-05-29T09:04:34.576+0000] {logging_mixin.py:151} INFO - [2026-05-29T09:04:34.576+0000] {dag.py:2915} INFO - Sync 1 DAGs
[2026-05-29T09:04:34.590+0000] {logging_mixin.py:151} INFO - [2026-05-29T09:04:34.589+0000] {dag.py:3696} INFO - Setting next_dagrun for hackernews_pipeline to 2024-01-01T00:00:00+00:00, run_after=2024-01-01T00:05:00+00:00
[2026-05-29T09:04:34.601+0000] {processor.py:179} INFO - Processing /opt/airflow/dags/hackernews_dag.py took 0.065 seconds
[2026-05-29T09:05:04.860+0000] {processor.py:157} INFO - Started process (PID=512) to work on /opt/airflow/dags/hackernews_dag.py
[2026-05-29T09:05:04.862+0000] {processor.py:829} INFO - Processing file /opt/airflow/dags/hackernews_dag.py for tasks to queue
[2026-05-29T09:05:04.863+0000] {logging_mixin.py:151} INFO - [2026-05-29T09:05:04.863+0000] {dagbag.py:539} INFO - Filling up the DagBag from /opt/airflow/dags/hackernews_dag.py
[2026-05-29T09:05:04.873+0000] {processor.py:839} INFO - DAG(s) dict_keys(['hackernews_pipeline']) retrieved from /opt/airflow/dags/hackernews_dag.py
[2026-05-29T09:05:04.888+0000] {logging_mixin.py:151} INFO - [2026-05-29T09:05:04.888+0000] {dag.py:2915} INFO - Sync 1 DAGs
[2026-05-29T09:05:04.899+0000] {logging_mixin.py:151} INFO - [2026-05-29T09:05:04.899+0000] {dag.py:3696} INFO - Setting next_dagrun for hackernews_pipeline to 2024-01-01T00:00:00+00:00, run_after=2024-01-01T00:05:00+00:00
[2026-05-29T09:05:04.911+0000] {processor.py:179} INFO - Processing /opt/airflow/dags/hackernews_dag.py took 0.053 seconds
[2026-05-29T09:05:35.217+0000] {processor.py:157} INFO - Started process (PID=522) to work on /opt/airflow/dags/hackernews_dag.py
[2026-05-29T09:05:35.218+0000] {processor.py:829} INFO - Processing file /opt/airflow/dags/hackernews_dag.py for tasks to queue
[2026-05-29T09:05:35.220+0000] {logging_mixin.py:151} INFO - [2026-05-29T09:05:35.219+0000] {dagbag.py:539} INFO - Filling up the DagBag from /opt/airflow/dags/hackernews_dag.py
[2026-05-29T09:05:35.234+0000] {processor.py:839} INFO - DAG(s) dict_keys(['hackernews_pipeline']) retrieved from /opt/airflow/dags/hackernews_dag.py
[2026-05-29T09:05:35.254+0000] {logging_mixin.py:151} INFO - [2026-05-29T09:05:35.253+0000] {dag.py:2915} INFO - Sync 1 DAGs
[2026-05-29T09:05:35.265+0000] {logging_mixin.py:151} INFO - [2026-05-29T09:05:35.265+0000] {dag.py:3696} INFO - Setting next_dagrun for hackernews_pipeline to 2024-01-01T00:00:00+00:00, run_after=2024-01-01T00:05:00+00:00
[2026-05-29T09:05:35.274+0000] {processor.py:179} INFO - Processing /opt/airflow/dags/hackernews_dag.py took 0.061 seconds
[2026-05-29T09:06:05.457+0000] {processor.py:157} INFO - Started process (PID=532) to work on /opt/airflow/dags/hackernews_dag.py
[2026-05-29T09:06:05.458+0000] {processor.py:829} INFO - Processing file /opt/airflow/dags/hackernews_dag.py for tasks to queue
[2026-05-29T09:06:05.459+0000] {logging_mixin.py:151} INFO - [2026-05-29T09:06:05.459+0000] {dagbag.py:539} INFO - Filling up the DagBag from /opt/airflow/dags/hackernews_dag.py
[2026-05-29T09:06:05.475+0000] {processor.py:839} INFO - DAG(s) dict_keys(['hackernews_pipeline']) retrieved from /opt/airflow/dags/hackernews_dag.py
[2026-05-29T09:06:05.498+0000] {logging_mixin.py:151} INFO - [2026-05-29T09:06:05.498+0000] {dag.py:2915} INFO - Sync 1 DAGs
[2026-05-29T09:06:05.512+0000] {logging_mixin.py:151} INFO - [2026-05-29T09:06:05.512+0000] {dag.py:3696} INFO - Setting next_dagrun for hackernews_pipeline to 2024-01-01T00:00:00+00:00, run_after=2024-01-01T00:05:00+00:00
[2026-05-29T09:06:05.524+0000] {processor.py:179} INFO - Processing /opt/airflow/dags/hackernews_dag.py took 0.071 seconds
[2026-05-29T09:06:35.738+0000] {processor.py:157} INFO - Started process (PID=542) to work on /opt/airflow/dags/hackernews_dag.py
[2026-05-29T09:06:35.739+0000] {processor.py:829} INFO - Processing file /opt/airflow/dags/hackernews_dag.py for tasks to queue
[2026-05-29T09:06:35.741+0000] {logging_mixin.py:151} INFO - [2026-05-29T09:06:35.740+0000] {dagbag.py:539} INFO - Filling up the DagBag from /opt/airflow/dags/hackernews_dag.py
[2026-05-29T09:06:35.752+0000] {processor.py:839} INFO - DAG(s) dict_keys(['hackernews_pipeline']) retrieved from /opt/airflow/dags/hackernews_dag.py
[2026-05-29T09:06:35.774+0000] {logging_mixin.py:151} INFO - [2026-05-29T09:06:35.774+0000] {dag.py:2915} INFO - Sync 1 DAGs
[2026-05-29T09:06:35.788+0000] {logging_mixin.py:151} INFO - [2026-05-29T09:06:35.787+0000] {dag.py:3696} INFO - Setting next_dagrun for hackernews_pipeline to 2024-01-01T00:00:00+00:00, run_after=2024-01-01T00:05:00+00:00
[2026-05-29T09:06:35.802+0000] {processor.py:179} INFO - Processing /opt/airflow/dags/hackernews_dag.py took 0.068 seconds
[2026-05-29T09:07:06.086+0000] {processor.py:157} INFO - Started process (PID=552) to work on /opt/airflow/dags/hackernews_dag.py
[2026-05-29T09:07:06.087+0000] {processor.py:829} INFO - Processing file /opt/airflow/dags/hackernews_dag.py for tasks to queue
[2026-05-29T09:07:06.088+0000] {logging_mixin.py:151} INFO - [2026-05-29T09:07:06.088+0000] {dagbag.py:539} INFO - Filling up the DagBag from /opt/airflow/dags/hackernews_dag.py
[2026-05-29T09:07:06.101+0000] {processor.py:839} INFO - DAG(s) dict_keys(['hackernews_pipeline']) retrieved from /opt/airflow/dags/hackernews_dag.py
[2026-05-29T09:07:06.124+0000] {logging_mixin.py:151} INFO - [2026-05-29T09:07:06.124+0000] {dag.py:2915} INFO - Sync 1 DAGs
[2026-05-29T09:07:06.136+0000] {logging_mixin.py:151} INFO - [2026-05-29T09:07:06.136+0000] {dag.py:3696} INFO - Setting next_dagrun for hackernews_pipeline to 2024-01-01T00:00:00+00:00, run_after=2024-01-01T00:05:00+00:00
[2026-05-29T09:07:06.148+0000] {processor.py:179} INFO - Processing /opt/airflow/dags/hackernews_dag.py took 0.065 seconds
[2026-05-29T09:07:36.368+0000] {processor.py:157} INFO - Started process (PID=562) to work on /opt/airflow/dags/hackernews_dag.py
[2026-05-29T09:07:36.368+0000] {processor.py:829} INFO - Processing file /opt/airflow/dags/hackernews_dag.py for tasks to queue
[2026-05-29T09:07:36.369+0000] {logging_mixin.py:151} INFO - [2026-05-29T09:07:36.369+0000] {dagbag.py:539} INFO - Filling up the DagBag from /opt/airflow/dags/hackernews_dag.py
[2026-05-29T09:07:36.379+0000] {processor.py:839} INFO - DAG(s) dict_keys(['hackernews_pipeline']) retrieved from /opt/airflow/dags/hackernews_dag.py
[2026-05-29T09:07:36.398+0000] {logging_mixin.py:151} INFO - [2026-05-29T09:07:36.398+0000] {dag.py:2915} INFO - Sync 1 DAGs
[2026-05-29T09:07:36.411+0000] {logging_mixin.py:151} INFO - [2026-05-29T09:07:36.411+0000] {dag.py:3696} INFO - Setting next_dagrun for hackernews_pipeline to 2024-01-01T00:00:00+00:00, run_after=2024-01-01T00:05:00+00:00
[2026-05-29T09:07:36.422+0000] {processor.py:179} INFO - Processing /opt/airflow/dags/hackernews_dag.py took 0.058 seconds
[2026-05-29T09:08:06.725+0000] {processor.py:157} INFO - Started process (PID=572) to work on /opt/airflow/dags/hackernews_dag.py
[2026-05-29T09:08:06.726+0000] {processor.py:829} INFO - Processing file /opt/airflow/dags/hackernews_dag.py for tasks to queue
[2026-05-29T09:08:06.727+0000] {logging_mixin.py:151} INFO - [2026-05-29T09:08:06.727+0000] {dagbag.py:539} INFO - Filling up the DagBag from /opt/airflow/dags/hackernews_dag.py
[2026-05-29T09:08:06.741+0000] {processor.py:839} INFO - DAG(s) dict_keys(['hackernews_pipeline']) retrieved from /opt/airflow/dags/hackernews_dag.py
[2026-05-29T09:08:06.762+0000] {logging_mixin.py:151} INFO - [2026-05-29T09:08:06.762+0000] {dag.py:2915} INFO - Sync 1 DAGs
[2026-05-29T09:08:06.774+0000] {logging_mixin.py:151} INFO - [2026-05-29T09:08:06.774+0000] {dag.py:3696} INFO - Setting next_dagrun for hackernews_pipeline to 2024-01-01T00:00:00+00:00, run_after=2024-01-01T00:05:00+00:00
[2026-05-29T09:08:06.787+0000] {processor.py:179} INFO - Processing /opt/airflow/dags/hackernews_dag.py took 0.066 seconds
[2026-05-29T09:08:37.024+0000] {processor.py:157} INFO - Started process (PID=582) to work on /opt/airflow/dags/hackernews_dag.py
[2026-05-29T09:08:37.025+0000] {processor.py:829} INFO - Processing file /opt/airflow/dags/hackernews_dag.py for tasks to queue
[2026-05-29T09:08:37.028+0000] {logging_mixin.py:151} INFO - [2026-05-29T09:08:37.028+0000] {dagbag.py:539} INFO - Filling up the DagBag from /opt/airflow/dags/hackernews_dag.py
[2026-05-29T09:08:37.040+0000] {processor.py:839} INFO - DAG(s) dict_keys(['hackernews_pipeline']) retrieved from /opt/airflow/dags/hackernews_dag.py
[2026-05-29T09:08:37.060+0000] {logging_mixin.py:151} INFO - [2026-05-29T09:08:37.060+0000] {dag.py:2915} INFO - Sync 1 DAGs
[2026-05-29T09:08:37.071+0000] {logging_mixin.py:151} INFO - [2026-05-29T09:08:37.071+0000] {dag.py:3696} INFO - Setting next_dagrun for hackernews_pipeline to 2024-01-01T00:00:00+00:00, run_after=2024-01-01T00:05:00+00:00
[2026-05-29T09:08:37.083+0000] {processor.py:179} INFO - Processing /opt/airflow/dags/hackernews_dag.py took 0.063 seconds
[2026-05-29T09:09:07.430+0000] {processor.py:157} INFO - Started process (PID=592) to work on /opt/airflow/dags/hackernews_dag.py
[2026-05-29T09:09:07.431+0000] {processor.py:829} INFO - Processing file /opt/airflow/dags/hackernews_dag.py for tasks to queue
[2026-05-29T09:09:07.433+0000] {logging_mixin.py:151} INFO - [2026-05-29T09:09:07.432+0000] {dagbag.py:539} INFO - Filling up the DagBag from /opt/airflow/dags/hackernews_dag.py
[2026-05-29T09:09:07.452+0000] {processor.py:839} INFO - DAG(s) dict_keys(['hackernews_pipeline']) retrieved from /opt/airflow/dags/hackernews_dag.py
[2026-05-29T09:09:07.484+0000] {logging_mixin.py:151} INFO - [2026-05-29T09:09:07.484+0000] {dag.py:2915} INFO - Sync 1 DAGs
[2026-05-29T09:09:07.502+0000] {logging_mixin.py:151} INFO - [2026-05-29T09:09:07.502+0000] {dag.py:3696} INFO - Setting next_dagrun for hackernews_pipeline to 2024-01-01T00:00:00+00:00, run_after=2024-01-01T00:05:00+00:00
[2026-05-29T09:09:07.514+0000] {processor.py:179} INFO - Processing /opt/airflow/dags/hackernews_dag.py took 0.089 seconds
[2026-05-29T09:09:37.829+0000] {processor.py:157} INFO - Started process (PID=602) to work on /opt/airflow/dags/hackernews_dag.py
[2026-05-29T09:09:37.830+0000] {processor.py:829} INFO - Processing file /opt/airflow/dags/hackernews_dag.py for tasks to queue
[2026-05-29T09:09:37.831+0000] {logging_mixin.py:151} INFO - [2026-05-29T09:09:37.830+0000] {dagbag.py:539} INFO - Filling up the DagBag from /opt/airflow/dags/hackernews_dag.py
[2026-05-29T09:09:37.841+0000] {processor.py:839} INFO - DAG(s) dict_keys(['hackernews_pipeline']) retrieved from /opt/airflow/dags/hackernews_dag.py
[2026-05-29T09:09:37.863+0000] {logging_mixin.py:151} INFO - [2026-05-29T09:09:37.863+0000] {dag.py:2915} INFO - Sync 1 DAGs
[2026-05-29T09:09:37.876+0000] {logging_mixin.py:151} INFO - [2026-05-29T09:09:37.876+0000] {dag.py:3696} INFO - Setting next_dagrun for hackernews_pipeline to 2024-01-01T00:00:00+00:00, run_after=2024-01-01T00:05:00+00:00
[2026-05-29T09:09:37.887+0000] {processor.py:179} INFO - Processing /opt/airflow/dags/hackernews_dag.py took 0.063 seconds
[2026-05-29T09:10:08.136+0000] {processor.py:157} INFO - Started process (PID=612) to work on /opt/airflow/dags/hackernews_dag.py
[2026-05-29T09:10:08.137+0000] {processor.py:829} INFO - Processing file /opt/airflow/dags/hackernews_dag.py for tasks to queue
[2026-05-29T09:10:08.138+0000] {logging_mixin.py:151} INFO - [2026-05-29T09:10:08.137+0000] {dagbag.py:539} INFO - Filling up the DagBag from /opt/airflow/dags/hackernews_dag.py
[2026-05-29T09:10:08.149+0000] {processor.py:839} INFO - DAG(s) dict_keys(['hackernews_pipeline']) retrieved from /opt/airflow/dags/hackernews_dag.py
[2026-05-29T09:10:08.169+0000] {logging_mixin.py:151} INFO - [2026-05-29T09:10:08.169+0000] {dag.py:2915} INFO - Sync 1 DAGs
[2026-05-29T09:10:08.182+0000] {logging_mixin.py:151} INFO - [2026-05-29T09:10:08.182+0000] {dag.py:3696} INFO - Setting next_dagrun for hackernews_pipeline to 2024-01-01T00:00:00+00:00, run_after=2024-01-01T00:05:00+00:00
[2026-05-29T09:10:08.196+0000] {processor.py:179} INFO - Processing /opt/airflow/dags/hackernews_dag.py took 0.064 seconds
[2026-05-29T09:10:38.476+0000] {processor.py:157} INFO - Started process (PID=622) to work on /opt/airflow/dags/hackernews_dag.py
[2026-05-29T09:10:38.478+0000] {processor.py:829} INFO - Processing file /opt/airflow/dags/hackernews_dag.py for tasks to queue
[2026-05-29T09:10:38.479+0000] {logging_mixin.py:151} INFO - [2026-05-29T09:10:38.478+0000] {dagbag.py:539} INFO - Filling up the DagBag from /opt/airflow/dags/hackernews_dag.py
[2026-05-29T09:10:38.499+0000] {processor.py:839} INFO - DAG(s) dict_keys(['hackernews_pipeline']) retrieved from /opt/airflow/dags/hackernews_dag.py
[2026-05-29T09:10:38.531+0000] {logging_mixin.py:151} INFO - [2026-05-29T09:10:38.531+0000] {dag.py:2915} INFO - Sync 1 DAGs
[2026-05-29T09:10:38.547+0000] {logging_mixin.py:151} INFO - [2026-05-29T09:10:38.547+0000] {dag.py:3696} INFO - Setting next_dagrun for hackernews_pipeline to 2024-01-01T00:00:00+00:00, run_after=2024-01-01T00:05:00+00:00
[2026-05-29T09:10:38.561+0000] {processor.py:179} INFO - Processing /opt/airflow/dags/hackernews_dag.py took 0.097 seconds
[2026-05-29T09:11:08.856+0000] {processor.py:157} INFO - Started process (PID=632) to work on /opt/airflow/dags/hackernews_dag.py
[2026-05-29T09:11:08.857+0000] {processor.py:829} INFO - Processing file /opt/airflow/dags/hackernews_dag.py for tasks to queue
[2026-05-29T09:11:08.858+0000] {logging_mixin.py:151} INFO - [2026-05-29T09:11:08.858+0000] {dagbag.py:539} INFO - Filling up the DagBag from /opt/airflow/dags/hackernews_dag.py
[2026-05-29T09:11:08.873+0000] {processor.py:839} INFO - DAG(s) dict_keys(['hackernews_pipeline']) retrieved from /opt/airflow/dags/hackernews_dag.py
[2026-05-29T09:11:08.893+0000] {logging_mixin.py:151} INFO - [2026-05-29T09:11:08.893+0000] {dag.py:2915} INFO - Sync 1 DAGs
[2026-05-29T09:11:08.905+0000] {logging_mixin.py:151} INFO - [2026-05-29T09:11:08.905+0000] {dag.py:3696} INFO - Setting next_dagrun for hackernews_pipeline to 2024-01-01T00:00:00+00:00, run_after=2024-01-01T00:05:00+00:00
[2026-05-29T09:11:08.917+0000] {processor.py:179} INFO - Processing /opt/airflow/dags/hackernews_dag.py took 0.064 seconds
[2026-05-29T09:11:39.256+0000] {processor.py:157} INFO - Started process (PID=642) to work on /opt/airflow/dags/hackernews_dag.py
[2026-05-29T09:11:39.258+0000] {processor.py:829} INFO - Processing file /opt/airflow/dags/hackernews_dag.py for tasks to queue
[2026-05-29T09:11:39.259+0000] {logging_mixin.py:151} INFO - [2026-05-29T09:11:39.259+0000] {dagbag.py:539} INFO - Filling up the DagBag from /opt/airflow/dags/hackernews_dag.py
[2026-05-29T09:11:39.273+0000] {processor.py:839} INFO - DAG(s) dict_keys(['hackernews_pipeline']) retrieved from /opt/airflow/dags/hackernews_dag.py
[2026-05-29T09:11:39.292+0000] {logging_mixin.py:151} INFO - [2026-05-29T09:11:39.292+0000] {dag.py:2915} INFO - Sync 1 DAGs
[2026-05-29T09:11:39.305+0000] {logging_mixin.py:151} INFO - [2026-05-29T09:11:39.305+0000] {dag.py:3696} INFO - Setting next_dagrun for hackernews_pipeline to 2024-01-01T00:00:00+00:00, run_after=2024-01-01T00:05:00+00:00
[2026-05-29T09:11:39.317+0000] {processor.py:179} INFO - Processing /opt/airflow/dags/hackernews_dag.py took 0.065 seconds
[2026-05-29T09:12:09.551+0000] {processor.py:157} INFO - Started process (PID=652) to work on /opt/airflow/dags/hackernews_dag.py
[2026-05-29T09:12:09.552+0000] {processor.py:829} INFO - Processing file /opt/airflow/dags/hackernews_dag.py for tasks to queue
[2026-05-29T09:12:09.553+0000] {logging_mixin.py:151} INFO - [2026-05-29T09:12:09.553+0000] {dagbag.py:539} INFO - Filling up the DagBag from /opt/airflow/dags/hackernews_dag.py
[2026-05-29T09:12:09.567+0000] {processor.py:839} INFO - DAG(s) dict_keys(['hackernews_pipeline']) retrieved from /opt/airflow/dags/hackernews_dag.py
[2026-05-29T09:12:09.590+0000] {logging_mixin.py:151} INFO - [2026-05-29T09:12:09.590+0000] {dag.py:2915} INFO - Sync 1 DAGs
[2026-05-29T09:12:09.603+0000] {logging_mixin.py:151} INFO - [2026-05-29T09:12:09.603+0000] {dag.py:3696} INFO - Setting next_dagrun for hackernews_pipeline to 2024-01-01T00:00:00+00:00, run_after=2024-01-01T00:05:00+00:00
[2026-05-29T09:12:09.614+0000] {processor.py:179} INFO - Processing /opt/airflow/dags/hackernews_dag.py took 0.066 seconds
[2026-05-29T09:12:39.872+0000] {processor.py:157} INFO - Started process (PID=662) to work on /opt/airflow/dags/hackernews_dag.py
[2026-05-29T09:12:39.873+0000] {processor.py:829} INFO - Processing file /opt/airflow/dags/hackernews_dag.py for tasks to queue
[2026-05-29T09:12:39.874+0000] {logging_mixin.py:151} INFO - [2026-05-29T09:12:39.874+0000] {dagbag.py:539} INFO - Filling up the DagBag from /opt/airflow/dags/hackernews_dag.py
[2026-05-29T09:12:39.889+0000] {processor.py:839} INFO - DAG(s) dict_keys(['hackernews_pipeline']) retrieved from /opt/airflow/dags/hackernews_dag.py
[2026-05-29T09:12:39.909+0000] {logging_mixin.py:151} INFO - [2026-05-29T09:12:39.908+0000] {dag.py:2915} INFO - Sync 1 DAGs
[2026-05-29T09:12:39.921+0000] {logging_mixin.py:151} INFO - [2026-05-29T09:12:39.921+0000] {dag.py:3696} INFO - Setting next_dagrun for hackernews_pipeline to 2024-01-01T00:00:00+00:00, run_after=2024-01-01T00:05:00+00:00
[2026-05-29T09:12:39.932+0000] {processor.py:179} INFO - Processing /opt/airflow/dags/hackernews_dag.py took 0.064 seconds
[2026-05-29T09:13:10.247+0000] {processor.py:157} INFO - Started process (PID=672) to work on /opt/airflow/dags/hackernews_dag.py
[2026-05-29T09:13:10.248+0000] {processor.py:829} INFO - Processing file /opt/airflow/dags/hackernews_dag.py for tasks to queue
[2026-05-29T09:13:10.249+0000] {logging_mixin.py:151} INFO - [2026-05-29T09:13:10.249+0000] {dagbag.py:539} INFO - Filling up the DagBag from /opt/airflow/dags/hackernews_dag.py
[2026-05-29T09:13:10.268+0000] {processor.py:839} INFO - DAG(s) dict_keys(['hackernews_pipeline']) retrieved from /opt/airflow/dags/hackernews_dag.py
[2026-05-29T09:13:10.298+0000] {logging_mixin.py:151} INFO - [2026-05-29T09:13:10.298+0000] {dag.py:2915} INFO - Sync 1 DAGs
[2026-05-29T09:13:10.314+0000] {logging_mixin.py:151} INFO - [2026-05-29T09:13:10.314+0000] {dag.py:3696} INFO - Setting next_dagrun for hackernews_pipeline to 2024-01-01T00:00:00+00:00, run_after=2024-01-01T00:05:00+00:00
[2026-05-29T09:13:10.327+0000] {processor.py:179} INFO - Processing /opt/airflow/dags/hackernews_dag.py took 0.084 seconds
[2026-05-29T09:13:40.659+0000] {processor.py:157} INFO - Started process (PID=682) to work on /opt/airflow/dags/hackernews_dag.py
[2026-05-29T09:13:40.660+0000] {processor.py:829} INFO - Processing file /opt/airflow/dags/hackernews_dag.py for tasks to queue
[2026-05-29T09:13:40.661+0000] {logging_mixin.py:151} INFO - [2026-05-29T09:13:40.661+0000] {dagbag.py:539} INFO - Filling up the DagBag from /opt/airflow/dags/hackernews_dag.py
[2026-05-29T09:13:40.670+0000] {processor.py:839} INFO - DAG(s) dict_keys(['hackernews_pipeline']) retrieved from /opt/airflow/dags/hackernews_dag.py
[2026-05-29T09:13:40.692+0000] {logging_mixin.py:151} INFO - [2026-05-29T09:13:40.692+0000] {dag.py:2915} INFO - Sync 1 DAGs
[2026-05-29T09:13:40.705+0000] {logging_mixin.py:151} INFO - [2026-05-29T09:13:40.704+0000] {dag.py:3696} INFO - Setting next_dagrun for hackernews_pipeline to 2024-01-01T00:00:00+00:00, run_after=2024-01-01T00:05:00+00:00
[2026-05-29T09:13:40.720+0000] {processor.py:179} INFO - Processing /opt/airflow/dags/hackernews_dag.py took 0.065 seconds
[2026-05-29T09:14:10.936+0000] {processor.py:157} INFO - Started process (PID=692) to work on /opt/airflow/dags/hackernews_dag.py
[2026-05-29T09:14:10.937+0000] {processor.py:829} INFO - Processing file /opt/airflow/dags/hackernews_dag.py for tasks to queue
[2026-05-29T09:14:10.938+0000] {logging_mixin.py:151} INFO - [2026-05-29T09:14:10.938+0000] {dagbag.py:539} INFO - Filling up the DagBag from /opt/airflow/dags/hackernews_dag.py
[2026-05-29T09:14:10.953+0000] {processor.py:839} INFO - DAG(s) dict_keys(['hackernews_pipeline']) retrieved from /opt/airflow/dags/hackernews_dag.py
[2026-05-29T09:14:10.980+0000] {logging_mixin.py:151} INFO - [2026-05-29T09:14:10.980+0000] {dag.py:2915} INFO - Sync 1 DAGs
[2026-05-29T09:14:10.997+0000] {logging_mixin.py:151} INFO - [2026-05-29T09:14:10.997+0000] {dag.py:3696} INFO - Setting next_dagrun for hackernews_pipeline to 2024-01-01T00:00:00+00:00, run_after=2024-01-01T00:05:00+00:00
[2026-05-29T09:14:11.014+0000] {processor.py:179} INFO - Processing /opt/airflow/dags/hackernews_dag.py took 0.081 seconds
[2026-05-29T09:14:41.256+0000] {processor.py:157} INFO - Started process (PID=702) to work on /opt/airflow/dags/hackernews_dag.py
[2026-05-29T09:14:41.258+0000] {processor.py:829} INFO - Processing file /opt/airflow/dags/hackernews_dag.py for tasks to queue
[2026-05-29T09:14:41.262+0000] {logging_mixin.py:151} INFO - [2026-05-29T09:14:41.261+0000] {dagbag.py:539} INFO - Filling up the DagBag from /opt/airflow/dags/hackernews_dag.py
[2026-05-29T09:14:41.274+0000] {processor.py:839} INFO - DAG(s) dict_keys(['hackernews_pipeline']) retrieved from /opt/airflow/dags/hackernews_dag.py
[2026-05-29T09:14:41.295+0000] {logging_mixin.py:151} INFO - [2026-05-29T09:14:41.294+0000] {dag.py:2915} INFO - Sync 1 DAGs
[2026-05-29T09:14:41.308+0000] {logging_mixin.py:151} INFO - [2026-05-29T09:14:41.308+0000] {dag.py:3696} INFO - Setting next_dagrun for hackernews_pipeline to 2024-01-01T00:00:00+00:00, run_after=2024-01-01T00:05:00+00:00
[2026-05-29T09:14:41.320+0000] {processor.py:179} INFO - Processing /opt/airflow/dags/hackernews_dag.py took 0.067 seconds
[2026-05-29T09:15:11.650+0000] {processor.py:157} INFO - Started process (PID=712) to work on /opt/airflow/dags/hackernews_dag.py
[2026-05-29T09:15:11.651+0000] {processor.py:829} INFO - Processing file /opt/airflow/dags/hackernews_dag.py for tasks to queue
[2026-05-29T09:15:11.653+0000] {logging_mixin.py:151} INFO - [2026-05-29T09:15:11.652+0000] {dagbag.py:539} INFO - Filling up the DagBag from /opt/airflow/dags/hackernews_dag.py
[2026-05-29T09:15:11.674+0000] {processor.py:839} INFO - DAG(s) dict_keys(['hackernews_pipeline']) retrieved from /opt/airflow/dags/hackernews_dag.py
[2026-05-29T09:15:11.703+0000] {logging_mixin.py:151} INFO - [2026-05-29T09:15:11.703+0000] {dag.py:2915} INFO - Sync 1 DAGs
[2026-05-29T09:15:11.720+0000] {logging_mixin.py:151} INFO - [2026-05-29T09:15:11.720+0000] {dag.py:3696} INFO - Setting next_dagrun for hackernews_pipeline to 2024-01-01T00:00:00+00:00, run_after=2024-01-01T00:05:00+00:00
[2026-05-29T09:15:11.734+0000] {processor.py:179} INFO - Processing /opt/airflow/dags/hackernews_dag.py took 0.090 seconds
[2026-05-29T09:15:41.973+0000] {processor.py:157} INFO - Started process (PID=722) to work on /opt/airflow/dags/hackernews_dag.py
[2026-05-29T09:15:41.974+0000] {processor.py:829} INFO - Processing file /opt/airflow/dags/hackernews_dag.py for tasks to queue
[2026-05-29T09:15:41.975+0000] {logging_mixin.py:151} INFO - [2026-05-29T09:15:41.975+0000] {dagbag.py:539} INFO - Filling up the DagBag from /opt/airflow/dags/hackernews_dag.py
[2026-05-29T09:15:41.989+0000] {processor.py:839} INFO - DAG(s) dict_keys(['hackernews_pipeline']) retrieved from /opt/airflow/dags/hackernews_dag.py
[2026-05-29T09:15:42.011+0000] {logging_mixin.py:151} INFO - [2026-05-29T09:15:42.011+0000] {dag.py:2915} INFO - Sync 1 DAGs
[2026-05-29T09:15:42.023+0000] {logging_mixin.py:151} INFO - [2026-05-29T09:15:42.023+0000] {dag.py:3696} INFO - Setting next_dagrun for hackernews_pipeline to 2024-01-01T00:00:00+00:00, run_after=2024-01-01T00:05:00+00:00
[2026-05-29T09:15:42.034+0000] {processor.py:179} INFO - Processing /opt/airflow/dags/hackernews_dag.py took 0.065 seconds
[2026-05-29T09:16:12.337+0000] {processor.py:157} INFO - Started process (PID=732) to work on /opt/airflow/dags/hackernews_dag.py
[2026-05-29T09:16:12.338+0000] {processor.py:829} INFO - Processing file /opt/airflow/dags/hackernews_dag.py for tasks to queue
[2026-05-29T09:16:12.340+0000] {logging_mixin.py:151} INFO - [2026-05-29T09:16:12.339+0000] {dagbag.py:539} INFO - Filling up the DagBag from /opt/airflow/dags/hackernews_dag.py
[2026-05-29T09:16:12.351+0000] {processor.py:839} INFO - DAG(s) dict_keys(['hackernews_pipeline']) retrieved from /opt/airflow/dags/hackernews_dag.py
[2026-05-29T09:16:12.372+0000] {logging_mixin.py:151} INFO - [2026-05-29T09:16:12.372+0000] {dag.py:2915} INFO - Sync 1 DAGs
[2026-05-29T09:16:12.385+0000] {logging_mixin.py:151} INFO - [2026-05-29T09:16:12.385+0000] {dag.py:3696} INFO - Setting next_dagrun for hackernews_pipeline to 2024-01-01T00:00:00+00:00, run_after=2024-01-01T00:05:00+00:00
[2026-05-29T09:16:12.395+0000] {processor.py:179} INFO - Processing /opt/airflow/dags/hackernews_dag.py took 0.061 seconds
[2026-05-29T09:16:42.682+0000] {processor.py:157} INFO - Started process (PID=741) to work on /opt/airflow/dags/hackernews_dag.py
[2026-05-29T09:16:42.683+0000] {processor.py:829} INFO - Processing file /opt/airflow/dags/hackernews_dag.py for tasks to queue
[2026-05-29T09:16:42.684+0000] {logging_mixin.py:151} INFO - [2026-05-29T09:16:42.684+0000] {dagbag.py:539} INFO - Filling up the DagBag from /opt/airflow/dags/hackernews_dag.py
[2026-05-29T09:16:42.702+0000] {processor.py:839} INFO - DAG(s) dict_keys(['hackernews_pipeline']) retrieved from /opt/airflow/dags/hackernews_dag.py
[2026-05-29T09:16:42.736+0000] {logging_mixin.py:151} INFO - [2026-05-29T09:16:42.736+0000] {dag.py:2915} INFO - Sync 1 DAGs
[2026-05-29T09:16:42.754+0000] {logging_mixin.py:151} INFO - [2026-05-29T09:16:42.754+0000] {dag.py:3696} INFO - Setting next_dagrun for hackernews_pipeline to 2024-01-01T00:00:00+00:00, run_after=2024-01-01T00:05:00+00:00
[2026-05-29T09:16:42.766+0000] {processor.py:179} INFO - Processing /opt/airflow/dags/hackernews_dag.py took 0.089 seconds
[2026-05-29T09:17:12.987+0000] {processor.py:157} INFO - Started process (PID=752) to work on /opt/airflow/dags/hackernews_dag.py
[2026-05-29T09:17:12.988+0000] {processor.py:829} INFO - Processing file /opt/airflow/dags/hackernews_dag.py for tasks to queue
[2026-05-29T09:17:12.989+0000] {logging_mixin.py:151} INFO - [2026-05-29T09:17:12.989+0000] {dagbag.py:539} INFO - Filling up the DagBag from /opt/airflow/dags/hackernews_dag.py
[2026-05-29T09:17:13.007+0000] {processor.py:839} INFO - DAG(s) dict_keys(['hackernews_pipeline']) retrieved from /opt/airflow/dags/hackernews_dag.py
[2026-05-29T09:17:13.026+0000] {logging_mixin.py:151} INFO - [2026-05-29T09:17:13.026+0000] {dag.py:2915} INFO - Sync 1 DAGs
[2026-05-29T09:17:13.039+0000] {logging_mixin.py:151} INFO - [2026-05-29T09:17:13.038+0000] {dag.py:3696} INFO - Setting next_dagrun for hackernews_pipeline to 2024-01-01T00:00:00+00:00, run_after=2024-01-01T00:05:00+00:00
[2026-05-29T09:17:13.050+0000] {processor.py:179} INFO - Processing /opt/airflow/dags/hackernews_dag.py took 0.067 seconds
[2026-05-29T09:17:43.429+0000] {processor.py:157} INFO - Started process (PID=762) to work on /opt/airflow/dags/hackernews_dag.py
[2026-05-29T09:17:43.430+0000] {processor.py:829} INFO - Processing file /opt/airflow/dags/hackernews_dag.py for tasks to queue
[2026-05-29T09:17:43.431+0000] {logging_mixin.py:151} INFO - [2026-05-29T09:17:43.431+0000] {dagbag.py:539} INFO - Filling up the DagBag from /opt/airflow/dags/hackernews_dag.py
[2026-05-29T09:17:43.445+0000] {processor.py:839} INFO - DAG(s) dict_keys(['hackernews_pipeline']) retrieved from /opt/airflow/dags/hackernews_dag.py
[2026-05-29T09:17:43.467+0000] {logging_mixin.py:151} INFO - [2026-05-29T09:17:43.466+0000] {dag.py:2915} INFO - Sync 1 DAGs
[2026-05-29T09:17:43.480+0000] {logging_mixin.py:151} INFO - [2026-05-29T09:17:43.480+0000] {dag.py:3696} INFO - Setting next_dagrun for hackernews_pipeline to 2024-01-01T00:00:00+00:00, run_after=2024-01-01T00:05:00+00:00
[2026-05-29T09:17:43.492+0000] {processor.py:179} INFO - Processing /opt/airflow/dags/hackernews_dag.py took 0.068 seconds
[2026-05-29T09:18:13.755+0000] {processor.py:157} INFO - Started process (PID=772) to work on /opt/airflow/dags/hackernews_dag.py
[2026-05-29T09:18:13.756+0000] {processor.py:829} INFO - Processing file /opt/airflow/dags/hackernews_dag.py for tasks to queue
[2026-05-29T09:18:13.757+0000] {logging_mixin.py:151} INFO - [2026-05-29T09:18:13.756+0000] {dagbag.py:539} INFO - Filling up the DagBag from /opt/airflow/dags/hackernews_dag.py
[2026-05-29T09:18:13.766+0000] {processor.py:839} INFO - DAG(s) dict_keys(['hackernews_pipeline']) retrieved from /opt/airflow/dags/hackernews_dag.py
[2026-05-29T09:18:13.787+0000] {logging_mixin.py:151} INFO - [2026-05-29T09:18:13.787+0000] {dag.py:2915} INFO - Sync 1 DAGs
[2026-05-29T09:18:13.800+0000] {logging_mixin.py:151} INFO - [2026-05-29T09:18:13.800+0000] {dag.py:3696} INFO - Setting next_dagrun for hackernews_pipeline to 2024-01-01T00:00:00+00:00, run_after=2024-01-01T00:05:00+00:00
[2026-05-29T09:18:13.812+0000] {processor.py:179} INFO - Processing /opt/airflow/dags/hackernews_dag.py took 0.061 seconds
[2026-05-29T09:18:44.092+0000] {processor.py:157} INFO - Started process (PID=781) to work on /opt/airflow/dags/hackernews_dag.py
[2026-05-29T09:18:44.094+0000] {processor.py:829} INFO - Processing file /opt/airflow/dags/hackernews_dag.py for tasks to queue
[2026-05-29T09:18:44.097+0000] {logging_mixin.py:151} INFO - [2026-05-29T09:18:44.097+0000] {dagbag.py:539} INFO - Filling up the DagBag from /opt/airflow/dags/hackernews_dag.py
[2026-05-29T09:18:44.116+0000] {processor.py:839} INFO - DAG(s) dict_keys(['hackernews_pipeline']) retrieved from /opt/airflow/dags/hackernews_dag.py
[2026-05-29T09:18:44.144+0000] {logging_mixin.py:151} INFO - [2026-05-29T09:18:44.144+0000] {dag.py:2915} INFO - Sync 1 DAGs
[2026-05-29T09:18:44.159+0000] {logging_mixin.py:151} INFO - [2026-05-29T09:18:44.159+0000] {dag.py:3696} INFO - Setting next_dagrun for hackernews_pipeline to 2024-01-01T00:00:00+00:00, run_after=2024-01-01T00:05:00+00:00
[2026-05-29T09:18:44.172+0000] {processor.py:179} INFO - Processing /opt/airflow/dags/hackernews_dag.py took 0.085 seconds
[2026-05-29T09:19:14.397+0000] {processor.py:157} INFO - Started process (PID=792) to work on /opt/airflow/dags/hackernews_dag.py
[2026-05-29T09:19:14.400+0000] {processor.py:829} INFO - Processing file /opt/airflow/dags/hackernews_dag.py for tasks to queue
[2026-05-29T09:19:14.401+0000] {logging_mixin.py:151} INFO - [2026-05-29T09:19:14.401+0000] {dagbag.py:539} INFO - Filling up the DagBag from /opt/airflow/dags/hackernews_dag.py
[2026-05-29T09:19:14.414+0000] {processor.py:839} INFO - DAG(s) dict_keys(['hackernews_pipeline']) retrieved from /opt/airflow/dags/hackernews_dag.py
[2026-05-29T09:19:14.433+0000] {logging_mixin.py:151} INFO - [2026-05-29T09:19:14.433+0000] {dag.py:2915} INFO - Sync 1 DAGs
[2026-05-29T09:19:14.445+0000] {logging_mixin.py:151} INFO - [2026-05-29T09:19:14.445+0000] {dag.py:3696} INFO - Setting next_dagrun for hackernews_pipeline to 2024-01-01T00:00:00+00:00, run_after=2024-01-01T00:05:00+00:00
[2026-05-29T09:19:14.454+0000] {processor.py:179} INFO - Processing /opt/airflow/dags/hackernews_dag.py took 0.061 seconds
[2026-05-29T09:19:44.691+0000] {processor.py:157} INFO - Started process (PID=802) to work on /opt/airflow/dags/hackernews_dag.py
[2026-05-29T09:19:44.692+0000] {processor.py:829} INFO - Processing file /opt/airflow/dags/hackernews_dag.py for tasks to queue
[2026-05-29T09:19:44.693+0000] {logging_mixin.py:151} INFO - [2026-05-29T09:19:44.693+0000] {dagbag.py:539} INFO - Filling up the DagBag from /opt/airflow/dags/hackernews_dag.py
[2026-05-29T09:19:44.710+0000] {processor.py:839} INFO - DAG(s) dict_keys(['hackernews_pipeline']) retrieved from /opt/airflow/dags/hackernews_dag.py
[2026-05-29T09:19:44.739+0000] {logging_mixin.py:151} INFO - [2026-05-29T09:19:44.739+0000] {dag.py:2915} INFO - Sync 1 DAGs
[2026-05-29T09:19:44.758+0000] {logging_mixin.py:151} INFO - [2026-05-29T09:19:44.758+0000] {dag.py:3696} INFO - Setting next_dagrun for hackernews_pipeline to 2024-01-01T00:00:00+00:00, run_after=2024-01-01T00:05:00+00:00
[2026-05-29T09:19:44.774+0000] {processor.py:179} INFO - Processing /opt/airflow/dags/hackernews_dag.py took 0.090 seconds
[2026-05-29T09:20:14.992+0000] {processor.py:157} INFO - Started process (PID=812) to work on /opt/airflow/dags/hackernews_dag.py
[2026-05-29T09:20:14.993+0000] {processor.py:829} INFO - Processing file /opt/airflow/dags/hackernews_dag.py for tasks to queue
[2026-05-29T09:20:14.994+0000] {logging_mixin.py:151} INFO - [2026-05-29T09:20:14.994+0000] {dagbag.py:539} INFO - Filling up the DagBag from /opt/airflow/dags/hackernews_dag.py
[2026-05-29T09:20:15.010+0000] {processor.py:839} INFO - DAG(s) dict_keys(['hackernews_pipeline']) retrieved from /opt/airflow/dags/hackernews_dag.py
[2026-05-29T09:20:15.038+0000] {logging_mixin.py:151} INFO - [2026-05-29T09:20:15.038+0000] {dag.py:2915} INFO - Sync 1 DAGs
[2026-05-29T09:20:15.054+0000] {logging_mixin.py:151} INFO - [2026-05-29T09:20:15.054+0000] {dag.py:3696} INFO - Setting next_dagrun for hackernews_pipeline to 2024-01-01T00:00:00+00:00, run_after=2024-01-01T00:05:00+00:00
[2026-05-29T09:20:15.067+0000] {processor.py:179} INFO - Processing /opt/airflow/dags/hackernews_dag.py took 0.080 seconds
[2026-05-29T09:20:45.299+0000] {processor.py:157} INFO - Started process (PID=822) to work on /opt/airflow/dags/hackernews_dag.py
[2026-05-29T09:20:45.300+0000] {processor.py:829} INFO - Processing file /opt/airflow/dags/hackernews_dag.py for tasks to queue
[2026-05-29T09:20:45.301+0000] {logging_mixin.py:151} INFO - [2026-05-29T09:20:45.301+0000] {dagbag.py:539} INFO - Filling up the DagBag from /opt/airflow/dags/hackernews_dag.py
[2026-05-29T09:20:45.312+0000] {processor.py:839} INFO - DAG(s) dict_keys(['hackernews_pipeline']) retrieved from /opt/airflow/dags/hackernews_dag.py
[2026-05-29T09:20:45.333+0000] {logging_mixin.py:151} INFO - [2026-05-29T09:20:45.333+0000] {dag.py:2915} INFO - Sync 1 DAGs
[2026-05-29T09:20:45.347+0000] {logging_mixin.py:151} INFO - [2026-05-29T09:20:45.347+0000] {dag.py:3696} INFO - Setting next_dagrun for hackernews_pipeline to 2024-01-01T00:00:00+00:00, run_after=2024-01-01T00:05:00+00:00
[2026-05-29T09:20:45.359+0000] {processor.py:179} INFO - Processing /opt/airflow/dags/hackernews_dag.py took 0.064 seconds
[2026-05-29T09:21:15.665+0000] {processor.py:157} INFO - Started process (PID=832) to work on /opt/airflow/dags/hackernews_dag.py
[2026-05-29T09:21:15.667+0000] {processor.py:829} INFO - Processing file /opt/airflow/dags/hackernews_dag.py for tasks to queue
[2026-05-29T09:21:15.668+0000] {logging_mixin.py:151} INFO - [2026-05-29T09:21:15.667+0000] {dagbag.py:539} INFO - Filling up the DagBag from /opt/airflow/dags/hackernews_dag.py
[2026-05-29T09:21:15.686+0000] {processor.py:839} INFO - DAG(s) dict_keys(['hackernews_pipeline']) retrieved from /opt/airflow/dags/hackernews_dag.py
[2026-05-29T09:21:15.707+0000] {logging_mixin.py:151} INFO - [2026-05-29T09:21:15.707+0000] {dag.py:2915} INFO - Sync 1 DAGs
[2026-05-29T09:21:15.719+0000] {logging_mixin.py:151} INFO - [2026-05-29T09:21:15.719+0000] {dag.py:3696} INFO - Setting next_dagrun for hackernews_pipeline to 2024-01-01T00:00:00+00:00, run_after=2024-01-01T00:05:00+00:00
[2026-05-29T09:21:15.730+0000] {processor.py:179} INFO - Processing /opt/airflow/dags/hackernews_dag.py took 0.071 seconds
[2026-05-29T09:21:46.038+0000] {processor.py:157} INFO - Started process (PID=842) to work on /opt/airflow/dags/hackernews_dag.py
[2026-05-29T09:21:46.039+0000] {processor.py:829} INFO - Processing file /opt/airflow/dags/hackernews_dag.py for tasks to queue
[2026-05-29T09:21:46.039+0000] {logging_mixin.py:151} INFO - [2026-05-29T09:21:46.039+0000] {dagbag.py:539} INFO - Filling up the DagBag from /opt/airflow/dags/hackernews_dag.py
[2026-05-29T09:21:46.058+0000] {processor.py:839} INFO - DAG(s) dict_keys(['hackernews_pipeline']) retrieved from /opt/airflow/dags/hackernews_dag.py
[2026-05-29T09:21:46.086+0000] {logging_mixin.py:151} INFO - [2026-05-29T09:21:46.086+0000] {dag.py:2915} INFO - Sync 1 DAGs
[2026-05-29T09:21:46.100+0000] {logging_mixin.py:151} INFO - [2026-05-29T09:21:46.100+0000] {dag.py:3696} INFO - Setting next_dagrun for hackernews_pipeline to 2024-01-01T00:00:00+00:00, run_after=2024-01-01T00:05:00+00:00
[2026-05-29T09:21:46.115+0000] {processor.py:179} INFO - Processing /opt/airflow/dags/hackernews_dag.py took 0.081 seconds
[2026-05-29T09:22:16.403+0000] {processor.py:157} INFO - Started process (PID=852) to work on /opt/airflow/dags/hackernews_dag.py
[2026-05-29T09:22:16.405+0000] {processor.py:829} INFO - Processing file /opt/airflow/dags/hackernews_dag.py for tasks to queue
[2026-05-29T09:22:16.407+0000] {logging_mixin.py:151} INFO - [2026-05-29T09:22:16.406+0000] {dagbag.py:539} INFO - Filling up the DagBag from /opt/airflow/dags/hackernews_dag.py
[2026-05-29T09:22:16.428+0000] {processor.py:839} INFO - DAG(s) dict_keys(['hackernews_pipeline']) retrieved from /opt/airflow/dags/hackernews_dag.py
[2026-05-29T09:22:16.451+0000] {logging_mixin.py:151} INFO - [2026-05-29T09:22:16.451+0000] {dag.py:2915} INFO - Sync 1 DAGs
[2026-05-29T09:22:16.465+0000] {logging_mixin.py:151} INFO - [2026-05-29T09:22:16.465+0000] {dag.py:3696} INFO - Setting next_dagrun for hackernews_pipeline to 2024-01-01T00:00:00+00:00, run_after=2024-01-01T00:05:00+00:00
[2026-05-29T09:22:16.480+0000] {processor.py:179} INFO - Processing /opt/airflow/dags/hackernews_dag.py took 0.082 seconds
[2026-05-29T09:22:46.889+0000] {processor.py:157} INFO - Started process (PID=862) to work on /opt/airflow/dags/hackernews_dag.py
[2026-05-29T09:22:46.890+0000] {processor.py:829} INFO - Processing file /opt/airflow/dags/hackernews_dag.py for tasks to queue
[2026-05-29T09:22:46.892+0000] {logging_mixin.py:151} INFO - [2026-05-29T09:22:46.891+0000] {dagbag.py:539} INFO - Filling up the DagBag from /opt/airflow/dags/hackernews_dag.py
[2026-05-29T09:22:46.914+0000] {processor.py:839} INFO - DAG(s) dict_keys(['hackernews_pipeline']) retrieved from /opt/airflow/dags/hackernews_dag.py
[2026-05-29T09:22:46.947+0000] {logging_mixin.py:151} INFO - [2026-05-29T09:22:46.947+0000] {dag.py:2915} INFO - Sync 1 DAGs
[2026-05-29T09:22:46.966+0000] {logging_mixin.py:151} INFO - [2026-05-29T09:22:46.966+0000] {dag.py:3696} INFO - Setting next_dagrun for hackernews_pipeline to 2024-01-01T00:00:00+00:00, run_after=2024-01-01T00:05:00+00:00
[2026-05-29T09:22:46.982+0000] {processor.py:179} INFO - Processing /opt/airflow/dags/hackernews_dag.py took 0.097 seconds
[2026-05-29T09:23:17.233+0000] {processor.py:157} INFO - Started process (PID=872) to work on /opt/airflow/dags/hackernews_dag.py
[2026-05-29T09:23:17.235+0000] {processor.py:829} INFO - Processing file /opt/airflow/dags/hackernews_dag.py for tasks to queue
[2026-05-29T09:23:17.236+0000] {logging_mixin.py:151} INFO - [2026-05-29T09:23:17.236+0000] {dagbag.py:539} INFO - Filling up the DagBag from /opt/airflow/dags/hackernews_dag.py
[2026-05-29T09:23:17.250+0000] {processor.py:839} INFO - DAG(s) dict_keys(['hackernews_pipeline']) retrieved from /opt/airflow/dags/hackernews_dag.py
[2026-05-29T09:23:17.271+0000] {logging_mixin.py:151} INFO - [2026-05-29T09:23:17.271+0000] {dag.py:2915} INFO - Sync 1 DAGs
[2026-05-29T09:23:17.286+0000] {logging_mixin.py:151} INFO - [2026-05-29T09:23:17.286+0000] {dag.py:3696} INFO - Setting next_dagrun for hackernews_pipeline to 2024-01-01T00:00:00+00:00, run_after=2024-01-01T00:05:00+00:00
[2026-05-29T09:23:17.296+0000] {processor.py:179} INFO - Processing /opt/airflow/dags/hackernews_dag.py took 0.067 seconds
[2026-05-29T09:23:47.587+0000] {processor.py:157} INFO - Started process (PID=882) to work on /opt/airflow/dags/hackernews_dag.py
[2026-05-29T09:23:47.588+0000] {processor.py:829} INFO - Processing file /opt/airflow/dags/hackernews_dag.py for tasks to queue
[2026-05-29T09:23:47.590+0000] {logging_mixin.py:151} INFO - [2026-05-29T09:23:47.589+0000] {dagbag.py:539} INFO - Filling up the DagBag from /opt/airflow/dags/hackernews_dag.py
[2026-05-29T09:23:47.601+0000] {processor.py:839} INFO - DAG(s) dict_keys(['hackernews_pipeline']) retrieved from /opt/airflow/dags/hackernews_dag.py
[2026-05-29T09:23:47.620+0000] {logging_mixin.py:151} INFO - [2026-05-29T09:23:47.620+0000] {dag.py:2915} INFO - Sync 1 DAGs
[2026-05-29T09:23:47.635+0000] {logging_mixin.py:151} INFO - [2026-05-29T09:23:47.635+0000] {dag.py:3696} INFO - Setting next_dagrun for hackernews_pipeline to 2024-01-01T00:00:00+00:00, run_after=2024-01-01T00:05:00+00:00
[2026-05-29T09:23:47.648+0000] {processor.py:179} INFO - Processing /opt/airflow/dags/hackernews_dag.py took 0.065 seconds
[2026-05-29T09:24:17.968+0000] {processor.py:157} INFO - Started process (PID=892) to work on /opt/airflow/dags/hackernews_dag.py
[2026-05-29T09:24:17.969+0000] {processor.py:829} INFO - Processing file /opt/airflow/dags/hackernews_dag.py for tasks to queue
[2026-05-29T09:24:17.970+0000] {logging_mixin.py:151} INFO - [2026-05-29T09:24:17.970+0000] {dagbag.py:539} INFO - Filling up the DagBag from /opt/airflow/dags/hackernews_dag.py
[2026-05-29T09:24:17.987+0000] {processor.py:839} INFO - DAG(s) dict_keys(['hackernews_pipeline']) retrieved from /opt/airflow/dags/hackernews_dag.py
[2026-05-29T09:24:18.020+0000] {logging_mixin.py:151} INFO - [2026-05-29T09:24:18.019+0000] {dag.py:2915} INFO - Sync 1 DAGs
[2026-05-29T09:24:18.041+0000] {logging_mixin.py:151} INFO - [2026-05-29T09:24:18.041+0000] {dag.py:3696} INFO - Setting next_dagrun for hackernews_pipeline to 2024-01-01T00:00:00+00:00, run_after=2024-01-01T00:05:00+00:00
[2026-05-29T09:24:18.059+0000] {processor.py:179} INFO - Processing /opt/airflow/dags/hackernews_dag.py took 0.095 seconds
[2026-05-29T09:24:48.424+0000] {processor.py:157} INFO - Started process (PID=902) to work on /opt/airflow/dags/hackernews_dag.py
[2026-05-29T09:24:48.425+0000] {processor.py:829} INFO - Processing file /opt/airflow/dags/hackernews_dag.py for tasks to queue
[2026-05-29T09:24:48.427+0000] {logging_mixin.py:151} INFO - [2026-05-29T09:24:48.427+0000] {dagbag.py:539} INFO - Filling up the DagBag from /opt/airflow/dags/hackernews_dag.py
[2026-05-29T09:24:48.446+0000] {processor.py:839} INFO - DAG(s) dict_keys(['hackernews_pipeline']) retrieved from /opt/airflow/dags/hackernews_dag.py
[2026-05-29T09:24:48.470+0000] {logging_mixin.py:151} INFO - [2026-05-29T09:24:48.470+0000] {dag.py:2915} INFO - Sync 1 DAGs
[2026-05-29T09:24:48.483+0000] {logging_mixin.py:151} INFO - [2026-05-29T09:24:48.483+0000] {dag.py:3696} INFO - Setting next_dagrun for hackernews_pipeline to 2024-01-01T00:00:00+00:00, run_after=2024-01-01T00:05:00+00:00
[2026-05-29T09:24:48.499+0000] {processor.py:179} INFO - Processing /opt/airflow/dags/hackernews_dag.py took 0.079 seconds
[2026-05-29T09:25:18.752+0000] {processor.py:157} INFO - Started process (PID=912) to work on /opt/airflow/dags/hackernews_dag.py
[2026-05-29T09:25:18.753+0000] {processor.py:829} INFO - Processing file /opt/airflow/dags/hackernews_dag.py for tasks to queue
[2026-05-29T09:25:18.754+0000] {logging_mixin.py:151} INFO - [2026-05-29T09:25:18.754+0000] {dagbag.py:539} INFO - Filling up the DagBag from /opt/airflow/dags/hackernews_dag.py
[2026-05-29T09:25:18.776+0000] {processor.py:839} INFO - DAG(s) dict_keys(['hackernews_pipeline']) retrieved from /opt/airflow/dags/hackernews_dag.py
[2026-05-29T09:25:18.814+0000] {logging_mixin.py:151} INFO - [2026-05-29T09:25:18.814+0000] {dag.py:2915} INFO - Sync 1 DAGs
[2026-05-29T09:25:18.836+0000] {logging_mixin.py:151} INFO - [2026-05-29T09:25:18.836+0000] {dag.py:3696} INFO - Setting next_dagrun for hackernews_pipeline to 2024-01-01T00:00:00+00:00, run_after=2024-01-01T00:05:00+00:00
[2026-05-29T09:25:18.853+0000] {processor.py:179} INFO - Processing /opt/airflow/dags/hackernews_dag.py took 0.106 seconds
[2026-05-29T09:25:49.072+0000] {processor.py:157} INFO - Started process (PID=922) to work on /opt/airflow/dags/hackernews_dag.py
[2026-05-29T09:25:49.074+0000] {processor.py:829} INFO - Processing file /opt/airflow/dags/hackernews_dag.py for tasks to queue
[2026-05-29T09:25:49.075+0000] {logging_mixin.py:151} INFO - [2026-05-29T09:25:49.074+0000] {dagbag.py:539} INFO - Filling up the DagBag from /opt/airflow/dags/hackernews_dag.py
[2026-05-29T09:25:49.087+0000] {processor.py:839} INFO - DAG(s) dict_keys(['hackernews_pipeline']) retrieved from /opt/airflow/dags/hackernews_dag.py
[2026-05-29T09:25:49.110+0000] {logging_mixin.py:151} INFO - [2026-05-29T09:25:49.110+0000] {dag.py:2915} INFO - Sync 1 DAGs
[2026-05-29T09:25:49.125+0000] {logging_mixin.py:151} INFO - [2026-05-29T09:25:49.125+0000] {dag.py:3696} INFO - Setting next_dagrun for hackernews_pipeline to 2024-01-01T00:00:00+00:00, run_after=2024-01-01T00:05:00+00:00
[2026-05-29T09:25:49.136+0000] {processor.py:179} INFO - Processing /opt/airflow/dags/hackernews_dag.py took 0.069 seconds
[2026-05-29T09:26:19.428+0000] {processor.py:157} INFO - Started process (PID=930) to work on /opt/airflow/dags/hackernews_dag.py
[2026-05-29T09:26:19.429+0000] {processor.py:829} INFO - Processing file /opt/airflow/dags/hackernews_dag.py for tasks to queue
[2026-05-29T09:26:19.430+0000] {logging_mixin.py:151} INFO - [2026-05-29T09:26:19.430+0000] {dagbag.py:539} INFO - Filling up the DagBag from /opt/airflow/dags/hackernews_dag.py
[2026-05-29T09:26:19.452+0000] {processor.py:839} INFO - DAG(s) dict_keys(['hackernews_pipeline']) retrieved from /opt/airflow/dags/hackernews_dag.py
[2026-05-29T09:26:19.486+0000] {logging_mixin.py:151} INFO - [2026-05-29T09:26:19.486+0000] {dag.py:2915} INFO - Sync 1 DAGs
[2026-05-29T09:26:19.504+0000] {logging_mixin.py:151} INFO - [2026-05-29T09:26:19.503+0000] {dag.py:3696} INFO - Setting next_dagrun for hackernews_pipeline to 2024-01-01T00:00:00+00:00, run_after=2024-01-01T00:05:00+00:00
[2026-05-29T09:26:19.518+0000] {processor.py:179} INFO - Processing /opt/airflow/dags/hackernews_dag.py took 0.101 seconds
[2026-05-29T09:26:49.850+0000] {processor.py:157} INFO - Started process (PID=942) to work on /opt/airflow/dags/hackernews_dag.py
[2026-05-29T09:26:49.851+0000] {processor.py:829} INFO - Processing file /opt/airflow/dags/hackernews_dag.py for tasks to queue
[2026-05-29T09:26:49.853+0000] {logging_mixin.py:151} INFO - [2026-05-29T09:26:49.853+0000] {dagbag.py:539} INFO - Filling up the DagBag from /opt/airflow/dags/hackernews_dag.py
[2026-05-29T09:26:49.864+0000] {processor.py:839} INFO - DAG(s) dict_keys(['hackernews_pipeline']) retrieved from /opt/airflow/dags/hackernews_dag.py
[2026-05-29T09:26:49.888+0000] {logging_mixin.py:151} INFO - [2026-05-29T09:26:49.888+0000] {dag.py:2915} INFO - Sync 1 DAGs
[2026-05-29T09:26:49.902+0000] {logging_mixin.py:151} INFO - [2026-05-29T09:26:49.902+0000] {dag.py:3696} INFO - Setting next_dagrun for hackernews_pipeline to 2024-01-01T00:00:00+00:00, run_after=2024-01-01T00:05:00+00:00
[2026-05-29T09:26:49.914+0000] {processor.py:179} INFO - Processing /opt/airflow/dags/hackernews_dag.py took 0.069 seconds
[2026-05-29T09:27:20.168+0000] {processor.py:157} INFO - Started process (PID=952) to work on /opt/airflow/dags/hackernews_dag.py
[2026-05-29T09:27:20.169+0000] {processor.py:829} INFO - Processing file /opt/airflow/dags/hackernews_dag.py for tasks to queue
[2026-05-29T09:27:20.170+0000] {logging_mixin.py:151} INFO - [2026-05-29T09:27:20.170+0000] {dagbag.py:539} INFO - Filling up the DagBag from /opt/airflow/dags/hackernews_dag.py
[2026-05-29T09:27:20.184+0000] {processor.py:839} INFO - DAG(s) dict_keys(['hackernews_pipeline']) retrieved from /opt/airflow/dags/hackernews_dag.py
[2026-05-29T09:27:20.217+0000] {logging_mixin.py:151} INFO - [2026-05-29T09:27:20.217+0000] {dag.py:2915} INFO - Sync 1 DAGs
[2026-05-29T09:27:20.234+0000] {logging_mixin.py:151} INFO - [2026-05-29T09:27:20.234+0000] {dag.py:3696} INFO - Setting next_dagrun for hackernews_pipeline to 2024-01-01T00:00:00+00:00, run_after=2024-01-01T00:05:00+00:00
[2026-05-29T09:27:20.247+0000] {processor.py:179} INFO - Processing /opt/airflow/dags/hackernews_dag.py took 0.085 seconds
[2026-05-29T09:27:50.467+0000] {processor.py:157} INFO - Started process (PID=962) to work on /opt/airflow/dags/hackernews_dag.py
[2026-05-29T09:27:50.469+0000] {processor.py:829} INFO - Processing file /opt/airflow/dags/hackernews_dag.py for tasks to queue
[2026-05-29T09:27:50.471+0000] {logging_mixin.py:151} INFO - [2026-05-29T09:27:50.471+0000] {dagbag.py:539} INFO - Filling up the DagBag from /opt/airflow/dags/hackernews_dag.py
[2026-05-29T09:27:50.487+0000] {processor.py:839} INFO - DAG(s) dict_keys(['hackernews_pipeline']) retrieved from /opt/airflow/dags/hackernews_dag.py
[2026-05-29T09:27:50.511+0000] {logging_mixin.py:151} INFO - [2026-05-29T09:27:50.511+0000] {dag.py:2915} INFO - Sync 1 DAGs
[2026-05-29T09:27:50.528+0000] {logging_mixin.py:151} INFO - [2026-05-29T09:27:50.527+0000] {dag.py:3696} INFO - Setting next_dagrun for hackernews_pipeline to 2024-01-01T00:00:00+00:00, run_after=2024-01-01T00:05:00+00:00
[2026-05-29T09:27:50.544+0000] {processor.py:179} INFO - Processing /opt/airflow/dags/hackernews_dag.py took 0.081 seconds
[2026-05-29T09:28:20.804+0000] {processor.py:157} INFO - Started process (PID=972) to work on /opt/airflow/dags/hackernews_dag.py
[2026-05-29T09:28:20.805+0000] {processor.py:829} INFO - Processing file /opt/airflow/dags/hackernews_dag.py for tasks to queue
[2026-05-29T09:28:20.805+0000] {logging_mixin.py:151} INFO - [2026-05-29T09:28:20.805+0000] {dagbag.py:539} INFO - Filling up the DagBag from /opt/airflow/dags/hackernews_dag.py
[2026-05-29T09:28:20.815+0000] {processor.py:839} INFO - DAG(s) dict_keys(['hackernews_pipeline']) retrieved from /opt/airflow/dags/hackernews_dag.py
[2026-05-29T09:28:20.838+0000] {logging_mixin.py:151} INFO - [2026-05-29T09:28:20.837+0000] {dag.py:2915} INFO - Sync 1 DAGs
[2026-05-29T09:28:20.856+0000] {logging_mixin.py:151} INFO - [2026-05-29T09:28:20.856+0000] {dag.py:3696} INFO - Setting next_dagrun for hackernews_pipeline to 2024-01-01T00:00:00+00:00, run_after=2024-01-01T00:05:00+00:00
[2026-05-29T09:28:20.871+0000] {processor.py:179} INFO - Processing /opt/airflow/dags/hackernews_dag.py took 0.070 seconds
[2026-05-29T09:28:51.103+0000] {processor.py:157} INFO - Started process (PID=982) to work on /opt/airflow/dags/hackernews_dag.py
[2026-05-29T09:28:51.104+0000] {processor.py:829} INFO - Processing file /opt/airflow/dags/hackernews_dag.py for tasks to queue
[2026-05-29T09:28:51.105+0000] {logging_mixin.py:151} INFO - [2026-05-29T09:28:51.105+0000] {dagbag.py:539} INFO - Filling up the DagBag from /opt/airflow/dags/hackernews_dag.py
[2026-05-29T09:28:51.123+0000] {processor.py:839} INFO - DAG(s) dict_keys(['hackernews_pipeline']) retrieved from /opt/airflow/dags/hackernews_dag.py
[2026-05-29T09:28:51.150+0000] {logging_mixin.py:151} INFO - [2026-05-29T09:28:51.150+0000] {dag.py:2915} INFO - Sync 1 DAGs
[2026-05-29T09:28:51.172+0000] {logging_mixin.py:151} INFO - [2026-05-29T09:28:51.172+0000] {dag.py:3696} INFO - Setting next_dagrun for hackernews_pipeline to 2024-01-01T00:00:00+00:00, run_after=2024-01-01T00:05:00+00:00
[2026-05-29T09:28:51.187+0000] {processor.py:179} INFO - Processing /opt/airflow/dags/hackernews_dag.py took 0.089 seconds
[2026-05-29T09:29:21.488+0000] {processor.py:157} INFO - Started process (PID=992) to work on /opt/airflow/dags/hackernews_dag.py
[2026-05-29T09:29:21.489+0000] {processor.py:829} INFO - Processing file /opt/airflow/dags/hackernews_dag.py for tasks to queue
[2026-05-29T09:29:21.491+0000] {logging_mixin.py:151} INFO - [2026-05-29T09:29:21.491+0000] {dagbag.py:539} INFO - Filling up the DagBag from /opt/airflow/dags/hackernews_dag.py
[2026-05-29T09:29:21.503+0000] {processor.py:839} INFO - DAG(s) dict_keys(['hackernews_pipeline']) retrieved from /opt/airflow/dags/hackernews_dag.py
[2026-05-29T09:29:21.525+0000] {logging_mixin.py:151} INFO - [2026-05-29T09:29:21.525+0000] {dag.py:2915} INFO - Sync 1 DAGs
[2026-05-29T09:29:21.539+0000] {logging_mixin.py:151} INFO - [2026-05-29T09:29:21.539+0000] {dag.py:3696} INFO - Setting next_dagrun for hackernews_pipeline to 2024-01-01T00:00:00+00:00, run_after=2024-01-01T00:05:00+00:00
[2026-05-29T09:29:21.551+0000] {processor.py:179} INFO - Processing /opt/airflow/dags/hackernews_dag.py took 0.066 seconds
[2026-05-29T09:29:51.851+0000] {processor.py:157} INFO - Started process (PID=1002) to work on /opt/airflow/dags/hackernews_dag.py
[2026-05-29T09:29:51.852+0000] {processor.py:829} INFO - Processing file /opt/airflow/dags/hackernews_dag.py for tasks to queue
[2026-05-29T09:29:51.853+0000] {logging_mixin.py:151} INFO - [2026-05-29T09:29:51.853+0000] {dagbag.py:539} INFO - Filling up the DagBag from /opt/airflow/dags/hackernews_dag.py
[2026-05-29T09:29:51.868+0000] {processor.py:839} INFO - DAG(s) dict_keys(['hackernews_pipeline']) retrieved from /opt/airflow/dags/hackernews_dag.py
[2026-05-29T09:29:51.887+0000] {logging_mixin.py:151} INFO - [2026-05-29T09:29:51.887+0000] {dag.py:2915} INFO - Sync 1 DAGs
[2026-05-29T09:29:51.900+0000] {logging_mixin.py:151} INFO - [2026-05-29T09:29:51.900+0000] {dag.py:3696} INFO - Setting next_dagrun for hackernews_pipeline to 2024-01-01T00:00:00+00:00, run_after=2024-01-01T00:05:00+00:00
[2026-05-29T09:29:51.909+0000] {processor.py:179} INFO - Processing /opt/airflow/dags/hackernews_dag.py took 0.061 seconds
[2026-05-29T09:30:22.140+0000] {processor.py:157} INFO - Started process (PID=1010) to work on /opt/airflow/dags/hackernews_dag.py
[2026-05-29T09:30:22.142+0000] {processor.py:829} INFO - Processing file /opt/airflow/dags/hackernews_dag.py for tasks to queue
[2026-05-29T09:30:22.145+0000] {logging_mixin.py:151} INFO - [2026-05-29T09:30:22.143+0000] {dagbag.py:539} INFO - Filling up the DagBag from /opt/airflow/dags/hackernews_dag.py
[2026-05-29T09:30:22.172+0000] {processor.py:839} INFO - DAG(s) dict_keys(['hackernews_pipeline']) retrieved from /opt/airflow/dags/hackernews_dag.py
[2026-05-29T09:30:22.213+0000] {logging_mixin.py:151} INFO - [2026-05-29T09:30:22.213+0000] {dag.py:2915} INFO - Sync 1 DAGs
[2026-05-29T09:30:22.232+0000] {logging_mixin.py:151} INFO - [2026-05-29T09:30:22.232+0000] {dag.py:3696} INFO - Setting next_dagrun for hackernews_pipeline to 2024-01-01T00:00:00+00:00, run_after=2024-01-01T00:05:00+00:00
[2026-05-29T09:30:22.245+0000] {processor.py:179} INFO - Processing /opt/airflow/dags/hackernews_dag.py took 0.112 seconds
[2026-05-29T09:30:52.626+0000] {processor.py:157} INFO - Started process (PID=1022) to work on /opt/airflow/dags/hackernews_dag.py
[2026-05-29T09:30:52.628+0000] {processor.py:829} INFO - Processing file /opt/airflow/dags/hackernews_dag.py for tasks to queue
[2026-05-29T09:30:52.629+0000] {logging_mixin.py:151} INFO - [2026-05-29T09:30:52.629+0000] {dagbag.py:539} INFO - Filling up the DagBag from /opt/airflow/dags/hackernews_dag.py
[2026-05-29T09:30:52.651+0000] {processor.py:839} INFO - DAG(s) dict_keys(['hackernews_pipeline']) retrieved from /opt/airflow/dags/hackernews_dag.py
[2026-05-29T09:30:52.699+0000] {logging_mixin.py:151} INFO - [2026-05-29T09:30:52.699+0000] {dag.py:2915} INFO - Sync 1 DAGs
[2026-05-29T09:30:52.719+0000] {logging_mixin.py:151} INFO - [2026-05-29T09:30:52.719+0000] {dag.py:3696} INFO - Setting next_dagrun for hackernews_pipeline to 2024-01-01T00:00:00+00:00, run_after=2024-01-01T00:05:00+00:00
[2026-05-29T09:30:52.733+0000] {processor.py:179} INFO - Processing /opt/airflow/dags/hackernews_dag.py took 0.113 seconds
[2026-05-29T09:31:22.958+0000] {processor.py:157} INFO - Started process (PID=1032) to work on /opt/airflow/dags/hackernews_dag.py
[2026-05-29T09:31:22.960+0000] {processor.py:829} INFO - Processing file /opt/airflow/dags/hackernews_dag.py for tasks to queue
[2026-05-29T09:31:22.961+0000] {logging_mixin.py:151} INFO - [2026-05-29T09:31:22.961+0000] {dagbag.py:539} INFO - Filling up the DagBag from /opt/airflow/dags/hackernews_dag.py
[2026-05-29T09:31:22.979+0000] {processor.py:839} INFO - DAG(s) dict_keys(['hackernews_pipeline']) retrieved from /opt/airflow/dags/hackernews_dag.py
[2026-05-29T09:31:22.999+0000] {logging_mixin.py:151} INFO - [2026-05-29T09:31:22.999+0000] {dag.py:2915} INFO - Sync 1 DAGs
[2026-05-29T09:31:23.012+0000] {logging_mixin.py:151} INFO - [2026-05-29T09:31:23.012+0000] {dag.py:3696} INFO - Setting next_dagrun for hackernews_pipeline to 2024-01-01T00:00:00+00:00, run_after=2024-01-01T00:05:00+00:00
[2026-05-29T09:31:23.023+0000] {processor.py:179} INFO - Processing /opt/airflow/dags/hackernews_dag.py took 0.071 seconds
[2026-05-29T09:31:53.303+0000] {processor.py:157} INFO - Started process (PID=1042) to work on /opt/airflow/dags/hackernews_dag.py
[2026-05-29T09:31:53.305+0000] {processor.py:829} INFO - Processing file /opt/airflow/dags/hackernews_dag.py for tasks to queue
[2026-05-29T09:31:53.306+0000] {logging_mixin.py:151} INFO - [2026-05-29T09:31:53.305+0000] {dagbag.py:539} INFO - Filling up the DagBag from /opt/airflow/dags/hackernews_dag.py
[2026-05-29T09:31:53.317+0000] {processor.py:839} INFO - DAG(s) dict_keys(['hackernews_pipeline']) retrieved from /opt/airflow/dags/hackernews_dag.py
[2026-05-29T09:31:53.338+0000] {logging_mixin.py:151} INFO - [2026-05-29T09:31:53.338+0000] {dag.py:2915} INFO - Sync 1 DAGs
[2026-05-29T09:31:53.352+0000] {logging_mixin.py:151} INFO - [2026-05-29T09:31:53.352+0000] {dag.py:3696} INFO - Setting next_dagrun for hackernews_pipeline to 2024-01-01T00:00:00+00:00, run_after=2024-01-01T00:05:00+00:00
[2026-05-29T09:31:53.364+0000] {processor.py:179} INFO - Processing /opt/airflow/dags/hackernews_dag.py took 0.065 seconds
[2026-05-29T09:32:23.641+0000] {processor.py:157} INFO - Started process (PID=1052) to work on /opt/airflow/dags/hackernews_dag.py
[2026-05-29T09:32:23.642+0000] {processor.py:829} INFO - Processing file /opt/airflow/dags/hackernews_dag.py for tasks to queue
[2026-05-29T09:32:23.643+0000] {logging_mixin.py:151} INFO - [2026-05-29T09:32:23.643+0000] {dagbag.py:539} INFO - Filling up the DagBag from /opt/airflow/dags/hackernews_dag.py
[2026-05-29T09:32:23.662+0000] {processor.py:839} INFO - DAG(s) dict_keys(['hackernews_pipeline']) retrieved from /opt/airflow/dags/hackernews_dag.py
[2026-05-29T09:32:23.686+0000] {logging_mixin.py:151} INFO - [2026-05-29T09:32:23.686+0000] {dag.py:2915} INFO - Sync 1 DAGs
[2026-05-29T09:32:23.701+0000] {logging_mixin.py:151} INFO - [2026-05-29T09:32:23.701+0000] {dag.py:3696} INFO - Setting next_dagrun for hackernews_pipeline to 2024-01-01T00:00:00+00:00, run_after=2024-01-01T00:05:00+00:00
[2026-05-29T09:32:23.714+0000] {processor.py:179} INFO - Processing /opt/airflow/dags/hackernews_dag.py took 0.077 seconds
[2026-05-29T09:32:53.984+0000] {processor.py:157} INFO - Started process (PID=1062) to work on /opt/airflow/dags/hackernews_dag.py
[2026-05-29T09:32:53.986+0000] {processor.py:829} INFO - Processing file /opt/airflow/dags/hackernews_dag.py for tasks to queue
[2026-05-29T09:32:53.986+0000] {logging_mixin.py:151} INFO - [2026-05-29T09:32:53.986+0000] {dagbag.py:539} INFO - Filling up the DagBag from /opt/airflow/dags/hackernews_dag.py
[2026-05-29T09:32:54.004+0000] {processor.py:839} INFO - DAG(s) dict_keys(['hackernews_pipeline']) retrieved from /opt/airflow/dags/hackernews_dag.py
[2026-05-29T09:32:54.028+0000] {logging_mixin.py:151} INFO - [2026-05-29T09:32:54.027+0000] {dag.py:2915} INFO - Sync 1 DAGs
[2026-05-29T09:32:54.048+0000] {logging_mixin.py:151} INFO - [2026-05-29T09:32:54.048+0000] {dag.py:3696} INFO - Setting next_dagrun for hackernews_pipeline to 2024-01-01T00:00:00+00:00, run_after=2024-01-01T00:05:00+00:00
[2026-05-29T09:32:54.061+0000] {processor.py:179} INFO - Processing /opt/airflow/dags/hackernews_dag.py took 0.081 seconds
[2026-05-29T09:33:24.325+0000] {processor.py:157} INFO - Started process (PID=1072) to work on /opt/airflow/dags/hackernews_dag.py
[2026-05-29T09:33:24.327+0000] {processor.py:829} INFO - Processing file /opt/airflow/dags/hackernews_dag.py for tasks to queue
[2026-05-29T09:33:24.328+0000] {logging_mixin.py:151} INFO - [2026-05-29T09:33:24.328+0000] {dagbag.py:539} INFO - Filling up the DagBag from /opt/airflow/dags/hackernews_dag.py
[2026-05-29T09:33:24.349+0000] {processor.py:839} INFO - DAG(s) dict_keys(['hackernews_pipeline']) retrieved from /opt/airflow/dags/hackernews_dag.py
[2026-05-29T09:33:24.380+0000] {logging_mixin.py:151} INFO - [2026-05-29T09:33:24.380+0000] {dag.py:2915} INFO - Sync 1 DAGs
[2026-05-29T09:33:24.396+0000] {logging_mixin.py:151} INFO - [2026-05-29T09:33:24.396+0000] {dag.py:3696} INFO - Setting next_dagrun for hackernews_pipeline to 2024-01-01T00:00:00+00:00, run_after=2024-01-01T00:05:00+00:00
[2026-05-29T09:33:24.408+0000] {processor.py:179} INFO - Processing /opt/airflow/dags/hackernews_dag.py took 0.089 seconds
[2026-05-29T09:33:54.630+0000] {processor.py:157} INFO - Started process (PID=1082) to work on /opt/airflow/dags/hackernews_dag.py
[2026-05-29T09:33:54.631+0000] {processor.py:829} INFO - Processing file /opt/airflow/dags/hackernews_dag.py for tasks to queue
[2026-05-29T09:33:54.633+0000] {logging_mixin.py:151} INFO - [2026-05-29T09:33:54.632+0000] {dagbag.py:539} INFO - Filling up the DagBag from /opt/airflow/dags/hackernews_dag.py
[2026-05-29T09:33:54.660+0000] {processor.py:839} INFO - DAG(s) dict_keys(['hackernews_pipeline']) retrieved from /opt/airflow/dags/hackernews_dag.py
[2026-05-29T09:33:54.701+0000] {logging_mixin.py:151} INFO - [2026-05-29T09:33:54.701+0000] {dag.py:2915} INFO - Sync 1 DAGs
[2026-05-29T09:33:54.723+0000] {logging_mixin.py:151} INFO - [2026-05-29T09:33:54.723+0000] {dag.py:3696} INFO - Setting next_dagrun for hackernews_pipeline to 2024-01-01T00:00:00+00:00, run_after=2024-01-01T00:05:00+00:00
[2026-05-29T09:33:54.736+0000] {processor.py:179} INFO - Processing /opt/airflow/dags/hackernews_dag.py took 0.118 seconds
[2026-05-29T09:34:24.933+0000] {processor.py:157} INFO - Started process (PID=1092) to work on /opt/airflow/dags/hackernews_dag.py
[2026-05-29T09:34:24.934+0000] {processor.py:829} INFO - Processing file /opt/airflow/dags/hackernews_dag.py for tasks to queue
[2026-05-29T09:34:24.935+0000] {logging_mixin.py:151} INFO - [2026-05-29T09:34:24.935+0000] {dagbag.py:539} INFO - Filling up the DagBag from /opt/airflow/dags/hackernews_dag.py
[2026-05-29T09:34:24.949+0000] {processor.py:839} INFO - DAG(s) dict_keys(['hackernews_pipeline']) retrieved from /opt/airflow/dags/hackernews_dag.py
[2026-05-29T09:34:24.974+0000] {logging_mixin.py:151} INFO - [2026-05-29T09:34:24.974+0000] {dag.py:2915} INFO - Sync 1 DAGs
[2026-05-29T09:34:24.986+0000] {logging_mixin.py:151} INFO - [2026-05-29T09:34:24.986+0000] {dag.py:3696} INFO - Setting next_dagrun for hackernews_pipeline to 2024-01-01T00:00:00+00:00, run_after=2024-01-01T00:05:00+00:00
[2026-05-29T09:34:24.996+0000] {processor.py:179} INFO - Processing /opt/airflow/dags/hackernews_dag.py took 0.068 seconds
[2026-05-29T09:34:55.272+0000] {processor.py:157} INFO - Started process (PID=1102) to work on /opt/airflow/dags/hackernews_dag.py
[2026-05-29T09:34:55.273+0000] {processor.py:829} INFO - Processing file /opt/airflow/dags/hackernews_dag.py for tasks to queue
[2026-05-29T09:34:55.274+0000] {logging_mixin.py:151} INFO - [2026-05-29T09:34:55.273+0000] {dagbag.py:539} INFO - Filling up the DagBag from /opt/airflow/dags/hackernews_dag.py
[2026-05-29T09:34:55.287+0000] {processor.py:839} INFO - DAG(s) dict_keys(['hackernews_pipeline']) retrieved from /opt/airflow/dags/hackernews_dag.py
[2026-05-29T09:34:55.310+0000] {logging_mixin.py:151} INFO - [2026-05-29T09:34:55.310+0000] {dag.py:2915} INFO - Sync 1 DAGs
[2026-05-29T09:34:55.322+0000] {logging_mixin.py:151} INFO - [2026-05-29T09:34:55.322+0000] {dag.py:3696} INFO - Setting next_dagrun for hackernews_pipeline to 2024-01-01T00:00:00+00:00, run_after=2024-01-01T00:05:00+00:00
[2026-05-29T09:34:55.334+0000] {processor.py:179} INFO - Processing /opt/airflow/dags/hackernews_dag.py took 0.068 seconds
[2026-05-29T09:35:25.685+0000] {processor.py:157} INFO - Started process (PID=1112) to work on /opt/airflow/dags/hackernews_dag.py
[2026-05-29T09:35:25.686+0000] {processor.py:829} INFO - Processing file /opt/airflow/dags/hackernews_dag.py for tasks to queue
[2026-05-29T09:35:25.687+0000] {logging_mixin.py:151} INFO - [2026-05-29T09:35:25.687+0000] {dagbag.py:539} INFO - Filling up the DagBag from /opt/airflow/dags/hackernews_dag.py
[2026-05-29T09:35:25.699+0000] {processor.py:839} INFO - DAG(s) dict_keys(['hackernews_pipeline']) retrieved from /opt/airflow/dags/hackernews_dag.py
[2026-05-29T09:35:25.720+0000] {logging_mixin.py:151} INFO - [2026-05-29T09:35:25.720+0000] {dag.py:2915} INFO - Sync 1 DAGs
[2026-05-29T09:35:25.732+0000] {logging_mixin.py:151} INFO - [2026-05-29T09:35:25.732+0000] {dag.py:3696} INFO - Setting next_dagrun for hackernews_pipeline to 2024-01-01T00:00:00+00:00, run_after=2024-01-01T00:05:00+00:00
[2026-05-29T09:35:25.744+0000] {processor.py:179} INFO - Processing /opt/airflow/dags/hackernews_dag.py took 0.062 seconds
[2026-05-29T09:35:56.048+0000] {processor.py:157} INFO - Started process (PID=1122) to work on /opt/airflow/dags/hackernews_dag.py
[2026-05-29T09:35:56.049+0000] {processor.py:829} INFO - Processing file /opt/airflow/dags/hackernews_dag.py for tasks to queue
[2026-05-29T09:35:56.050+0000] {logging_mixin.py:151} INFO - [2026-05-29T09:35:56.050+0000] {dagbag.py:539} INFO - Filling up the DagBag from /opt/airflow/dags/hackernews_dag.py
[2026-05-29T09:35:56.061+0000] {processor.py:839} INFO - DAG(s) dict_keys(['hackernews_pipeline']) retrieved from /opt/airflow/dags/hackernews_dag.py
[2026-05-29T09:35:56.082+0000] {logging_mixin.py:151} INFO - [2026-05-29T09:35:56.082+0000] {dag.py:2915} INFO - Sync 1 DAGs
[2026-05-29T09:35:56.094+0000] {logging_mixin.py:151} INFO - [2026-05-29T09:35:56.094+0000] {dag.py:3696} INFO - Setting next_dagrun for hackernews_pipeline to 2024-01-01T00:00:00+00:00, run_after=2024-01-01T00:05:00+00:00
[2026-05-29T09:35:56.105+0000] {processor.py:179} INFO - Processing /opt/airflow/dags/hackernews_dag.py took 0.060 seconds
[2026-05-29T09:36:26.498+0000] {processor.py:157} INFO - Started process (PID=1132) to work on /opt/airflow/dags/hackernews_dag.py
[2026-05-29T09:36:26.499+0000] {processor.py:829} INFO - Processing file /opt/airflow/dags/hackernews_dag.py for tasks to queue
[2026-05-29T09:36:26.500+0000] {logging_mixin.py:151} INFO - [2026-05-29T09:36:26.500+0000] {dagbag.py:539} INFO - Filling up the DagBag from /opt/airflow/dags/hackernews_dag.py
[2026-05-29T09:36:26.518+0000] {processor.py:839} INFO - DAG(s) dict_keys(['hackernews_pipeline']) retrieved from /opt/airflow/dags/hackernews_dag.py
[2026-05-29T09:36:26.546+0000] {logging_mixin.py:151} INFO - [2026-05-29T09:36:26.546+0000] {dag.py:2915} INFO - Sync 1 DAGs
[2026-05-29T09:36:26.561+0000] {logging_mixin.py:151} INFO - [2026-05-29T09:36:26.561+0000] {dag.py:3696} INFO - Setting next_dagrun for hackernews_pipeline to 2024-01-01T00:00:00+00:00, run_after=2024-01-01T00:05:00+00:00
[2026-05-29T09:36:26.573+0000] {processor.py:179} INFO - Processing /opt/airflow/dags/hackernews_dag.py took 0.080 seconds
[2026-05-29T09:36:56.817+0000] {processor.py:157} INFO - Started process (PID=1142) to work on /opt/airflow/dags/hackernews_dag.py
[2026-05-29T09:36:56.819+0000] {processor.py:829} INFO - Processing file /opt/airflow/dags/hackernews_dag.py for tasks to queue
[2026-05-29T09:36:56.820+0000] {logging_mixin.py:151} INFO - [2026-05-29T09:36:56.820+0000] {dagbag.py:539} INFO - Filling up the DagBag from /opt/airflow/dags/hackernews_dag.py
[2026-05-29T09:36:56.835+0000] {processor.py:839} INFO - DAG(s) dict_keys(['hackernews_pipeline']) retrieved from /opt/airflow/dags/hackernews_dag.py
[2026-05-29T09:36:56.855+0000] {logging_mixin.py:151} INFO - [2026-05-29T09:36:56.855+0000] {dag.py:2915} INFO - Sync 1 DAGs
[2026-05-29T09:36:56.869+0000] {logging_mixin.py:151} INFO - [2026-05-29T09:36:56.869+0000] {dag.py:3696} INFO - Setting next_dagrun for hackernews_pipeline to 2024-01-01T00:00:00+00:00, run_after=2024-01-01T00:05:00+00:00
[2026-05-29T09:36:56.883+0000] {processor.py:179} INFO - Processing /opt/airflow/dags/hackernews_dag.py took 0.071 seconds
[2026-05-29T09:37:27.185+0000] {processor.py:157} INFO - Started process (PID=1152) to work on /opt/airflow/dags/hackernews_dag.py
[2026-05-29T09:37:27.186+0000] {processor.py:829} INFO - Processing file /opt/airflow/dags/hackernews_dag.py for tasks to queue
[2026-05-29T09:37:27.187+0000] {logging_mixin.py:151} INFO - [2026-05-29T09:37:27.187+0000] {dagbag.py:539} INFO - Filling up the DagBag from /opt/airflow/dags/hackernews_dag.py
[2026-05-29T09:37:27.197+0000] {processor.py:839} INFO - DAG(s) dict_keys(['hackernews_pipeline']) retrieved from /opt/airflow/dags/hackernews_dag.py
[2026-05-29T09:37:27.221+0000] {logging_mixin.py:151} INFO - [2026-05-29T09:37:27.221+0000] {dag.py:2915} INFO - Sync 1 DAGs
[2026-05-29T09:37:27.234+0000] {logging_mixin.py:151} INFO - [2026-05-29T09:37:27.233+0000] {dag.py:3696} INFO - Setting next_dagrun for hackernews_pipeline to 2024-01-01T00:00:00+00:00, run_after=2024-01-01T00:05:00+00:00
[2026-05-29T09:37:27.245+0000] {processor.py:179} INFO - Processing /opt/airflow/dags/hackernews_dag.py took 0.064 seconds
[2026-05-29T09:37:57.583+0000] {processor.py:157} INFO - Started process (PID=1161) to work on /opt/airflow/dags/hackernews_dag.py
[2026-05-29T09:37:57.585+0000] {processor.py:829} INFO - Processing file /opt/airflow/dags/hackernews_dag.py for tasks to queue
[2026-05-29T09:37:57.586+0000] {logging_mixin.py:151} INFO - [2026-05-29T09:37:57.586+0000] {dagbag.py:539} INFO - Filling up the DagBag from /opt/airflow/dags/hackernews_dag.py
[2026-05-29T09:37:57.612+0000] {processor.py:839} INFO - DAG(s) dict_keys(['hackernews_pipeline']) retrieved from /opt/airflow/dags/hackernews_dag.py
[2026-05-29T09:37:57.643+0000] {logging_mixin.py:151} INFO - [2026-05-29T09:37:57.643+0000] {dag.py:2915} INFO - Sync 1 DAGs
[2026-05-29T09:37:57.660+0000] {logging_mixin.py:151} INFO - [2026-05-29T09:37:57.660+0000] {dag.py:3696} INFO - Setting next_dagrun for hackernews_pipeline to 2024-01-01T00:00:00+00:00, run_after=2024-01-01T00:05:00+00:00
[2026-05-29T09:37:57.675+0000] {processor.py:179} INFO - Processing /opt/airflow/dags/hackernews_dag.py took 0.098 seconds
[2026-05-29T09:38:27.919+0000] {processor.py:157} INFO - Started process (PID=1172) to work on /opt/airflow/dags/hackernews_dag.py
[2026-05-29T09:38:27.921+0000] {processor.py:829} INFO - Processing file /opt/airflow/dags/hackernews_dag.py for tasks to queue
[2026-05-29T09:38:27.922+0000] {logging_mixin.py:151} INFO - [2026-05-29T09:38:27.922+0000] {dagbag.py:539} INFO - Filling up the DagBag from /opt/airflow/dags/hackernews_dag.py
[2026-05-29T09:38:27.934+0000] {processor.py:839} INFO - DAG(s) dict_keys(['hackernews_pipeline']) retrieved from /opt/airflow/dags/hackernews_dag.py
[2026-05-29T09:38:27.954+0000] {logging_mixin.py:151} INFO - [2026-05-29T09:38:27.954+0000] {dag.py:2915} INFO - Sync 1 DAGs
[2026-05-29T09:38:27.967+0000] {logging_mixin.py:151} INFO - [2026-05-29T09:38:27.967+0000] {dag.py:3696} INFO - Setting next_dagrun for hackernews_pipeline to 2024-01-01T00:00:00+00:00, run_after=2024-01-01T00:05:00+00:00
[2026-05-29T09:38:27.978+0000] {processor.py:179} INFO - Processing /opt/airflow/dags/hackernews_dag.py took 0.064 seconds
[2026-05-29T09:38:58.215+0000] {processor.py:157} INFO - Started process (PID=1182) to work on /opt/airflow/dags/hackernews_dag.py
[2026-05-29T09:38:58.217+0000] {processor.py:829} INFO - Processing file /opt/airflow/dags/hackernews_dag.py for tasks to queue
[2026-05-29T09:38:58.218+0000] {logging_mixin.py:151} INFO - [2026-05-29T09:38:58.218+0000] {dagbag.py:539} INFO - Filling up the DagBag from /opt/airflow/dags/hackernews_dag.py
[2026-05-29T09:38:58.229+0000] {processor.py:839} INFO - DAG(s) dict_keys(['hackernews_pipeline']) retrieved from /opt/airflow/dags/hackernews_dag.py
[2026-05-29T09:38:58.251+0000] {logging_mixin.py:151} INFO - [2026-05-29T09:38:58.251+0000] {dag.py:2915} INFO - Sync 1 DAGs
[2026-05-29T09:38:58.266+0000] {logging_mixin.py:151} INFO - [2026-05-29T09:38:58.265+0000] {dag.py:3696} INFO - Setting next_dagrun for hackernews_pipeline to 2024-01-01T00:00:00+00:00, run_after=2024-01-01T00:05:00+00:00
[2026-05-29T09:38:58.279+0000] {processor.py:179} INFO - Processing /opt/airflow/dags/hackernews_dag.py took 0.068 seconds
[2026-05-29T09:39:28.507+0000] {processor.py:157} INFO - Started process (PID=1192) to work on /opt/airflow/dags/hackernews_dag.py
[2026-05-29T09:39:28.508+0000] {processor.py:829} INFO - Processing file /opt/airflow/dags/hackernews_dag.py for tasks to queue
[2026-05-29T09:39:28.509+0000] {logging_mixin.py:151} INFO - [2026-05-29T09:39:28.509+0000] {dagbag.py:539} INFO - Filling up the DagBag from /opt/airflow/dags/hackernews_dag.py
[2026-05-29T09:39:28.521+0000] {processor.py:839} INFO - DAG(s) dict_keys(['hackernews_pipeline']) retrieved from /opt/airflow/dags/hackernews_dag.py
[2026-05-29T09:39:28.542+0000] {logging_mixin.py:151} INFO - [2026-05-29T09:39:28.542+0000] {dag.py:2915} INFO - Sync 1 DAGs
[2026-05-29T09:39:28.555+0000] {logging_mixin.py:151} INFO - [2026-05-29T09:39:28.555+0000] {dag.py:3696} INFO - Setting next_dagrun for hackernews_pipeline to 2024-01-01T00:00:00+00:00, run_after=2024-01-01T00:05:00+00:00
[2026-05-29T09:39:28.566+0000] {processor.py:179} INFO - Processing /opt/airflow/dags/hackernews_dag.py took 0.063 seconds
[2026-05-29T09:39:58.868+0000] {processor.py:157} INFO - Started process (PID=1202) to work on /opt/airflow/dags/hackernews_dag.py
[2026-05-29T09:39:58.870+0000] {processor.py:829} INFO - Processing file /opt/airflow/dags/hackernews_dag.py for tasks to queue
[2026-05-29T09:39:58.872+0000] {logging_mixin.py:151} INFO - [2026-05-29T09:39:58.872+0000] {dagbag.py:539} INFO - Filling up the DagBag from /opt/airflow/dags/hackernews_dag.py
[2026-05-29T09:39:58.896+0000] {processor.py:839} INFO - DAG(s) dict_keys(['hackernews_pipeline']) retrieved from /opt/airflow/dags/hackernews_dag.py
[2026-05-29T09:39:58.928+0000] {logging_mixin.py:151} INFO - [2026-05-29T09:39:58.927+0000] {dag.py:2915} INFO - Sync 1 DAGs
[2026-05-29T09:39:58.952+0000] {logging_mixin.py:151} INFO - [2026-05-29T09:39:58.952+0000] {dag.py:3696} INFO - Setting next_dagrun for hackernews_pipeline to 2024-01-01T00:00:00+00:00, run_after=2024-01-01T00:05:00+00:00
[2026-05-29T09:39:58.980+0000] {processor.py:179} INFO - Processing /opt/airflow/dags/hackernews_dag.py took 0.118 seconds
[2026-05-29T09:40:29.290+0000] {processor.py:157} INFO - Started process (PID=1212) to work on /opt/airflow/dags/hackernews_dag.py
[2026-05-29T09:40:29.291+0000] {processor.py:829} INFO - Processing file /opt/airflow/dags/hackernews_dag.py for tasks to queue
[2026-05-29T09:40:29.294+0000] {logging_mixin.py:151} INFO - [2026-05-29T09:40:29.293+0000] {dagbag.py:539} INFO - Filling up the DagBag from /opt/airflow/dags/hackernews_dag.py
[2026-05-29T09:40:29.318+0000] {processor.py:839} INFO - DAG(s) dict_keys(['hackernews_pipeline']) retrieved from /opt/airflow/dags/hackernews_dag.py
[2026-05-29T09:40:29.339+0000] {logging_mixin.py:151} INFO - [2026-05-29T09:40:29.339+0000] {dag.py:2915} INFO - Sync 1 DAGs
[2026-05-29T09:40:29.355+0000] {logging_mixin.py:151} INFO - [2026-05-29T09:40:29.355+0000] {dag.py:3696} INFO - Setting next_dagrun for hackernews_pipeline to 2024-01-01T00:00:00+00:00, run_after=2024-01-01T00:05:00+00:00
[2026-05-29T09:40:29.368+0000] {processor.py:179} INFO - Processing /opt/airflow/dags/hackernews_dag.py took 0.085 seconds
[2026-05-29T09:40:59.663+0000] {processor.py:157} INFO - Started process (PID=1222) to work on /opt/airflow/dags/hackernews_dag.py
[2026-05-29T09:40:59.665+0000] {processor.py:829} INFO - Processing file /opt/airflow/dags/hackernews_dag.py for tasks to queue
[2026-05-29T09:40:59.666+0000] {logging_mixin.py:151} INFO - [2026-05-29T09:40:59.665+0000] {dagbag.py:539} INFO - Filling up the DagBag from /opt/airflow/dags/hackernews_dag.py
[2026-05-29T09:40:59.684+0000] {processor.py:839} INFO - DAG(s) dict_keys(['hackernews_pipeline']) retrieved from /opt/airflow/dags/hackernews_dag.py
[2026-05-29T09:40:59.710+0000] {logging_mixin.py:151} INFO - [2026-05-29T09:40:59.710+0000] {dag.py:2915} INFO - Sync 1 DAGs
[2026-05-29T09:40:59.725+0000] {logging_mixin.py:151} INFO - [2026-05-29T09:40:59.725+0000] {dag.py:3696} INFO - Setting next_dagrun for hackernews_pipeline to 2024-01-01T00:00:00+00:00, run_after=2024-01-01T00:05:00+00:00
[2026-05-29T09:40:59.738+0000] {processor.py:179} INFO - Processing /opt/airflow/dags/hackernews_dag.py took 0.079 seconds
[2026-05-29T09:41:29.978+0000] {processor.py:157} INFO - Started process (PID=1232) to work on /opt/airflow/dags/hackernews_dag.py
[2026-05-29T09:41:29.980+0000] {processor.py:829} INFO - Processing file /opt/airflow/dags/hackernews_dag.py for tasks to queue
[2026-05-29T09:41:29.982+0000] {logging_mixin.py:151} INFO - [2026-05-29T09:41:29.982+0000] {dagbag.py:539} INFO - Filling up the DagBag from /opt/airflow/dags/hackernews_dag.py
[2026-05-29T09:41:30.007+0000] {processor.py:839} INFO - DAG(s) dict_keys(['hackernews_pipeline']) retrieved from /opt/airflow/dags/hackernews_dag.py
[2026-05-29T09:41:30.032+0000] {logging_mixin.py:151} INFO - [2026-05-29T09:41:30.031+0000] {dag.py:2915} INFO - Sync 1 DAGs
[2026-05-29T09:41:30.047+0000] {logging_mixin.py:151} INFO - [2026-05-29T09:41:30.047+0000] {dag.py:3696} INFO - Setting next_dagrun for hackernews_pipeline to 2024-01-01T00:00:00+00:00, run_after=2024-01-01T00:05:00+00:00
[2026-05-29T09:41:30.060+0000] {processor.py:179} INFO - Processing /opt/airflow/dags/hackernews_dag.py took 0.086 seconds
[2026-05-29T09:42:00.339+0000] {processor.py:157} INFO - Started process (PID=1242) to work on /opt/airflow/dags/hackernews_dag.py
[2026-05-29T09:42:00.340+0000] {processor.py:829} INFO - Processing file /opt/airflow/dags/hackernews_dag.py for tasks to queue
[2026-05-29T09:42:00.341+0000] {logging_mixin.py:151} INFO - [2026-05-29T09:42:00.341+0000] {dagbag.py:539} INFO - Filling up the DagBag from /opt/airflow/dags/hackernews_dag.py
[2026-05-29T09:42:00.365+0000] {processor.py:839} INFO - DAG(s) dict_keys(['hackernews_pipeline']) retrieved from /opt/airflow/dags/hackernews_dag.py
[2026-05-29T09:42:00.395+0000] {logging_mixin.py:151} INFO - [2026-05-29T09:42:00.395+0000] {dag.py:2915} INFO - Sync 1 DAGs
[2026-05-29T09:42:00.413+0000] {logging_mixin.py:151} INFO - [2026-05-29T09:42:00.413+0000] {dag.py:3696} INFO - Setting next_dagrun for hackernews_pipeline to 2024-01-01T00:00:00+00:00, run_after=2024-01-01T00:05:00+00:00
[2026-05-29T09:42:00.426+0000] {processor.py:179} INFO - Processing /opt/airflow/dags/hackernews_dag.py took 0.094 seconds
[2026-05-29T09:42:30.661+0000] {processor.py:157} INFO - Started process (PID=1252) to work on /opt/airflow/dags/hackernews_dag.py
[2026-05-29T09:42:30.662+0000] {processor.py:829} INFO - Processing file /opt/airflow/dags/hackernews_dag.py for tasks to queue
[2026-05-29T09:42:30.664+0000] {logging_mixin.py:151} INFO - [2026-05-29T09:42:30.664+0000] {dagbag.py:539} INFO - Filling up the DagBag from /opt/airflow/dags/hackernews_dag.py
[2026-05-29T09:42:30.682+0000] {processor.py:839} INFO - DAG(s) dict_keys(['hackernews_pipeline']) retrieved from /opt/airflow/dags/hackernews_dag.py
[2026-05-29T09:42:30.703+0000] {logging_mixin.py:151} INFO - [2026-05-29T09:42:30.703+0000] {dag.py:2915} INFO - Sync 1 DAGs
[2026-05-29T09:42:30.717+0000] {logging_mixin.py:151} INFO - [2026-05-29T09:42:30.717+0000] {dag.py:3696} INFO - Setting next_dagrun for hackernews_pipeline to 2024-01-01T00:00:00+00:00, run_after=2024-01-01T00:05:00+00:00
[2026-05-29T09:42:30.728+0000] {processor.py:179} INFO - Processing /opt/airflow/dags/hackernews_dag.py took 0.073 seconds
[2026-05-29T09:43:01.032+0000] {processor.py:157} INFO - Started process (PID=1262) to work on /opt/airflow/dags/hackernews_dag.py
[2026-05-29T09:43:01.033+0000] {processor.py:829} INFO - Processing file /opt/airflow/dags/hackernews_dag.py for tasks to queue
[2026-05-29T09:43:01.035+0000] {logging_mixin.py:151} INFO - [2026-05-29T09:43:01.035+0000] {dagbag.py:539} INFO - Filling up the DagBag from /opt/airflow/dags/hackernews_dag.py
[2026-05-29T09:43:01.061+0000] {processor.py:839} INFO - DAG(s) dict_keys(['hackernews_pipeline']) retrieved from /opt/airflow/dags/hackernews_dag.py
[2026-05-29T09:43:01.084+0000] {logging_mixin.py:151} INFO - [2026-05-29T09:43:01.084+0000] {dag.py:2915} INFO - Sync 1 DAGs
[2026-05-29T09:43:01.100+0000] {logging_mixin.py:151} INFO - [2026-05-29T09:43:01.100+0000] {dag.py:3696} INFO - Setting next_dagrun for hackernews_pipeline to 2024-01-01T00:00:00+00:00, run_after=2024-01-01T00:05:00+00:00
[2026-05-29T09:43:01.113+0000] {processor.py:179} INFO - Processing /opt/airflow/dags/hackernews_dag.py took 0.087 seconds
[2026-05-29T09:43:31.422+0000] {processor.py:157} INFO - Started process (PID=1272) to work on /opt/airflow/dags/hackernews_dag.py
[2026-05-29T09:43:31.422+0000] {processor.py:829} INFO - Processing file /opt/airflow/dags/hackernews_dag.py for tasks to queue
[2026-05-29T09:43:31.423+0000] {logging_mixin.py:151} INFO - [2026-05-29T09:43:31.423+0000] {dagbag.py:539} INFO - Filling up the DagBag from /opt/airflow/dags/hackernews_dag.py
[2026-05-29T09:43:31.434+0000] {processor.py:839} INFO - DAG(s) dict_keys(['hackernews_pipeline']) retrieved from /opt/airflow/dags/hackernews_dag.py
[2026-05-29T09:43:31.450+0000] {logging_mixin.py:151} INFO - [2026-05-29T09:43:31.450+0000] {dag.py:2915} INFO - Sync 1 DAGs
[2026-05-29T09:43:31.463+0000] {logging_mixin.py:151} INFO - [2026-05-29T09:43:31.463+0000] {dag.py:3696} INFO - Setting next_dagrun for hackernews_pipeline to 2024-01-01T00:00:00+00:00, run_after=2024-01-01T00:05:00+00:00
[2026-05-29T09:43:31.475+0000] {processor.py:179} INFO - Processing /opt/airflow/dags/hackernews_dag.py took 0.056 seconds
[2026-05-29T09:44:01.825+0000] {processor.py:157} INFO - Started process (PID=1282) to work on /opt/airflow/dags/hackernews_dag.py
[2026-05-29T09:44:01.827+0000] {processor.py:829} INFO - Processing file /opt/airflow/dags/hackernews_dag.py for tasks to queue
[2026-05-29T09:44:01.829+0000] {logging_mixin.py:151} INFO - [2026-05-29T09:44:01.828+0000] {dagbag.py:539} INFO - Filling up the DagBag from /opt/airflow/dags/hackernews_dag.py
[2026-05-29T09:44:01.845+0000] {processor.py:839} INFO - DAG(s) dict_keys(['hackernews_pipeline']) retrieved from /opt/airflow/dags/hackernews_dag.py
[2026-05-29T09:44:01.865+0000] {logging_mixin.py:151} INFO - [2026-05-29T09:44:01.864+0000] {dag.py:2915} INFO - Sync 1 DAGs
[2026-05-29T09:44:01.878+0000] {logging_mixin.py:151} INFO - [2026-05-29T09:44:01.878+0000] {dag.py:3696} INFO - Setting next_dagrun for hackernews_pipeline to 2024-01-01T00:00:00+00:00, run_after=2024-01-01T00:05:00+00:00
[2026-05-29T09:44:01.890+0000] {processor.py:179} INFO - Processing /opt/airflow/dags/hackernews_dag.py took 0.070 seconds
[2026-05-29T09:44:32.231+0000] {processor.py:157} INFO - Started process (PID=1292) to work on /opt/airflow/dags/hackernews_dag.py
[2026-05-29T09:44:32.233+0000] {processor.py:829} INFO - Processing file /opt/airflow/dags/hackernews_dag.py for tasks to queue
[2026-05-29T09:44:32.235+0000] {logging_mixin.py:151} INFO - [2026-05-29T09:44:32.234+0000] {dagbag.py:539} INFO - Filling up the DagBag from /opt/airflow/dags/hackernews_dag.py
[2026-05-29T09:44:32.265+0000] {processor.py:839} INFO - DAG(s) dict_keys(['hackernews_pipeline']) retrieved from /opt/airflow/dags/hackernews_dag.py
[2026-05-29T09:44:32.310+0000] {logging_mixin.py:151} INFO - [2026-05-29T09:44:32.309+0000] {dag.py:2915} INFO - Sync 1 DAGs
[2026-05-29T09:44:32.330+0000] {logging_mixin.py:151} INFO - [2026-05-29T09:44:32.330+0000] {dag.py:3696} INFO - Setting next_dagrun for hackernews_pipeline to 2024-01-01T00:00:00+00:00, run_after=2024-01-01T00:05:00+00:00
[2026-05-29T09:44:32.343+0000] {processor.py:179} INFO - Processing /opt/airflow/dags/hackernews_dag.py took 0.120 seconds
[2026-05-29T09:45:02.585+0000] {processor.py:157} INFO - Started process (PID=1302) to work on /opt/airflow/dags/hackernews_dag.py
[2026-05-29T09:45:02.586+0000] {processor.py:829} INFO - Processing file /opt/airflow/dags/hackernews_dag.py for tasks to queue
[2026-05-29T09:45:02.588+0000] {logging_mixin.py:151} INFO - [2026-05-29T09:45:02.587+0000] {dagbag.py:539} INFO - Filling up the DagBag from /opt/airflow/dags/hackernews_dag.py
[2026-05-29T09:45:02.608+0000] {processor.py:839} INFO - DAG(s) dict_keys(['hackernews_pipeline']) retrieved from /opt/airflow/dags/hackernews_dag.py
[2026-05-29T09:45:02.646+0000] {logging_mixin.py:151} INFO - [2026-05-29T09:45:02.646+0000] {dag.py:2915} INFO - Sync 1 DAGs
[2026-05-29T09:45:02.665+0000] {logging_mixin.py:151} INFO - [2026-05-29T09:45:02.665+0000] {dag.py:3696} INFO - Setting next_dagrun for hackernews_pipeline to 2024-01-01T00:00:00+00:00, run_after=2024-01-01T00:05:00+00:00
[2026-05-29T09:45:02.680+0000] {processor.py:179} INFO - Processing /opt/airflow/dags/hackernews_dag.py took 0.100 seconds
[2026-05-29T09:45:32.871+0000] {processor.py:157} INFO - Started process (PID=1312) to work on /opt/airflow/dags/hackernews_dag.py
[2026-05-29T09:45:32.873+0000] {processor.py:829} INFO - Processing file /opt/airflow/dags/hackernews_dag.py for tasks to queue
[2026-05-29T09:45:32.875+0000] {logging_mixin.py:151} INFO - [2026-05-29T09:45:32.874+0000] {dagbag.py:539} INFO - Filling up the DagBag from /opt/airflow/dags/hackernews_dag.py
[2026-05-29T09:45:32.887+0000] {processor.py:839} INFO - DAG(s) dict_keys(['hackernews_pipeline']) retrieved from /opt/airflow/dags/hackernews_dag.py
[2026-05-29T09:45:32.905+0000] {logging_mixin.py:151} INFO - [2026-05-29T09:45:32.905+0000] {dag.py:2915} INFO - Sync 1 DAGs
[2026-05-29T09:45:32.920+0000] {logging_mixin.py:151} INFO - [2026-05-29T09:45:32.920+0000] {dag.py:3696} INFO - Setting next_dagrun for hackernews_pipeline to 2024-01-01T00:00:00+00:00, run_after=2024-01-01T00:05:00+00:00
[2026-05-29T09:45:32.933+0000] {processor.py:179} INFO - Processing /opt/airflow/dags/hackernews_dag.py took 0.065 seconds
[2026-05-29T09:46:03.193+0000] {processor.py:157} INFO - Started process (PID=1322) to work on /opt/airflow/dags/hackernews_dag.py
[2026-05-29T09:46:03.194+0000] {processor.py:829} INFO - Processing file /opt/airflow/dags/hackernews_dag.py for tasks to queue
[2026-05-29T09:46:03.194+0000] {logging_mixin.py:151} INFO - [2026-05-29T09:46:03.194+0000] {dagbag.py:539} INFO - Filling up the DagBag from /opt/airflow/dags/hackernews_dag.py
[2026-05-29T09:46:03.202+0000] {processor.py:839} INFO - DAG(s) dict_keys(['hackernews_pipeline']) retrieved from /opt/airflow/dags/hackernews_dag.py
[2026-05-29T09:46:03.224+0000] {logging_mixin.py:151} INFO - [2026-05-29T09:46:03.224+0000] {dag.py:2915} INFO - Sync 1 DAGs
[2026-05-29T09:46:03.239+0000] {logging_mixin.py:151} INFO - [2026-05-29T09:46:03.239+0000] {dag.py:3696} INFO - Setting next_dagrun for hackernews_pipeline to 2024-01-01T00:00:00+00:00, run_after=2024-01-01T00:05:00+00:00
[2026-05-29T09:46:03.253+0000] {processor.py:179} INFO - Processing /opt/airflow/dags/hackernews_dag.py took 0.063 seconds
[2026-05-29T09:46:33.425+0000] {processor.py:157} INFO - Started process (PID=1332) to work on /opt/airflow/dags/hackernews_dag.py
[2026-05-29T09:46:33.426+0000] {processor.py:829} INFO - Processing file /opt/airflow/dags/hackernews_dag.py for tasks to queue
[2026-05-29T09:46:33.427+0000] {logging_mixin.py:151} INFO - [2026-05-29T09:46:33.426+0000] {dagbag.py:539} INFO - Filling up the DagBag from /opt/airflow/dags/hackernews_dag.py
[2026-05-29T09:46:33.437+0000] {processor.py:839} INFO - DAG(s) dict_keys(['hackernews_pipeline']) retrieved from /opt/airflow/dags/hackernews_dag.py
[2026-05-29T09:46:33.461+0000] {logging_mixin.py:151} INFO - [2026-05-29T09:46:33.461+0000] {dag.py:2915} INFO - Sync 1 DAGs
[2026-05-29T09:46:33.477+0000] {logging_mixin.py:151} INFO - [2026-05-29T09:46:33.477+0000] {dag.py:3696} INFO - Setting next_dagrun for hackernews_pipeline to 2024-01-01T00:00:00+00:00, run_after=2024-01-01T00:05:00+00:00
[2026-05-29T09:46:33.489+0000] {processor.py:179} INFO - Processing /opt/airflow/dags/hackernews_dag.py took 0.068 seconds
[2026-05-29T09:47:03.886+0000] {processor.py:157} INFO - Started process (PID=1342) to work on /opt/airflow/dags/hackernews_dag.py
[2026-05-29T09:47:03.888+0000] {processor.py:829} INFO - Processing file /opt/airflow/dags/hackernews_dag.py for tasks to queue
[2026-05-29T09:47:03.889+0000] {logging_mixin.py:151} INFO - [2026-05-29T09:47:03.889+0000] {dagbag.py:539} INFO - Filling up the DagBag from /opt/airflow/dags/hackernews_dag.py
[2026-05-29T09:47:03.906+0000] {processor.py:839} INFO - DAG(s) dict_keys(['hackernews_pipeline']) retrieved from /opt/airflow/dags/hackernews_dag.py
[2026-05-29T09:47:03.936+0000] {logging_mixin.py:151} INFO - [2026-05-29T09:47:03.936+0000] {dag.py:2915} INFO - Sync 1 DAGs
[2026-05-29T09:47:03.953+0000] {logging_mixin.py:151} INFO - [2026-05-29T09:47:03.952+0000] {dag.py:3696} INFO - Setting next_dagrun for hackernews_pipeline to 2024-01-01T00:00:00+00:00, run_after=2024-01-01T00:05:00+00:00
[2026-05-29T09:47:03.966+0000] {processor.py:179} INFO - Processing /opt/airflow/dags/hackernews_dag.py took 0.088 seconds
[2026-05-29T09:47:34.167+0000] {processor.py:157} INFO - Started process (PID=1352) to work on /opt/airflow/dags/hackernews_dag.py
[2026-05-29T09:47:34.169+0000] {processor.py:829} INFO - Processing file /opt/airflow/dags/hackernews_dag.py for tasks to queue
[2026-05-29T09:47:34.170+0000] {logging_mixin.py:151} INFO - [2026-05-29T09:47:34.170+0000] {dagbag.py:539} INFO - Filling up the DagBag from /opt/airflow/dags/hackernews_dag.py
[2026-05-29T09:47:34.181+0000] {processor.py:839} INFO - DAG(s) dict_keys(['hackernews_pipeline']) retrieved from /opt/airflow/dags/hackernews_dag.py
[2026-05-29T09:47:34.205+0000] {logging_mixin.py:151} INFO - [2026-05-29T09:47:34.205+0000] {dag.py:2915} INFO - Sync 1 DAGs
[2026-05-29T09:47:34.217+0000] {logging_mixin.py:151} INFO - [2026-05-29T09:47:34.216+0000] {dag.py:3696} INFO - Setting next_dagrun for hackernews_pipeline to 2024-01-01T00:00:00+00:00, run_after=2024-01-01T00:05:00+00:00
[2026-05-29T09:47:34.229+0000] {processor.py:179} INFO - Processing /opt/airflow/dags/hackernews_dag.py took 0.066 seconds
[2026-05-29T09:48:04.486+0000] {processor.py:157} INFO - Started process (PID=1362) to work on /opt/airflow/dags/hackernews_dag.py
[2026-05-29T09:48:04.488+0000] {processor.py:829} INFO - Processing file /opt/airflow/dags/hackernews_dag.py for tasks to queue
[2026-05-29T09:48:04.490+0000] {logging_mixin.py:151} INFO - [2026-05-29T09:48:04.489+0000] {dagbag.py:539} INFO - Filling up the DagBag from /opt/airflow/dags/hackernews_dag.py
[2026-05-29T09:48:04.509+0000] {processor.py:839} INFO - DAG(s) dict_keys(['hackernews_pipeline']) retrieved from /opt/airflow/dags/hackernews_dag.py
[2026-05-29T09:48:04.532+0000] {logging_mixin.py:151} INFO - [2026-05-29T09:48:04.531+0000] {dag.py:2915} INFO - Sync 1 DAGs
[2026-05-29T09:48:04.545+0000] {logging_mixin.py:151} INFO - [2026-05-29T09:48:04.545+0000] {dag.py:3696} INFO - Setting next_dagrun for hackernews_pipeline to 2024-01-01T00:00:00+00:00, run_after=2024-01-01T00:05:00+00:00
[2026-05-29T09:48:04.559+0000] {processor.py:179} INFO - Processing /opt/airflow/dags/hackernews_dag.py took 0.077 seconds
[2026-05-29T09:48:34.915+0000] {processor.py:157} INFO - Started process (PID=1372) to work on /opt/airflow/dags/hackernews_dag.py
[2026-05-29T09:48:34.916+0000] {processor.py:829} INFO - Processing file /opt/airflow/dags/hackernews_dag.py for tasks to queue
[2026-05-29T09:48:34.918+0000] {logging_mixin.py:151} INFO - [2026-05-29T09:48:34.918+0000] {dagbag.py:539} INFO - Filling up the DagBag from /opt/airflow/dags/hackernews_dag.py
[2026-05-29T09:48:34.940+0000] {processor.py:839} INFO - DAG(s) dict_keys(['hackernews_pipeline']) retrieved from /opt/airflow/dags/hackernews_dag.py
[2026-05-29T09:48:34.973+0000] {logging_mixin.py:151} INFO - [2026-05-29T09:48:34.973+0000] {dag.py:2915} INFO - Sync 1 DAGs
[2026-05-29T09:48:34.992+0000] {logging_mixin.py:151} INFO - [2026-05-29T09:48:34.992+0000] {dag.py:3696} INFO - Setting next_dagrun for hackernews_pipeline to 2024-01-01T00:00:00+00:00, run_after=2024-01-01T00:05:00+00:00
[2026-05-29T09:48:35.008+0000] {processor.py:179} INFO - Processing /opt/airflow/dags/hackernews_dag.py took 0.098 seconds
[2026-05-29T09:49:05.206+0000] {processor.py:157} INFO - Started process (PID=1382) to work on /opt/airflow/dags/hackernews_dag.py
[2026-05-29T09:49:05.208+0000] {processor.py:829} INFO - Processing file /opt/airflow/dags/hackernews_dag.py for tasks to queue
[2026-05-29T09:49:05.210+0000] {logging_mixin.py:151} INFO - [2026-05-29T09:49:05.209+0000] {dagbag.py:539} INFO - Filling up the DagBag from /opt/airflow/dags/hackernews_dag.py
[2026-05-29T09:49:05.225+0000] {processor.py:839} INFO - DAG(s) dict_keys(['hackernews_pipeline']) retrieved from /opt/airflow/dags/hackernews_dag.py
[2026-05-29T09:49:05.248+0000] {logging_mixin.py:151} INFO - [2026-05-29T09:49:05.248+0000] {dag.py:2915} INFO - Sync 1 DAGs
[2026-05-29T09:49:05.263+0000] {logging_mixin.py:151} INFO - [2026-05-29T09:49:05.263+0000] {dag.py:3696} INFO - Setting next_dagrun for hackernews_pipeline to 2024-01-01T00:00:00+00:00, run_after=2024-01-01T00:05:00+00:00
[2026-05-29T09:49:05.272+0000] {processor.py:179} INFO - Processing /opt/airflow/dags/hackernews_dag.py took 0.072 seconds
[2026-05-29T09:49:35.625+0000] {processor.py:157} INFO - Started process (PID=1392) to work on /opt/airflow/dags/hackernews_dag.py
[2026-05-29T09:49:35.626+0000] {processor.py:829} INFO - Processing file /opt/airflow/dags/hackernews_dag.py for tasks to queue
[2026-05-29T09:49:35.628+0000] {logging_mixin.py:151} INFO - [2026-05-29T09:49:35.627+0000] {dagbag.py:539} INFO - Filling up the DagBag from /opt/airflow/dags/hackernews_dag.py
[2026-05-29T09:49:35.659+0000] {processor.py:839} INFO - DAG(s) dict_keys(['hackernews_pipeline']) retrieved from /opt/airflow/dags/hackernews_dag.py
[2026-05-29T09:49:35.716+0000] {logging_mixin.py:151} INFO - [2026-05-29T09:49:35.716+0000] {dag.py:2915} INFO - Sync 1 DAGs
[2026-05-29T09:49:35.742+0000] {logging_mixin.py:151} INFO - [2026-05-29T09:49:35.741+0000] {dag.py:3696} INFO - Setting next_dagrun for hackernews_pipeline to 2024-01-01T00:00:00+00:00, run_after=2024-01-01T00:05:00+00:00
[2026-05-29T09:49:35.759+0000] {processor.py:179} INFO - Processing /opt/airflow/dags/hackernews_dag.py took 0.141 seconds
[2026-05-29T09:50:06.139+0000] {processor.py:157} INFO - Started process (PID=1402) to work on /opt/airflow/dags/hackernews_dag.py
[2026-05-29T09:50:06.141+0000] {processor.py:829} INFO - Processing file /opt/airflow/dags/hackernews_dag.py for tasks to queue
[2026-05-29T09:50:06.142+0000] {logging_mixin.py:151} INFO - [2026-05-29T09:50:06.142+0000] {dagbag.py:539} INFO - Filling up the DagBag from /opt/airflow/dags/hackernews_dag.py
[2026-05-29T09:50:06.157+0000] {processor.py:839} INFO - DAG(s) dict_keys(['hackernews_pipeline']) retrieved from /opt/airflow/dags/hackernews_dag.py
[2026-05-29T09:50:06.177+0000] {logging_mixin.py:151} INFO - [2026-05-29T09:50:06.177+0000] {dag.py:2915} INFO - Sync 1 DAGs
[2026-05-29T09:50:06.190+0000] {logging_mixin.py:151} INFO - [2026-05-29T09:50:06.189+0000] {dag.py:3696} INFO - Setting next_dagrun for hackernews_pipeline to 2024-01-01T00:00:00+00:00, run_after=2024-01-01T00:05:00+00:00
[2026-05-29T09:50:06.199+0000] {processor.py:179} INFO - Processing /opt/airflow/dags/hackernews_dag.py took 0.067 seconds
[2026-05-29T09:50:36.458+0000] {processor.py:157} INFO - Started process (PID=1412) to work on /opt/airflow/dags/hackernews_dag.py
[2026-05-29T09:50:36.459+0000] {processor.py:829} INFO - Processing file /opt/airflow/dags/hackernews_dag.py for tasks to queue
[2026-05-29T09:50:36.461+0000] {logging_mixin.py:151} INFO - [2026-05-29T09:50:36.460+0000] {dagbag.py:539} INFO - Filling up the DagBag from /opt/airflow/dags/hackernews_dag.py
[2026-05-29T09:50:36.488+0000] {processor.py:839} INFO - DAG(s) dict_keys(['hackernews_pipeline']) retrieved from /opt/airflow/dags/hackernews_dag.py
[2026-05-29T09:50:36.527+0000] {logging_mixin.py:151} INFO - [2026-05-29T09:50:36.527+0000] {dag.py:2915} INFO - Sync 1 DAGs
[2026-05-29T09:50:36.550+0000] {logging_mixin.py:151} INFO - [2026-05-29T09:50:36.549+0000] {dag.py:3696} INFO - Setting next_dagrun for hackernews_pipeline to 2024-01-01T00:00:00+00:00, run_after=2024-01-01T00:05:00+00:00
[2026-05-29T09:50:36.563+0000] {processor.py:179} INFO - Processing /opt/airflow/dags/hackernews_dag.py took 0.111 seconds
[2026-05-29T09:51:06.760+0000] {processor.py:157} INFO - Started process (PID=1422) to work on /opt/airflow/dags/hackernews_dag.py
[2026-05-29T09:51:06.761+0000] {processor.py:829} INFO - Processing file /opt/airflow/dags/hackernews_dag.py for tasks to queue
[2026-05-29T09:51:06.762+0000] {logging_mixin.py:151} INFO - [2026-05-29T09:51:06.762+0000] {dagbag.py:539} INFO - Filling up the DagBag from /opt/airflow/dags/hackernews_dag.py
[2026-05-29T09:51:06.779+0000] {processor.py:839} INFO - DAG(s) dict_keys(['hackernews_pipeline']) retrieved from /opt/airflow/dags/hackernews_dag.py
[2026-05-29T09:51:06.821+0000] {logging_mixin.py:151} INFO - [2026-05-29T09:51:06.821+0000] {dag.py:2915} INFO - Sync 1 DAGs
[2026-05-29T09:51:06.839+0000] {logging_mixin.py:151} INFO - [2026-05-29T09:51:06.839+0000] {dag.py:3696} INFO - Setting next_dagrun for hackernews_pipeline to 2024-01-01T00:00:00+00:00, run_after=2024-01-01T00:05:00+00:00
[2026-05-29T09:51:06.855+0000] {processor.py:179} INFO - Processing /opt/airflow/dags/hackernews_dag.py took 0.101 seconds
[2026-05-29T09:51:37.122+0000] {processor.py:157} INFO - Started process (PID=1432) to work on /opt/airflow/dags/hackernews_dag.py
[2026-05-29T09:51:37.123+0000] {processor.py:829} INFO - Processing file /opt/airflow/dags/hackernews_dag.py for tasks to queue
[2026-05-29T09:51:37.125+0000] {logging_mixin.py:151} INFO - [2026-05-29T09:51:37.124+0000] {dagbag.py:539} INFO - Filling up the DagBag from /opt/airflow/dags/hackernews_dag.py
[2026-05-29T09:51:37.138+0000] {processor.py:839} INFO - DAG(s) dict_keys(['hackernews_pipeline']) retrieved from /opt/airflow/dags/hackernews_dag.py
[2026-05-29T09:51:37.170+0000] {logging_mixin.py:151} INFO - [2026-05-29T09:51:37.170+0000] {dag.py:2915} INFO - Sync 1 DAGs
[2026-05-29T09:51:37.185+0000] {logging_mixin.py:151} INFO - [2026-05-29T09:51:37.185+0000] {dag.py:3696} INFO - Setting next_dagrun for hackernews_pipeline to 2024-01-01T00:00:00+00:00, run_after=2024-01-01T00:05:00+00:00
[2026-05-29T09:51:37.196+0000] {processor.py:179} INFO - Processing /opt/airflow/dags/hackernews_dag.py took 0.077 seconds
[2026-05-29T09:52:07.354+0000] {processor.py:157} INFO - Started process (PID=1442) to work on /opt/airflow/dags/hackernews_dag.py
[2026-05-29T09:52:07.355+0000] {processor.py:829} INFO - Processing file /opt/airflow/dags/hackernews_dag.py for tasks to queue
[2026-05-29T09:52:07.356+0000] {logging_mixin.py:151} INFO - [2026-05-29T09:52:07.356+0000] {dagbag.py:539} INFO - Filling up the DagBag from /opt/airflow/dags/hackernews_dag.py
[2026-05-29T09:52:07.374+0000] {processor.py:839} INFO - DAG(s) dict_keys(['hackernews_pipeline']) retrieved from /opt/airflow/dags/hackernews_dag.py
[2026-05-29T09:52:07.398+0000] {logging_mixin.py:151} INFO - [2026-05-29T09:52:07.398+0000] {dag.py:2915} INFO - Sync 1 DAGs
[2026-05-29T09:52:07.412+0000] {logging_mixin.py:151} INFO - [2026-05-29T09:52:07.412+0000] {dag.py:3696} INFO - Setting next_dagrun for hackernews_pipeline to 2024-01-01T00:00:00+00:00, run_after=2024-01-01T00:05:00+00:00
[2026-05-29T09:52:07.424+0000] {processor.py:179} INFO - Processing /opt/airflow/dags/hackernews_dag.py took 0.073 seconds
[2026-05-29T09:52:38.906+0000] {processor.py:157} INFO - Started process (PID=169) to work on /opt/airflow/dags/hackernews_dag.py
[2026-05-29T09:52:38.912+0000] {processor.py:829} INFO - Processing file /opt/airflow/dags/hackernews_dag.py for tasks to queue
[2026-05-29T09:52:38.915+0000] {logging_mixin.py:151} INFO - [2026-05-29T09:52:38.914+0000] {dagbag.py:539} INFO - Filling up the DagBag from /opt/airflow/dags/hackernews_dag.py
[2026-05-29T09:52:38.953+0000] {processor.py:839} INFO - DAG(s) dict_keys(['hackernews_pipeline']) retrieved from /opt/airflow/dags/hackernews_dag.py
[2026-05-29T09:52:38.981+0000] {logging_mixin.py:151} INFO - [2026-05-29T09:52:38.981+0000] {dag.py:2915} INFO - Sync 1 DAGs
[2026-05-29T09:52:39.012+0000] {logging_mixin.py:151} INFO - [2026-05-29T09:52:39.012+0000] {dag.py:3696} INFO - Setting next_dagrun for hackernews_pipeline to 2024-01-01T00:00:00+00:00, run_after=2024-01-01T00:05:00+00:00
[2026-05-29T09:52:39.031+0000] {processor.py:179} INFO - Processing /opt/airflow/dags/hackernews_dag.py took 0.134 seconds
[2026-05-29T09:53:09.427+0000] {processor.py:157} INFO - Started process (PID=179) to work on /opt/airflow/dags/hackernews_dag.py
[2026-05-29T09:53:09.429+0000] {processor.py:829} INFO - Processing file /opt/airflow/dags/hackernews_dag.py for tasks to queue
[2026-05-29T09:53:09.433+0000] {logging_mixin.py:151} INFO - [2026-05-29T09:53:09.430+0000] {dagbag.py:539} INFO - Filling up the DagBag from /opt/airflow/dags/hackernews_dag.py
[2026-05-29T09:53:09.459+0000] {processor.py:839} INFO - DAG(s) dict_keys(['hackernews_pipeline']) retrieved from /opt/airflow/dags/hackernews_dag.py
[2026-05-29T09:53:09.579+0000] {logging_mixin.py:151} INFO - [2026-05-29T09:53:09.579+0000] {dag.py:2915} INFO - Sync 1 DAGs
[2026-05-29T09:53:09.617+0000] {logging_mixin.py:151} INFO - [2026-05-29T09:53:09.616+0000] {dag.py:3696} INFO - Setting next_dagrun for hackernews_pipeline to 2024-01-01T00:00:00+00:00, run_after=2024-01-01T00:05:00+00:00
[2026-05-29T09:53:09.647+0000] {processor.py:179} INFO - Processing /opt/airflow/dags/hackernews_dag.py took 0.232 seconds
[2026-05-29T09:53:39.787+0000] {processor.py:157} INFO - Started process (PID=190) to work on /opt/airflow/dags/hackernews_dag.py
[2026-05-29T09:53:39.789+0000] {processor.py:829} INFO - Processing file /opt/airflow/dags/hackernews_dag.py for tasks to queue
[2026-05-29T09:53:39.791+0000] {logging_mixin.py:151} INFO - [2026-05-29T09:53:39.791+0000] {dagbag.py:539} INFO - Filling up the DagBag from /opt/airflow/dags/hackernews_dag.py
[2026-05-29T09:53:39.811+0000] {processor.py:839} INFO - DAG(s) dict_keys(['hackernews_pipeline']) retrieved from /opt/airflow/dags/hackernews_dag.py
[2026-05-29T09:53:39.841+0000] {logging_mixin.py:151} INFO - [2026-05-29T09:53:39.841+0000] {dag.py:2915} INFO - Sync 1 DAGs
[2026-05-29T09:53:39.856+0000] {logging_mixin.py:151} INFO - [2026-05-29T09:53:39.856+0000] {dag.py:3696} INFO - Setting next_dagrun for hackernews_pipeline to 2024-01-01T00:00:00+00:00, run_after=2024-01-01T00:05:00+00:00
[2026-05-29T09:53:39.999+0000] {processor.py:179} INFO - Processing /opt/airflow/dags/hackernews_dag.py took 0.218 seconds
[2026-05-29T09:54:10.239+0000] {processor.py:157} INFO - Started process (PID=200) to work on /opt/airflow/dags/hackernews_dag.py
[2026-05-29T09:54:10.240+0000] {processor.py:829} INFO - Processing file /opt/airflow/dags/hackernews_dag.py for tasks to queue
[2026-05-29T09:54:10.241+0000] {logging_mixin.py:151} INFO - [2026-05-29T09:54:10.241+0000] {dagbag.py:539} INFO - Filling up the DagBag from /opt/airflow/dags/hackernews_dag.py
[2026-05-29T09:54:10.253+0000] {processor.py:839} INFO - DAG(s) dict_keys(['hackernews_pipeline']) retrieved from /opt/airflow/dags/hackernews_dag.py
[2026-05-29T09:54:10.279+0000] {logging_mixin.py:151} INFO - [2026-05-29T09:54:10.279+0000] {dag.py:2915} INFO - Sync 1 DAGs
[2026-05-29T09:54:10.370+0000] {logging_mixin.py:151} INFO - [2026-05-29T09:54:10.370+0000] {dag.py:3696} INFO - Setting next_dagrun for hackernews_pipeline to 2024-01-01T00:00:00+00:00, run_after=2024-01-01T00:05:00+00:00
[2026-05-29T09:54:10.380+0000] {processor.py:179} INFO - Processing /opt/airflow/dags/hackernews_dag.py took 0.144 seconds
[2026-05-29T09:54:40.548+0000] {processor.py:157} INFO - Started process (PID=208) to work on /opt/airflow/dags/hackernews_dag.py
[2026-05-29T09:54:40.550+0000] {processor.py:829} INFO - Processing file /opt/airflow/dags/hackernews_dag.py for tasks to queue
[2026-05-29T09:54:40.551+0000] {logging_mixin.py:151} INFO - [2026-05-29T09:54:40.550+0000] {dagbag.py:539} INFO - Filling up the DagBag from /opt/airflow/dags/hackernews_dag.py
[2026-05-29T09:54:40.578+0000] {processor.py:839} INFO - DAG(s) dict_keys(['hackernews_pipeline']) retrieved from /opt/airflow/dags/hackernews_dag.py
[2026-05-29T09:54:40.611+0000] {logging_mixin.py:151} INFO - [2026-05-29T09:54:40.610+0000] {dag.py:2915} INFO - Sync 1 DAGs
[2026-05-29T09:54:40.804+0000] {logging_mixin.py:151} INFO - [2026-05-29T09:54:40.804+0000] {dag.py:3696} INFO - Setting next_dagrun for hackernews_pipeline to 2024-01-01T00:00:00+00:00, run_after=2024-01-01T00:05:00+00:00
[2026-05-29T09:54:40.816+0000] {processor.py:179} INFO - Processing /opt/airflow/dags/hackernews_dag.py took 0.274 seconds
[2026-05-29T09:55:10.892+0000] {processor.py:157} INFO - Started process (PID=220) to work on /opt/airflow/dags/hackernews_dag.py
[2026-05-29T09:55:10.893+0000] {processor.py:829} INFO - Processing file /opt/airflow/dags/hackernews_dag.py for tasks to queue
[2026-05-29T09:55:10.894+0000] {logging_mixin.py:151} INFO - [2026-05-29T09:55:10.893+0000] {dagbag.py:539} INFO - Filling up the DagBag from /opt/airflow/dags/hackernews_dag.py
[2026-05-29T09:55:10.909+0000] {processor.py:839} INFO - DAG(s) dict_keys(['hackernews_pipeline']) retrieved from /opt/airflow/dags/hackernews_dag.py
[2026-05-29T09:55:11.042+0000] {logging_mixin.py:151} INFO - [2026-05-29T09:55:11.042+0000] {dag.py:2915} INFO - Sync 1 DAGs
[2026-05-29T09:55:11.053+0000] {logging_mixin.py:151} INFO - [2026-05-29T09:55:11.053+0000] {dag.py:3696} INFO - Setting next_dagrun for hackernews_pipeline to 2024-01-01T00:00:00+00:00, run_after=2024-01-01T00:05:00+00:00
[2026-05-29T09:55:11.063+0000] {processor.py:179} INFO - Processing /opt/airflow/dags/hackernews_dag.py took 0.175 seconds
[2026-05-29T09:55:41.382+0000] {processor.py:157} INFO - Started process (PID=230) to work on /opt/airflow/dags/hackernews_dag.py
[2026-05-29T09:55:41.383+0000] {processor.py:829} INFO - Processing file /opt/airflow/dags/hackernews_dag.py for tasks to queue
[2026-05-29T09:55:41.384+0000] {logging_mixin.py:151} INFO - [2026-05-29T09:55:41.384+0000] {dagbag.py:539} INFO - Filling up the DagBag from /opt/airflow/dags/hackernews_dag.py
[2026-05-29T09:55:41.484+0000] {processor.py:839} INFO - DAG(s) dict_keys(['hackernews_pipeline']) retrieved from /opt/airflow/dags/hackernews_dag.py
[2026-05-29T09:55:41.501+0000] {logging_mixin.py:151} INFO - [2026-05-29T09:55:41.501+0000] {dag.py:2915} INFO - Sync 1 DAGs
[2026-05-29T09:55:41.513+0000] {logging_mixin.py:151} INFO - [2026-05-29T09:55:41.512+0000] {dag.py:3696} INFO - Setting next_dagrun for hackernews_pipeline to 2024-01-01T00:00:00+00:00, run_after=2024-01-01T00:05:00+00:00
[2026-05-29T09:55:41.525+0000] {processor.py:179} INFO - Processing /opt/airflow/dags/hackernews_dag.py took 0.145 seconds
[2026-05-29T09:56:11.847+0000] {processor.py:157} INFO - Started process (PID=240) to work on /opt/airflow/dags/hackernews_dag.py
[2026-05-29T09:56:11.849+0000] {processor.py:829} INFO - Processing file /opt/airflow/dags/hackernews_dag.py for tasks to queue
[2026-05-29T09:56:11.851+0000] {logging_mixin.py:151} INFO - [2026-05-29T09:56:11.851+0000] {dagbag.py:539} INFO - Filling up the DagBag from /opt/airflow/dags/hackernews_dag.py
[2026-05-29T09:56:11.866+0000] {processor.py:839} INFO - DAG(s) dict_keys(['hackernews_pipeline']) retrieved from /opt/airflow/dags/hackernews_dag.py
[2026-05-29T09:56:11.885+0000] {logging_mixin.py:151} INFO - [2026-05-29T09:56:11.885+0000] {dag.py:2915} INFO - Sync 1 DAGs
[2026-05-29T09:56:11.900+0000] {logging_mixin.py:151} INFO - [2026-05-29T09:56:11.899+0000] {dag.py:3696} INFO - Setting next_dagrun for hackernews_pipeline to 2024-01-01T00:00:00+00:00, run_after=2024-01-01T00:05:00+00:00
[2026-05-29T09:56:11.912+0000] {processor.py:179} INFO - Processing /opt/airflow/dags/hackernews_dag.py took 0.069 seconds
[2026-05-29T09:56:42.221+0000] {processor.py:157} INFO - Started process (PID=250) to work on /opt/airflow/dags/hackernews_dag.py
[2026-05-29T09:56:42.222+0000] {processor.py:829} INFO - Processing file /opt/airflow/dags/hackernews_dag.py for tasks to queue
[2026-05-29T09:56:42.224+0000] {logging_mixin.py:151} INFO - [2026-05-29T09:56:42.223+0000] {dagbag.py:539} INFO - Filling up the DagBag from /opt/airflow/dags/hackernews_dag.py
[2026-05-29T09:56:42.245+0000] {processor.py:839} INFO - DAG(s) dict_keys(['hackernews_pipeline']) retrieved from /opt/airflow/dags/hackernews_dag.py
[2026-05-29T09:56:42.281+0000] {logging_mixin.py:151} INFO - [2026-05-29T09:56:42.281+0000] {dag.py:2915} INFO - Sync 1 DAGs
[2026-05-29T09:56:42.301+0000] {logging_mixin.py:151} INFO - [2026-05-29T09:56:42.300+0000] {dag.py:3696} INFO - Setting next_dagrun for hackernews_pipeline to 2024-01-01T00:00:00+00:00, run_after=2024-01-01T00:05:00+00:00
[2026-05-29T09:56:42.319+0000] {processor.py:179} INFO - Processing /opt/airflow/dags/hackernews_dag.py took 0.102 seconds
[2026-05-29T09:57:12.523+0000] {processor.py:157} INFO - Started process (PID=260) to work on /opt/airflow/dags/hackernews_dag.py
[2026-05-29T09:57:12.526+0000] {processor.py:829} INFO - Processing file /opt/airflow/dags/hackernews_dag.py for tasks to queue
[2026-05-29T09:57:12.527+0000] {logging_mixin.py:151} INFO - [2026-05-29T09:57:12.526+0000] {dagbag.py:539} INFO - Filling up the DagBag from /opt/airflow/dags/hackernews_dag.py
[2026-05-29T09:57:12.540+0000] {processor.py:839} INFO - DAG(s) dict_keys(['hackernews_pipeline']) retrieved from /opt/airflow/dags/hackernews_dag.py
[2026-05-29T09:57:12.559+0000] {logging_mixin.py:151} INFO - [2026-05-29T09:57:12.559+0000] {dag.py:2915} INFO - Sync 1 DAGs
[2026-05-29T09:57:12.571+0000] {logging_mixin.py:151} INFO - [2026-05-29T09:57:12.571+0000] {dag.py:3696} INFO - Setting next_dagrun for hackernews_pipeline to 2024-01-01T00:00:00+00:00, run_after=2024-01-01T00:05:00+00:00
[2026-05-29T09:57:12.581+0000] {processor.py:179} INFO - Processing /opt/airflow/dags/hackernews_dag.py took 0.062 seconds
[2026-05-29T09:57:42.881+0000] {processor.py:157} INFO - Started process (PID=270) to work on /opt/airflow/dags/hackernews_dag.py
[2026-05-29T09:57:42.882+0000] {processor.py:829} INFO - Processing file /opt/airflow/dags/hackernews_dag.py for tasks to queue
[2026-05-29T09:57:42.885+0000] {logging_mixin.py:151} INFO - [2026-05-29T09:57:42.885+0000] {dagbag.py:539} INFO - Filling up the DagBag from /opt/airflow/dags/hackernews_dag.py
[2026-05-29T09:57:42.900+0000] {processor.py:839} INFO - DAG(s) dict_keys(['hackernews_pipeline']) retrieved from /opt/airflow/dags/hackernews_dag.py
[2026-05-29T09:57:42.923+0000] {logging_mixin.py:151} INFO - [2026-05-29T09:57:42.923+0000] {dag.py:2915} INFO - Sync 1 DAGs
[2026-05-29T09:57:42.936+0000] {logging_mixin.py:151} INFO - [2026-05-29T09:57:42.936+0000] {dag.py:3696} INFO - Setting next_dagrun for hackernews_pipeline to 2024-01-01T00:00:00+00:00, run_after=2024-01-01T00:05:00+00:00
[2026-05-29T09:57:42.949+0000] {processor.py:179} INFO - Processing /opt/airflow/dags/hackernews_dag.py took 0.072 seconds
[2026-05-29T09:58:13.190+0000] {processor.py:157} INFO - Started process (PID=280) to work on /opt/airflow/dags/hackernews_dag.py
[2026-05-29T09:58:13.191+0000] {processor.py:829} INFO - Processing file /opt/airflow/dags/hackernews_dag.py for tasks to queue
[2026-05-29T09:58:13.192+0000] {logging_mixin.py:151} INFO - [2026-05-29T09:58:13.192+0000] {dagbag.py:539} INFO - Filling up the DagBag from /opt/airflow/dags/hackernews_dag.py
[2026-05-29T09:58:13.205+0000] {processor.py:839} INFO - DAG(s) dict_keys(['hackernews_pipeline']) retrieved from /opt/airflow/dags/hackernews_dag.py
[2026-05-29T09:58:13.225+0000] {logging_mixin.py:151} INFO - [2026-05-29T09:58:13.225+0000] {dag.py:2915} INFO - Sync 1 DAGs
[2026-05-29T09:58:13.239+0000] {logging_mixin.py:151} INFO - [2026-05-29T09:58:13.239+0000] {dag.py:3696} INFO - Setting next_dagrun for hackernews_pipeline to 2024-01-01T00:00:00+00:00, run_after=2024-01-01T00:05:00+00:00
[2026-05-29T09:58:13.250+0000] {processor.py:179} INFO - Processing /opt/airflow/dags/hackernews_dag.py took 0.063 seconds
[2026-05-29T09:58:43.493+0000] {processor.py:157} INFO - Started process (PID=290) to work on /opt/airflow/dags/hackernews_dag.py
[2026-05-29T09:58:43.495+0000] {processor.py:829} INFO - Processing file /opt/airflow/dags/hackernews_dag.py for tasks to queue
[2026-05-29T09:58:43.496+0000] {logging_mixin.py:151} INFO - [2026-05-29T09:58:43.495+0000] {dagbag.py:539} INFO - Filling up the DagBag from /opt/airflow/dags/hackernews_dag.py
[2026-05-29T09:58:43.507+0000] {processor.py:839} INFO - DAG(s) dict_keys(['hackernews_pipeline']) retrieved from /opt/airflow/dags/hackernews_dag.py
[2026-05-29T09:58:43.527+0000] {logging_mixin.py:151} INFO - [2026-05-29T09:58:43.527+0000] {dag.py:2915} INFO - Sync 1 DAGs
[2026-05-29T09:58:43.540+0000] {logging_mixin.py:151} INFO - [2026-05-29T09:58:43.540+0000] {dag.py:3696} INFO - Setting next_dagrun for hackernews_pipeline to 2024-01-01T00:00:00+00:00, run_after=2024-01-01T00:05:00+00:00
[2026-05-29T09:58:43.552+0000] {processor.py:179} INFO - Processing /opt/airflow/dags/hackernews_dag.py took 0.062 seconds
[2026-05-29T09:59:13.913+0000] {processor.py:157} INFO - Started process (PID=300) to work on /opt/airflow/dags/hackernews_dag.py
[2026-05-29T09:59:13.914+0000] {processor.py:829} INFO - Processing file /opt/airflow/dags/hackernews_dag.py for tasks to queue
[2026-05-29T09:59:13.916+0000] {logging_mixin.py:151} INFO - [2026-05-29T09:59:13.915+0000] {dagbag.py:539} INFO - Filling up the DagBag from /opt/airflow/dags/hackernews_dag.py
[2026-05-29T09:59:13.935+0000] {processor.py:839} INFO - DAG(s) dict_keys(['hackernews_pipeline']) retrieved from /opt/airflow/dags/hackernews_dag.py
[2026-05-29T09:59:13.962+0000] {logging_mixin.py:151} INFO - [2026-05-29T09:59:13.962+0000] {dag.py:2915} INFO - Sync 1 DAGs
[2026-05-29T09:59:13.976+0000] {logging_mixin.py:151} INFO - [2026-05-29T09:59:13.976+0000] {dag.py:3696} INFO - Setting next_dagrun for hackernews_pipeline to 2024-01-01T00:00:00+00:00, run_after=2024-01-01T00:05:00+00:00
[2026-05-29T09:59:13.988+0000] {processor.py:179} INFO - Processing /opt/airflow/dags/hackernews_dag.py took 0.080 seconds
[2026-05-29T09:59:44.348+0000] {processor.py:157} INFO - Started process (PID=310) to work on /opt/airflow/dags/hackernews_dag.py
[2026-05-29T09:59:44.349+0000] {processor.py:829} INFO - Processing file /opt/airflow/dags/hackernews_dag.py for tasks to queue
[2026-05-29T09:59:44.350+0000] {logging_mixin.py:151} INFO - [2026-05-29T09:59:44.350+0000] {dagbag.py:539} INFO - Filling up the DagBag from /opt/airflow/dags/hackernews_dag.py
[2026-05-29T09:59:44.361+0000] {processor.py:839} INFO - DAG(s) dict_keys(['hackernews_pipeline']) retrieved from /opt/airflow/dags/hackernews_dag.py
[2026-05-29T09:59:44.382+0000] {logging_mixin.py:151} INFO - [2026-05-29T09:59:44.381+0000] {dag.py:2915} INFO - Sync 1 DAGs
[2026-05-29T09:59:44.395+0000] {logging_mixin.py:151} INFO - [2026-05-29T09:59:44.395+0000] {dag.py:3696} INFO - Setting next_dagrun for hackernews_pipeline to 2024-01-01T00:00:00+00:00, run_after=2024-01-01T00:05:00+00:00
[2026-05-29T09:59:44.407+0000] {processor.py:179} INFO - Processing /opt/airflow/dags/hackernews_dag.py took 0.063 seconds
[2026-05-29T10:00:14.715+0000] {processor.py:157} INFO - Started process (PID=320) to work on /opt/airflow/dags/hackernews_dag.py
[2026-05-29T10:00:14.716+0000] {processor.py:829} INFO - Processing file /opt/airflow/dags/hackernews_dag.py for tasks to queue
[2026-05-29T10:00:14.718+0000] {logging_mixin.py:151} INFO - [2026-05-29T10:00:14.717+0000] {dagbag.py:539} INFO - Filling up the DagBag from /opt/airflow/dags/hackernews_dag.py
[2026-05-29T10:00:14.731+0000] {processor.py:839} INFO - DAG(s) dict_keys(['hackernews_pipeline']) retrieved from /opt/airflow/dags/hackernews_dag.py
[2026-05-29T10:00:14.750+0000] {logging_mixin.py:151} INFO - [2026-05-29T10:00:14.750+0000] {dag.py:2915} INFO - Sync 1 DAGs
[2026-05-29T10:00:14.761+0000] {logging_mixin.py:151} INFO - [2026-05-29T10:00:14.761+0000] {dag.py:3696} INFO - Setting next_dagrun for hackernews_pipeline to 2024-01-01T00:00:00+00:00, run_after=2024-01-01T00:05:00+00:00
[2026-05-29T10:00:14.772+0000] {processor.py:179} INFO - Processing /opt/airflow/dags/hackernews_dag.py took 0.061 seconds
[2026-05-29T10:00:45.003+0000] {processor.py:157} INFO - Started process (PID=330) to work on /opt/airflow/dags/hackernews_dag.py
[2026-05-29T10:00:45.004+0000] {processor.py:829} INFO - Processing file /opt/airflow/dags/hackernews_dag.py for tasks to queue
[2026-05-29T10:00:45.005+0000] {logging_mixin.py:151} INFO - [2026-05-29T10:00:45.005+0000] {dagbag.py:539} INFO - Filling up the DagBag from /opt/airflow/dags/hackernews_dag.py
[2026-05-29T10:00:45.017+0000] {processor.py:839} INFO - DAG(s) dict_keys(['hackernews_pipeline']) retrieved from /opt/airflow/dags/hackernews_dag.py
[2026-05-29T10:00:45.038+0000] {logging_mixin.py:151} INFO - [2026-05-29T10:00:45.038+0000] {dag.py:2915} INFO - Sync 1 DAGs
[2026-05-29T10:00:45.052+0000] {logging_mixin.py:151} INFO - [2026-05-29T10:00:45.052+0000] {dag.py:3696} INFO - Setting next_dagrun for hackernews_pipeline to 2024-01-01T00:00:00+00:00, run_after=2024-01-01T00:05:00+00:00
[2026-05-29T10:00:45.064+0000] {processor.py:179} INFO - Processing /opt/airflow/dags/hackernews_dag.py took 0.064 seconds
[2026-05-29T10:01:15.383+0000] {processor.py:157} INFO - Started process (PID=340) to work on /opt/airflow/dags/hackernews_dag.py
[2026-05-29T10:01:15.385+0000] {processor.py:829} INFO - Processing file /opt/airflow/dags/hackernews_dag.py for tasks to queue
[2026-05-29T10:01:15.386+0000] {logging_mixin.py:151} INFO - [2026-05-29T10:01:15.385+0000] {dagbag.py:539} INFO - Filling up the DagBag from /opt/airflow/dags/hackernews_dag.py
[2026-05-29T10:01:15.395+0000] {processor.py:839} INFO - DAG(s) dict_keys(['hackernews_pipeline']) retrieved from /opt/airflow/dags/hackernews_dag.py
[2026-05-29T10:01:15.416+0000] {logging_mixin.py:151} INFO - [2026-05-29T10:01:15.415+0000] {dag.py:2915} INFO - Sync 1 DAGs
[2026-05-29T10:01:15.429+0000] {logging_mixin.py:151} INFO - [2026-05-29T10:01:15.428+0000] {dag.py:3696} INFO - Setting next_dagrun for hackernews_pipeline to 2024-01-01T00:00:00+00:00, run_after=2024-01-01T00:05:00+00:00
[2026-05-29T10:01:15.441+0000] {processor.py:179} INFO - Processing /opt/airflow/dags/hackernews_dag.py took 0.062 seconds
[2026-05-29T10:01:45.694+0000] {processor.py:157} INFO - Started process (PID=350) to work on /opt/airflow/dags/hackernews_dag.py
[2026-05-29T10:01:45.695+0000] {processor.py:829} INFO - Processing file /opt/airflow/dags/hackernews_dag.py for tasks to queue
[2026-05-29T10:01:45.697+0000] {logging_mixin.py:151} INFO - [2026-05-29T10:01:45.697+0000] {dagbag.py:539} INFO - Filling up the DagBag from /opt/airflow/dags/hackernews_dag.py
[2026-05-29T10:01:45.712+0000] {processor.py:839} INFO - DAG(s) dict_keys(['hackernews_pipeline']) retrieved from /opt/airflow/dags/hackernews_dag.py
[2026-05-29T10:01:45.731+0000] {logging_mixin.py:151} INFO - [2026-05-29T10:01:45.731+0000] {dag.py:2915} INFO - Sync 1 DAGs
[2026-05-29T10:01:45.744+0000] {logging_mixin.py:151} INFO - [2026-05-29T10:01:45.744+0000] {dag.py:3696} INFO - Setting next_dagrun for hackernews_pipeline to 2024-01-01T00:00:00+00:00, run_after=2024-01-01T00:05:00+00:00
[2026-05-29T10:01:45.757+0000] {processor.py:179} INFO - Processing /opt/airflow/dags/hackernews_dag.py took 0.066 seconds
[2026-05-29T10:02:16.028+0000] {processor.py:157} INFO - Started process (PID=360) to work on /opt/airflow/dags/hackernews_dag.py
[2026-05-29T10:02:16.030+0000] {processor.py:829} INFO - Processing file /opt/airflow/dags/hackernews_dag.py for tasks to queue
[2026-05-29T10:02:16.031+0000] {logging_mixin.py:151} INFO - [2026-05-29T10:02:16.031+0000] {dagbag.py:539} INFO - Filling up the DagBag from /opt/airflow/dags/hackernews_dag.py
[2026-05-29T10:02:16.042+0000] {processor.py:839} INFO - DAG(s) dict_keys(['hackernews_pipeline']) retrieved from /opt/airflow/dags/hackernews_dag.py
[2026-05-29T10:02:16.063+0000] {logging_mixin.py:151} INFO - [2026-05-29T10:02:16.063+0000] {dag.py:2915} INFO - Sync 1 DAGs
[2026-05-29T10:02:16.076+0000] {logging_mixin.py:151} INFO - [2026-05-29T10:02:16.076+0000] {dag.py:3696} INFO - Setting next_dagrun for hackernews_pipeline to 2024-01-01T00:00:00+00:00, run_after=2024-01-01T00:05:00+00:00
[2026-05-29T10:02:16.087+0000] {processor.py:179} INFO - Processing /opt/airflow/dags/hackernews_dag.py took 0.062 seconds
[2026-05-29T10:02:46.382+0000] {processor.py:157} INFO - Started process (PID=370) to work on /opt/airflow/dags/hackernews_dag.py
[2026-05-29T10:02:46.384+0000] {processor.py:829} INFO - Processing file /opt/airflow/dags/hackernews_dag.py for tasks to queue
[2026-05-29T10:02:46.385+0000] {logging_mixin.py:151} INFO - [2026-05-29T10:02:46.385+0000] {dagbag.py:539} INFO - Filling up the DagBag from /opt/airflow/dags/hackernews_dag.py
[2026-05-29T10:02:46.397+0000] {processor.py:839} INFO - DAG(s) dict_keys(['hackernews_pipeline']) retrieved from /opt/airflow/dags/hackernews_dag.py
[2026-05-29T10:02:46.421+0000] {logging_mixin.py:151} INFO - [2026-05-29T10:02:46.421+0000] {dag.py:2915} INFO - Sync 1 DAGs
[2026-05-29T10:02:46.434+0000] {logging_mixin.py:151} INFO - [2026-05-29T10:02:46.434+0000] {dag.py:3696} INFO - Setting next_dagrun for hackernews_pipeline to 2024-01-01T00:00:00+00:00, run_after=2024-01-01T00:05:00+00:00
[2026-05-29T10:02:46.446+0000] {processor.py:179} INFO - Processing /opt/airflow/dags/hackernews_dag.py took 0.067 seconds
[2026-05-29T10:03:16.677+0000] {processor.py:157} INFO - Started process (PID=380) to work on /opt/airflow/dags/hackernews_dag.py
[2026-05-29T10:03:16.679+0000] {processor.py:829} INFO - Processing file /opt/airflow/dags/hackernews_dag.py for tasks to queue
[2026-05-29T10:03:16.680+0000] {logging_mixin.py:151} INFO - [2026-05-29T10:03:16.679+0000] {dagbag.py:539} INFO - Filling up the DagBag from /opt/airflow/dags/hackernews_dag.py
[2026-05-29T10:03:16.699+0000] {processor.py:839} INFO - DAG(s) dict_keys(['hackernews_pipeline']) retrieved from /opt/airflow/dags/hackernews_dag.py
[2026-05-29T10:03:16.724+0000] {logging_mixin.py:151} INFO - [2026-05-29T10:03:16.724+0000] {dag.py:2915} INFO - Sync 1 DAGs
[2026-05-29T10:03:16.738+0000] {logging_mixin.py:151} INFO - [2026-05-29T10:03:16.738+0000] {dag.py:3696} INFO - Setting next_dagrun for hackernews_pipeline to 2024-01-01T00:00:00+00:00, run_after=2024-01-01T00:05:00+00:00
[2026-05-29T10:03:16.750+0000] {processor.py:179} INFO - Processing /opt/airflow/dags/hackernews_dag.py took 0.077 seconds
[2026-05-29T10:03:47.002+0000] {processor.py:157} INFO - Started process (PID=390) to work on /opt/airflow/dags/hackernews_dag.py
[2026-05-29T10:03:47.003+0000] {processor.py:829} INFO - Processing file /opt/airflow/dags/hackernews_dag.py for tasks to queue
[2026-05-29T10:03:47.005+0000] {logging_mixin.py:151} INFO - [2026-05-29T10:03:47.005+0000] {dagbag.py:539} INFO - Filling up the DagBag from /opt/airflow/dags/hackernews_dag.py
[2026-05-29T10:03:47.017+0000] {processor.py:839} INFO - DAG(s) dict_keys(['hackernews_pipeline']) retrieved from /opt/airflow/dags/hackernews_dag.py
[2026-05-29T10:03:47.048+0000] {logging_mixin.py:151} INFO - [2026-05-29T10:03:47.048+0000] {dag.py:2915} INFO - Sync 1 DAGs
[2026-05-29T10:03:47.068+0000] {logging_mixin.py:151} INFO - [2026-05-29T10:03:47.068+0000] {dag.py:3696} INFO - Setting next_dagrun for hackernews_pipeline to 2024-01-01T00:00:00+00:00, run_after=2024-01-01T00:05:00+00:00
[2026-05-29T10:03:47.084+0000] {processor.py:179} INFO - Processing /opt/airflow/dags/hackernews_dag.py took 0.085 seconds
[2026-05-29T10:04:17.358+0000] {processor.py:157} INFO - Started process (PID=400) to work on /opt/airflow/dags/hackernews_dag.py
[2026-05-29T10:04:17.360+0000] {processor.py:829} INFO - Processing file /opt/airflow/dags/hackernews_dag.py for tasks to queue
[2026-05-29T10:04:17.361+0000] {logging_mixin.py:151} INFO - [2026-05-29T10:04:17.360+0000] {dagbag.py:539} INFO - Filling up the DagBag from /opt/airflow/dags/hackernews_dag.py
[2026-05-29T10:04:17.372+0000] {processor.py:839} INFO - DAG(s) dict_keys(['hackernews_pipeline']) retrieved from /opt/airflow/dags/hackernews_dag.py
[2026-05-29T10:04:17.394+0000] {logging_mixin.py:151} INFO - [2026-05-29T10:04:17.394+0000] {dag.py:2915} INFO - Sync 1 DAGs
[2026-05-29T10:04:17.408+0000] {logging_mixin.py:151} INFO - [2026-05-29T10:04:17.408+0000] {dag.py:3696} INFO - Setting next_dagrun for hackernews_pipeline to 2024-01-01T00:00:00+00:00, run_after=2024-01-01T00:05:00+00:00
[2026-05-29T10:04:17.421+0000] {processor.py:179} INFO - Processing /opt/airflow/dags/hackernews_dag.py took 0.068 seconds
[2026-05-29T10:04:47.766+0000] {processor.py:157} INFO - Started process (PID=410) to work on /opt/airflow/dags/hackernews_dag.py
[2026-05-29T10:04:47.767+0000] {processor.py:829} INFO - Processing file /opt/airflow/dags/hackernews_dag.py for tasks to queue
[2026-05-29T10:04:47.768+0000] {logging_mixin.py:151} INFO - [2026-05-29T10:04:47.767+0000] {dagbag.py:539} INFO - Filling up the DagBag from /opt/airflow/dags/hackernews_dag.py
[2026-05-29T10:04:47.785+0000] {processor.py:839} INFO - DAG(s) dict_keys(['hackernews_pipeline']) retrieved from /opt/airflow/dags/hackernews_dag.py
[2026-05-29T10:04:47.817+0000] {logging_mixin.py:151} INFO - [2026-05-29T10:04:47.816+0000] {dag.py:2915} INFO - Sync 1 DAGs
[2026-05-29T10:04:47.833+0000] {logging_mixin.py:151} INFO - [2026-05-29T10:04:47.833+0000] {dag.py:3696} INFO - Setting next_dagrun for hackernews_pipeline to 2024-01-01T00:00:00+00:00, run_after=2024-01-01T00:05:00+00:00
[2026-05-29T10:04:47.846+0000] {processor.py:179} INFO - Processing /opt/airflow/dags/hackernews_dag.py took 0.083 seconds
[2026-05-29T10:05:18.085+0000] {processor.py:157} INFO - Started process (PID=420) to work on /opt/airflow/dags/hackernews_dag.py
[2026-05-29T10:05:18.087+0000] {processor.py:829} INFO - Processing file /opt/airflow/dags/hackernews_dag.py for tasks to queue
[2026-05-29T10:05:18.088+0000] {logging_mixin.py:151} INFO - [2026-05-29T10:05:18.088+0000] {dagbag.py:539} INFO - Filling up the DagBag from /opt/airflow/dags/hackernews_dag.py
[2026-05-29T10:05:18.101+0000] {processor.py:839} INFO - DAG(s) dict_keys(['hackernews_pipeline']) retrieved from /opt/airflow/dags/hackernews_dag.py
[2026-05-29T10:05:18.120+0000] {logging_mixin.py:151} INFO - [2026-05-29T10:05:18.120+0000] {dag.py:2915} INFO - Sync 1 DAGs
[2026-05-29T10:05:18.132+0000] {logging_mixin.py:151} INFO - [2026-05-29T10:05:18.132+0000] {dag.py:3696} INFO - Setting next_dagrun for hackernews_pipeline to 2024-01-01T00:00:00+00:00, run_after=2024-01-01T00:05:00+00:00
[2026-05-29T10:05:18.142+0000] {processor.py:179} INFO - Processing /opt/airflow/dags/hackernews_dag.py took 0.060 seconds
[2026-05-29T10:05:48.401+0000] {processor.py:157} INFO - Started process (PID=430) to work on /opt/airflow/dags/hackernews_dag.py
[2026-05-29T10:05:48.403+0000] {processor.py:829} INFO - Processing file /opt/airflow/dags/hackernews_dag.py for tasks to queue
[2026-05-29T10:05:48.405+0000] {logging_mixin.py:151} INFO - [2026-05-29T10:05:48.404+0000] {dagbag.py:539} INFO - Filling up the DagBag from /opt/airflow/dags/hackernews_dag.py
[2026-05-29T10:05:48.423+0000] {processor.py:839} INFO - DAG(s) dict_keys(['hackernews_pipeline']) retrieved from /opt/airflow/dags/hackernews_dag.py
[2026-05-29T10:05:48.451+0000] {logging_mixin.py:151} INFO - [2026-05-29T10:05:48.451+0000] {dag.py:2915} INFO - Sync 1 DAGs
[2026-05-29T10:05:48.467+0000] {logging_mixin.py:151} INFO - [2026-05-29T10:05:48.467+0000] {dag.py:3696} INFO - Setting next_dagrun for hackernews_pipeline to 2024-01-01T00:00:00+00:00, run_after=2024-01-01T00:05:00+00:00
[2026-05-29T10:05:48.480+0000] {processor.py:179} INFO - Processing /opt/airflow/dags/hackernews_dag.py took 0.084 seconds
[2026-05-29T10:06:18.845+0000] {processor.py:157} INFO - Started process (PID=440) to work on /opt/airflow/dags/hackernews_dag.py
[2026-05-29T10:06:18.846+0000] {processor.py:829} INFO - Processing file /opt/airflow/dags/hackernews_dag.py for tasks to queue
[2026-05-29T10:06:18.847+0000] {logging_mixin.py:151} INFO - [2026-05-29T10:06:18.847+0000] {dagbag.py:539} INFO - Filling up the DagBag from /opt/airflow/dags/hackernews_dag.py
[2026-05-29T10:06:18.857+0000] {processor.py:839} INFO - DAG(s) dict_keys(['hackernews_pipeline']) retrieved from /opt/airflow/dags/hackernews_dag.py
[2026-05-29T10:06:18.883+0000] {logging_mixin.py:151} INFO - [2026-05-29T10:06:18.883+0000] {dag.py:2915} INFO - Sync 1 DAGs
[2026-05-29T10:06:18.897+0000] {logging_mixin.py:151} INFO - [2026-05-29T10:06:18.897+0000] {dag.py:3696} INFO - Setting next_dagrun for hackernews_pipeline to 2024-01-01T00:00:00+00:00, run_after=2024-01-01T00:05:00+00:00
[2026-05-29T10:06:18.909+0000] {processor.py:179} INFO - Processing /opt/airflow/dags/hackernews_dag.py took 0.068 seconds
[2026-05-29T10:06:49.223+0000] {processor.py:157} INFO - Started process (PID=450) to work on /opt/airflow/dags/hackernews_dag.py
[2026-05-29T10:06:49.225+0000] {processor.py:829} INFO - Processing file /opt/airflow/dags/hackernews_dag.py for tasks to queue
[2026-05-29T10:06:49.226+0000] {logging_mixin.py:151} INFO - [2026-05-29T10:06:49.225+0000] {dagbag.py:539} INFO - Filling up the DagBag from /opt/airflow/dags/hackernews_dag.py
[2026-05-29T10:06:49.243+0000] {processor.py:839} INFO - DAG(s) dict_keys(['hackernews_pipeline']) retrieved from /opt/airflow/dags/hackernews_dag.py
[2026-05-29T10:06:49.272+0000] {logging_mixin.py:151} INFO - [2026-05-29T10:06:49.272+0000] {dag.py:2915} INFO - Sync 1 DAGs
[2026-05-29T10:06:49.286+0000] {logging_mixin.py:151} INFO - [2026-05-29T10:06:49.286+0000] {dag.py:3696} INFO - Setting next_dagrun for hackernews_pipeline to 2024-01-01T00:00:00+00:00, run_after=2024-01-01T00:05:00+00:00
[2026-05-29T10:06:49.299+0000] {processor.py:179} INFO - Processing /opt/airflow/dags/hackernews_dag.py took 0.080 seconds
[2026-05-29T10:07:19.514+0000] {processor.py:157} INFO - Started process (PID=460) to work on /opt/airflow/dags/hackernews_dag.py
[2026-05-29T10:07:19.515+0000] {processor.py:829} INFO - Processing file /opt/airflow/dags/hackernews_dag.py for tasks to queue
[2026-05-29T10:07:19.515+0000] {logging_mixin.py:151} INFO - [2026-05-29T10:07:19.515+0000] {dagbag.py:539} INFO - Filling up the DagBag from /opt/airflow/dags/hackernews_dag.py
[2026-05-29T10:07:19.520+0000] {processor.py:839} INFO - DAG(s) dict_keys(['hackernews_pipeline']) retrieved from /opt/airflow/dags/hackernews_dag.py
[2026-05-29T10:07:19.536+0000] {logging_mixin.py:151} INFO - [2026-05-29T10:07:19.536+0000] {dag.py:2915} INFO - Sync 1 DAGs
[2026-05-29T10:07:19.547+0000] {logging_mixin.py:151} INFO - [2026-05-29T10:07:19.547+0000] {dag.py:3696} INFO - Setting next_dagrun for hackernews_pipeline to 2024-01-01T00:00:00+00:00, run_after=2024-01-01T00:05:00+00:00
[2026-05-29T10:07:19.557+0000] {processor.py:179} INFO - Processing /opt/airflow/dags/hackernews_dag.py took 0.045 seconds
[2026-05-29T10:07:49.868+0000] {processor.py:157} INFO - Started process (PID=470) to work on /opt/airflow/dags/hackernews_dag.py
[2026-05-29T10:07:49.870+0000] {processor.py:829} INFO - Processing file /opt/airflow/dags/hackernews_dag.py for tasks to queue
[2026-05-29T10:07:49.870+0000] {logging_mixin.py:151} INFO - [2026-05-29T10:07:49.870+0000] {dagbag.py:539} INFO - Filling up the DagBag from /opt/airflow/dags/hackernews_dag.py
[2026-05-29T10:07:49.883+0000] {processor.py:839} INFO - DAG(s) dict_keys(['hackernews_pipeline']) retrieved from /opt/airflow/dags/hackernews_dag.py
[2026-05-29T10:07:49.905+0000] {logging_mixin.py:151} INFO - [2026-05-29T10:07:49.905+0000] {dag.py:2915} INFO - Sync 1 DAGs
[2026-05-29T10:07:49.918+0000] {logging_mixin.py:151} INFO - [2026-05-29T10:07:49.917+0000] {dag.py:3696} INFO - Setting next_dagrun for hackernews_pipeline to 2024-01-01T00:00:00+00:00, run_after=2024-01-01T00:05:00+00:00
[2026-05-29T10:07:49.932+0000] {processor.py:179} INFO - Processing /opt/airflow/dags/hackernews_dag.py took 0.067 seconds
[2026-05-29T10:08:20.217+0000] {processor.py:157} INFO - Started process (PID=480) to work on /opt/airflow/dags/hackernews_dag.py
[2026-05-29T10:08:20.219+0000] {processor.py:829} INFO - Processing file /opt/airflow/dags/hackernews_dag.py for tasks to queue
[2026-05-29T10:08:20.221+0000] {logging_mixin.py:151} INFO - [2026-05-29T10:08:20.220+0000] {dagbag.py:539} INFO - Filling up the DagBag from /opt/airflow/dags/hackernews_dag.py
[2026-05-29T10:08:20.233+0000] {processor.py:839} INFO - DAG(s) dict_keys(['hackernews_pipeline']) retrieved from /opt/airflow/dags/hackernews_dag.py
[2026-05-29T10:08:20.254+0000] {logging_mixin.py:151} INFO - [2026-05-29T10:08:20.253+0000] {dag.py:2915} INFO - Sync 1 DAGs
[2026-05-29T10:08:20.266+0000] {logging_mixin.py:151} INFO - [2026-05-29T10:08:20.266+0000] {dag.py:3696} INFO - Setting next_dagrun for hackernews_pipeline to 2024-01-01T00:00:00+00:00, run_after=2024-01-01T00:05:00+00:00
[2026-05-29T10:08:20.277+0000] {processor.py:179} INFO - Processing /opt/airflow/dags/hackernews_dag.py took 0.063 seconds
[2026-05-29T10:08:50.510+0000] {processor.py:157} INFO - Started process (PID=490) to work on /opt/airflow/dags/hackernews_dag.py
[2026-05-29T10:08:50.512+0000] {processor.py:829} INFO - Processing file /opt/airflow/dags/hackernews_dag.py for tasks to queue
[2026-05-29T10:08:50.512+0000] {logging_mixin.py:151} INFO - [2026-05-29T10:08:50.512+0000] {dagbag.py:539} INFO - Filling up the DagBag from /opt/airflow/dags/hackernews_dag.py
[2026-05-29T10:08:50.521+0000] {processor.py:839} INFO - DAG(s) dict_keys(['hackernews_pipeline']) retrieved from /opt/airflow/dags/hackernews_dag.py
[2026-05-29T10:08:50.543+0000] {logging_mixin.py:151} INFO - [2026-05-29T10:08:50.542+0000] {dag.py:2915} INFO - Sync 1 DAGs
[2026-05-29T10:08:50.555+0000] {logging_mixin.py:151} INFO - [2026-05-29T10:08:50.554+0000] {dag.py:3696} INFO - Setting next_dagrun for hackernews_pipeline to 2024-01-01T00:00:00+00:00, run_after=2024-01-01T00:05:00+00:00
[2026-05-29T10:08:50.566+0000] {processor.py:179} INFO - Processing /opt/airflow/dags/hackernews_dag.py took 0.059 seconds
[2026-05-29T10:09:20.849+0000] {processor.py:157} INFO - Started process (PID=500) to work on /opt/airflow/dags/hackernews_dag.py
[2026-05-29T10:09:20.850+0000] {processor.py:829} INFO - Processing file /opt/airflow/dags/hackernews_dag.py for tasks to queue
[2026-05-29T10:09:20.851+0000] {logging_mixin.py:151} INFO - [2026-05-29T10:09:20.851+0000] {dagbag.py:539} INFO - Filling up the DagBag from /opt/airflow/dags/hackernews_dag.py
[2026-05-29T10:09:20.861+0000] {processor.py:839} INFO - DAG(s) dict_keys(['hackernews_pipeline']) retrieved from /opt/airflow/dags/hackernews_dag.py
[2026-05-29T10:09:20.883+0000] {logging_mixin.py:151} INFO - [2026-05-29T10:09:20.883+0000] {dag.py:2915} INFO - Sync 1 DAGs
[2026-05-29T10:09:20.895+0000] {logging_mixin.py:151} INFO - [2026-05-29T10:09:20.895+0000] {dag.py:3696} INFO - Setting next_dagrun for hackernews_pipeline to 2024-01-01T00:00:00+00:00, run_after=2024-01-01T00:05:00+00:00
[2026-05-29T10:09:20.910+0000] {processor.py:179} INFO - Processing /opt/airflow/dags/hackernews_dag.py took 0.065 seconds
[2026-05-29T10:09:51.210+0000] {processor.py:157} INFO - Started process (PID=510) to work on /opt/airflow/dags/hackernews_dag.py
[2026-05-29T10:09:51.212+0000] {processor.py:829} INFO - Processing file /opt/airflow/dags/hackernews_dag.py for tasks to queue
[2026-05-29T10:09:51.213+0000] {logging_mixin.py:151} INFO - [2026-05-29T10:09:51.213+0000] {dagbag.py:539} INFO - Filling up the DagBag from /opt/airflow/dags/hackernews_dag.py
[2026-05-29T10:09:51.225+0000] {processor.py:839} INFO - DAG(s) dict_keys(['hackernews_pipeline']) retrieved from /opt/airflow/dags/hackernews_dag.py
[2026-05-29T10:09:51.246+0000] {logging_mixin.py:151} INFO - [2026-05-29T10:09:51.246+0000] {dag.py:2915} INFO - Sync 1 DAGs
[2026-05-29T10:09:51.259+0000] {logging_mixin.py:151} INFO - [2026-05-29T10:09:51.258+0000] {dag.py:3696} INFO - Setting next_dagrun for hackernews_pipeline to 2024-01-01T00:00:00+00:00, run_after=2024-01-01T00:05:00+00:00
[2026-05-29T10:09:51.272+0000] {processor.py:179} INFO - Processing /opt/airflow/dags/hackernews_dag.py took 0.065 seconds
[2026-05-29T10:10:21.492+0000] {processor.py:157} INFO - Started process (PID=520) to work on /opt/airflow/dags/hackernews_dag.py
[2026-05-29T10:10:21.495+0000] {processor.py:829} INFO - Processing file /opt/airflow/dags/hackernews_dag.py for tasks to queue
[2026-05-29T10:10:21.496+0000] {logging_mixin.py:151} INFO - [2026-05-29T10:10:21.495+0000] {dagbag.py:539} INFO - Filling up the DagBag from /opt/airflow/dags/hackernews_dag.py
[2026-05-29T10:10:21.510+0000] {processor.py:839} INFO - DAG(s) dict_keys(['hackernews_pipeline']) retrieved from /opt/airflow/dags/hackernews_dag.py
[2026-05-29T10:10:21.530+0000] {logging_mixin.py:151} INFO - [2026-05-29T10:10:21.530+0000] {dag.py:2915} INFO - Sync 1 DAGs
[2026-05-29T10:10:21.541+0000] {logging_mixin.py:151} INFO - [2026-05-29T10:10:21.541+0000] {dag.py:3696} INFO - Setting next_dagrun for hackernews_pipeline to 2024-01-01T00:00:00+00:00, run_after=2024-01-01T00:05:00+00:00
[2026-05-29T10:10:21.556+0000] {processor.py:179} INFO - Processing /opt/airflow/dags/hackernews_dag.py took 0.067 seconds
[2026-05-29T10:10:51.840+0000] {processor.py:157} INFO - Started process (PID=530) to work on /opt/airflow/dags/hackernews_dag.py
[2026-05-29T10:10:51.842+0000] {processor.py:829} INFO - Processing file /opt/airflow/dags/hackernews_dag.py for tasks to queue
[2026-05-29T10:10:51.842+0000] {logging_mixin.py:151} INFO - [2026-05-29T10:10:51.842+0000] {dagbag.py:539} INFO - Filling up the DagBag from /opt/airflow/dags/hackernews_dag.py
[2026-05-29T10:10:51.853+0000] {processor.py:839} INFO - DAG(s) dict_keys(['hackernews_pipeline']) retrieved from /opt/airflow/dags/hackernews_dag.py
[2026-05-29T10:10:51.874+0000] {logging_mixin.py:151} INFO - [2026-05-29T10:10:51.873+0000] {dag.py:2915} INFO - Sync 1 DAGs
[2026-05-29T10:10:51.888+0000] {logging_mixin.py:151} INFO - [2026-05-29T10:10:51.887+0000] {dag.py:3696} INFO - Setting next_dagrun for hackernews_pipeline to 2024-01-01T00:00:00+00:00, run_after=2024-01-01T00:05:00+00:00
[2026-05-29T10:10:51.898+0000] {processor.py:179} INFO - Processing /opt/airflow/dags/hackernews_dag.py took 0.061 seconds
[2026-05-29T10:11:22.171+0000] {processor.py:157} INFO - Started process (PID=540) to work on /opt/airflow/dags/hackernews_dag.py
[2026-05-29T10:11:22.172+0000] {processor.py:829} INFO - Processing file /opt/airflow/dags/hackernews_dag.py for tasks to queue
[2026-05-29T10:11:22.173+0000] {logging_mixin.py:151} INFO - [2026-05-29T10:11:22.173+0000] {dagbag.py:539} INFO - Filling up the DagBag from /opt/airflow/dags/hackernews_dag.py
[2026-05-29T10:11:22.181+0000] {processor.py:839} INFO - DAG(s) dict_keys(['hackernews_pipeline']) retrieved from /opt/airflow/dags/hackernews_dag.py
[2026-05-29T10:11:22.200+0000] {logging_mixin.py:151} INFO - [2026-05-29T10:11:22.200+0000] {dag.py:2915} INFO - Sync 1 DAGs
[2026-05-29T10:11:22.213+0000] {logging_mixin.py:151} INFO - [2026-05-29T10:11:22.213+0000] {dag.py:3696} INFO - Setting next_dagrun for hackernews_pipeline to 2024-01-01T00:00:00+00:00, run_after=2024-01-01T00:05:00+00:00
[2026-05-29T10:11:22.223+0000] {processor.py:179} INFO - Processing /opt/airflow/dags/hackernews_dag.py took 0.055 seconds
[2026-05-29T10:11:52.552+0000] {processor.py:157} INFO - Started process (PID=550) to work on /opt/airflow/dags/hackernews_dag.py
[2026-05-29T10:11:52.555+0000] {processor.py:829} INFO - Processing file /opt/airflow/dags/hackernews_dag.py for tasks to queue
[2026-05-29T10:11:52.556+0000] {logging_mixin.py:151} INFO - [2026-05-29T10:11:52.556+0000] {dagbag.py:539} INFO - Filling up the DagBag from /opt/airflow/dags/hackernews_dag.py
[2026-05-29T10:11:52.569+0000] {processor.py:839} INFO - DAG(s) dict_keys(['hackernews_pipeline']) retrieved from /opt/airflow/dags/hackernews_dag.py
[2026-05-29T10:11:52.587+0000] {logging_mixin.py:151} INFO - [2026-05-29T10:11:52.587+0000] {dag.py:2915} INFO - Sync 1 DAGs
[2026-05-29T10:11:52.600+0000] {logging_mixin.py:151} INFO - [2026-05-29T10:11:52.600+0000] {dag.py:3696} INFO - Setting next_dagrun for hackernews_pipeline to 2024-01-01T00:00:00+00:00, run_after=2024-01-01T00:05:00+00:00
[2026-05-29T10:11:52.610+0000] {processor.py:179} INFO - Processing /opt/airflow/dags/hackernews_dag.py took 0.061 seconds
[2026-05-29T10:12:22.823+0000] {processor.py:157} INFO - Started process (PID=560) to work on /opt/airflow/dags/hackernews_dag.py
[2026-05-29T10:12:22.824+0000] {processor.py:829} INFO - Processing file /opt/airflow/dags/hackernews_dag.py for tasks to queue
[2026-05-29T10:12:22.826+0000] {logging_mixin.py:151} INFO - [2026-05-29T10:12:22.825+0000] {dagbag.py:539} INFO - Filling up the DagBag from /opt/airflow/dags/hackernews_dag.py
[2026-05-29T10:12:22.836+0000] {processor.py:839} INFO - DAG(s) dict_keys(['hackernews_pipeline']) retrieved from /opt/airflow/dags/hackernews_dag.py
[2026-05-29T10:12:22.858+0000] {logging_mixin.py:151} INFO - [2026-05-29T10:12:22.858+0000] {dag.py:2915} INFO - Sync 1 DAGs
[2026-05-29T10:12:22.871+0000] {logging_mixin.py:151} INFO - [2026-05-29T10:12:22.871+0000] {dag.py:3696} INFO - Setting next_dagrun for hackernews_pipeline to 2024-01-01T00:00:00+00:00, run_after=2024-01-01T00:05:00+00:00
[2026-05-29T10:12:22.882+0000] {processor.py:179} INFO - Processing /opt/airflow/dags/hackernews_dag.py took 0.063 seconds
[2026-05-29T10:12:53.122+0000] {processor.py:157} INFO - Started process (PID=570) to work on /opt/airflow/dags/hackernews_dag.py
[2026-05-29T10:12:53.124+0000] {processor.py:829} INFO - Processing file /opt/airflow/dags/hackernews_dag.py for tasks to queue
[2026-05-29T10:12:53.125+0000] {logging_mixin.py:151} INFO - [2026-05-29T10:12:53.125+0000] {dagbag.py:539} INFO - Filling up the DagBag from /opt/airflow/dags/hackernews_dag.py
[2026-05-29T10:12:53.135+0000] {processor.py:839} INFO - DAG(s) dict_keys(['hackernews_pipeline']) retrieved from /opt/airflow/dags/hackernews_dag.py
[2026-05-29T10:12:53.158+0000] {logging_mixin.py:151} INFO - [2026-05-29T10:12:53.158+0000] {dag.py:2915} INFO - Sync 1 DAGs
[2026-05-29T10:12:53.174+0000] {logging_mixin.py:151} INFO - [2026-05-29T10:12:53.173+0000] {dag.py:3696} INFO - Setting next_dagrun for hackernews_pipeline to 2024-01-01T00:00:00+00:00, run_after=2024-01-01T00:05:00+00:00
[2026-05-29T10:12:53.187+0000] {processor.py:179} INFO - Processing /opt/airflow/dags/hackernews_dag.py took 0.066 seconds
[2026-05-29T10:13:23.452+0000] {processor.py:157} INFO - Started process (PID=580) to work on /opt/airflow/dags/hackernews_dag.py
[2026-05-29T10:13:23.454+0000] {processor.py:829} INFO - Processing file /opt/airflow/dags/hackernews_dag.py for tasks to queue
[2026-05-29T10:13:23.456+0000] {logging_mixin.py:151} INFO - [2026-05-29T10:13:23.455+0000] {dagbag.py:539} INFO - Filling up the DagBag from /opt/airflow/dags/hackernews_dag.py
[2026-05-29T10:13:23.471+0000] {processor.py:839} INFO - DAG(s) dict_keys(['hackernews_pipeline']) retrieved from /opt/airflow/dags/hackernews_dag.py
[2026-05-29T10:13:23.505+0000] {logging_mixin.py:151} INFO - [2026-05-29T10:13:23.505+0000] {dag.py:2915} INFO - Sync 1 DAGs
[2026-05-29T10:13:23.529+0000] {logging_mixin.py:151} INFO - [2026-05-29T10:13:23.529+0000] {dag.py:3696} INFO - Setting next_dagrun for hackernews_pipeline to 2024-01-01T00:00:00+00:00, run_after=2024-01-01T00:05:00+00:00
[2026-05-29T10:13:23.548+0000] {processor.py:179} INFO - Processing /opt/airflow/dags/hackernews_dag.py took 0.099 seconds
[2026-05-29T10:13:53.872+0000] {processor.py:157} INFO - Started process (PID=590) to work on /opt/airflow/dags/hackernews_dag.py
[2026-05-29T10:13:53.873+0000] {processor.py:829} INFO - Processing file /opt/airflow/dags/hackernews_dag.py for tasks to queue
[2026-05-29T10:13:53.874+0000] {logging_mixin.py:151} INFO - [2026-05-29T10:13:53.874+0000] {dagbag.py:539} INFO - Filling up the DagBag from /opt/airflow/dags/hackernews_dag.py
[2026-05-29T10:13:53.885+0000] {processor.py:839} INFO - DAG(s) dict_keys(['hackernews_pipeline']) retrieved from /opt/airflow/dags/hackernews_dag.py
[2026-05-29T10:13:53.907+0000] {logging_mixin.py:151} INFO - [2026-05-29T10:13:53.907+0000] {dag.py:2915} INFO - Sync 1 DAGs
[2026-05-29T10:13:53.920+0000] {logging_mixin.py:151} INFO - [2026-05-29T10:13:53.920+0000] {dag.py:3696} INFO - Setting next_dagrun for hackernews_pipeline to 2024-01-01T00:00:00+00:00, run_after=2024-01-01T00:05:00+00:00
[2026-05-29T10:13:53.933+0000] {processor.py:179} INFO - Processing /opt/airflow/dags/hackernews_dag.py took 0.065 seconds
[2026-05-29T10:14:24.187+0000] {processor.py:157} INFO - Started process (PID=600) to work on /opt/airflow/dags/hackernews_dag.py
[2026-05-29T10:14:24.188+0000] {processor.py:829} INFO - Processing file /opt/airflow/dags/hackernews_dag.py for tasks to queue
[2026-05-29T10:14:24.189+0000] {logging_mixin.py:151} INFO - [2026-05-29T10:14:24.188+0000] {dagbag.py:539} INFO - Filling up the DagBag from /opt/airflow/dags/hackernews_dag.py
[2026-05-29T10:14:24.199+0000] {processor.py:839} INFO - DAG(s) dict_keys(['hackernews_pipeline']) retrieved from /opt/airflow/dags/hackernews_dag.py
[2026-05-29T10:14:24.221+0000] {logging_mixin.py:151} INFO - [2026-05-29T10:14:24.221+0000] {dag.py:2915} INFO - Sync 1 DAGs
[2026-05-29T10:14:24.235+0000] {logging_mixin.py:151} INFO - [2026-05-29T10:14:24.235+0000] {dag.py:3696} INFO - Setting next_dagrun for hackernews_pipeline to 2024-01-01T00:00:00+00:00, run_after=2024-01-01T00:05:00+00:00
[2026-05-29T10:14:24.247+0000] {processor.py:179} INFO - Processing /opt/airflow/dags/hackernews_dag.py took 0.064 seconds
[2026-05-29T10:14:54.542+0000] {processor.py:157} INFO - Started process (PID=610) to work on /opt/airflow/dags/hackernews_dag.py
[2026-05-29T10:14:54.544+0000] {processor.py:829} INFO - Processing file /opt/airflow/dags/hackernews_dag.py for tasks to queue
[2026-05-29T10:14:54.545+0000] {logging_mixin.py:151} INFO - [2026-05-29T10:14:54.545+0000] {dagbag.py:539} INFO - Filling up the DagBag from /opt/airflow/dags/hackernews_dag.py
[2026-05-29T10:14:54.558+0000] {processor.py:839} INFO - DAG(s) dict_keys(['hackernews_pipeline']) retrieved from /opt/airflow/dags/hackernews_dag.py
[2026-05-29T10:14:54.579+0000] {logging_mixin.py:151} INFO - [2026-05-29T10:14:54.579+0000] {dag.py:2915} INFO - Sync 1 DAGs
[2026-05-29T10:14:54.592+0000] {logging_mixin.py:151} INFO - [2026-05-29T10:14:54.592+0000] {dag.py:3696} INFO - Setting next_dagrun for hackernews_pipeline to 2024-01-01T00:00:00+00:00, run_after=2024-01-01T00:05:00+00:00
[2026-05-29T10:14:54.606+0000] {processor.py:179} INFO - Processing /opt/airflow/dags/hackernews_dag.py took 0.067 seconds
[2026-05-29T10:15:24.924+0000] {processor.py:157} INFO - Started process (PID=620) to work on /opt/airflow/dags/hackernews_dag.py
[2026-05-29T10:15:24.925+0000] {processor.py:829} INFO - Processing file /opt/airflow/dags/hackernews_dag.py for tasks to queue
[2026-05-29T10:15:24.926+0000] {logging_mixin.py:151} INFO - [2026-05-29T10:15:24.926+0000] {dagbag.py:539} INFO - Filling up the DagBag from /opt/airflow/dags/hackernews_dag.py
[2026-05-29T10:15:24.946+0000] {processor.py:839} INFO - DAG(s) dict_keys(['hackernews_pipeline']) retrieved from /opt/airflow/dags/hackernews_dag.py
[2026-05-29T10:15:24.968+0000] {logging_mixin.py:151} INFO - [2026-05-29T10:15:24.968+0000] {dag.py:2915} INFO - Sync 1 DAGs
[2026-05-29T10:15:24.981+0000] {logging_mixin.py:151} INFO - [2026-05-29T10:15:24.981+0000] {dag.py:3696} INFO - Setting next_dagrun for hackernews_pipeline to 2024-01-01T00:00:00+00:00, run_after=2024-01-01T00:05:00+00:00
[2026-05-29T10:15:24.993+0000] {processor.py:179} INFO - Processing /opt/airflow/dags/hackernews_dag.py took 0.073 seconds
[2026-05-29T10:15:55.272+0000] {processor.py:157} INFO - Started process (PID=630) to work on /opt/airflow/dags/hackernews_dag.py
[2026-05-29T10:15:55.273+0000] {processor.py:829} INFO - Processing file /opt/airflow/dags/hackernews_dag.py for tasks to queue
[2026-05-29T10:15:55.274+0000] {logging_mixin.py:151} INFO - [2026-05-29T10:15:55.274+0000] {dagbag.py:539} INFO - Filling up the DagBag from /opt/airflow/dags/hackernews_dag.py
[2026-05-29T10:15:55.294+0000] {processor.py:839} INFO - DAG(s) dict_keys(['hackernews_pipeline']) retrieved from /opt/airflow/dags/hackernews_dag.py
[2026-05-29T10:15:55.322+0000] {logging_mixin.py:151} INFO - [2026-05-29T10:15:55.322+0000] {dag.py:2915} INFO - Sync 1 DAGs
[2026-05-29T10:15:55.337+0000] {logging_mixin.py:151} INFO - [2026-05-29T10:15:55.337+0000] {dag.py:3696} INFO - Setting next_dagrun for hackernews_pipeline to 2024-01-01T00:00:00+00:00, run_after=2024-01-01T00:05:00+00:00
[2026-05-29T10:15:55.349+0000] {processor.py:179} INFO - Processing /opt/airflow/dags/hackernews_dag.py took 0.081 seconds
[2026-05-29T10:16:25.651+0000] {processor.py:157} INFO - Started process (PID=640) to work on /opt/airflow/dags/hackernews_dag.py
[2026-05-29T10:16:25.652+0000] {processor.py:829} INFO - Processing file /opt/airflow/dags/hackernews_dag.py for tasks to queue
[2026-05-29T10:16:25.654+0000] {logging_mixin.py:151} INFO - [2026-05-29T10:16:25.654+0000] {dagbag.py:539} INFO - Filling up the DagBag from /opt/airflow/dags/hackernews_dag.py
[2026-05-29T10:16:25.665+0000] {processor.py:839} INFO - DAG(s) dict_keys(['hackernews_pipeline']) retrieved from /opt/airflow/dags/hackernews_dag.py
[2026-05-29T10:16:25.689+0000] {logging_mixin.py:151} INFO - [2026-05-29T10:16:25.689+0000] {dag.py:2915} INFO - Sync 1 DAGs
[2026-05-29T10:16:25.704+0000] {logging_mixin.py:151} INFO - [2026-05-29T10:16:25.704+0000] {dag.py:3696} INFO - Setting next_dagrun for hackernews_pipeline to 2024-01-01T00:00:00+00:00, run_after=2024-01-01T00:05:00+00:00
[2026-05-29T10:16:25.717+0000] {processor.py:179} INFO - Processing /opt/airflow/dags/hackernews_dag.py took 0.069 seconds
[2026-05-29T10:16:55.933+0000] {processor.py:157} INFO - Started process (PID=650) to work on /opt/airflow/dags/hackernews_dag.py
[2026-05-29T10:16:55.935+0000] {processor.py:829} INFO - Processing file /opt/airflow/dags/hackernews_dag.py for tasks to queue
[2026-05-29T10:16:55.937+0000] {logging_mixin.py:151} INFO - [2026-05-29T10:16:55.937+0000] {dagbag.py:539} INFO - Filling up the DagBag from /opt/airflow/dags/hackernews_dag.py
[2026-05-29T10:16:55.949+0000] {processor.py:839} INFO - DAG(s) dict_keys(['hackernews_pipeline']) retrieved from /opt/airflow/dags/hackernews_dag.py
[2026-05-29T10:16:55.969+0000] {logging_mixin.py:151} INFO - [2026-05-29T10:16:55.969+0000] {dag.py:2915} INFO - Sync 1 DAGs
[2026-05-29T10:16:55.985+0000] {logging_mixin.py:151} INFO - [2026-05-29T10:16:55.985+0000] {dag.py:3696} INFO - Setting next_dagrun for hackernews_pipeline to 2024-01-01T00:00:00+00:00, run_after=2024-01-01T00:05:00+00:00
[2026-05-29T10:16:55.996+0000] {processor.py:179} INFO - Processing /opt/airflow/dags/hackernews_dag.py took 0.066 seconds
[2026-05-29T10:17:26.350+0000] {processor.py:157} INFO - Started process (PID=660) to work on /opt/airflow/dags/hackernews_dag.py
[2026-05-29T10:17:26.352+0000] {processor.py:829} INFO - Processing file /opt/airflow/dags/hackernews_dag.py for tasks to queue
[2026-05-29T10:17:26.352+0000] {logging_mixin.py:151} INFO - [2026-05-29T10:17:26.352+0000] {dagbag.py:539} INFO - Filling up the DagBag from /opt/airflow/dags/hackernews_dag.py
[2026-05-29T10:17:26.363+0000] {processor.py:839} INFO - DAG(s) dict_keys(['hackernews_pipeline']) retrieved from /opt/airflow/dags/hackernews_dag.py
[2026-05-29T10:17:26.384+0000] {logging_mixin.py:151} INFO - [2026-05-29T10:17:26.384+0000] {dag.py:2915} INFO - Sync 1 DAGs
[2026-05-29T10:17:26.400+0000] {logging_mixin.py:151} INFO - [2026-05-29T10:17:26.400+0000] {dag.py:3696} INFO - Setting next_dagrun for hackernews_pipeline to 2024-01-01T00:00:00+00:00, run_after=2024-01-01T00:05:00+00:00
[2026-05-29T10:17:26.414+0000] {processor.py:179} INFO - Processing /opt/airflow/dags/hackernews_dag.py took 0.067 seconds
[2026-05-29T10:17:56.795+0000] {processor.py:157} INFO - Started process (PID=670) to work on /opt/airflow/dags/hackernews_dag.py
[2026-05-29T10:17:56.797+0000] {processor.py:829} INFO - Processing file /opt/airflow/dags/hackernews_dag.py for tasks to queue
[2026-05-29T10:17:56.797+0000] {logging_mixin.py:151} INFO - [2026-05-29T10:17:56.797+0000] {dagbag.py:539} INFO - Filling up the DagBag from /opt/airflow/dags/hackernews_dag.py
[2026-05-29T10:17:56.808+0000] {processor.py:839} INFO - DAG(s) dict_keys(['hackernews_pipeline']) retrieved from /opt/airflow/dags/hackernews_dag.py
[2026-05-29T10:17:56.830+0000] {logging_mixin.py:151} INFO - [2026-05-29T10:17:56.830+0000] {dag.py:2915} INFO - Sync 1 DAGs
[2026-05-29T10:17:56.844+0000] {logging_mixin.py:151} INFO - [2026-05-29T10:17:56.844+0000] {dag.py:3696} INFO - Setting next_dagrun for hackernews_pipeline to 2024-01-01T00:00:00+00:00, run_after=2024-01-01T00:05:00+00:00
[2026-05-29T10:17:56.856+0000] {processor.py:179} INFO - Processing /opt/airflow/dags/hackernews_dag.py took 0.064 seconds
[2026-05-29T10:18:27.109+0000] {processor.py:157} INFO - Started process (PID=680) to work on /opt/airflow/dags/hackernews_dag.py
[2026-05-29T10:18:27.110+0000] {processor.py:829} INFO - Processing file /opt/airflow/dags/hackernews_dag.py for tasks to queue
[2026-05-29T10:18:27.112+0000] {logging_mixin.py:151} INFO - [2026-05-29T10:18:27.112+0000] {dagbag.py:539} INFO - Filling up the DagBag from /opt/airflow/dags/hackernews_dag.py
[2026-05-29T10:18:27.123+0000] {processor.py:839} INFO - DAG(s) dict_keys(['hackernews_pipeline']) retrieved from /opt/airflow/dags/hackernews_dag.py
[2026-05-29T10:18:27.148+0000] {logging_mixin.py:151} INFO - [2026-05-29T10:18:27.148+0000] {dag.py:2915} INFO - Sync 1 DAGs
[2026-05-29T10:18:27.164+0000] {logging_mixin.py:151} INFO - [2026-05-29T10:18:27.164+0000] {dag.py:3696} INFO - Setting next_dagrun for hackernews_pipeline to 2024-01-01T00:00:00+00:00, run_after=2024-01-01T00:05:00+00:00
[2026-05-29T10:18:27.175+0000] {processor.py:179} INFO - Processing /opt/airflow/dags/hackernews_dag.py took 0.071 seconds
[2026-05-29T10:18:57.524+0000] {processor.py:157} INFO - Started process (PID=690) to work on /opt/airflow/dags/hackernews_dag.py
[2026-05-29T10:18:57.525+0000] {processor.py:829} INFO - Processing file /opt/airflow/dags/hackernews_dag.py for tasks to queue
[2026-05-29T10:18:57.526+0000] {logging_mixin.py:151} INFO - [2026-05-29T10:18:57.526+0000] {dagbag.py:539} INFO - Filling up the DagBag from /opt/airflow/dags/hackernews_dag.py
[2026-05-29T10:18:57.544+0000] {processor.py:839} INFO - DAG(s) dict_keys(['hackernews_pipeline']) retrieved from /opt/airflow/dags/hackernews_dag.py
[2026-05-29T10:18:57.574+0000] {logging_mixin.py:151} INFO - [2026-05-29T10:18:57.573+0000] {dag.py:2915} INFO - Sync 1 DAGs
[2026-05-29T10:18:57.589+0000] {logging_mixin.py:151} INFO - [2026-05-29T10:18:57.589+0000] {dag.py:3696} INFO - Setting next_dagrun for hackernews_pipeline to 2024-01-01T00:00:00+00:00, run_after=2024-01-01T00:05:00+00:00
[2026-05-29T10:18:57.604+0000] {processor.py:179} INFO - Processing /opt/airflow/dags/hackernews_dag.py took 0.086 seconds
[2026-05-29T10:19:27.841+0000] {processor.py:157} INFO - Started process (PID=700) to work on /opt/airflow/dags/hackernews_dag.py
[2026-05-29T10:19:27.842+0000] {processor.py:829} INFO - Processing file /opt/airflow/dags/hackernews_dag.py for tasks to queue
[2026-05-29T10:19:27.843+0000] {logging_mixin.py:151} INFO - [2026-05-29T10:19:27.843+0000] {dagbag.py:539} INFO - Filling up the DagBag from /opt/airflow/dags/hackernews_dag.py
[2026-05-29T10:19:27.860+0000] {processor.py:839} INFO - DAG(s) dict_keys(['hackernews_pipeline']) retrieved from /opt/airflow/dags/hackernews_dag.py
[2026-05-29T10:19:27.884+0000] {logging_mixin.py:151} INFO - [2026-05-29T10:19:27.884+0000] {dag.py:2915} INFO - Sync 1 DAGs
[2026-05-29T10:19:27.897+0000] {logging_mixin.py:151} INFO - [2026-05-29T10:19:27.897+0000] {dag.py:3696} INFO - Setting next_dagrun for hackernews_pipeline to 2024-01-01T00:00:00+00:00, run_after=2024-01-01T00:05:00+00:00
[2026-05-29T10:19:27.910+0000] {processor.py:179} INFO - Processing /opt/airflow/dags/hackernews_dag.py took 0.073 seconds
[2026-05-29T10:19:58.212+0000] {processor.py:157} INFO - Started process (PID=710) to work on /opt/airflow/dags/hackernews_dag.py
[2026-05-29T10:19:58.214+0000] {processor.py:829} INFO - Processing file /opt/airflow/dags/hackernews_dag.py for tasks to queue
[2026-05-29T10:19:58.215+0000] {logging_mixin.py:151} INFO - [2026-05-29T10:19:58.215+0000] {dagbag.py:539} INFO - Filling up the DagBag from /opt/airflow/dags/hackernews_dag.py
[2026-05-29T10:19:58.231+0000] {processor.py:839} INFO - DAG(s) dict_keys(['hackernews_pipeline']) retrieved from /opt/airflow/dags/hackernews_dag.py
[2026-05-29T10:19:58.250+0000] {logging_mixin.py:151} INFO - [2026-05-29T10:19:58.250+0000] {dag.py:2915} INFO - Sync 1 DAGs
[2026-05-29T10:19:58.262+0000] {logging_mixin.py:151} INFO - [2026-05-29T10:19:58.262+0000] {dag.py:3696} INFO - Setting next_dagrun for hackernews_pipeline to 2024-01-01T00:00:00+00:00, run_after=2024-01-01T00:05:00+00:00
[2026-05-29T10:19:58.274+0000] {processor.py:179} INFO - Processing /opt/airflow/dags/hackernews_dag.py took 0.066 seconds
[2026-05-29T10:20:28.556+0000] {processor.py:157} INFO - Started process (PID=720) to work on /opt/airflow/dags/hackernews_dag.py
[2026-05-29T10:20:28.557+0000] {processor.py:829} INFO - Processing file /opt/airflow/dags/hackernews_dag.py for tasks to queue
[2026-05-29T10:20:28.560+0000] {logging_mixin.py:151} INFO - [2026-05-29T10:20:28.558+0000] {dagbag.py:539} INFO - Filling up the DagBag from /opt/airflow/dags/hackernews_dag.py
[2026-05-29T10:20:28.572+0000] {processor.py:839} INFO - DAG(s) dict_keys(['hackernews_pipeline']) retrieved from /opt/airflow/dags/hackernews_dag.py
[2026-05-29T10:20:28.595+0000] {logging_mixin.py:151} INFO - [2026-05-29T10:20:28.595+0000] {dag.py:2915} INFO - Sync 1 DAGs
[2026-05-29T10:20:28.607+0000] {logging_mixin.py:151} INFO - [2026-05-29T10:20:28.607+0000] {dag.py:3696} INFO - Setting next_dagrun for hackernews_pipeline to 2024-01-01T00:00:00+00:00, run_after=2024-01-01T00:05:00+00:00
[2026-05-29T10:20:28.620+0000] {processor.py:179} INFO - Processing /opt/airflow/dags/hackernews_dag.py took 0.068 seconds
[2026-05-29T10:20:58.954+0000] {processor.py:157} INFO - Started process (PID=730) to work on /opt/airflow/dags/hackernews_dag.py
[2026-05-29T10:20:58.955+0000] {processor.py:829} INFO - Processing file /opt/airflow/dags/hackernews_dag.py for tasks to queue
[2026-05-29T10:20:58.956+0000] {logging_mixin.py:151} INFO - [2026-05-29T10:20:58.956+0000] {dagbag.py:539} INFO - Filling up the DagBag from /opt/airflow/dags/hackernews_dag.py
[2026-05-29T10:20:58.976+0000] {processor.py:839} INFO - DAG(s) dict_keys(['hackernews_pipeline']) retrieved from /opt/airflow/dags/hackernews_dag.py
[2026-05-29T10:20:59.009+0000] {logging_mixin.py:151} INFO - [2026-05-29T10:20:59.009+0000] {dag.py:2915} INFO - Sync 1 DAGs
[2026-05-29T10:20:59.028+0000] {logging_mixin.py:151} INFO - [2026-05-29T10:20:59.028+0000] {dag.py:3696} INFO - Setting next_dagrun for hackernews_pipeline to 2024-01-01T00:00:00+00:00, run_after=2024-01-01T00:05:00+00:00
[2026-05-29T10:20:59.044+0000] {processor.py:179} INFO - Processing /opt/airflow/dags/hackernews_dag.py took 0.094 seconds
[2026-05-29T10:21:29.382+0000] {processor.py:157} INFO - Started process (PID=740) to work on /opt/airflow/dags/hackernews_dag.py
[2026-05-29T10:21:29.383+0000] {processor.py:829} INFO - Processing file /opt/airflow/dags/hackernews_dag.py for tasks to queue
[2026-05-29T10:21:29.385+0000] {logging_mixin.py:151} INFO - [2026-05-29T10:21:29.385+0000] {dagbag.py:539} INFO - Filling up the DagBag from /opt/airflow/dags/hackernews_dag.py
[2026-05-29T10:21:29.397+0000] {processor.py:839} INFO - DAG(s) dict_keys(['hackernews_pipeline']) retrieved from /opt/airflow/dags/hackernews_dag.py
[2026-05-29T10:21:29.420+0000] {logging_mixin.py:151} INFO - [2026-05-29T10:21:29.420+0000] {dag.py:2915} INFO - Sync 1 DAGs
[2026-05-29T10:21:29.433+0000] {logging_mixin.py:151} INFO - [2026-05-29T10:21:29.432+0000] {dag.py:3696} INFO - Setting next_dagrun for hackernews_pipeline to 2024-01-01T00:00:00+00:00, run_after=2024-01-01T00:05:00+00:00
[2026-05-29T10:21:29.444+0000] {processor.py:179} INFO - Processing /opt/airflow/dags/hackernews_dag.py took 0.066 seconds
[2026-05-29T10:21:59.721+0000] {processor.py:157} INFO - Started process (PID=749) to work on /opt/airflow/dags/hackernews_dag.py
[2026-05-29T10:21:59.723+0000] {processor.py:829} INFO - Processing file /opt/airflow/dags/hackernews_dag.py for tasks to queue
[2026-05-29T10:21:59.724+0000] {logging_mixin.py:151} INFO - [2026-05-29T10:21:59.723+0000] {dagbag.py:539} INFO - Filling up the DagBag from /opt/airflow/dags/hackernews_dag.py
[2026-05-29T10:21:59.754+0000] {processor.py:839} INFO - DAG(s) dict_keys(['hackernews_pipeline']) retrieved from /opt/airflow/dags/hackernews_dag.py
[2026-05-29T10:21:59.817+0000] {logging_mixin.py:151} INFO - [2026-05-29T10:21:59.817+0000] {dag.py:2915} INFO - Sync 1 DAGs
[2026-05-29T10:21:59.849+0000] {logging_mixin.py:151} INFO - [2026-05-29T10:21:59.849+0000] {dag.py:3696} INFO - Setting next_dagrun for hackernews_pipeline to 2024-01-01T00:00:00+00:00, run_after=2024-01-01T00:05:00+00:00
[2026-05-29T10:21:59.876+0000] {processor.py:179} INFO - Processing /opt/airflow/dags/hackernews_dag.py took 0.160 seconds
[2026-05-29T10:22:30.260+0000] {processor.py:157} INFO - Started process (PID=759) to work on /opt/airflow/dags/hackernews_dag.py
[2026-05-29T10:22:30.263+0000] {processor.py:829} INFO - Processing file /opt/airflow/dags/hackernews_dag.py for tasks to queue
[2026-05-29T10:22:30.265+0000] {logging_mixin.py:151} INFO - [2026-05-29T10:22:30.264+0000] {dagbag.py:539} INFO - Filling up the DagBag from /opt/airflow/dags/hackernews_dag.py
[2026-05-29T10:22:30.288+0000] {processor.py:839} INFO - DAG(s) dict_keys(['hackernews_pipeline']) retrieved from /opt/airflow/dags/hackernews_dag.py
[2026-05-29T10:22:30.329+0000] {logging_mixin.py:151} INFO - [2026-05-29T10:22:30.329+0000] {dag.py:2915} INFO - Sync 1 DAGs
[2026-05-29T10:22:30.351+0000] {logging_mixin.py:151} INFO - [2026-05-29T10:22:30.350+0000] {dag.py:3696} INFO - Setting next_dagrun for hackernews_pipeline to 2024-01-01T00:00:00+00:00, run_after=2024-01-01T00:05:00+00:00
[2026-05-29T10:22:30.363+0000] {processor.py:179} INFO - Processing /opt/airflow/dags/hackernews_dag.py took 0.112 seconds
[2026-05-29T10:23:00.735+0000] {processor.py:157} INFO - Started process (PID=770) to work on /opt/airflow/dags/hackernews_dag.py
[2026-05-29T10:23:00.736+0000] {processor.py:829} INFO - Processing file /opt/airflow/dags/hackernews_dag.py for tasks to queue
[2026-05-29T10:23:00.737+0000] {logging_mixin.py:151} INFO - [2026-05-29T10:23:00.737+0000] {dagbag.py:539} INFO - Filling up the DagBag from /opt/airflow/dags/hackernews_dag.py
[2026-05-29T10:23:00.747+0000] {processor.py:839} INFO - DAG(s) dict_keys(['hackernews_pipeline']) retrieved from /opt/airflow/dags/hackernews_dag.py
[2026-05-29T10:23:00.769+0000] {logging_mixin.py:151} INFO - [2026-05-29T10:23:00.769+0000] {dag.py:2915} INFO - Sync 1 DAGs
[2026-05-29T10:23:00.783+0000] {logging_mixin.py:151} INFO - [2026-05-29T10:23:00.782+0000] {dag.py:3696} INFO - Setting next_dagrun for hackernews_pipeline to 2024-01-01T00:00:00+00:00, run_after=2024-01-01T00:05:00+00:00
[2026-05-29T10:23:00.795+0000] {processor.py:179} INFO - Processing /opt/airflow/dags/hackernews_dag.py took 0.064 seconds
[2026-05-29T10:23:31.204+0000] {processor.py:157} INFO - Started process (PID=780) to work on /opt/airflow/dags/hackernews_dag.py
[2026-05-29T10:23:31.206+0000] {processor.py:829} INFO - Processing file /opt/airflow/dags/hackernews_dag.py for tasks to queue
[2026-05-29T10:23:31.207+0000] {logging_mixin.py:151} INFO - [2026-05-29T10:23:31.207+0000] {dagbag.py:539} INFO - Filling up the DagBag from /opt/airflow/dags/hackernews_dag.py
[2026-05-29T10:23:31.225+0000] {processor.py:839} INFO - DAG(s) dict_keys(['hackernews_pipeline']) retrieved from /opt/airflow/dags/hackernews_dag.py
[2026-05-29T10:23:31.258+0000] {logging_mixin.py:151} INFO - [2026-05-29T10:23:31.258+0000] {dag.py:2915} INFO - Sync 1 DAGs
[2026-05-29T10:23:31.278+0000] {logging_mixin.py:151} INFO - [2026-05-29T10:23:31.278+0000] {dag.py:3696} INFO - Setting next_dagrun for hackernews_pipeline to 2024-01-01T00:00:00+00:00, run_after=2024-01-01T00:05:00+00:00
[2026-05-29T10:23:31.290+0000] {processor.py:179} INFO - Processing /opt/airflow/dags/hackernews_dag.py took 0.090 seconds
[2026-05-29T10:24:01.524+0000] {processor.py:157} INFO - Started process (PID=790) to work on /opt/airflow/dags/hackernews_dag.py
[2026-05-29T10:24:01.525+0000] {processor.py:829} INFO - Processing file /opt/airflow/dags/hackernews_dag.py for tasks to queue
[2026-05-29T10:24:01.526+0000] {logging_mixin.py:151} INFO - [2026-05-29T10:24:01.526+0000] {dagbag.py:539} INFO - Filling up the DagBag from /opt/airflow/dags/hackernews_dag.py
[2026-05-29T10:24:01.534+0000] {processor.py:839} INFO - DAG(s) dict_keys(['hackernews_pipeline']) retrieved from /opt/airflow/dags/hackernews_dag.py
[2026-05-29T10:24:01.556+0000] {logging_mixin.py:151} INFO - [2026-05-29T10:24:01.556+0000] {dag.py:2915} INFO - Sync 1 DAGs
[2026-05-29T10:24:01.569+0000] {logging_mixin.py:151} INFO - [2026-05-29T10:24:01.569+0000] {dag.py:3696} INFO - Setting next_dagrun for hackernews_pipeline to 2024-01-01T00:00:00+00:00, run_after=2024-01-01T00:05:00+00:00
[2026-05-29T10:24:01.580+0000] {processor.py:179} INFO - Processing /opt/airflow/dags/hackernews_dag.py took 0.060 seconds
[2026-05-29T10:24:31.813+0000] {processor.py:157} INFO - Started process (PID=800) to work on /opt/airflow/dags/hackernews_dag.py
[2026-05-29T10:24:31.814+0000] {processor.py:829} INFO - Processing file /opt/airflow/dags/hackernews_dag.py for tasks to queue
[2026-05-29T10:24:31.816+0000] {logging_mixin.py:151} INFO - [2026-05-29T10:24:31.815+0000] {dagbag.py:539} INFO - Filling up the DagBag from /opt/airflow/dags/hackernews_dag.py
[2026-05-29T10:24:31.826+0000] {processor.py:839} INFO - DAG(s) dict_keys(['hackernews_pipeline']) retrieved from /opt/airflow/dags/hackernews_dag.py
[2026-05-29T10:24:31.850+0000] {logging_mixin.py:151} INFO - [2026-05-29T10:24:31.850+0000] {dag.py:2915} INFO - Sync 1 DAGs
[2026-05-29T10:24:31.863+0000] {logging_mixin.py:151} INFO - [2026-05-29T10:24:31.863+0000] {dag.py:3696} INFO - Setting next_dagrun for hackernews_pipeline to 2024-01-01T00:00:00+00:00, run_after=2024-01-01T00:05:00+00:00
[2026-05-29T10:24:31.876+0000] {processor.py:179} INFO - Processing /opt/airflow/dags/hackernews_dag.py took 0.067 seconds
[2026-05-29T10:25:02.214+0000] {processor.py:157} INFO - Started process (PID=810) to work on /opt/airflow/dags/hackernews_dag.py
[2026-05-29T10:25:02.215+0000] {processor.py:829} INFO - Processing file /opt/airflow/dags/hackernews_dag.py for tasks to queue
[2026-05-29T10:25:02.215+0000] {logging_mixin.py:151} INFO - [2026-05-29T10:25:02.215+0000] {dagbag.py:539} INFO - Filling up the DagBag from /opt/airflow/dags/hackernews_dag.py
[2026-05-29T10:25:02.240+0000] {processor.py:839} INFO - DAG(s) dict_keys(['hackernews_pipeline']) retrieved from /opt/airflow/dags/hackernews_dag.py
[2026-05-29T10:25:02.296+0000] {logging_mixin.py:151} INFO - [2026-05-29T10:25:02.296+0000] {dag.py:2915} INFO - Sync 1 DAGs
[2026-05-29T10:25:02.318+0000] {logging_mixin.py:151} INFO - [2026-05-29T10:25:02.318+0000] {dag.py:3696} INFO - Setting next_dagrun for hackernews_pipeline to 2024-01-01T00:00:00+00:00, run_after=2024-01-01T00:05:00+00:00
[2026-05-29T10:25:02.333+0000] {processor.py:179} INFO - Processing /opt/airflow/dags/hackernews_dag.py took 0.125 seconds
[2026-05-29T10:25:32.504+0000] {processor.py:157} INFO - Started process (PID=820) to work on /opt/airflow/dags/hackernews_dag.py
[2026-05-29T10:25:32.505+0000] {processor.py:829} INFO - Processing file /opt/airflow/dags/hackernews_dag.py for tasks to queue
[2026-05-29T10:25:32.506+0000] {logging_mixin.py:151} INFO - [2026-05-29T10:25:32.506+0000] {dagbag.py:539} INFO - Filling up the DagBag from /opt/airflow/dags/hackernews_dag.py
[2026-05-29T10:25:32.528+0000] {processor.py:839} INFO - DAG(s) dict_keys(['hackernews_pipeline']) retrieved from /opt/airflow/dags/hackernews_dag.py
[2026-05-29T10:25:32.561+0000] {logging_mixin.py:151} INFO - [2026-05-29T10:25:32.561+0000] {dag.py:2915} INFO - Sync 1 DAGs
[2026-05-29T10:25:32.582+0000] {logging_mixin.py:151} INFO - [2026-05-29T10:25:32.582+0000] {dag.py:3696} INFO - Setting next_dagrun for hackernews_pipeline to 2024-01-01T00:00:00+00:00, run_after=2024-01-01T00:05:00+00:00
[2026-05-29T10:25:32.603+0000] {processor.py:179} INFO - Processing /opt/airflow/dags/hackernews_dag.py took 0.103 seconds
[2026-05-29T10:26:02.889+0000] {processor.py:157} INFO - Started process (PID=830) to work on /opt/airflow/dags/hackernews_dag.py
[2026-05-29T10:26:02.891+0000] {processor.py:829} INFO - Processing file /opt/airflow/dags/hackernews_dag.py for tasks to queue
[2026-05-29T10:26:02.892+0000] {logging_mixin.py:151} INFO - [2026-05-29T10:26:02.892+0000] {dagbag.py:539} INFO - Filling up the DagBag from /opt/airflow/dags/hackernews_dag.py
[2026-05-29T10:26:02.902+0000] {processor.py:839} INFO - DAG(s) dict_keys(['hackernews_pipeline']) retrieved from /opt/airflow/dags/hackernews_dag.py
[2026-05-29T10:26:02.923+0000] {logging_mixin.py:151} INFO - [2026-05-29T10:26:02.923+0000] {dag.py:2915} INFO - Sync 1 DAGs
[2026-05-29T10:26:02.936+0000] {logging_mixin.py:151} INFO - [2026-05-29T10:26:02.936+0000] {dag.py:3696} INFO - Setting next_dagrun for hackernews_pipeline to 2024-01-01T00:00:00+00:00, run_after=2024-01-01T00:05:00+00:00
[2026-05-29T10:26:02.948+0000] {processor.py:179} INFO - Processing /opt/airflow/dags/hackernews_dag.py took 0.062 seconds
[2026-05-29T10:26:33.181+0000] {processor.py:157} INFO - Started process (PID=840) to work on /opt/airflow/dags/hackernews_dag.py
[2026-05-29T10:26:33.182+0000] {processor.py:829} INFO - Processing file /opt/airflow/dags/hackernews_dag.py for tasks to queue
[2026-05-29T10:26:33.184+0000] {logging_mixin.py:151} INFO - [2026-05-29T10:26:33.183+0000] {dagbag.py:539} INFO - Filling up the DagBag from /opt/airflow/dags/hackernews_dag.py
[2026-05-29T10:26:33.200+0000] {processor.py:839} INFO - DAG(s) dict_keys(['hackernews_pipeline']) retrieved from /opt/airflow/dags/hackernews_dag.py
[2026-05-29T10:26:33.223+0000] {logging_mixin.py:151} INFO - [2026-05-29T10:26:33.223+0000] {dag.py:2915} INFO - Sync 1 DAGs
[2026-05-29T10:26:33.237+0000] {logging_mixin.py:151} INFO - [2026-05-29T10:26:33.237+0000] {dag.py:3696} INFO - Setting next_dagrun for hackernews_pipeline to 2024-01-01T00:00:00+00:00, run_after=2024-01-01T00:05:00+00:00
[2026-05-29T10:26:33.249+0000] {processor.py:179} INFO - Processing /opt/airflow/dags/hackernews_dag.py took 0.072 seconds
[2026-05-29T10:27:03.646+0000] {processor.py:157} INFO - Started process (PID=850) to work on /opt/airflow/dags/hackernews_dag.py
[2026-05-29T10:27:03.647+0000] {processor.py:829} INFO - Processing file /opt/airflow/dags/hackernews_dag.py for tasks to queue
[2026-05-29T10:27:03.647+0000] {logging_mixin.py:151} INFO - [2026-05-29T10:27:03.647+0000] {dagbag.py:539} INFO - Filling up the DagBag from /opt/airflow/dags/hackernews_dag.py
[2026-05-29T10:27:03.670+0000] {processor.py:839} INFO - DAG(s) dict_keys(['hackernews_pipeline']) retrieved from /opt/airflow/dags/hackernews_dag.py
[2026-05-29T10:27:03.707+0000] {logging_mixin.py:151} INFO - [2026-05-29T10:27:03.706+0000] {dag.py:2915} INFO - Sync 1 DAGs
[2026-05-29T10:27:03.724+0000] {logging_mixin.py:151} INFO - [2026-05-29T10:27:03.724+0000] {dag.py:3696} INFO - Setting next_dagrun for hackernews_pipeline to 2024-01-01T00:00:00+00:00, run_after=2024-01-01T00:05:00+00:00
[2026-05-29T10:27:03.737+0000] {processor.py:179} INFO - Processing /opt/airflow/dags/hackernews_dag.py took 0.095 seconds
[2026-05-29T10:27:34.004+0000] {processor.py:157} INFO - Started process (PID=860) to work on /opt/airflow/dags/hackernews_dag.py
[2026-05-29T10:27:34.005+0000] {processor.py:829} INFO - Processing file /opt/airflow/dags/hackernews_dag.py for tasks to queue
[2026-05-29T10:27:34.007+0000] {logging_mixin.py:151} INFO - [2026-05-29T10:27:34.006+0000] {dagbag.py:539} INFO - Filling up the DagBag from /opt/airflow/dags/hackernews_dag.py
[2026-05-29T10:27:34.026+0000] {processor.py:839} INFO - DAG(s) dict_keys(['hackernews_pipeline']) retrieved from /opt/airflow/dags/hackernews_dag.py
[2026-05-29T10:27:34.066+0000] {logging_mixin.py:151} INFO - [2026-05-29T10:27:34.066+0000] {dag.py:2915} INFO - Sync 1 DAGs
[2026-05-29T10:27:34.085+0000] {logging_mixin.py:151} INFO - [2026-05-29T10:27:34.084+0000] {dag.py:3696} INFO - Setting next_dagrun for hackernews_pipeline to 2024-01-01T00:00:00+00:00, run_after=2024-01-01T00:05:00+00:00
[2026-05-29T10:27:34.098+0000] {processor.py:179} INFO - Processing /opt/airflow/dags/hackernews_dag.py took 0.098 seconds
[2026-05-29T10:28:04.357+0000] {processor.py:157} INFO - Started process (PID=869) to work on /opt/airflow/dags/hackernews_dag.py
[2026-05-29T10:28:04.359+0000] {processor.py:829} INFO - Processing file /opt/airflow/dags/hackernews_dag.py for tasks to queue
[2026-05-29T10:28:04.361+0000] {logging_mixin.py:151} INFO - [2026-05-29T10:28:04.360+0000] {dagbag.py:539} INFO - Filling up the DagBag from /opt/airflow/dags/hackernews_dag.py
[2026-05-29T10:28:04.381+0000] {processor.py:839} INFO - DAG(s) dict_keys(['hackernews_pipeline']) retrieved from /opt/airflow/dags/hackernews_dag.py
[2026-05-29T10:28:04.413+0000] {logging_mixin.py:151} INFO - [2026-05-29T10:28:04.412+0000] {dag.py:2915} INFO - Sync 1 DAGs
[2026-05-29T10:28:04.430+0000] {logging_mixin.py:151} INFO - [2026-05-29T10:28:04.430+0000] {dag.py:3696} INFO - Setting next_dagrun for hackernews_pipeline to 2024-01-01T00:00:00+00:00, run_after=2024-01-01T00:05:00+00:00
[2026-05-29T10:28:04.444+0000] {processor.py:179} INFO - Processing /opt/airflow/dags/hackernews_dag.py took 0.094 seconds
[2026-05-29T10:28:34.685+0000] {processor.py:157} INFO - Started process (PID=880) to work on /opt/airflow/dags/hackernews_dag.py
[2026-05-29T10:28:34.686+0000] {processor.py:829} INFO - Processing file /opt/airflow/dags/hackernews_dag.py for tasks to queue
[2026-05-29T10:28:34.687+0000] {logging_mixin.py:151} INFO - [2026-05-29T10:28:34.687+0000] {dagbag.py:539} INFO - Filling up the DagBag from /opt/airflow/dags/hackernews_dag.py
[2026-05-29T10:28:34.698+0000] {processor.py:839} INFO - DAG(s) dict_keys(['hackernews_pipeline']) retrieved from /opt/airflow/dags/hackernews_dag.py
[2026-05-29T10:28:34.718+0000] {logging_mixin.py:151} INFO - [2026-05-29T10:28:34.718+0000] {dag.py:2915} INFO - Sync 1 DAGs
[2026-05-29T10:28:34.732+0000] {logging_mixin.py:151} INFO - [2026-05-29T10:28:34.732+0000] {dag.py:3696} INFO - Setting next_dagrun for hackernews_pipeline to 2024-01-01T00:00:00+00:00, run_after=2024-01-01T00:05:00+00:00
[2026-05-29T10:28:34.744+0000] {processor.py:179} INFO - Processing /opt/airflow/dags/hackernews_dag.py took 0.062 seconds
[2026-05-29T10:29:05.019+0000] {processor.py:157} INFO - Started process (PID=890) to work on /opt/airflow/dags/hackernews_dag.py
[2026-05-29T10:29:05.021+0000] {processor.py:829} INFO - Processing file /opt/airflow/dags/hackernews_dag.py for tasks to queue
[2026-05-29T10:29:05.022+0000] {logging_mixin.py:151} INFO - [2026-05-29T10:29:05.022+0000] {dagbag.py:539} INFO - Filling up the DagBag from /opt/airflow/dags/hackernews_dag.py
[2026-05-29T10:29:05.038+0000] {processor.py:839} INFO - DAG(s) dict_keys(['hackernews_pipeline']) retrieved from /opt/airflow/dags/hackernews_dag.py
[2026-05-29T10:29:05.116+0000] {logging_mixin.py:151} INFO - [2026-05-29T10:29:05.116+0000] {dag.py:2915} INFO - Sync 1 DAGs
[2026-05-29T10:29:05.136+0000] {logging_mixin.py:151} INFO - [2026-05-29T10:29:05.135+0000] {dag.py:3696} INFO - Setting next_dagrun for hackernews_pipeline to 2024-01-01T00:00:00+00:00, run_after=2024-01-01T00:05:00+00:00
[2026-05-29T10:29:05.149+0000] {processor.py:179} INFO - Processing /opt/airflow/dags/hackernews_dag.py took 0.133 seconds
[2026-05-29T10:29:35.329+0000] {processor.py:157} INFO - Started process (PID=900) to work on /opt/airflow/dags/hackernews_dag.py
[2026-05-29T10:29:35.331+0000] {processor.py:829} INFO - Processing file /opt/airflow/dags/hackernews_dag.py for tasks to queue
[2026-05-29T10:29:35.337+0000] {logging_mixin.py:151} INFO - [2026-05-29T10:29:35.334+0000] {dagbag.py:539} INFO - Filling up the DagBag from /opt/airflow/dags/hackernews_dag.py
[2026-05-29T10:29:35.364+0000] {processor.py:839} INFO - DAG(s) dict_keys(['hackernews_pipeline']) retrieved from /opt/airflow/dags/hackernews_dag.py
[2026-05-29T10:29:35.408+0000] {logging_mixin.py:151} INFO - [2026-05-29T10:29:35.408+0000] {dag.py:2915} INFO - Sync 1 DAGs
[2026-05-29T10:29:35.429+0000] {logging_mixin.py:151} INFO - [2026-05-29T10:29:35.429+0000] {dag.py:3696} INFO - Setting next_dagrun for hackernews_pipeline to 2024-01-01T00:00:00+00:00, run_after=2024-01-01T00:05:00+00:00
[2026-05-29T10:29:35.446+0000] {processor.py:179} INFO - Processing /opt/airflow/dags/hackernews_dag.py took 0.122 seconds
[2026-05-29T10:30:05.783+0000] {processor.py:157} INFO - Started process (PID=910) to work on /opt/airflow/dags/hackernews_dag.py
[2026-05-29T10:30:05.784+0000] {processor.py:829} INFO - Processing file /opt/airflow/dags/hackernews_dag.py for tasks to queue
[2026-05-29T10:30:05.785+0000] {logging_mixin.py:151} INFO - [2026-05-29T10:30:05.784+0000] {dagbag.py:539} INFO - Filling up the DagBag from /opt/airflow/dags/hackernews_dag.py
[2026-05-29T10:30:05.802+0000] {processor.py:839} INFO - DAG(s) dict_keys(['hackernews_pipeline']) retrieved from /opt/airflow/dags/hackernews_dag.py
[2026-05-29T10:30:05.828+0000] {logging_mixin.py:151} INFO - [2026-05-29T10:30:05.828+0000] {dag.py:2915} INFO - Sync 1 DAGs
[2026-05-29T10:30:05.845+0000] {logging_mixin.py:151} INFO - [2026-05-29T10:30:05.845+0000] {dag.py:3696} INFO - Setting next_dagrun for hackernews_pipeline to 2024-01-01T00:00:00+00:00, run_after=2024-01-01T00:05:00+00:00
[2026-05-29T10:30:05.859+0000] {processor.py:179} INFO - Processing /opt/airflow/dags/hackernews_dag.py took 0.081 seconds
[2026-05-29T10:30:36.066+0000] {processor.py:157} INFO - Started process (PID=920) to work on /opt/airflow/dags/hackernews_dag.py
[2026-05-29T10:30:36.068+0000] {processor.py:829} INFO - Processing file /opt/airflow/dags/hackernews_dag.py for tasks to queue
[2026-05-29T10:30:36.069+0000] {logging_mixin.py:151} INFO - [2026-05-29T10:30:36.069+0000] {dagbag.py:539} INFO - Filling up the DagBag from /opt/airflow/dags/hackernews_dag.py
[2026-05-29T10:30:36.085+0000] {processor.py:839} INFO - DAG(s) dict_keys(['hackernews_pipeline']) retrieved from /opt/airflow/dags/hackernews_dag.py
[2026-05-29T10:30:36.105+0000] {logging_mixin.py:151} INFO - [2026-05-29T10:30:36.105+0000] {dag.py:2915} INFO - Sync 1 DAGs
[2026-05-29T10:30:36.117+0000] {logging_mixin.py:151} INFO - [2026-05-29T10:30:36.116+0000] {dag.py:3696} INFO - Setting next_dagrun for hackernews_pipeline to 2024-01-01T00:00:00+00:00, run_after=2024-01-01T00:05:00+00:00
[2026-05-29T10:30:36.128+0000] {processor.py:179} INFO - Processing /opt/airflow/dags/hackernews_dag.py took 0.066 seconds
[2026-05-29T10:31:06.418+0000] {processor.py:157} INFO - Started process (PID=930) to work on /opt/airflow/dags/hackernews_dag.py
[2026-05-29T10:31:06.420+0000] {processor.py:829} INFO - Processing file /opt/airflow/dags/hackernews_dag.py for tasks to queue
[2026-05-29T10:31:06.421+0000] {logging_mixin.py:151} INFO - [2026-05-29T10:31:06.421+0000] {dagbag.py:539} INFO - Filling up the DagBag from /opt/airflow/dags/hackernews_dag.py
[2026-05-29T10:31:06.435+0000] {processor.py:839} INFO - DAG(s) dict_keys(['hackernews_pipeline']) retrieved from /opt/airflow/dags/hackernews_dag.py
[2026-05-29T10:31:06.457+0000] {logging_mixin.py:151} INFO - [2026-05-29T10:31:06.457+0000] {dag.py:2915} INFO - Sync 1 DAGs
[2026-05-29T10:31:06.472+0000] {logging_mixin.py:151} INFO - [2026-05-29T10:31:06.472+0000] {dag.py:3696} INFO - Setting next_dagrun for hackernews_pipeline to 2024-01-01T00:00:00+00:00, run_after=2024-01-01T00:05:00+00:00
[2026-05-29T10:31:06.485+0000] {processor.py:179} INFO - Processing /opt/airflow/dags/hackernews_dag.py took 0.070 seconds
[2026-05-29T10:31:36.790+0000] {processor.py:157} INFO - Started process (PID=939) to work on /opt/airflow/dags/hackernews_dag.py
[2026-05-29T10:31:36.792+0000] {processor.py:829} INFO - Processing file /opt/airflow/dags/hackernews_dag.py for tasks to queue
[2026-05-29T10:31:36.793+0000] {logging_mixin.py:151} INFO - [2026-05-29T10:31:36.793+0000] {dagbag.py:539} INFO - Filling up the DagBag from /opt/airflow/dags/hackernews_dag.py
[2026-05-29T10:31:36.809+0000] {processor.py:839} INFO - DAG(s) dict_keys(['hackernews_pipeline']) retrieved from /opt/airflow/dags/hackernews_dag.py
[2026-05-29T10:31:36.843+0000] {logging_mixin.py:151} INFO - [2026-05-29T10:31:36.843+0000] {dag.py:2915} INFO - Sync 1 DAGs
[2026-05-29T10:31:36.862+0000] {logging_mixin.py:151} INFO - [2026-05-29T10:31:36.862+0000] {dag.py:3696} INFO - Setting next_dagrun for hackernews_pipeline to 2024-01-01T00:00:00+00:00, run_after=2024-01-01T00:05:00+00:00
[2026-05-29T10:31:36.902+0000] {processor.py:179} INFO - Processing /opt/airflow/dags/hackernews_dag.py took 0.117 seconds
[2026-05-29T10:32:07.182+0000] {processor.py:157} INFO - Started process (PID=950) to work on /opt/airflow/dags/hackernews_dag.py
[2026-05-29T10:32:07.186+0000] {processor.py:829} INFO - Processing file /opt/airflow/dags/hackernews_dag.py for tasks to queue
[2026-05-29T10:32:07.191+0000] {logging_mixin.py:151} INFO - [2026-05-29T10:32:07.190+0000] {dagbag.py:539} INFO - Filling up the DagBag from /opt/airflow/dags/hackernews_dag.py
[2026-05-29T10:32:07.216+0000] {processor.py:839} INFO - DAG(s) dict_keys(['hackernews_pipeline']) retrieved from /opt/airflow/dags/hackernews_dag.py
[2026-05-29T10:32:07.253+0000] {logging_mixin.py:151} INFO - [2026-05-29T10:32:07.253+0000] {dag.py:2915} INFO - Sync 1 DAGs
[2026-05-29T10:32:07.274+0000] {logging_mixin.py:151} INFO - [2026-05-29T10:32:07.274+0000] {dag.py:3696} INFO - Setting next_dagrun for hackernews_pipeline to 2024-01-01T00:00:00+00:00, run_after=2024-01-01T00:05:00+00:00
[2026-05-29T10:32:07.287+0000] {processor.py:179} INFO - Processing /opt/airflow/dags/hackernews_dag.py took 0.109 seconds
[2026-05-29T10:32:37.514+0000] {processor.py:157} INFO - Started process (PID=960) to work on /opt/airflow/dags/hackernews_dag.py
[2026-05-29T10:32:37.515+0000] {processor.py:829} INFO - Processing file /opt/airflow/dags/hackernews_dag.py for tasks to queue
[2026-05-29T10:32:37.516+0000] {logging_mixin.py:151} INFO - [2026-05-29T10:32:37.516+0000] {dagbag.py:539} INFO - Filling up the DagBag from /opt/airflow/dags/hackernews_dag.py
[2026-05-29T10:32:37.533+0000] {processor.py:839} INFO - DAG(s) dict_keys(['hackernews_pipeline']) retrieved from /opt/airflow/dags/hackernews_dag.py
[2026-05-29T10:32:37.560+0000] {logging_mixin.py:151} INFO - [2026-05-29T10:32:37.560+0000] {dag.py:2915} INFO - Sync 1 DAGs
[2026-05-29T10:32:37.576+0000] {logging_mixin.py:151} INFO - [2026-05-29T10:32:37.576+0000] {dag.py:3696} INFO - Setting next_dagrun for hackernews_pipeline to 2024-01-01T00:00:00+00:00, run_after=2024-01-01T00:05:00+00:00
[2026-05-29T10:32:37.588+0000] {processor.py:179} INFO - Processing /opt/airflow/dags/hackernews_dag.py took 0.078 seconds
[2026-05-29T10:33:07.870+0000] {processor.py:157} INFO - Started process (PID=970) to work on /opt/airflow/dags/hackernews_dag.py
[2026-05-29T10:33:07.872+0000] {processor.py:829} INFO - Processing file /opt/airflow/dags/hackernews_dag.py for tasks to queue
[2026-05-29T10:33:07.872+0000] {logging_mixin.py:151} INFO - [2026-05-29T10:33:07.872+0000] {dagbag.py:539} INFO - Filling up the DagBag from /opt/airflow/dags/hackernews_dag.py
[2026-05-29T10:33:07.888+0000] {processor.py:839} INFO - DAG(s) dict_keys(['hackernews_pipeline']) retrieved from /opt/airflow/dags/hackernews_dag.py
[2026-05-29T10:33:07.919+0000] {logging_mixin.py:151} INFO - [2026-05-29T10:33:07.919+0000] {dag.py:2915} INFO - Sync 1 DAGs
[2026-05-29T10:33:07.939+0000] {logging_mixin.py:151} INFO - [2026-05-29T10:33:07.939+0000] {dag.py:3696} INFO - Setting next_dagrun for hackernews_pipeline to 2024-01-01T00:00:00+00:00, run_after=2024-01-01T00:05:00+00:00
[2026-05-29T10:33:07.954+0000] {processor.py:179} INFO - Processing /opt/airflow/dags/hackernews_dag.py took 0.091 seconds
[2026-05-29T10:33:38.191+0000] {processor.py:157} INFO - Started process (PID=980) to work on /opt/airflow/dags/hackernews_dag.py
[2026-05-29T10:33:38.192+0000] {processor.py:829} INFO - Processing file /opt/airflow/dags/hackernews_dag.py for tasks to queue
[2026-05-29T10:33:38.194+0000] {logging_mixin.py:151} INFO - [2026-05-29T10:33:38.194+0000] {dagbag.py:539} INFO - Filling up the DagBag from /opt/airflow/dags/hackernews_dag.py
[2026-05-29T10:33:38.218+0000] {processor.py:839} INFO - DAG(s) dict_keys(['hackernews_pipeline']) retrieved from /opt/airflow/dags/hackernews_dag.py
[2026-05-29T10:33:38.257+0000] {logging_mixin.py:151} INFO - [2026-05-29T10:33:38.257+0000] {dag.py:2915} INFO - Sync 1 DAGs
[2026-05-29T10:33:38.280+0000] {logging_mixin.py:151} INFO - [2026-05-29T10:33:38.280+0000] {dag.py:3696} INFO - Setting next_dagrun for hackernews_pipeline to 2024-01-01T00:00:00+00:00, run_after=2024-01-01T00:05:00+00:00
[2026-05-29T10:33:38.294+0000] {processor.py:179} INFO - Processing /opt/airflow/dags/hackernews_dag.py took 0.109 seconds
[2026-05-29T10:34:08.557+0000] {processor.py:157} INFO - Started process (PID=990) to work on /opt/airflow/dags/hackernews_dag.py
[2026-05-29T10:34:08.558+0000] {processor.py:829} INFO - Processing file /opt/airflow/dags/hackernews_dag.py for tasks to queue
[2026-05-29T10:34:08.560+0000] {logging_mixin.py:151} INFO - [2026-05-29T10:34:08.559+0000] {dagbag.py:539} INFO - Filling up the DagBag from /opt/airflow/dags/hackernews_dag.py
[2026-05-29T10:34:08.577+0000] {processor.py:839} INFO - DAG(s) dict_keys(['hackernews_pipeline']) retrieved from /opt/airflow/dags/hackernews_dag.py
[2026-05-29T10:34:08.606+0000] {logging_mixin.py:151} INFO - [2026-05-29T10:34:08.606+0000] {dag.py:2915} INFO - Sync 1 DAGs
[2026-05-29T10:34:08.623+0000] {logging_mixin.py:151} INFO - [2026-05-29T10:34:08.622+0000] {dag.py:3696} INFO - Setting next_dagrun for hackernews_pipeline to 2024-01-01T00:00:00+00:00, run_after=2024-01-01T00:05:00+00:00
[2026-05-29T10:34:08.635+0000] {processor.py:179} INFO - Processing /opt/airflow/dags/hackernews_dag.py took 0.083 seconds
[2026-05-29T10:34:38.923+0000] {processor.py:157} INFO - Started process (PID=1000) to work on /opt/airflow/dags/hackernews_dag.py
[2026-05-29T10:34:38.924+0000] {processor.py:829} INFO - Processing file /opt/airflow/dags/hackernews_dag.py for tasks to queue
[2026-05-29T10:34:38.925+0000] {logging_mixin.py:151} INFO - [2026-05-29T10:34:38.925+0000] {dagbag.py:539} INFO - Filling up the DagBag from /opt/airflow/dags/hackernews_dag.py
[2026-05-29T10:34:38.933+0000] {processor.py:839} INFO - DAG(s) dict_keys(['hackernews_pipeline']) retrieved from /opt/airflow/dags/hackernews_dag.py
[2026-05-29T10:34:38.955+0000] {logging_mixin.py:151} INFO - [2026-05-29T10:34:38.955+0000] {dag.py:2915} INFO - Sync 1 DAGs
[2026-05-29T10:34:38.972+0000] {logging_mixin.py:151} INFO - [2026-05-29T10:34:38.972+0000] {dag.py:3696} INFO - Setting next_dagrun for hackernews_pipeline to 2024-01-01T00:00:00+00:00, run_after=2024-01-01T00:05:00+00:00
[2026-05-29T10:34:38.987+0000] {processor.py:179} INFO - Processing /opt/airflow/dags/hackernews_dag.py took 0.067 seconds
[2026-05-29T10:35:09.279+0000] {processor.py:157} INFO - Started process (PID=1010) to work on /opt/airflow/dags/hackernews_dag.py
[2026-05-29T10:35:09.282+0000] {processor.py:829} INFO - Processing file /opt/airflow/dags/hackernews_dag.py for tasks to queue
[2026-05-29T10:35:09.283+0000] {logging_mixin.py:151} INFO - [2026-05-29T10:35:09.283+0000] {dagbag.py:539} INFO - Filling up the DagBag from /opt/airflow/dags/hackernews_dag.py
[2026-05-29T10:35:09.309+0000] {processor.py:839} INFO - DAG(s) dict_keys(['hackernews_pipeline']) retrieved from /opt/airflow/dags/hackernews_dag.py
[2026-05-29T10:35:09.348+0000] {logging_mixin.py:151} INFO - [2026-05-29T10:35:09.348+0000] {dag.py:2915} INFO - Sync 1 DAGs
[2026-05-29T10:35:09.366+0000] {logging_mixin.py:151} INFO - [2026-05-29T10:35:09.365+0000] {dag.py:3696} INFO - Setting next_dagrun for hackernews_pipeline to 2024-01-01T00:00:00+00:00, run_after=2024-01-01T00:05:00+00:00
[2026-05-29T10:35:09.380+0000] {processor.py:179} INFO - Processing /opt/airflow/dags/hackernews_dag.py took 0.106 seconds
[2026-05-29T10:35:39.606+0000] {processor.py:157} INFO - Started process (PID=1019) to work on /opt/airflow/dags/hackernews_dag.py
[2026-05-29T10:35:39.608+0000] {processor.py:829} INFO - Processing file /opt/airflow/dags/hackernews_dag.py for tasks to queue
[2026-05-29T10:35:39.609+0000] {logging_mixin.py:151} INFO - [2026-05-29T10:35:39.609+0000] {dagbag.py:539} INFO - Filling up the DagBag from /opt/airflow/dags/hackernews_dag.py
[2026-05-29T10:35:39.628+0000] {processor.py:839} INFO - DAG(s) dict_keys(['hackernews_pipeline']) retrieved from /opt/airflow/dags/hackernews_dag.py
[2026-05-29T10:35:39.660+0000] {logging_mixin.py:151} INFO - [2026-05-29T10:35:39.660+0000] {dag.py:2915} INFO - Sync 1 DAGs
[2026-05-29T10:35:39.677+0000] {logging_mixin.py:151} INFO - [2026-05-29T10:35:39.677+0000] {dag.py:3696} INFO - Setting next_dagrun for hackernews_pipeline to 2024-01-01T00:00:00+00:00, run_after=2024-01-01T00:05:00+00:00
[2026-05-29T10:35:39.690+0000] {processor.py:179} INFO - Processing /opt/airflow/dags/hackernews_dag.py took 0.090 seconds
[2026-05-29T10:36:09.994+0000] {processor.py:157} INFO - Started process (PID=1030) to work on /opt/airflow/dags/hackernews_dag.py
[2026-05-29T10:36:09.997+0000] {processor.py:829} INFO - Processing file /opt/airflow/dags/hackernews_dag.py for tasks to queue
[2026-05-29T10:36:09.999+0000] {logging_mixin.py:151} INFO - [2026-05-29T10:36:09.998+0000] {dagbag.py:539} INFO - Filling up the DagBag from /opt/airflow/dags/hackernews_dag.py
[2026-05-29T10:36:10.016+0000] {processor.py:839} INFO - DAG(s) dict_keys(['hackernews_pipeline']) retrieved from /opt/airflow/dags/hackernews_dag.py
[2026-05-29T10:36:10.046+0000] {logging_mixin.py:151} INFO - [2026-05-29T10:36:10.046+0000] {dag.py:2915} INFO - Sync 1 DAGs
[2026-05-29T10:36:10.064+0000] {logging_mixin.py:151} INFO - [2026-05-29T10:36:10.063+0000] {dag.py:3696} INFO - Setting next_dagrun for hackernews_pipeline to 2024-01-01T00:00:00+00:00, run_after=2024-01-01T00:05:00+00:00
[2026-05-29T10:36:10.086+0000] {processor.py:179} INFO - Processing /opt/airflow/dags/hackernews_dag.py took 0.096 seconds
[2026-05-29T10:36:40.412+0000] {processor.py:157} INFO - Started process (PID=1040) to work on /opt/airflow/dags/hackernews_dag.py
[2026-05-29T10:36:40.415+0000] {processor.py:829} INFO - Processing file /opt/airflow/dags/hackernews_dag.py for tasks to queue
[2026-05-29T10:36:40.416+0000] {logging_mixin.py:151} INFO - [2026-05-29T10:36:40.415+0000] {dagbag.py:539} INFO - Filling up the DagBag from /opt/airflow/dags/hackernews_dag.py
[2026-05-29T10:36:40.430+0000] {processor.py:839} INFO - DAG(s) dict_keys(['hackernews_pipeline']) retrieved from /opt/airflow/dags/hackernews_dag.py
[2026-05-29T10:36:40.458+0000] {logging_mixin.py:151} INFO - [2026-05-29T10:36:40.458+0000] {dag.py:2915} INFO - Sync 1 DAGs
[2026-05-29T10:36:40.474+0000] {logging_mixin.py:151} INFO - [2026-05-29T10:36:40.474+0000] {dag.py:3696} INFO - Setting next_dagrun for hackernews_pipeline to 2024-01-01T00:00:00+00:00, run_after=2024-01-01T00:05:00+00:00
[2026-05-29T10:36:40.491+0000] {processor.py:179} INFO - Processing /opt/airflow/dags/hackernews_dag.py took 0.083 seconds
[2026-05-29T10:37:10.835+0000] {processor.py:157} INFO - Started process (PID=1050) to work on /opt/airflow/dags/hackernews_dag.py
[2026-05-29T10:37:10.836+0000] {processor.py:829} INFO - Processing file /opt/airflow/dags/hackernews_dag.py for tasks to queue
[2026-05-29T10:37:10.837+0000] {logging_mixin.py:151} INFO - [2026-05-29T10:37:10.837+0000] {dagbag.py:539} INFO - Filling up the DagBag from /opt/airflow/dags/hackernews_dag.py
[2026-05-29T10:37:10.859+0000] {processor.py:839} INFO - DAG(s) dict_keys(['hackernews_pipeline']) retrieved from /opt/airflow/dags/hackernews_dag.py
[2026-05-29T10:37:10.895+0000] {logging_mixin.py:151} INFO - [2026-05-29T10:37:10.895+0000] {dag.py:2915} INFO - Sync 1 DAGs
[2026-05-29T10:37:10.914+0000] {logging_mixin.py:151} INFO - [2026-05-29T10:37:10.914+0000] {dag.py:3696} INFO - Setting next_dagrun for hackernews_pipeline to 2024-01-01T00:00:00+00:00, run_after=2024-01-01T00:05:00+00:00
[2026-05-29T10:37:10.928+0000] {processor.py:179} INFO - Processing /opt/airflow/dags/hackernews_dag.py took 0.096 seconds
[2026-05-29T10:41:05.582+0000] {processor.py:157} INFO - Started process (PID=1060) to work on /opt/airflow/dags/hackernews_dag.py
[2026-05-29T10:41:05.585+0000] {processor.py:829} INFO - Processing file /opt/airflow/dags/hackernews_dag.py for tasks to queue
[2026-05-29T10:41:05.588+0000] {logging_mixin.py:151} INFO - [2026-05-29T10:41:05.587+0000] {dagbag.py:539} INFO - Filling up the DagBag from /opt/airflow/dags/hackernews_dag.py
[2026-05-29T10:41:05.632+0000] {processor.py:839} INFO - DAG(s) dict_keys(['hackernews_pipeline']) retrieved from /opt/airflow/dags/hackernews_dag.py
[2026-05-29T10:41:05.713+0000] {logging_mixin.py:151} INFO - [2026-05-29T10:41:05.712+0000] {dag.py:2915} INFO - Sync 1 DAGs
[2026-05-29T10:41:05.764+0000] {logging_mixin.py:151} INFO - [2026-05-29T10:41:05.764+0000] {dag.py:3696} INFO - Setting next_dagrun for hackernews_pipeline to 2024-01-01T00:00:00+00:00, run_after=2024-01-01T00:05:00+00:00
[2026-05-29T10:41:05.801+0000] {processor.py:179} INFO - Processing /opt/airflow/dags/hackernews_dag.py took 0.227 seconds
[2026-05-29T10:41:56.160+0000] {processor.py:157} INFO - Started process (PID=1072) to work on /opt/airflow/dags/hackernews_dag.py
[2026-05-29T10:41:56.163+0000] {processor.py:829} INFO - Processing file /opt/airflow/dags/hackernews_dag.py for tasks to queue
[2026-05-29T10:41:56.165+0000] {logging_mixin.py:151} INFO - [2026-05-29T10:41:56.164+0000] {dagbag.py:539} INFO - Filling up the DagBag from /opt/airflow/dags/hackernews_dag.py
[2026-05-29T10:41:56.192+0000] {processor.py:839} INFO - DAG(s) dict_keys(['hackernews_pipeline']) retrieved from /opt/airflow/dags/hackernews_dag.py
[2026-05-29T10:41:56.228+0000] {logging_mixin.py:151} INFO - [2026-05-29T10:41:56.228+0000] {dag.py:2915} INFO - Sync 1 DAGs
[2026-05-29T10:41:56.247+0000] {logging_mixin.py:151} INFO - [2026-05-29T10:41:56.247+0000] {dag.py:3696} INFO - Setting next_dagrun for hackernews_pipeline to 2024-01-01T00:00:00+00:00, run_after=2024-01-01T00:05:00+00:00
[2026-05-29T10:41:56.261+0000] {processor.py:179} INFO - Processing /opt/airflow/dags/hackernews_dag.py took 0.109 seconds
[2026-05-29T10:42:26.526+0000] {processor.py:157} INFO - Started process (PID=1084) to work on /opt/airflow/dags/hackernews_dag.py
[2026-05-29T10:42:26.528+0000] {processor.py:829} INFO - Processing file /opt/airflow/dags/hackernews_dag.py for tasks to queue
[2026-05-29T10:42:26.530+0000] {logging_mixin.py:151} INFO - [2026-05-29T10:42:26.530+0000] {dagbag.py:539} INFO - Filling up the DagBag from /opt/airflow/dags/hackernews_dag.py
[2026-05-29T10:42:26.550+0000] {processor.py:839} INFO - DAG(s) dict_keys(['hackernews_pipeline']) retrieved from /opt/airflow/dags/hackernews_dag.py
[2026-05-29T10:42:26.577+0000] {logging_mixin.py:151} INFO - [2026-05-29T10:42:26.577+0000] {dag.py:2915} INFO - Sync 1 DAGs
[2026-05-29T10:42:26.592+0000] {logging_mixin.py:151} INFO - [2026-05-29T10:42:26.592+0000] {dag.py:3696} INFO - Setting next_dagrun for hackernews_pipeline to 2024-01-01T00:00:00+00:00, run_after=2024-01-01T00:05:00+00:00
[2026-05-29T10:42:26.606+0000] {processor.py:179} INFO - Processing /opt/airflow/dags/hackernews_dag.py took 0.086 seconds
[2026-05-29T10:43:07.573+0000] {processor.py:157} INFO - Started process (PID=1094) to work on /opt/airflow/dags/hackernews_dag.py
[2026-05-29T10:43:07.575+0000] {processor.py:829} INFO - Processing file /opt/airflow/dags/hackernews_dag.py for tasks to queue
[2026-05-29T10:43:07.575+0000] {logging_mixin.py:151} INFO - [2026-05-29T10:43:07.575+0000] {dagbag.py:539} INFO - Filling up the DagBag from /opt/airflow/dags/hackernews_dag.py
[2026-05-29T10:43:07.588+0000] {processor.py:839} INFO - DAG(s) dict_keys(['hackernews_pipeline']) retrieved from /opt/airflow/dags/hackernews_dag.py
[2026-05-29T10:43:07.613+0000] {logging_mixin.py:151} INFO - [2026-05-29T10:43:07.613+0000] {dag.py:2915} INFO - Sync 1 DAGs
[2026-05-29T10:43:07.629+0000] {logging_mixin.py:151} INFO - [2026-05-29T10:43:07.629+0000] {dag.py:3696} INFO - Setting next_dagrun for hackernews_pipeline to 2024-01-01T00:00:00+00:00, run_after=2024-01-01T00:05:00+00:00
[2026-05-29T10:43:07.644+0000] {processor.py:179} INFO - Processing /opt/airflow/dags/hackernews_dag.py took 0.073 seconds
[2026-05-29T10:43:38.008+0000] {processor.py:157} INFO - Started process (PID=1104) to work on /opt/airflow/dags/hackernews_dag.py
[2026-05-29T10:43:38.009+0000] {processor.py:829} INFO - Processing file /opt/airflow/dags/hackernews_dag.py for tasks to queue
[2026-05-29T10:43:38.011+0000] {logging_mixin.py:151} INFO - [2026-05-29T10:43:38.011+0000] {dagbag.py:539} INFO - Filling up the DagBag from /opt/airflow/dags/hackernews_dag.py
[2026-05-29T10:43:38.026+0000] {processor.py:839} INFO - DAG(s) dict_keys(['hackernews_pipeline']) retrieved from /opt/airflow/dags/hackernews_dag.py
[2026-05-29T10:43:38.046+0000] {logging_mixin.py:151} INFO - [2026-05-29T10:43:38.046+0000] {dag.py:2915} INFO - Sync 1 DAGs
[2026-05-29T10:43:38.061+0000] {logging_mixin.py:151} INFO - [2026-05-29T10:43:38.061+0000] {dag.py:3696} INFO - Setting next_dagrun for hackernews_pipeline to 2024-01-01T00:00:00+00:00, run_after=2024-01-01T00:05:00+00:00
[2026-05-29T10:43:38.072+0000] {processor.py:179} INFO - Processing /opt/airflow/dags/hackernews_dag.py took 0.068 seconds
[2026-05-29T10:48:20.563+0000] {processor.py:157} INFO - Started process (PID=1114) to work on /opt/airflow/dags/hackernews_dag.py
[2026-05-29T10:48:20.566+0000] {processor.py:829} INFO - Processing file /opt/airflow/dags/hackernews_dag.py for tasks to queue
[2026-05-29T10:48:20.571+0000] {logging_mixin.py:151} INFO - [2026-05-29T10:48:20.570+0000] {dagbag.py:539} INFO - Filling up the DagBag from /opt/airflow/dags/hackernews_dag.py
[2026-05-29T10:48:20.615+0000] {processor.py:839} INFO - DAG(s) dict_keys(['hackernews_pipeline']) retrieved from /opt/airflow/dags/hackernews_dag.py
[2026-05-29T10:48:20.699+0000] {logging_mixin.py:151} INFO - [2026-05-29T10:48:20.698+0000] {dag.py:2915} INFO - Sync 1 DAGs
[2026-05-29T10:48:20.736+0000] {logging_mixin.py:151} INFO - [2026-05-29T10:48:20.736+0000] {dag.py:3696} INFO - Setting next_dagrun for hackernews_pipeline to 2024-01-01T00:00:00+00:00, run_after=2024-01-01T00:05:00+00:00
[2026-05-29T10:48:20.776+0000] {processor.py:179} INFO - Processing /opt/airflow/dags/hackernews_dag.py took 0.219 seconds
[2026-05-29T10:48:55.513+0000] {processor.py:157} INFO - Started process (PID=1124) to work on /opt/airflow/dags/hackernews_dag.py
[2026-05-29T10:48:55.515+0000] {processor.py:829} INFO - Processing file /opt/airflow/dags/hackernews_dag.py for tasks to queue
[2026-05-29T10:48:55.517+0000] {logging_mixin.py:151} INFO - [2026-05-29T10:48:55.517+0000] {dagbag.py:539} INFO - Filling up the DagBag from /opt/airflow/dags/hackernews_dag.py
[2026-05-29T10:48:55.532+0000] {processor.py:839} INFO - DAG(s) dict_keys(['hackernews_pipeline']) retrieved from /opt/airflow/dags/hackernews_dag.py
[2026-05-29T10:48:55.556+0000] {logging_mixin.py:151} INFO - [2026-05-29T10:48:55.556+0000] {dag.py:2915} INFO - Sync 1 DAGs
[2026-05-29T10:48:55.573+0000] {logging_mixin.py:151} INFO - [2026-05-29T10:48:55.573+0000] {dag.py:3696} INFO - Setting next_dagrun for hackernews_pipeline to 2024-01-01T00:00:00+00:00, run_after=2024-01-01T00:05:00+00:00
[2026-05-29T10:48:55.588+0000] {processor.py:179} INFO - Processing /opt/airflow/dags/hackernews_dag.py took 0.078 seconds
[2026-05-29T10:49:25.956+0000] {processor.py:157} INFO - Started process (PID=1134) to work on /opt/airflow/dags/hackernews_dag.py
[2026-05-29T10:49:25.958+0000] {processor.py:829} INFO - Processing file /opt/airflow/dags/hackernews_dag.py for tasks to queue
[2026-05-29T10:49:25.959+0000] {logging_mixin.py:151} INFO - [2026-05-29T10:49:25.959+0000] {dagbag.py:539} INFO - Filling up the DagBag from /opt/airflow/dags/hackernews_dag.py
[2026-05-29T10:49:25.972+0000] {processor.py:839} INFO - DAG(s) dict_keys(['hackernews_pipeline']) retrieved from /opt/airflow/dags/hackernews_dag.py
[2026-05-29T10:49:25.994+0000] {logging_mixin.py:151} INFO - [2026-05-29T10:49:25.994+0000] {dag.py:2915} INFO - Sync 1 DAGs
[2026-05-29T10:49:26.008+0000] {logging_mixin.py:151} INFO - [2026-05-29T10:49:26.008+0000] {dag.py:3696} INFO - Setting next_dagrun for hackernews_pipeline to 2024-01-01T00:00:00+00:00, run_after=2024-01-01T00:05:00+00:00
[2026-05-29T10:49:26.019+0000] {processor.py:179} INFO - Processing /opt/airflow/dags/hackernews_dag.py took 0.071 seconds
[2026-05-29T10:54:19.893+0000] {processor.py:157} INFO - Started process (PID=1146) to work on /opt/airflow/dags/hackernews_dag.py
[2026-05-29T10:54:19.895+0000] {processor.py:829} INFO - Processing file /opt/airflow/dags/hackernews_dag.py for tasks to queue
[2026-05-29T10:54:19.897+0000] {logging_mixin.py:151} INFO - [2026-05-29T10:54:19.896+0000] {dagbag.py:539} INFO - Filling up the DagBag from /opt/airflow/dags/hackernews_dag.py
[2026-05-29T10:54:19.932+0000] {processor.py:839} INFO - DAG(s) dict_keys(['hackernews_pipeline']) retrieved from /opt/airflow/dags/hackernews_dag.py
[2026-05-29T10:54:19.989+0000] {logging_mixin.py:151} INFO - [2026-05-29T10:54:19.989+0000] {dag.py:2915} INFO - Sync 1 DAGs
[2026-05-29T10:54:20.008+0000] {logging_mixin.py:151} INFO - [2026-05-29T10:54:20.007+0000] {dag.py:3696} INFO - Setting next_dagrun for hackernews_pipeline to 2024-01-01T00:00:00+00:00, run_after=2024-01-01T00:05:00+00:00
[2026-05-29T10:54:20.020+0000] {processor.py:179} INFO - Processing /opt/airflow/dags/hackernews_dag.py took 0.133 seconds
[2026-05-29T10:56:38.949+0000] {processor.py:157} INFO - Started process (PID=1156) to work on /opt/airflow/dags/hackernews_dag.py
[2026-05-29T10:56:38.951+0000] {processor.py:829} INFO - Processing file /opt/airflow/dags/hackernews_dag.py for tasks to queue
[2026-05-29T10:56:38.952+0000] {logging_mixin.py:151} INFO - [2026-05-29T10:56:38.952+0000] {dagbag.py:539} INFO - Filling up the DagBag from /opt/airflow/dags/hackernews_dag.py
[2026-05-29T10:56:38.971+0000] {processor.py:839} INFO - DAG(s) dict_keys(['hackernews_pipeline']) retrieved from /opt/airflow/dags/hackernews_dag.py
[2026-05-29T10:56:38.996+0000] {logging_mixin.py:151} INFO - [2026-05-29T10:56:38.996+0000] {dag.py:2915} INFO - Sync 1 DAGs
[2026-05-29T10:56:39.012+0000] {logging_mixin.py:151} INFO - [2026-05-29T10:56:39.012+0000] {dag.py:3696} INFO - Setting next_dagrun for hackernews_pipeline to 2024-01-01T00:00:00+00:00, run_after=2024-01-01T00:05:00+00:00
[2026-05-29T10:56:39.026+0000] {processor.py:179} INFO - Processing /opt/airflow/dags/hackernews_dag.py took 0.082 seconds
[2026-05-29T10:57:09.362+0000] {processor.py:157} INFO - Started process (PID=1166) to work on /opt/airflow/dags/hackernews_dag.py
[2026-05-29T10:57:09.364+0000] {processor.py:829} INFO - Processing file /opt/airflow/dags/hackernews_dag.py for tasks to queue
[2026-05-29T10:57:09.365+0000] {logging_mixin.py:151} INFO - [2026-05-29T10:57:09.364+0000] {dagbag.py:539} INFO - Filling up the DagBag from /opt/airflow/dags/hackernews_dag.py
[2026-05-29T10:57:09.381+0000] {processor.py:839} INFO - DAG(s) dict_keys(['hackernews_pipeline']) retrieved from /opt/airflow/dags/hackernews_dag.py
[2026-05-29T10:57:09.408+0000] {logging_mixin.py:151} INFO - [2026-05-29T10:57:09.408+0000] {dag.py:2915} INFO - Sync 1 DAGs
[2026-05-29T10:57:09.426+0000] {logging_mixin.py:151} INFO - [2026-05-29T10:57:09.425+0000] {dag.py:3696} INFO - Setting next_dagrun for hackernews_pipeline to 2024-01-01T00:00:00+00:00, run_after=2024-01-01T00:05:00+00:00
[2026-05-29T10:57:09.439+0000] {processor.py:179} INFO - Processing /opt/airflow/dags/hackernews_dag.py took 0.082 seconds
[2026-05-29T10:57:40.541+0000] {processor.py:157} INFO - Started process (PID=1176) to work on /opt/airflow/dags/hackernews_dag.py
[2026-05-29T10:57:40.543+0000] {processor.py:829} INFO - Processing file /opt/airflow/dags/hackernews_dag.py for tasks to queue
[2026-05-29T10:57:40.545+0000] {logging_mixin.py:151} INFO - [2026-05-29T10:57:40.544+0000] {dagbag.py:539} INFO - Filling up the DagBag from /opt/airflow/dags/hackernews_dag.py
[2026-05-29T10:57:40.560+0000] {processor.py:839} INFO - DAG(s) dict_keys(['hackernews_pipeline']) retrieved from /opt/airflow/dags/hackernews_dag.py
[2026-05-29T10:57:40.585+0000] {logging_mixin.py:151} INFO - [2026-05-29T10:57:40.585+0000] {dag.py:2915} INFO - Sync 1 DAGs
[2026-05-29T10:57:40.602+0000] {logging_mixin.py:151} INFO - [2026-05-29T10:57:40.601+0000] {dag.py:3696} INFO - Setting next_dagrun for hackernews_pipeline to 2024-01-01T00:00:00+00:00, run_after=2024-01-01T00:05:00+00:00
[2026-05-29T10:57:40.617+0000] {processor.py:179} INFO - Processing /opt/airflow/dags/hackernews_dag.py took 0.080 seconds
[2026-05-29T10:59:25.480+0000] {processor.py:157} INFO - Started process (PID=1186) to work on /opt/airflow/dags/hackernews_dag.py
[2026-05-29T10:59:25.482+0000] {processor.py:829} INFO - Processing file /opt/airflow/dags/hackernews_dag.py for tasks to queue
[2026-05-29T10:59:25.484+0000] {logging_mixin.py:151} INFO - [2026-05-29T10:59:25.483+0000] {dagbag.py:539} INFO - Filling up the DagBag from /opt/airflow/dags/hackernews_dag.py
[2026-05-29T10:59:25.504+0000] {processor.py:839} INFO - DAG(s) dict_keys(['hackernews_pipeline']) retrieved from /opt/airflow/dags/hackernews_dag.py
[2026-05-29T10:59:25.533+0000] {logging_mixin.py:151} INFO - [2026-05-29T10:59:25.533+0000] {dag.py:2915} INFO - Sync 1 DAGs
[2026-05-29T10:59:25.556+0000] {logging_mixin.py:151} INFO - [2026-05-29T10:59:25.556+0000] {dag.py:3696} INFO - Setting next_dagrun for hackernews_pipeline to 2024-01-01T00:00:00+00:00, run_after=2024-01-01T00:05:00+00:00
[2026-05-29T10:59:25.574+0000] {processor.py:179} INFO - Processing /opt/airflow/dags/hackernews_dag.py took 0.097 seconds
[2026-05-29T11:01:45.734+0000] {processor.py:157} INFO - Started process (PID=1197) to work on /opt/airflow/dags/hackernews_dag.py
[2026-05-29T11:01:45.738+0000] {processor.py:829} INFO - Processing file /opt/airflow/dags/hackernews_dag.py for tasks to queue
[2026-05-29T11:01:45.743+0000] {logging_mixin.py:151} INFO - [2026-05-29T11:01:45.742+0000] {dagbag.py:539} INFO - Filling up the DagBag from /opt/airflow/dags/hackernews_dag.py
[2026-05-29T11:01:45.765+0000] {processor.py:839} INFO - DAG(s) dict_keys(['hackernews_pipeline']) retrieved from /opt/airflow/dags/hackernews_dag.py
[2026-05-29T11:01:45.805+0000] {logging_mixin.py:151} INFO - [2026-05-29T11:01:45.804+0000] {dag.py:2915} INFO - Sync 1 DAGs
[2026-05-29T11:01:45.844+0000] {logging_mixin.py:151} INFO - [2026-05-29T11:01:45.844+0000] {dag.py:3696} INFO - Setting next_dagrun for hackernews_pipeline to 2024-01-01T00:00:00+00:00, run_after=2024-01-01T00:05:00+00:00
[2026-05-29T11:01:45.870+0000] {processor.py:179} INFO - Processing /opt/airflow/dags/hackernews_dag.py took 0.145 seconds
[2026-05-29T11:02:16.211+0000] {processor.py:157} INFO - Started process (PID=1208) to work on /opt/airflow/dags/hackernews_dag.py
[2026-05-29T11:02:16.213+0000] {processor.py:829} INFO - Processing file /opt/airflow/dags/hackernews_dag.py for tasks to queue
[2026-05-29T11:02:16.215+0000] {logging_mixin.py:151} INFO - [2026-05-29T11:02:16.215+0000] {dagbag.py:539} INFO - Filling up the DagBag from /opt/airflow/dags/hackernews_dag.py
[2026-05-29T11:02:16.231+0000] {processor.py:839} INFO - DAG(s) dict_keys(['hackernews_pipeline']) retrieved from /opt/airflow/dags/hackernews_dag.py
[2026-05-29T11:02:16.254+0000] {logging_mixin.py:151} INFO - [2026-05-29T11:02:16.254+0000] {dag.py:2915} INFO - Sync 1 DAGs
[2026-05-29T11:02:16.268+0000] {logging_mixin.py:151} INFO - [2026-05-29T11:02:16.268+0000] {dag.py:3696} INFO - Setting next_dagrun for hackernews_pipeline to 2024-01-01T00:00:00+00:00, run_after=2024-01-01T00:05:00+00:00
[2026-05-29T11:02:16.280+0000] {processor.py:179} INFO - Processing /opt/airflow/dags/hackernews_dag.py took 0.074 seconds
[2026-05-29T11:05:53.082+0000] {processor.py:157} INFO - Started process (PID=1218) to work on /opt/airflow/dags/hackernews_dag.py
[2026-05-29T11:05:53.084+0000] {processor.py:829} INFO - Processing file /opt/airflow/dags/hackernews_dag.py for tasks to queue
[2026-05-29T11:05:53.089+0000] {logging_mixin.py:151} INFO - [2026-05-29T11:05:53.088+0000] {dagbag.py:539} INFO - Filling up the DagBag from /opt/airflow/dags/hackernews_dag.py
[2026-05-29T11:05:53.115+0000] {processor.py:839} INFO - DAG(s) dict_keys(['hackernews_pipeline']) retrieved from /opt/airflow/dags/hackernews_dag.py
[2026-05-29T11:05:53.173+0000] {logging_mixin.py:151} INFO - [2026-05-29T11:05:53.173+0000] {dag.py:2915} INFO - Sync 1 DAGs
[2026-05-29T11:05:53.214+0000] {logging_mixin.py:151} INFO - [2026-05-29T11:05:53.213+0000] {dag.py:3696} INFO - Setting next_dagrun for hackernews_pipeline to 2024-01-01T00:00:00+00:00, run_after=2024-01-01T00:05:00+00:00
[2026-05-29T11:05:53.248+0000] {processor.py:179} INFO - Processing /opt/airflow/dags/hackernews_dag.py took 0.170 seconds
[2026-05-29T11:06:36.311+0000] {processor.py:157} INFO - Started process (PID=1228) to work on /opt/airflow/dags/hackernews_dag.py
[2026-05-29T11:06:36.313+0000] {processor.py:829} INFO - Processing file /opt/airflow/dags/hackernews_dag.py for tasks to queue
[2026-05-29T11:06:36.315+0000] {logging_mixin.py:151} INFO - [2026-05-29T11:06:36.314+0000] {dagbag.py:539} INFO - Filling up the DagBag from /opt/airflow/dags/hackernews_dag.py
[2026-05-29T11:06:36.330+0000] {processor.py:839} INFO - DAG(s) dict_keys(['hackernews_pipeline']) retrieved from /opt/airflow/dags/hackernews_dag.py
[2026-05-29T11:06:36.353+0000] {logging_mixin.py:151} INFO - [2026-05-29T11:06:36.353+0000] {dag.py:2915} INFO - Sync 1 DAGs
[2026-05-29T11:06:36.366+0000] {logging_mixin.py:151} INFO - [2026-05-29T11:06:36.365+0000] {dag.py:3696} INFO - Setting next_dagrun for hackernews_pipeline to 2024-01-01T00:00:00+00:00, run_after=2024-01-01T00:05:00+00:00
[2026-05-29T11:06:36.377+0000] {processor.py:179} INFO - Processing /opt/airflow/dags/hackernews_dag.py took 0.070 seconds
[2026-05-29T11:07:06.694+0000] {processor.py:157} INFO - Started process (PID=1238) to work on /opt/airflow/dags/hackernews_dag.py
[2026-05-29T11:07:06.696+0000] {processor.py:829} INFO - Processing file /opt/airflow/dags/hackernews_dag.py for tasks to queue
[2026-05-29T11:07:06.698+0000] {logging_mixin.py:151} INFO - [2026-05-29T11:07:06.697+0000] {dagbag.py:539} INFO - Filling up the DagBag from /opt/airflow/dags/hackernews_dag.py
[2026-05-29T11:07:06.714+0000] {processor.py:839} INFO - DAG(s) dict_keys(['hackernews_pipeline']) retrieved from /opt/airflow/dags/hackernews_dag.py
[2026-05-29T11:07:06.736+0000] {logging_mixin.py:151} INFO - [2026-05-29T11:07:06.736+0000] {dag.py:2915} INFO - Sync 1 DAGs
[2026-05-29T11:07:06.748+0000] {logging_mixin.py:151} INFO - [2026-05-29T11:07:06.748+0000] {dag.py:3696} INFO - Setting next_dagrun for hackernews_pipeline to 2024-01-01T00:00:00+00:00, run_after=2024-01-01T00:05:00+00:00
[2026-05-29T11:07:06.759+0000] {processor.py:179} INFO - Processing /opt/airflow/dags/hackernews_dag.py took 0.069 seconds
[2026-05-29T11:11:36.444+0000] {processor.py:157} INFO - Started process (PID=1248) to work on /opt/airflow/dags/hackernews_dag.py
[2026-05-29T11:11:36.448+0000] {processor.py:829} INFO - Processing file /opt/airflow/dags/hackernews_dag.py for tasks to queue
[2026-05-29T11:11:36.451+0000] {logging_mixin.py:151} INFO - [2026-05-29T11:11:36.451+0000] {dagbag.py:539} INFO - Filling up the DagBag from /opt/airflow/dags/hackernews_dag.py
[2026-05-29T11:11:36.477+0000] {processor.py:839} INFO - DAG(s) dict_keys(['hackernews_pipeline']) retrieved from /opt/airflow/dags/hackernews_dag.py
[2026-05-29T11:11:36.534+0000] {logging_mixin.py:151} INFO - [2026-05-29T11:11:36.534+0000] {dag.py:2915} INFO - Sync 1 DAGs
[2026-05-29T11:11:36.572+0000] {logging_mixin.py:151} INFO - [2026-05-29T11:11:36.572+0000] {dag.py:3696} INFO - Setting next_dagrun for hackernews_pipeline to 2024-01-01T00:00:00+00:00, run_after=2024-01-01T00:05:00+00:00
[2026-05-29T11:11:36.605+0000] {processor.py:179} INFO - Processing /opt/airflow/dags/hackernews_dag.py took 0.168 seconds
[2026-05-29T11:12:06.767+0000] {processor.py:157} INFO - Started process (PID=1258) to work on /opt/airflow/dags/hackernews_dag.py
[2026-05-29T11:12:06.771+0000] {processor.py:829} INFO - Processing file /opt/airflow/dags/hackernews_dag.py for tasks to queue
[2026-05-29T11:12:06.772+0000] {logging_mixin.py:151} INFO - [2026-05-29T11:12:06.772+0000] {dagbag.py:539} INFO - Filling up the DagBag from /opt/airflow/dags/hackernews_dag.py
[2026-05-29T11:12:06.787+0000] {processor.py:839} INFO - DAG(s) dict_keys(['hackernews_pipeline']) retrieved from /opt/airflow/dags/hackernews_dag.py
[2026-05-29T11:12:06.817+0000] {logging_mixin.py:151} INFO - [2026-05-29T11:12:06.817+0000] {dag.py:2915} INFO - Sync 1 DAGs
[2026-05-29T11:12:06.884+0000] {logging_mixin.py:151} INFO - [2026-05-29T11:12:06.884+0000] {dag.py:3696} INFO - Setting next_dagrun for hackernews_pipeline to 2024-01-01T00:00:00+00:00, run_after=2024-01-01T00:05:00+00:00
[2026-05-29T11:12:06.903+0000] {processor.py:179} INFO - Processing /opt/airflow/dags/hackernews_dag.py took 0.141 seconds
[2026-05-29T11:16:57.197+0000] {processor.py:157} INFO - Started process (PID=1270) to work on /opt/airflow/dags/hackernews_dag.py
[2026-05-29T11:16:57.200+0000] {processor.py:829} INFO - Processing file /opt/airflow/dags/hackernews_dag.py for tasks to queue
[2026-05-29T11:16:57.201+0000] {logging_mixin.py:151} INFO - [2026-05-29T11:16:57.201+0000] {dagbag.py:539} INFO - Filling up the DagBag from /opt/airflow/dags/hackernews_dag.py
[2026-05-29T11:16:57.225+0000] {processor.py:839} INFO - DAG(s) dict_keys(['hackernews_pipeline']) retrieved from /opt/airflow/dags/hackernews_dag.py
[2026-05-29T11:16:57.267+0000] {logging_mixin.py:151} INFO - [2026-05-29T11:16:57.267+0000] {dag.py:2915} INFO - Sync 1 DAGs
[2026-05-29T11:16:57.288+0000] {logging_mixin.py:151} INFO - [2026-05-29T11:16:57.287+0000] {dag.py:3696} INFO - Setting next_dagrun for hackernews_pipeline to 2024-01-01T00:00:00+00:00, run_after=2024-01-01T00:05:00+00:00
[2026-05-29T11:16:57.318+0000] {processor.py:179} INFO - Processing /opt/airflow/dags/hackernews_dag.py took 0.126 seconds
[2026-05-29T11:18:25.499+0000] {processor.py:157} INFO - Started process (PID=1280) to work on /opt/airflow/dags/hackernews_dag.py
[2026-05-29T11:18:25.501+0000] {processor.py:829} INFO - Processing file /opt/airflow/dags/hackernews_dag.py for tasks to queue
[2026-05-29T11:18:25.502+0000] {logging_mixin.py:151} INFO - [2026-05-29T11:18:25.502+0000] {dagbag.py:539} INFO - Filling up the DagBag from /opt/airflow/dags/hackernews_dag.py
[2026-05-29T11:18:25.520+0000] {processor.py:839} INFO - DAG(s) dict_keys(['hackernews_pipeline']) retrieved from /opt/airflow/dags/hackernews_dag.py
[2026-05-29T11:18:25.549+0000] {logging_mixin.py:151} INFO - [2026-05-29T11:18:25.548+0000] {dag.py:2915} INFO - Sync 1 DAGs
[2026-05-29T11:18:25.564+0000] {logging_mixin.py:151} INFO - [2026-05-29T11:18:25.564+0000] {dag.py:3696} INFO - Setting next_dagrun for hackernews_pipeline to 2024-01-01T00:00:00+00:00, run_after=2024-01-01T00:05:00+00:00
[2026-05-29T11:18:25.576+0000] {processor.py:179} INFO - Processing /opt/airflow/dags/hackernews_dag.py took 0.080 seconds
[2026-05-29T11:18:55.838+0000] {processor.py:157} INFO - Started process (PID=1290) to work on /opt/airflow/dags/hackernews_dag.py
[2026-05-29T11:18:55.840+0000] {processor.py:829} INFO - Processing file /opt/airflow/dags/hackernews_dag.py for tasks to queue
[2026-05-29T11:18:55.842+0000] {logging_mixin.py:151} INFO - [2026-05-29T11:18:55.842+0000] {dagbag.py:539} INFO - Filling up the DagBag from /opt/airflow/dags/hackernews_dag.py
[2026-05-29T11:18:55.858+0000] {processor.py:839} INFO - DAG(s) dict_keys(['hackernews_pipeline']) retrieved from /opt/airflow/dags/hackernews_dag.py
[2026-05-29T11:18:55.882+0000] {logging_mixin.py:151} INFO - [2026-05-29T11:18:55.882+0000] {dag.py:2915} INFO - Sync 1 DAGs
[2026-05-29T11:18:55.894+0000] {logging_mixin.py:151} INFO - [2026-05-29T11:18:55.894+0000] {dag.py:3696} INFO - Setting next_dagrun for hackernews_pipeline to 2024-01-01T00:00:00+00:00, run_after=2024-01-01T00:05:00+00:00
[2026-05-29T11:18:55.905+0000] {processor.py:179} INFO - Processing /opt/airflow/dags/hackernews_dag.py took 0.071 seconds
[2026-05-29T11:24:15.251+0000] {processor.py:157} INFO - Started process (PID=1298) to work on /opt/airflow/dags/hackernews_dag.py
[2026-05-29T11:24:15.258+0000] {processor.py:829} INFO - Processing file /opt/airflow/dags/hackernews_dag.py for tasks to queue
[2026-05-29T11:24:15.262+0000] {logging_mixin.py:151} INFO - [2026-05-29T11:24:15.261+0000] {dagbag.py:539} INFO - Filling up the DagBag from /opt/airflow/dags/hackernews_dag.py
[2026-05-29T11:24:15.303+0000] {processor.py:839} INFO - DAG(s) dict_keys(['hackernews_pipeline']) retrieved from /opt/airflow/dags/hackernews_dag.py
[2026-05-29T11:24:15.388+0000] {logging_mixin.py:151} INFO - [2026-05-29T11:24:15.387+0000] {dag.py:2915} INFO - Sync 1 DAGs
[2026-05-29T11:24:15.448+0000] {logging_mixin.py:151} INFO - [2026-05-29T11:24:15.447+0000] {dag.py:3696} INFO - Setting next_dagrun for hackernews_pipeline to 2024-01-01T00:00:00+00:00, run_after=2024-01-01T00:05:00+00:00
[2026-05-29T11:24:15.496+0000] {processor.py:179} INFO - Processing /opt/airflow/dags/hackernews_dag.py took 0.253 seconds
[2026-05-29T11:24:45.809+0000] {processor.py:157} INFO - Started process (PID=1310) to work on /opt/airflow/dags/hackernews_dag.py
[2026-05-29T11:24:45.811+0000] {processor.py:829} INFO - Processing file /opt/airflow/dags/hackernews_dag.py for tasks to queue
[2026-05-29T11:24:45.813+0000] {logging_mixin.py:151} INFO - [2026-05-29T11:24:45.813+0000] {dagbag.py:539} INFO - Filling up the DagBag from /opt/airflow/dags/hackernews_dag.py
[2026-05-29T11:24:45.831+0000] {processor.py:839} INFO - DAG(s) dict_keys(['hackernews_pipeline']) retrieved from /opt/airflow/dags/hackernews_dag.py
[2026-05-29T11:24:45.858+0000] {logging_mixin.py:151} INFO - [2026-05-29T11:24:45.857+0000] {dag.py:2915} INFO - Sync 1 DAGs
[2026-05-29T11:24:45.881+0000] {logging_mixin.py:151} INFO - [2026-05-29T11:24:45.881+0000] {dag.py:3696} INFO - Setting next_dagrun for hackernews_pipeline to 2024-01-01T00:00:00+00:00, run_after=2024-01-01T00:05:00+00:00
[2026-05-29T11:24:45.948+0000] {processor.py:179} INFO - Processing /opt/airflow/dags/hackernews_dag.py took 0.145 seconds
