[2026-05-29T08:41:45.034+0000] {processor.py:157} INFO - Started process (PID=166) to work on /opt/airflow/dags/wikitext_dag.py
[2026-05-29T08:41:45.036+0000] {processor.py:829} INFO - Processing file /opt/airflow/dags/wikitext_dag.py for tasks to queue
[2026-05-29T08:41:45.037+0000] {logging_mixin.py:151} INFO - [2026-05-29T08:41:45.037+0000] {dagbag.py:539} INFO - Filling up the DagBag from /opt/airflow/dags/wikitext_dag.py
[2026-05-29T08:41:45.062+0000] {processor.py:839} INFO - DAG(s) dict_keys(['data_lake_pipeline']) retrieved from /opt/airflow/dags/wikitext_dag.py
[2026-05-29T08:41:45.090+0000] {logging_mixin.py:151} INFO - [2026-05-29T08:41:45.090+0000] {dag.py:2915} INFO - Sync 1 DAGs
[2026-05-29T08:41:45.117+0000] {logging_mixin.py:151} INFO - [2026-05-29T08:41:45.117+0000] {dag.py:3696} INFO - Setting next_dagrun for data_lake_pipeline to 2025-01-01T00:00:00+00:00, run_after=2025-01-02T00:00:00+00:00
[2026-05-29T08:41:45.129+0000] {processor.py:179} INFO - Processing /opt/airflow/dags/wikitext_dag.py took 0.100 seconds
[2026-05-29T08:43:53.791+0000] {processor.py:157} INFO - Started process (PID=166) to work on /opt/airflow/dags/wikitext_dag.py
[2026-05-29T08:43:53.794+0000] {processor.py:829} INFO - Processing file /opt/airflow/dags/wikitext_dag.py for tasks to queue
[2026-05-29T08:43:53.796+0000] {logging_mixin.py:151} INFO - [2026-05-29T08:43:53.796+0000] {dagbag.py:539} INFO - Filling up the DagBag from /opt/airflow/dags/wikitext_dag.py
[2026-05-29T08:43:53.846+0000] {processor.py:839} INFO - DAG(s) dict_keys(['data_lake_pipeline']) retrieved from /opt/airflow/dags/wikitext_dag.py
[2026-05-29T08:43:53.894+0000] {logging_mixin.py:151} INFO - [2026-05-29T08:43:53.894+0000] {dag.py:2915} INFO - Sync 1 DAGs
[2026-05-29T08:43:53.926+0000] {logging_mixin.py:151} INFO - [2026-05-29T08:43:53.925+0000] {dag.py:3696} INFO - Setting next_dagrun for data_lake_pipeline to 2025-01-01T00:00:00+00:00, run_after=2025-01-02T00:00:00+00:00
[2026-05-29T08:43:53.957+0000] {processor.py:179} INFO - Processing /opt/airflow/dags/wikitext_dag.py took 0.173 seconds
[2026-05-29T08:44:24.259+0000] {processor.py:157} INFO - Started process (PID=177) to work on /opt/airflow/dags/wikitext_dag.py
[2026-05-29T08:44:24.264+0000] {processor.py:829} INFO - Processing file /opt/airflow/dags/wikitext_dag.py for tasks to queue
[2026-05-29T08:44:24.266+0000] {logging_mixin.py:151} INFO - [2026-05-29T08:44:24.266+0000] {dagbag.py:539} INFO - Filling up the DagBag from /opt/airflow/dags/wikitext_dag.py
[2026-05-29T08:44:24.280+0000] {processor.py:839} INFO - DAG(s) dict_keys(['data_lake_pipeline']) retrieved from /opt/airflow/dags/wikitext_dag.py
[2026-05-29T08:44:24.319+0000] {logging_mixin.py:151} INFO - [2026-05-29T08:44:24.319+0000] {dag.py:2915} INFO - Sync 1 DAGs
[2026-05-29T08:44:24.334+0000] {logging_mixin.py:151} INFO - [2026-05-29T08:44:24.334+0000] {dag.py:3696} INFO - Setting next_dagrun for data_lake_pipeline to 2025-01-01T00:00:00+00:00, run_after=2025-01-02T00:00:00+00:00
[2026-05-29T08:44:24.350+0000] {processor.py:179} INFO - Processing /opt/airflow/dags/wikitext_dag.py took 0.101 seconds
[2026-05-29T08:44:54.599+0000] {processor.py:157} INFO - Started process (PID=187) to work on /opt/airflow/dags/wikitext_dag.py
[2026-05-29T08:44:54.603+0000] {processor.py:829} INFO - Processing file /opt/airflow/dags/wikitext_dag.py for tasks to queue
[2026-05-29T08:44:54.605+0000] {logging_mixin.py:151} INFO - [2026-05-29T08:44:54.604+0000] {dagbag.py:539} INFO - Filling up the DagBag from /opt/airflow/dags/wikitext_dag.py
[2026-05-29T08:44:54.629+0000] {processor.py:839} INFO - DAG(s) dict_keys(['data_lake_pipeline']) retrieved from /opt/airflow/dags/wikitext_dag.py
[2026-05-29T08:44:54.656+0000] {logging_mixin.py:151} INFO - [2026-05-29T08:44:54.656+0000] {dag.py:2915} INFO - Sync 1 DAGs
[2026-05-29T08:44:54.674+0000] {logging_mixin.py:151} INFO - [2026-05-29T08:44:54.674+0000] {dag.py:3696} INFO - Setting next_dagrun for data_lake_pipeline to 2025-01-01T00:00:00+00:00, run_after=2025-01-02T00:00:00+00:00
[2026-05-29T08:44:54.802+0000] {processor.py:179} INFO - Processing /opt/airflow/dags/wikitext_dag.py took 0.209 seconds
[2026-05-29T08:45:24.906+0000] {processor.py:157} INFO - Started process (PID=197) to work on /opt/airflow/dags/wikitext_dag.py
[2026-05-29T08:45:24.907+0000] {processor.py:829} INFO - Processing file /opt/airflow/dags/wikitext_dag.py for tasks to queue
[2026-05-29T08:45:24.908+0000] {logging_mixin.py:151} INFO - [2026-05-29T08:45:24.907+0000] {dagbag.py:539} INFO - Filling up the DagBag from /opt/airflow/dags/wikitext_dag.py
[2026-05-29T08:45:24.916+0000] {processor.py:839} INFO - DAG(s) dict_keys(['data_lake_pipeline']) retrieved from /opt/airflow/dags/wikitext_dag.py
[2026-05-29T08:45:24.936+0000] {logging_mixin.py:151} INFO - [2026-05-29T08:45:24.936+0000] {dag.py:2915} INFO - Sync 1 DAGs
[2026-05-29T08:45:25.034+0000] {logging_mixin.py:151} INFO - [2026-05-29T08:45:25.034+0000] {dag.py:3696} INFO - Setting next_dagrun for data_lake_pipeline to 2025-01-01T00:00:00+00:00, run_after=2025-01-02T00:00:00+00:00
[2026-05-29T08:45:25.047+0000] {processor.py:179} INFO - Processing /opt/airflow/dags/wikitext_dag.py took 0.143 seconds
[2026-05-29T08:45:55.356+0000] {processor.py:157} INFO - Started process (PID=207) to work on /opt/airflow/dags/wikitext_dag.py
[2026-05-29T08:45:55.358+0000] {processor.py:829} INFO - Processing file /opt/airflow/dags/wikitext_dag.py for tasks to queue
[2026-05-29T08:45:55.359+0000] {logging_mixin.py:151} INFO - [2026-05-29T08:45:55.359+0000] {dagbag.py:539} INFO - Filling up the DagBag from /opt/airflow/dags/wikitext_dag.py
[2026-05-29T08:45:55.375+0000] {processor.py:839} INFO - DAG(s) dict_keys(['data_lake_pipeline']) retrieved from /opt/airflow/dags/wikitext_dag.py
[2026-05-29T08:45:55.406+0000] {logging_mixin.py:151} INFO - [2026-05-29T08:45:55.406+0000] {dag.py:2915} INFO - Sync 1 DAGs
[2026-05-29T08:45:55.558+0000] {logging_mixin.py:151} INFO - [2026-05-29T08:45:55.558+0000] {dag.py:3696} INFO - Setting next_dagrun for data_lake_pipeline to 2025-01-01T00:00:00+00:00, run_after=2025-01-02T00:00:00+00:00
[2026-05-29T08:45:55.570+0000] {processor.py:179} INFO - Processing /opt/airflow/dags/wikitext_dag.py took 0.219 seconds
[2026-05-29T08:46:25.635+0000] {processor.py:157} INFO - Started process (PID=217) to work on /opt/airflow/dags/wikitext_dag.py
[2026-05-29T08:46:25.637+0000] {processor.py:829} INFO - Processing file /opt/airflow/dags/wikitext_dag.py for tasks to queue
[2026-05-29T08:46:25.638+0000] {logging_mixin.py:151} INFO - [2026-05-29T08:46:25.637+0000] {dagbag.py:539} INFO - Filling up the DagBag from /opt/airflow/dags/wikitext_dag.py
[2026-05-29T08:46:25.653+0000] {processor.py:839} INFO - DAG(s) dict_keys(['data_lake_pipeline']) retrieved from /opt/airflow/dags/wikitext_dag.py
[2026-05-29T08:46:25.787+0000] {logging_mixin.py:151} INFO - [2026-05-29T08:46:25.787+0000] {dag.py:2915} INFO - Sync 1 DAGs
[2026-05-29T08:46:25.799+0000] {logging_mixin.py:151} INFO - [2026-05-29T08:46:25.798+0000] {dag.py:3696} INFO - Setting next_dagrun for data_lake_pipeline to 2025-01-01T00:00:00+00:00, run_after=2025-01-02T00:00:00+00:00
[2026-05-29T08:46:25.807+0000] {processor.py:179} INFO - Processing /opt/airflow/dags/wikitext_dag.py took 0.177 seconds
[2026-05-29T08:46:55.957+0000] {processor.py:157} INFO - Started process (PID=227) to work on /opt/airflow/dags/wikitext_dag.py
[2026-05-29T08:46:55.958+0000] {processor.py:829} INFO - Processing file /opt/airflow/dags/wikitext_dag.py for tasks to queue
[2026-05-29T08:46:55.958+0000] {logging_mixin.py:151} INFO - [2026-05-29T08:46:55.958+0000] {dagbag.py:539} INFO - Filling up the DagBag from /opt/airflow/dags/wikitext_dag.py
[2026-05-29T08:46:56.064+0000] {processor.py:839} INFO - DAG(s) dict_keys(['data_lake_pipeline']) retrieved from /opt/airflow/dags/wikitext_dag.py
[2026-05-29T08:46:56.078+0000] {logging_mixin.py:151} INFO - [2026-05-29T08:46:56.078+0000] {dag.py:2915} INFO - Sync 1 DAGs
[2026-05-29T08:46:56.087+0000] {logging_mixin.py:151} INFO - [2026-05-29T08:46:56.087+0000] {dag.py:3696} INFO - Setting next_dagrun for data_lake_pipeline to 2025-01-01T00:00:00+00:00, run_after=2025-01-02T00:00:00+00:00
[2026-05-29T08:46:56.099+0000] {processor.py:179} INFO - Processing /opt/airflow/dags/wikitext_dag.py took 0.146 seconds
[2026-05-29T08:47:26.498+0000] {processor.py:157} INFO - Started process (PID=237) to work on /opt/airflow/dags/wikitext_dag.py
[2026-05-29T08:47:26.500+0000] {processor.py:829} INFO - Processing file /opt/airflow/dags/wikitext_dag.py for tasks to queue
[2026-05-29T08:47:26.502+0000] {logging_mixin.py:151} INFO - [2026-05-29T08:47:26.502+0000] {dagbag.py:539} INFO - Filling up the DagBag from /opt/airflow/dags/wikitext_dag.py
[2026-05-29T08:47:26.516+0000] {processor.py:839} INFO - DAG(s) dict_keys(['data_lake_pipeline']) retrieved from /opt/airflow/dags/wikitext_dag.py
[2026-05-29T08:47:26.540+0000] {logging_mixin.py:151} INFO - [2026-05-29T08:47:26.539+0000] {dag.py:2915} INFO - Sync 1 DAGs
[2026-05-29T08:47:26.553+0000] {logging_mixin.py:151} INFO - [2026-05-29T08:47:26.553+0000] {dag.py:3696} INFO - Setting next_dagrun for data_lake_pipeline to 2025-01-01T00:00:00+00:00, run_after=2025-01-02T00:00:00+00:00
[2026-05-29T08:47:26.565+0000] {processor.py:179} INFO - Processing /opt/airflow/dags/wikitext_dag.py took 0.073 seconds
[2026-05-29T08:47:56.792+0000] {processor.py:157} INFO - Started process (PID=247) to work on /opt/airflow/dags/wikitext_dag.py
[2026-05-29T08:47:56.793+0000] {processor.py:829} INFO - Processing file /opt/airflow/dags/wikitext_dag.py for tasks to queue
[2026-05-29T08:47:56.794+0000] {logging_mixin.py:151} INFO - [2026-05-29T08:47:56.794+0000] {dagbag.py:539} INFO - Filling up the DagBag from /opt/airflow/dags/wikitext_dag.py
[2026-05-29T08:47:56.809+0000] {processor.py:839} INFO - DAG(s) dict_keys(['data_lake_pipeline']) retrieved from /opt/airflow/dags/wikitext_dag.py
[2026-05-29T08:47:56.833+0000] {logging_mixin.py:151} INFO - [2026-05-29T08:47:56.833+0000] {dag.py:2915} INFO - Sync 1 DAGs
[2026-05-29T08:47:56.846+0000] {logging_mixin.py:151} INFO - [2026-05-29T08:47:56.846+0000] {dag.py:3696} INFO - Setting next_dagrun for data_lake_pipeline to 2025-01-01T00:00:00+00:00, run_after=2025-01-02T00:00:00+00:00
[2026-05-29T08:47:56.857+0000] {processor.py:179} INFO - Processing /opt/airflow/dags/wikitext_dag.py took 0.070 seconds
[2026-05-29T08:48:27.044+0000] {processor.py:157} INFO - Started process (PID=257) to work on /opt/airflow/dags/wikitext_dag.py
[2026-05-29T08:48:27.045+0000] {processor.py:829} INFO - Processing file /opt/airflow/dags/wikitext_dag.py for tasks to queue
[2026-05-29T08:48:27.046+0000] {logging_mixin.py:151} INFO - [2026-05-29T08:48:27.046+0000] {dagbag.py:539} INFO - Filling up the DagBag from /opt/airflow/dags/wikitext_dag.py
[2026-05-29T08:48:27.056+0000] {processor.py:839} INFO - DAG(s) dict_keys(['data_lake_pipeline']) retrieved from /opt/airflow/dags/wikitext_dag.py
[2026-05-29T08:48:27.075+0000] {logging_mixin.py:151} INFO - [2026-05-29T08:48:27.075+0000] {dag.py:2915} INFO - Sync 1 DAGs
[2026-05-29T08:48:27.088+0000] {logging_mixin.py:151} INFO - [2026-05-29T08:48:27.088+0000] {dag.py:3696} INFO - Setting next_dagrun for data_lake_pipeline to 2025-01-01T00:00:00+00:00, run_after=2025-01-02T00:00:00+00:00
[2026-05-29T08:48:27.099+0000] {processor.py:179} INFO - Processing /opt/airflow/dags/wikitext_dag.py took 0.057 seconds
[2026-05-29T08:48:57.396+0000] {processor.py:157} INFO - Started process (PID=267) to work on /opt/airflow/dags/wikitext_dag.py
[2026-05-29T08:48:57.398+0000] {processor.py:829} INFO - Processing file /opt/airflow/dags/wikitext_dag.py for tasks to queue
[2026-05-29T08:48:57.400+0000] {logging_mixin.py:151} INFO - [2026-05-29T08:48:57.399+0000] {dagbag.py:539} INFO - Filling up the DagBag from /opt/airflow/dags/wikitext_dag.py
[2026-05-29T08:48:57.418+0000] {processor.py:839} INFO - DAG(s) dict_keys(['data_lake_pipeline']) retrieved from /opt/airflow/dags/wikitext_dag.py
[2026-05-29T08:48:57.450+0000] {logging_mixin.py:151} INFO - [2026-05-29T08:48:57.450+0000] {dag.py:2915} INFO - Sync 1 DAGs
[2026-05-29T08:48:57.467+0000] {logging_mixin.py:151} INFO - [2026-05-29T08:48:57.467+0000] {dag.py:3696} INFO - Setting next_dagrun for data_lake_pipeline to 2025-01-01T00:00:00+00:00, run_after=2025-01-02T00:00:00+00:00
[2026-05-29T08:48:57.483+0000] {processor.py:179} INFO - Processing /opt/airflow/dags/wikitext_dag.py took 0.094 seconds
[2026-05-29T08:49:27.696+0000] {processor.py:157} INFO - Started process (PID=277) to work on /opt/airflow/dags/wikitext_dag.py
[2026-05-29T08:49:27.698+0000] {processor.py:829} INFO - Processing file /opt/airflow/dags/wikitext_dag.py for tasks to queue
[2026-05-29T08:49:27.699+0000] {logging_mixin.py:151} INFO - [2026-05-29T08:49:27.699+0000] {dagbag.py:539} INFO - Filling up the DagBag from /opt/airflow/dags/wikitext_dag.py
[2026-05-29T08:49:27.718+0000] {processor.py:839} INFO - DAG(s) dict_keys(['data_lake_pipeline']) retrieved from /opt/airflow/dags/wikitext_dag.py
[2026-05-29T08:49:27.746+0000] {logging_mixin.py:151} INFO - [2026-05-29T08:49:27.746+0000] {dag.py:2915} INFO - Sync 1 DAGs
[2026-05-29T08:49:27.763+0000] {logging_mixin.py:151} INFO - [2026-05-29T08:49:27.762+0000] {dag.py:3696} INFO - Setting next_dagrun for data_lake_pipeline to 2025-01-01T00:00:00+00:00, run_after=2025-01-02T00:00:00+00:00
[2026-05-29T08:49:27.775+0000] {processor.py:179} INFO - Processing /opt/airflow/dags/wikitext_dag.py took 0.085 seconds
[2026-05-29T08:49:58.004+0000] {processor.py:157} INFO - Started process (PID=287) to work on /opt/airflow/dags/wikitext_dag.py
[2026-05-29T08:49:58.006+0000] {processor.py:829} INFO - Processing file /opt/airflow/dags/wikitext_dag.py for tasks to queue
[2026-05-29T08:49:58.008+0000] {logging_mixin.py:151} INFO - [2026-05-29T08:49:58.007+0000] {dagbag.py:539} INFO - Filling up the DagBag from /opt/airflow/dags/wikitext_dag.py
[2026-05-29T08:49:58.027+0000] {processor.py:839} INFO - DAG(s) dict_keys(['data_lake_pipeline']) retrieved from /opt/airflow/dags/wikitext_dag.py
[2026-05-29T08:49:58.053+0000] {logging_mixin.py:151} INFO - [2026-05-29T08:49:58.052+0000] {dag.py:2915} INFO - Sync 1 DAGs
[2026-05-29T08:49:58.068+0000] {logging_mixin.py:151} INFO - [2026-05-29T08:49:58.067+0000] {dag.py:3696} INFO - Setting next_dagrun for data_lake_pipeline to 2025-01-01T00:00:00+00:00, run_after=2025-01-02T00:00:00+00:00
[2026-05-29T08:49:58.079+0000] {processor.py:179} INFO - Processing /opt/airflow/dags/wikitext_dag.py took 0.082 seconds
[2026-05-29T08:50:28.284+0000] {processor.py:157} INFO - Started process (PID=297) to work on /opt/airflow/dags/wikitext_dag.py
[2026-05-29T08:50:28.285+0000] {processor.py:829} INFO - Processing file /opt/airflow/dags/wikitext_dag.py for tasks to queue
[2026-05-29T08:50:28.286+0000] {logging_mixin.py:151} INFO - [2026-05-29T08:50:28.286+0000] {dagbag.py:539} INFO - Filling up the DagBag from /opt/airflow/dags/wikitext_dag.py
[2026-05-29T08:50:28.298+0000] {processor.py:839} INFO - DAG(s) dict_keys(['data_lake_pipeline']) retrieved from /opt/airflow/dags/wikitext_dag.py
[2026-05-29T08:50:28.319+0000] {logging_mixin.py:151} INFO - [2026-05-29T08:50:28.319+0000] {dag.py:2915} INFO - Sync 1 DAGs
[2026-05-29T08:50:28.351+0000] {logging_mixin.py:151} INFO - [2026-05-29T08:50:28.351+0000] {dag.py:3696} INFO - Setting next_dagrun for data_lake_pipeline to 2025-01-01T00:00:00+00:00, run_after=2025-01-02T00:00:00+00:00
[2026-05-29T08:50:28.367+0000] {processor.py:179} INFO - Processing /opt/airflow/dags/wikitext_dag.py took 0.068 seconds
[2026-05-29T08:50:58.715+0000] {processor.py:157} INFO - Started process (PID=307) to work on /opt/airflow/dags/wikitext_dag.py
[2026-05-29T08:50:58.717+0000] {processor.py:829} INFO - Processing file /opt/airflow/dags/wikitext_dag.py for tasks to queue
[2026-05-29T08:50:58.718+0000] {logging_mixin.py:151} INFO - [2026-05-29T08:50:58.718+0000] {dagbag.py:539} INFO - Filling up the DagBag from /opt/airflow/dags/wikitext_dag.py
[2026-05-29T08:50:58.732+0000] {processor.py:839} INFO - DAG(s) dict_keys(['data_lake_pipeline']) retrieved from /opt/airflow/dags/wikitext_dag.py
[2026-05-29T08:50:58.755+0000] {logging_mixin.py:151} INFO - [2026-05-29T08:50:58.754+0000] {dag.py:2915} INFO - Sync 1 DAGs
[2026-05-29T08:50:58.768+0000] {logging_mixin.py:151} INFO - [2026-05-29T08:50:58.768+0000] {dag.py:3696} INFO - Setting next_dagrun for data_lake_pipeline to 2025-01-01T00:00:00+00:00, run_after=2025-01-02T00:00:00+00:00
[2026-05-29T08:50:58.781+0000] {processor.py:179} INFO - Processing /opt/airflow/dags/wikitext_dag.py took 0.071 seconds
[2026-05-29T08:55:28.252+0000] {processor.py:157} INFO - Started process (PID=319) to work on /opt/airflow/dags/wikitext_dag.py
[2026-05-29T08:55:28.260+0000] {processor.py:829} INFO - Processing file /opt/airflow/dags/wikitext_dag.py for tasks to queue
[2026-05-29T08:55:28.262+0000] {logging_mixin.py:151} INFO - [2026-05-29T08:55:28.262+0000] {dagbag.py:539} INFO - Filling up the DagBag from /opt/airflow/dags/wikitext_dag.py
[2026-05-29T08:55:28.330+0000] {processor.py:839} INFO - DAG(s) dict_keys(['data_lake_pipeline']) retrieved from /opt/airflow/dags/wikitext_dag.py
[2026-05-29T08:55:28.391+0000] {logging_mixin.py:151} INFO - [2026-05-29T08:55:28.391+0000] {dag.py:2915} INFO - Sync 1 DAGs
[2026-05-29T08:55:28.408+0000] {logging_mixin.py:151} INFO - [2026-05-29T08:55:28.408+0000] {dag.py:3696} INFO - Setting next_dagrun for data_lake_pipeline to 2025-01-01T00:00:00+00:00, run_after=2025-01-02T00:00:00+00:00
[2026-05-29T08:55:28.425+0000] {processor.py:179} INFO - Processing /opt/airflow/dags/wikitext_dag.py took 0.193 seconds
[2026-05-29T08:55:58.765+0000] {processor.py:157} INFO - Started process (PID=329) to work on /opt/airflow/dags/wikitext_dag.py
[2026-05-29T08:55:58.768+0000] {processor.py:829} INFO - Processing file /opt/airflow/dags/wikitext_dag.py for tasks to queue
[2026-05-29T08:55:58.772+0000] {logging_mixin.py:151} INFO - [2026-05-29T08:55:58.772+0000] {dagbag.py:539} INFO - Filling up the DagBag from /opt/airflow/dags/wikitext_dag.py
[2026-05-29T08:55:58.788+0000] {processor.py:839} INFO - DAG(s) dict_keys(['data_lake_pipeline']) retrieved from /opt/airflow/dags/wikitext_dag.py
[2026-05-29T08:55:58.822+0000] {logging_mixin.py:151} INFO - [2026-05-29T08:55:58.822+0000] {dag.py:2915} INFO - Sync 1 DAGs
[2026-05-29T08:55:58.848+0000] {logging_mixin.py:151} INFO - [2026-05-29T08:55:58.847+0000] {dag.py:3696} INFO - Setting next_dagrun for data_lake_pipeline to 2025-01-01T00:00:00+00:00, run_after=2025-01-02T00:00:00+00:00
[2026-05-29T08:55:58.866+0000] {processor.py:179} INFO - Processing /opt/airflow/dags/wikitext_dag.py took 0.109 seconds
[2026-05-29T08:56:29.051+0000] {processor.py:157} INFO - Started process (PID=339) to work on /opt/airflow/dags/wikitext_dag.py
[2026-05-29T08:56:29.052+0000] {processor.py:829} INFO - Processing file /opt/airflow/dags/wikitext_dag.py for tasks to queue
[2026-05-29T08:56:29.052+0000] {logging_mixin.py:151} INFO - [2026-05-29T08:56:29.052+0000] {dagbag.py:539} INFO - Filling up the DagBag from /opt/airflow/dags/wikitext_dag.py
[2026-05-29T08:56:29.066+0000] {processor.py:839} INFO - DAG(s) dict_keys(['data_lake_pipeline']) retrieved from /opt/airflow/dags/wikitext_dag.py
[2026-05-29T08:56:29.092+0000] {logging_mixin.py:151} INFO - [2026-05-29T08:56:29.091+0000] {dag.py:2915} INFO - Sync 1 DAGs
[2026-05-29T08:56:29.106+0000] {logging_mixin.py:151} INFO - [2026-05-29T08:56:29.106+0000] {dag.py:3696} INFO - Setting next_dagrun for data_lake_pipeline to 2025-01-01T00:00:00+00:00, run_after=2025-01-02T00:00:00+00:00
[2026-05-29T08:56:29.116+0000] {processor.py:179} INFO - Processing /opt/airflow/dags/wikitext_dag.py took 0.069 seconds
[2026-05-29T08:56:59.404+0000] {processor.py:157} INFO - Started process (PID=349) to work on /opt/airflow/dags/wikitext_dag.py
[2026-05-29T08:56:59.407+0000] {processor.py:829} INFO - Processing file /opt/airflow/dags/wikitext_dag.py for tasks to queue
[2026-05-29T08:56:59.409+0000] {logging_mixin.py:151} INFO - [2026-05-29T08:56:59.408+0000] {dagbag.py:539} INFO - Filling up the DagBag from /opt/airflow/dags/wikitext_dag.py
[2026-05-29T08:56:59.429+0000] {processor.py:839} INFO - DAG(s) dict_keys(['data_lake_pipeline']) retrieved from /opt/airflow/dags/wikitext_dag.py
[2026-05-29T08:56:59.454+0000] {logging_mixin.py:151} INFO - [2026-05-29T08:56:59.453+0000] {dag.py:2915} INFO - Sync 1 DAGs
[2026-05-29T08:56:59.469+0000] {logging_mixin.py:151} INFO - [2026-05-29T08:56:59.469+0000] {dag.py:3696} INFO - Setting next_dagrun for data_lake_pipeline to 2025-01-01T00:00:00+00:00, run_after=2025-01-02T00:00:00+00:00
[2026-05-29T08:56:59.481+0000] {processor.py:179} INFO - Processing /opt/airflow/dags/wikitext_dag.py took 0.085 seconds
[2026-05-29T08:57:29.685+0000] {processor.py:157} INFO - Started process (PID=359) to work on /opt/airflow/dags/wikitext_dag.py
[2026-05-29T08:57:29.686+0000] {processor.py:829} INFO - Processing file /opt/airflow/dags/wikitext_dag.py for tasks to queue
[2026-05-29T08:57:29.687+0000] {logging_mixin.py:151} INFO - [2026-05-29T08:57:29.687+0000] {dagbag.py:539} INFO - Filling up the DagBag from /opt/airflow/dags/wikitext_dag.py
[2026-05-29T08:57:29.699+0000] {processor.py:839} INFO - DAG(s) dict_keys(['data_lake_pipeline']) retrieved from /opt/airflow/dags/wikitext_dag.py
[2026-05-29T08:57:29.728+0000] {logging_mixin.py:151} INFO - [2026-05-29T08:57:29.728+0000] {dag.py:2915} INFO - Sync 1 DAGs
[2026-05-29T08:57:29.749+0000] {logging_mixin.py:151} INFO - [2026-05-29T08:57:29.749+0000] {dag.py:3696} INFO - Setting next_dagrun for data_lake_pipeline to 2025-01-01T00:00:00+00:00, run_after=2025-01-02T00:00:00+00:00
[2026-05-29T08:57:29.765+0000] {processor.py:179} INFO - Processing /opt/airflow/dags/wikitext_dag.py took 0.085 seconds
[2026-05-29T08:58:00.027+0000] {processor.py:157} INFO - Started process (PID=369) to work on /opt/airflow/dags/wikitext_dag.py
[2026-05-29T08:58:00.028+0000] {processor.py:829} INFO - Processing file /opt/airflow/dags/wikitext_dag.py for tasks to queue
[2026-05-29T08:58:00.030+0000] {logging_mixin.py:151} INFO - [2026-05-29T08:58:00.029+0000] {dagbag.py:539} INFO - Filling up the DagBag from /opt/airflow/dags/wikitext_dag.py
[2026-05-29T08:58:00.049+0000] {processor.py:839} INFO - DAG(s) dict_keys(['data_lake_pipeline']) retrieved from /opt/airflow/dags/wikitext_dag.py
[2026-05-29T08:58:00.092+0000] {logging_mixin.py:151} INFO - [2026-05-29T08:58:00.092+0000] {dag.py:2915} INFO - Sync 1 DAGs
[2026-05-29T08:58:00.109+0000] {logging_mixin.py:151} INFO - [2026-05-29T08:58:00.109+0000] {dag.py:3696} INFO - Setting next_dagrun for data_lake_pipeline to 2025-01-01T00:00:00+00:00, run_after=2025-01-02T00:00:00+00:00
[2026-05-29T08:58:00.126+0000] {processor.py:179} INFO - Processing /opt/airflow/dags/wikitext_dag.py took 0.105 seconds
[2026-05-29T08:58:30.292+0000] {processor.py:157} INFO - Started process (PID=379) to work on /opt/airflow/dags/wikitext_dag.py
[2026-05-29T08:58:30.293+0000] {processor.py:829} INFO - Processing file /opt/airflow/dags/wikitext_dag.py for tasks to queue
[2026-05-29T08:58:30.295+0000] {logging_mixin.py:151} INFO - [2026-05-29T08:58:30.294+0000] {dagbag.py:539} INFO - Filling up the DagBag from /opt/airflow/dags/wikitext_dag.py
[2026-05-29T08:58:30.314+0000] {processor.py:839} INFO - DAG(s) dict_keys(['data_lake_pipeline']) retrieved from /opt/airflow/dags/wikitext_dag.py
[2026-05-29T08:58:30.342+0000] {logging_mixin.py:151} INFO - [2026-05-29T08:58:30.342+0000] {dag.py:2915} INFO - Sync 1 DAGs
[2026-05-29T08:58:30.361+0000] {logging_mixin.py:151} INFO - [2026-05-29T08:58:30.361+0000] {dag.py:3696} INFO - Setting next_dagrun for data_lake_pipeline to 2025-01-01T00:00:00+00:00, run_after=2025-01-02T00:00:00+00:00
[2026-05-29T08:58:30.373+0000] {processor.py:179} INFO - Processing /opt/airflow/dags/wikitext_dag.py took 0.086 seconds
[2026-05-29T08:59:00.596+0000] {processor.py:157} INFO - Started process (PID=389) to work on /opt/airflow/dags/wikitext_dag.py
[2026-05-29T08:59:00.598+0000] {processor.py:829} INFO - Processing file /opt/airflow/dags/wikitext_dag.py for tasks to queue
[2026-05-29T08:59:00.599+0000] {logging_mixin.py:151} INFO - [2026-05-29T08:59:00.599+0000] {dagbag.py:539} INFO - Filling up the DagBag from /opt/airflow/dags/wikitext_dag.py
[2026-05-29T08:59:00.612+0000] {processor.py:839} INFO - DAG(s) dict_keys(['data_lake_pipeline']) retrieved from /opt/airflow/dags/wikitext_dag.py
[2026-05-29T08:59:00.633+0000] {logging_mixin.py:151} INFO - [2026-05-29T08:59:00.633+0000] {dag.py:2915} INFO - Sync 1 DAGs
[2026-05-29T08:59:00.645+0000] {logging_mixin.py:151} INFO - [2026-05-29T08:59:00.645+0000] {dag.py:3696} INFO - Setting next_dagrun for data_lake_pipeline to 2025-01-01T00:00:00+00:00, run_after=2025-01-02T00:00:00+00:00
[2026-05-29T08:59:00.657+0000] {processor.py:179} INFO - Processing /opt/airflow/dags/wikitext_dag.py took 0.064 seconds
[2026-05-29T08:59:31.002+0000] {processor.py:157} INFO - Started process (PID=399) to work on /opt/airflow/dags/wikitext_dag.py
[2026-05-29T08:59:31.004+0000] {processor.py:829} INFO - Processing file /opt/airflow/dags/wikitext_dag.py for tasks to queue
[2026-05-29T08:59:31.005+0000] {logging_mixin.py:151} INFO - [2026-05-29T08:59:31.005+0000] {dagbag.py:539} INFO - Filling up the DagBag from /opt/airflow/dags/wikitext_dag.py
[2026-05-29T08:59:31.018+0000] {processor.py:839} INFO - DAG(s) dict_keys(['data_lake_pipeline']) retrieved from /opt/airflow/dags/wikitext_dag.py
[2026-05-29T08:59:31.042+0000] {logging_mixin.py:151} INFO - [2026-05-29T08:59:31.042+0000] {dag.py:2915} INFO - Sync 1 DAGs
[2026-05-29T08:59:31.059+0000] {logging_mixin.py:151} INFO - [2026-05-29T08:59:31.059+0000] {dag.py:3696} INFO - Setting next_dagrun for data_lake_pipeline to 2025-01-01T00:00:00+00:00, run_after=2025-01-02T00:00:00+00:00
[2026-05-29T08:59:31.071+0000] {processor.py:179} INFO - Processing /opt/airflow/dags/wikitext_dag.py took 0.078 seconds
[2026-05-29T09:00:01.401+0000] {processor.py:157} INFO - Started process (PID=409) to work on /opt/airflow/dags/wikitext_dag.py
[2026-05-29T09:00:01.403+0000] {processor.py:829} INFO - Processing file /opt/airflow/dags/wikitext_dag.py for tasks to queue
[2026-05-29T09:00:01.405+0000] {logging_mixin.py:151} INFO - [2026-05-29T09:00:01.404+0000] {dagbag.py:539} INFO - Filling up the DagBag from /opt/airflow/dags/wikitext_dag.py
[2026-05-29T09:00:01.427+0000] {processor.py:839} INFO - DAG(s) dict_keys(['data_lake_pipeline']) retrieved from /opt/airflow/dags/wikitext_dag.py
[2026-05-29T09:00:01.454+0000] {logging_mixin.py:151} INFO - [2026-05-29T09:00:01.454+0000] {dag.py:2915} INFO - Sync 1 DAGs
[2026-05-29T09:00:01.469+0000] {logging_mixin.py:151} INFO - [2026-05-29T09:00:01.469+0000] {dag.py:3696} INFO - Setting next_dagrun for data_lake_pipeline to 2025-01-01T00:00:00+00:00, run_after=2025-01-02T00:00:00+00:00
[2026-05-29T09:00:01.480+0000] {processor.py:179} INFO - Processing /opt/airflow/dags/wikitext_dag.py took 0.086 seconds
[2026-05-29T09:00:31.849+0000] {processor.py:157} INFO - Started process (PID=419) to work on /opt/airflow/dags/wikitext_dag.py
[2026-05-29T09:00:31.850+0000] {processor.py:829} INFO - Processing file /opt/airflow/dags/wikitext_dag.py for tasks to queue
[2026-05-29T09:00:31.852+0000] {logging_mixin.py:151} INFO - [2026-05-29T09:00:31.852+0000] {dagbag.py:539} INFO - Filling up the DagBag from /opt/airflow/dags/wikitext_dag.py
[2026-05-29T09:00:31.868+0000] {processor.py:839} INFO - DAG(s) dict_keys(['data_lake_pipeline']) retrieved from /opt/airflow/dags/wikitext_dag.py
[2026-05-29T09:00:31.895+0000] {logging_mixin.py:151} INFO - [2026-05-29T09:00:31.895+0000] {dag.py:2915} INFO - Sync 1 DAGs
[2026-05-29T09:00:31.909+0000] {logging_mixin.py:151} INFO - [2026-05-29T09:00:31.909+0000] {dag.py:3696} INFO - Setting next_dagrun for data_lake_pipeline to 2025-01-01T00:00:00+00:00, run_after=2025-01-02T00:00:00+00:00
[2026-05-29T09:00:31.919+0000] {processor.py:179} INFO - Processing /opt/airflow/dags/wikitext_dag.py took 0.078 seconds
[2026-05-29T09:01:02.200+0000] {processor.py:157} INFO - Started process (PID=429) to work on /opt/airflow/dags/wikitext_dag.py
[2026-05-29T09:01:02.201+0000] {processor.py:829} INFO - Processing file /opt/airflow/dags/wikitext_dag.py for tasks to queue
[2026-05-29T09:01:02.204+0000] {logging_mixin.py:151} INFO - [2026-05-29T09:01:02.203+0000] {dagbag.py:539} INFO - Filling up the DagBag from /opt/airflow/dags/wikitext_dag.py
[2026-05-29T09:01:02.217+0000] {processor.py:839} INFO - DAG(s) dict_keys(['data_lake_pipeline']) retrieved from /opt/airflow/dags/wikitext_dag.py
[2026-05-29T09:01:02.241+0000] {logging_mixin.py:151} INFO - [2026-05-29T09:01:02.241+0000] {dag.py:2915} INFO - Sync 1 DAGs
[2026-05-29T09:01:02.254+0000] {logging_mixin.py:151} INFO - [2026-05-29T09:01:02.254+0000] {dag.py:3696} INFO - Setting next_dagrun for data_lake_pipeline to 2025-01-01T00:00:00+00:00, run_after=2025-01-02T00:00:00+00:00
[2026-05-29T09:01:02.265+0000] {processor.py:179} INFO - Processing /opt/airflow/dags/wikitext_dag.py took 0.070 seconds
[2026-05-29T09:01:32.644+0000] {processor.py:157} INFO - Started process (PID=439) to work on /opt/airflow/dags/wikitext_dag.py
[2026-05-29T09:01:32.645+0000] {processor.py:829} INFO - Processing file /opt/airflow/dags/wikitext_dag.py for tasks to queue
[2026-05-29T09:01:32.646+0000] {logging_mixin.py:151} INFO - [2026-05-29T09:01:32.646+0000] {dagbag.py:539} INFO - Filling up the DagBag from /opt/airflow/dags/wikitext_dag.py
[2026-05-29T09:01:32.663+0000] {processor.py:839} INFO - DAG(s) dict_keys(['data_lake_pipeline']) retrieved from /opt/airflow/dags/wikitext_dag.py
[2026-05-29T09:01:32.687+0000] {logging_mixin.py:151} INFO - [2026-05-29T09:01:32.687+0000] {dag.py:2915} INFO - Sync 1 DAGs
[2026-05-29T09:01:32.700+0000] {logging_mixin.py:151} INFO - [2026-05-29T09:01:32.699+0000] {dag.py:3696} INFO - Setting next_dagrun for data_lake_pipeline to 2025-01-01T00:00:00+00:00, run_after=2025-01-02T00:00:00+00:00
[2026-05-29T09:01:32.711+0000] {processor.py:179} INFO - Processing /opt/airflow/dags/wikitext_dag.py took 0.073 seconds
[2026-05-29T09:02:02.950+0000] {processor.py:157} INFO - Started process (PID=449) to work on /opt/airflow/dags/wikitext_dag.py
[2026-05-29T09:02:02.951+0000] {processor.py:829} INFO - Processing file /opt/airflow/dags/wikitext_dag.py for tasks to queue
[2026-05-29T09:02:02.952+0000] {logging_mixin.py:151} INFO - [2026-05-29T09:02:02.952+0000] {dagbag.py:539} INFO - Filling up the DagBag from /opt/airflow/dags/wikitext_dag.py
[2026-05-29T09:02:02.968+0000] {processor.py:839} INFO - DAG(s) dict_keys(['data_lake_pipeline']) retrieved from /opt/airflow/dags/wikitext_dag.py
[2026-05-29T09:02:02.992+0000] {logging_mixin.py:151} INFO - [2026-05-29T09:02:02.992+0000] {dag.py:2915} INFO - Sync 1 DAGs
[2026-05-29T09:02:03.006+0000] {logging_mixin.py:151} INFO - [2026-05-29T09:02:03.006+0000] {dag.py:3696} INFO - Setting next_dagrun for data_lake_pipeline to 2025-01-01T00:00:00+00:00, run_after=2025-01-02T00:00:00+00:00
[2026-05-29T09:02:03.016+0000] {processor.py:179} INFO - Processing /opt/airflow/dags/wikitext_dag.py took 0.072 seconds
[2026-05-29T09:02:33.235+0000] {processor.py:157} INFO - Started process (PID=459) to work on /opt/airflow/dags/wikitext_dag.py
[2026-05-29T09:02:33.237+0000] {processor.py:829} INFO - Processing file /opt/airflow/dags/wikitext_dag.py for tasks to queue
[2026-05-29T09:02:33.239+0000] {logging_mixin.py:151} INFO - [2026-05-29T09:02:33.238+0000] {dagbag.py:539} INFO - Filling up the DagBag from /opt/airflow/dags/wikitext_dag.py
[2026-05-29T09:02:33.253+0000] {processor.py:839} INFO - DAG(s) dict_keys(['data_lake_pipeline']) retrieved from /opt/airflow/dags/wikitext_dag.py
[2026-05-29T09:02:33.276+0000] {logging_mixin.py:151} INFO - [2026-05-29T09:02:33.276+0000] {dag.py:2915} INFO - Sync 1 DAGs
[2026-05-29T09:02:33.289+0000] {logging_mixin.py:151} INFO - [2026-05-29T09:02:33.289+0000] {dag.py:3696} INFO - Setting next_dagrun for data_lake_pipeline to 2025-01-01T00:00:00+00:00, run_after=2025-01-02T00:00:00+00:00
[2026-05-29T09:02:33.300+0000] {processor.py:179} INFO - Processing /opt/airflow/dags/wikitext_dag.py took 0.069 seconds
[2026-05-29T09:03:03.616+0000] {processor.py:157} INFO - Started process (PID=469) to work on /opt/airflow/dags/wikitext_dag.py
[2026-05-29T09:03:03.617+0000] {processor.py:829} INFO - Processing file /opt/airflow/dags/wikitext_dag.py for tasks to queue
[2026-05-29T09:03:03.619+0000] {logging_mixin.py:151} INFO - [2026-05-29T09:03:03.618+0000] {dagbag.py:539} INFO - Filling up the DagBag from /opt/airflow/dags/wikitext_dag.py
[2026-05-29T09:03:03.628+0000] {processor.py:839} INFO - DAG(s) dict_keys(['data_lake_pipeline']) retrieved from /opt/airflow/dags/wikitext_dag.py
[2026-05-29T09:03:03.646+0000] {logging_mixin.py:151} INFO - [2026-05-29T09:03:03.645+0000] {dag.py:2915} INFO - Sync 1 DAGs
[2026-05-29T09:03:03.658+0000] {logging_mixin.py:151} INFO - [2026-05-29T09:03:03.658+0000] {dag.py:3696} INFO - Setting next_dagrun for data_lake_pipeline to 2025-01-01T00:00:00+00:00, run_after=2025-01-02T00:00:00+00:00
[2026-05-29T09:03:03.670+0000] {processor.py:179} INFO - Processing /opt/airflow/dags/wikitext_dag.py took 0.057 seconds
[2026-05-29T09:03:33.940+0000] {processor.py:157} INFO - Started process (PID=479) to work on /opt/airflow/dags/wikitext_dag.py
[2026-05-29T09:03:33.943+0000] {processor.py:829} INFO - Processing file /opt/airflow/dags/wikitext_dag.py for tasks to queue
[2026-05-29T09:03:33.945+0000] {logging_mixin.py:151} INFO - [2026-05-29T09:03:33.943+0000] {dagbag.py:539} INFO - Filling up the DagBag from /opt/airflow/dags/wikitext_dag.py
[2026-05-29T09:03:33.964+0000] {processor.py:839} INFO - DAG(s) dict_keys(['data_lake_pipeline']) retrieved from /opt/airflow/dags/wikitext_dag.py
[2026-05-29T09:03:33.990+0000] {logging_mixin.py:151} INFO - [2026-05-29T09:03:33.990+0000] {dag.py:2915} INFO - Sync 1 DAGs
[2026-05-29T09:03:34.006+0000] {logging_mixin.py:151} INFO - [2026-05-29T09:03:34.006+0000] {dag.py:3696} INFO - Setting next_dagrun for data_lake_pipeline to 2025-01-01T00:00:00+00:00, run_after=2025-01-02T00:00:00+00:00
[2026-05-29T09:03:34.019+0000] {processor.py:179} INFO - Processing /opt/airflow/dags/wikitext_dag.py took 0.086 seconds
[2026-05-29T09:04:04.239+0000] {processor.py:157} INFO - Started process (PID=489) to work on /opt/airflow/dags/wikitext_dag.py
[2026-05-29T09:04:04.242+0000] {processor.py:829} INFO - Processing file /opt/airflow/dags/wikitext_dag.py for tasks to queue
[2026-05-29T09:04:04.243+0000] {logging_mixin.py:151} INFO - [2026-05-29T09:04:04.242+0000] {dagbag.py:539} INFO - Filling up the DagBag from /opt/airflow/dags/wikitext_dag.py
[2026-05-29T09:04:04.257+0000] {processor.py:839} INFO - DAG(s) dict_keys(['data_lake_pipeline']) retrieved from /opt/airflow/dags/wikitext_dag.py
[2026-05-29T09:04:04.281+0000] {logging_mixin.py:151} INFO - [2026-05-29T09:04:04.280+0000] {dag.py:2915} INFO - Sync 1 DAGs
[2026-05-29T09:04:04.294+0000] {logging_mixin.py:151} INFO - [2026-05-29T09:04:04.293+0000] {dag.py:3696} INFO - Setting next_dagrun for data_lake_pipeline to 2025-01-01T00:00:00+00:00, run_after=2025-01-02T00:00:00+00:00
[2026-05-29T09:04:04.304+0000] {processor.py:179} INFO - Processing /opt/airflow/dags/wikitext_dag.py took 0.070 seconds
[2026-05-29T09:04:34.534+0000] {processor.py:157} INFO - Started process (PID=499) to work on /opt/airflow/dags/wikitext_dag.py
[2026-05-29T09:04:34.536+0000] {processor.py:829} INFO - Processing file /opt/airflow/dags/wikitext_dag.py for tasks to queue
[2026-05-29T09:04:34.537+0000] {logging_mixin.py:151} INFO - [2026-05-29T09:04:34.537+0000] {dagbag.py:539} INFO - Filling up the DagBag from /opt/airflow/dags/wikitext_dag.py
[2026-05-29T09:04:34.553+0000] {processor.py:839} INFO - DAG(s) dict_keys(['data_lake_pipeline']) retrieved from /opt/airflow/dags/wikitext_dag.py
[2026-05-29T09:04:34.576+0000] {logging_mixin.py:151} INFO - [2026-05-29T09:04:34.576+0000] {dag.py:2915} INFO - Sync 1 DAGs
[2026-05-29T09:04:34.589+0000] {logging_mixin.py:151} INFO - [2026-05-29T09:04:34.589+0000] {dag.py:3696} INFO - Setting next_dagrun for data_lake_pipeline to 2025-01-01T00:00:00+00:00, run_after=2025-01-02T00:00:00+00:00
[2026-05-29T09:04:34.601+0000] {processor.py:179} INFO - Processing /opt/airflow/dags/wikitext_dag.py took 0.073 seconds
[2026-05-29T09:05:04.856+0000] {processor.py:157} INFO - Started process (PID=509) to work on /opt/airflow/dags/wikitext_dag.py
[2026-05-29T09:05:04.857+0000] {processor.py:829} INFO - Processing file /opt/airflow/dags/wikitext_dag.py for tasks to queue
[2026-05-29T09:05:04.858+0000] {logging_mixin.py:151} INFO - [2026-05-29T09:05:04.857+0000] {dagbag.py:539} INFO - Filling up the DagBag from /opt/airflow/dags/wikitext_dag.py
[2026-05-29T09:05:04.866+0000] {processor.py:839} INFO - DAG(s) dict_keys(['data_lake_pipeline']) retrieved from /opt/airflow/dags/wikitext_dag.py
[2026-05-29T09:05:04.883+0000] {logging_mixin.py:151} INFO - [2026-05-29T09:05:04.883+0000] {dag.py:2915} INFO - Sync 1 DAGs
[2026-05-29T09:05:04.895+0000] {logging_mixin.py:151} INFO - [2026-05-29T09:05:04.895+0000] {dag.py:3696} INFO - Setting next_dagrun for data_lake_pipeline to 2025-01-01T00:00:00+00:00, run_after=2025-01-02T00:00:00+00:00
[2026-05-29T09:05:04.906+0000] {processor.py:179} INFO - Processing /opt/airflow/dags/wikitext_dag.py took 0.052 seconds
[2026-05-29T09:05:35.209+0000] {processor.py:157} INFO - Started process (PID=519) to work on /opt/airflow/dags/wikitext_dag.py
[2026-05-29T09:05:35.210+0000] {processor.py:829} INFO - Processing file /opt/airflow/dags/wikitext_dag.py for tasks to queue
[2026-05-29T09:05:35.213+0000] {logging_mixin.py:151} INFO - [2026-05-29T09:05:35.212+0000] {dagbag.py:539} INFO - Filling up the DagBag from /opt/airflow/dags/wikitext_dag.py
[2026-05-29T09:05:35.227+0000] {processor.py:839} INFO - DAG(s) dict_keys(['data_lake_pipeline']) retrieved from /opt/airflow/dags/wikitext_dag.py
[2026-05-29T09:05:35.251+0000] {logging_mixin.py:151} INFO - [2026-05-29T09:05:35.251+0000] {dag.py:2915} INFO - Sync 1 DAGs
[2026-05-29T09:05:35.264+0000] {logging_mixin.py:151} INFO - [2026-05-29T09:05:35.264+0000] {dag.py:3696} INFO - Setting next_dagrun for data_lake_pipeline to 2025-01-01T00:00:00+00:00, run_after=2025-01-02T00:00:00+00:00
[2026-05-29T09:05:35.273+0000] {processor.py:179} INFO - Processing /opt/airflow/dags/wikitext_dag.py took 0.070 seconds
[2026-05-29T09:06:05.452+0000] {processor.py:157} INFO - Started process (PID=529) to work on /opt/airflow/dags/wikitext_dag.py
[2026-05-29T09:06:05.455+0000] {processor.py:829} INFO - Processing file /opt/airflow/dags/wikitext_dag.py for tasks to queue
[2026-05-29T09:06:05.457+0000] {logging_mixin.py:151} INFO - [2026-05-29T09:06:05.456+0000] {dagbag.py:539} INFO - Filling up the DagBag from /opt/airflow/dags/wikitext_dag.py
[2026-05-29T09:06:05.473+0000] {processor.py:839} INFO - DAG(s) dict_keys(['data_lake_pipeline']) retrieved from /opt/airflow/dags/wikitext_dag.py
[2026-05-29T09:06:05.498+0000] {logging_mixin.py:151} INFO - [2026-05-29T09:06:05.498+0000] {dag.py:2915} INFO - Sync 1 DAGs
[2026-05-29T09:06:05.512+0000] {logging_mixin.py:151} INFO - [2026-05-29T09:06:05.512+0000] {dag.py:3696} INFO - Setting next_dagrun for data_lake_pipeline to 2025-01-01T00:00:00+00:00, run_after=2025-01-02T00:00:00+00:00
[2026-05-29T09:06:05.524+0000] {processor.py:179} INFO - Processing /opt/airflow/dags/wikitext_dag.py took 0.077 seconds
[2026-05-29T09:06:35.733+0000] {processor.py:157} INFO - Started process (PID=539) to work on /opt/airflow/dags/wikitext_dag.py
[2026-05-29T09:06:35.734+0000] {processor.py:829} INFO - Processing file /opt/airflow/dags/wikitext_dag.py for tasks to queue
[2026-05-29T09:06:35.735+0000] {logging_mixin.py:151} INFO - [2026-05-29T09:06:35.735+0000] {dagbag.py:539} INFO - Filling up the DagBag from /opt/airflow/dags/wikitext_dag.py
[2026-05-29T09:06:35.750+0000] {processor.py:839} INFO - DAG(s) dict_keys(['data_lake_pipeline']) retrieved from /opt/airflow/dags/wikitext_dag.py
[2026-05-29T09:06:35.773+0000] {logging_mixin.py:151} INFO - [2026-05-29T09:06:35.773+0000] {dag.py:2915} INFO - Sync 1 DAGs
[2026-05-29T09:06:35.787+0000] {logging_mixin.py:151} INFO - [2026-05-29T09:06:35.787+0000] {dag.py:3696} INFO - Setting next_dagrun for data_lake_pipeline to 2025-01-01T00:00:00+00:00, run_after=2025-01-02T00:00:00+00:00
[2026-05-29T09:06:35.801+0000] {processor.py:179} INFO - Processing /opt/airflow/dags/wikitext_dag.py took 0.073 seconds
[2026-05-29T09:07:06.082+0000] {processor.py:157} INFO - Started process (PID=549) to work on /opt/airflow/dags/wikitext_dag.py
[2026-05-29T09:07:06.083+0000] {processor.py:829} INFO - Processing file /opt/airflow/dags/wikitext_dag.py for tasks to queue
[2026-05-29T09:07:06.085+0000] {logging_mixin.py:151} INFO - [2026-05-29T09:07:06.085+0000] {dagbag.py:539} INFO - Filling up the DagBag from /opt/airflow/dags/wikitext_dag.py
[2026-05-29T09:07:06.100+0000] {processor.py:839} INFO - DAG(s) dict_keys(['data_lake_pipeline']) retrieved from /opt/airflow/dags/wikitext_dag.py
[2026-05-29T09:07:06.124+0000] {logging_mixin.py:151} INFO - [2026-05-29T09:07:06.124+0000] {dag.py:2915} INFO - Sync 1 DAGs
[2026-05-29T09:07:06.136+0000] {logging_mixin.py:151} INFO - [2026-05-29T09:07:06.136+0000] {dag.py:3696} INFO - Setting next_dagrun for data_lake_pipeline to 2025-01-01T00:00:00+00:00, run_after=2025-01-02T00:00:00+00:00
[2026-05-29T09:07:06.149+0000] {processor.py:179} INFO - Processing /opt/airflow/dags/wikitext_dag.py took 0.072 seconds
[2026-05-29T09:07:36.362+0000] {processor.py:157} INFO - Started process (PID=559) to work on /opt/airflow/dags/wikitext_dag.py
[2026-05-29T09:07:36.364+0000] {processor.py:829} INFO - Processing file /opt/airflow/dags/wikitext_dag.py for tasks to queue
[2026-05-29T09:07:36.365+0000] {logging_mixin.py:151} INFO - [2026-05-29T09:07:36.365+0000] {dagbag.py:539} INFO - Filling up the DagBag from /opt/airflow/dags/wikitext_dag.py
[2026-05-29T09:07:36.377+0000] {processor.py:839} INFO - DAG(s) dict_keys(['data_lake_pipeline']) retrieved from /opt/airflow/dags/wikitext_dag.py
[2026-05-29T09:07:36.398+0000] {logging_mixin.py:151} INFO - [2026-05-29T09:07:36.398+0000] {dag.py:2915} INFO - Sync 1 DAGs
[2026-05-29T09:07:36.411+0000] {logging_mixin.py:151} INFO - [2026-05-29T09:07:36.411+0000] {dag.py:3696} INFO - Setting next_dagrun for data_lake_pipeline to 2025-01-01T00:00:00+00:00, run_after=2025-01-02T00:00:00+00:00
[2026-05-29T09:07:36.422+0000] {processor.py:179} INFO - Processing /opt/airflow/dags/wikitext_dag.py took 0.064 seconds
[2026-05-29T09:08:06.719+0000] {processor.py:157} INFO - Started process (PID=569) to work on /opt/airflow/dags/wikitext_dag.py
[2026-05-29T09:08:06.721+0000] {processor.py:829} INFO - Processing file /opt/airflow/dags/wikitext_dag.py for tasks to queue
[2026-05-29T09:08:06.723+0000] {logging_mixin.py:151} INFO - [2026-05-29T09:08:06.723+0000] {dagbag.py:539} INFO - Filling up the DagBag from /opt/airflow/dags/wikitext_dag.py
[2026-05-29T09:08:06.737+0000] {processor.py:839} INFO - DAG(s) dict_keys(['data_lake_pipeline']) retrieved from /opt/airflow/dags/wikitext_dag.py
[2026-05-29T09:08:06.762+0000] {logging_mixin.py:151} INFO - [2026-05-29T09:08:06.761+0000] {dag.py:2915} INFO - Sync 1 DAGs
[2026-05-29T09:08:06.774+0000] {logging_mixin.py:151} INFO - [2026-05-29T09:08:06.774+0000] {dag.py:3696} INFO - Setting next_dagrun for data_lake_pipeline to 2025-01-01T00:00:00+00:00, run_after=2025-01-02T00:00:00+00:00
[2026-05-29T09:08:06.787+0000] {processor.py:179} INFO - Processing /opt/airflow/dags/wikitext_dag.py took 0.072 seconds
[2026-05-29T09:08:37.018+0000] {processor.py:157} INFO - Started process (PID=579) to work on /opt/airflow/dags/wikitext_dag.py
[2026-05-29T09:08:37.019+0000] {processor.py:829} INFO - Processing file /opt/airflow/dags/wikitext_dag.py for tasks to queue
[2026-05-29T09:08:37.020+0000] {logging_mixin.py:151} INFO - [2026-05-29T09:08:37.020+0000] {dagbag.py:539} INFO - Filling up the DagBag from /opt/airflow/dags/wikitext_dag.py
[2026-05-29T09:08:37.035+0000] {processor.py:839} INFO - DAG(s) dict_keys(['data_lake_pipeline']) retrieved from /opt/airflow/dags/wikitext_dag.py
[2026-05-29T09:08:37.059+0000] {logging_mixin.py:151} INFO - [2026-05-29T09:08:37.059+0000] {dag.py:2915} INFO - Sync 1 DAGs
[2026-05-29T09:08:37.071+0000] {logging_mixin.py:151} INFO - [2026-05-29T09:08:37.071+0000] {dag.py:3696} INFO - Setting next_dagrun for data_lake_pipeline to 2025-01-01T00:00:00+00:00, run_after=2025-01-02T00:00:00+00:00
[2026-05-29T09:08:37.083+0000] {processor.py:179} INFO - Processing /opt/airflow/dags/wikitext_dag.py took 0.070 seconds
[2026-05-29T09:09:07.426+0000] {processor.py:157} INFO - Started process (PID=589) to work on /opt/airflow/dags/wikitext_dag.py
[2026-05-29T09:09:07.428+0000] {processor.py:829} INFO - Processing file /opt/airflow/dags/wikitext_dag.py for tasks to queue
[2026-05-29T09:09:07.431+0000] {logging_mixin.py:151} INFO - [2026-05-29T09:09:07.430+0000] {dagbag.py:539} INFO - Filling up the DagBag from /opt/airflow/dags/wikitext_dag.py
[2026-05-29T09:09:07.453+0000] {processor.py:839} INFO - DAG(s) dict_keys(['data_lake_pipeline']) retrieved from /opt/airflow/dags/wikitext_dag.py
[2026-05-29T09:09:07.484+0000] {logging_mixin.py:151} INFO - [2026-05-29T09:09:07.484+0000] {dag.py:2915} INFO - Sync 1 DAGs
[2026-05-29T09:09:07.502+0000] {logging_mixin.py:151} INFO - [2026-05-29T09:09:07.502+0000] {dag.py:3696} INFO - Setting next_dagrun for data_lake_pipeline to 2025-01-01T00:00:00+00:00, run_after=2025-01-02T00:00:00+00:00
[2026-05-29T09:09:07.514+0000] {processor.py:179} INFO - Processing /opt/airflow/dags/wikitext_dag.py took 0.096 seconds
[2026-05-29T09:09:37.823+0000] {processor.py:157} INFO - Started process (PID=599) to work on /opt/airflow/dags/wikitext_dag.py
[2026-05-29T09:09:37.825+0000] {processor.py:829} INFO - Processing file /opt/airflow/dags/wikitext_dag.py for tasks to queue
[2026-05-29T09:09:37.826+0000] {logging_mixin.py:151} INFO - [2026-05-29T09:09:37.826+0000] {dagbag.py:539} INFO - Filling up the DagBag from /opt/airflow/dags/wikitext_dag.py
[2026-05-29T09:09:37.841+0000] {processor.py:839} INFO - DAG(s) dict_keys(['data_lake_pipeline']) retrieved from /opt/airflow/dags/wikitext_dag.py
[2026-05-29T09:09:37.863+0000] {logging_mixin.py:151} INFO - [2026-05-29T09:09:37.863+0000] {dag.py:2915} INFO - Sync 1 DAGs
[2026-05-29T09:09:37.876+0000] {logging_mixin.py:151} INFO - [2026-05-29T09:09:37.876+0000] {dag.py:3696} INFO - Setting next_dagrun for data_lake_pipeline to 2025-01-01T00:00:00+00:00, run_after=2025-01-02T00:00:00+00:00
[2026-05-29T09:09:37.887+0000] {processor.py:179} INFO - Processing /opt/airflow/dags/wikitext_dag.py took 0.069 seconds
[2026-05-29T09:10:08.128+0000] {processor.py:157} INFO - Started process (PID=609) to work on /opt/airflow/dags/wikitext_dag.py
[2026-05-29T09:10:08.129+0000] {processor.py:829} INFO - Processing file /opt/airflow/dags/wikitext_dag.py for tasks to queue
[2026-05-29T09:10:08.132+0000] {logging_mixin.py:151} INFO - [2026-05-29T09:10:08.131+0000] {dagbag.py:539} INFO - Filling up the DagBag from /opt/airflow/dags/wikitext_dag.py
[2026-05-29T09:10:08.146+0000] {processor.py:839} INFO - DAG(s) dict_keys(['data_lake_pipeline']) retrieved from /opt/airflow/dags/wikitext_dag.py
[2026-05-29T09:10:08.169+0000] {logging_mixin.py:151} INFO - [2026-05-29T09:10:08.169+0000] {dag.py:2915} INFO - Sync 1 DAGs
[2026-05-29T09:10:08.182+0000] {logging_mixin.py:151} INFO - [2026-05-29T09:10:08.182+0000] {dag.py:3696} INFO - Setting next_dagrun for data_lake_pipeline to 2025-01-01T00:00:00+00:00, run_after=2025-01-02T00:00:00+00:00
[2026-05-29T09:10:08.196+0000] {processor.py:179} INFO - Processing /opt/airflow/dags/wikitext_dag.py took 0.073 seconds
[2026-05-29T09:10:38.465+0000] {processor.py:157} INFO - Started process (PID=619) to work on /opt/airflow/dags/wikitext_dag.py
[2026-05-29T09:10:38.472+0000] {processor.py:829} INFO - Processing file /opt/airflow/dags/wikitext_dag.py for tasks to queue
[2026-05-29T09:10:38.478+0000] {logging_mixin.py:151} INFO - [2026-05-29T09:10:38.475+0000] {dagbag.py:539} INFO - Filling up the DagBag from /opt/airflow/dags/wikitext_dag.py
[2026-05-29T09:10:38.499+0000] {processor.py:839} INFO - DAG(s) dict_keys(['data_lake_pipeline']) retrieved from /opt/airflow/dags/wikitext_dag.py
[2026-05-29T09:10:38.530+0000] {logging_mixin.py:151} INFO - [2026-05-29T09:10:38.530+0000] {dag.py:2915} INFO - Sync 1 DAGs
[2026-05-29T09:10:38.547+0000] {logging_mixin.py:151} INFO - [2026-05-29T09:10:38.547+0000] {dag.py:3696} INFO - Setting next_dagrun for data_lake_pipeline to 2025-01-01T00:00:00+00:00, run_after=2025-01-02T00:00:00+00:00
[2026-05-29T09:10:38.561+0000] {processor.py:179} INFO - Processing /opt/airflow/dags/wikitext_dag.py took 0.104 seconds
[2026-05-29T09:11:08.849+0000] {processor.py:157} INFO - Started process (PID=629) to work on /opt/airflow/dags/wikitext_dag.py
[2026-05-29T09:11:08.851+0000] {processor.py:829} INFO - Processing file /opt/airflow/dags/wikitext_dag.py for tasks to queue
[2026-05-29T09:11:08.853+0000] {logging_mixin.py:151} INFO - [2026-05-29T09:11:08.852+0000] {dagbag.py:539} INFO - Filling up the DagBag from /opt/airflow/dags/wikitext_dag.py
[2026-05-29T09:11:08.866+0000] {processor.py:839} INFO - DAG(s) dict_keys(['data_lake_pipeline']) retrieved from /opt/airflow/dags/wikitext_dag.py
[2026-05-29T09:11:08.891+0000] {logging_mixin.py:151} INFO - [2026-05-29T09:11:08.891+0000] {dag.py:2915} INFO - Sync 1 DAGs
[2026-05-29T09:11:08.904+0000] {logging_mixin.py:151} INFO - [2026-05-29T09:11:08.904+0000] {dag.py:3696} INFO - Setting next_dagrun for data_lake_pipeline to 2025-01-01T00:00:00+00:00, run_after=2025-01-02T00:00:00+00:00
[2026-05-29T09:11:08.916+0000] {processor.py:179} INFO - Processing /opt/airflow/dags/wikitext_dag.py took 0.071 seconds
[2026-05-29T09:11:39.250+0000] {processor.py:157} INFO - Started process (PID=639) to work on /opt/airflow/dags/wikitext_dag.py
[2026-05-29T09:11:39.252+0000] {processor.py:829} INFO - Processing file /opt/airflow/dags/wikitext_dag.py for tasks to queue
[2026-05-29T09:11:39.252+0000] {logging_mixin.py:151} INFO - [2026-05-29T09:11:39.252+0000] {dagbag.py:539} INFO - Filling up the DagBag from /opt/airflow/dags/wikitext_dag.py
[2026-05-29T09:11:39.267+0000] {processor.py:839} INFO - DAG(s) dict_keys(['data_lake_pipeline']) retrieved from /opt/airflow/dags/wikitext_dag.py
[2026-05-29T09:11:39.289+0000] {logging_mixin.py:151} INFO - [2026-05-29T09:11:39.289+0000] {dag.py:2915} INFO - Sync 1 DAGs
[2026-05-29T09:11:39.305+0000] {logging_mixin.py:151} INFO - [2026-05-29T09:11:39.305+0000] {dag.py:3696} INFO - Setting next_dagrun for data_lake_pipeline to 2025-01-01T00:00:00+00:00, run_after=2025-01-02T00:00:00+00:00
[2026-05-29T09:11:39.317+0000] {processor.py:179} INFO - Processing /opt/airflow/dags/wikitext_dag.py took 0.073 seconds
[2026-05-29T09:12:09.546+0000] {processor.py:157} INFO - Started process (PID=649) to work on /opt/airflow/dags/wikitext_dag.py
[2026-05-29T09:12:09.548+0000] {processor.py:829} INFO - Processing file /opt/airflow/dags/wikitext_dag.py for tasks to queue
[2026-05-29T09:12:09.549+0000] {logging_mixin.py:151} INFO - [2026-05-29T09:12:09.549+0000] {dagbag.py:539} INFO - Filling up the DagBag from /opt/airflow/dags/wikitext_dag.py
[2026-05-29T09:12:09.564+0000] {processor.py:839} INFO - DAG(s) dict_keys(['data_lake_pipeline']) retrieved from /opt/airflow/dags/wikitext_dag.py
[2026-05-29T09:12:09.589+0000] {logging_mixin.py:151} INFO - [2026-05-29T09:12:09.589+0000] {dag.py:2915} INFO - Sync 1 DAGs
[2026-05-29T09:12:09.603+0000] {logging_mixin.py:151} INFO - [2026-05-29T09:12:09.602+0000] {dag.py:3696} INFO - Setting next_dagrun for data_lake_pipeline to 2025-01-01T00:00:00+00:00, run_after=2025-01-02T00:00:00+00:00
[2026-05-29T09:12:09.613+0000] {processor.py:179} INFO - Processing /opt/airflow/dags/wikitext_dag.py took 0.073 seconds
[2026-05-29T09:12:39.866+0000] {processor.py:157} INFO - Started process (PID=659) to work on /opt/airflow/dags/wikitext_dag.py
[2026-05-29T09:12:39.868+0000] {processor.py:829} INFO - Processing file /opt/airflow/dags/wikitext_dag.py for tasks to queue
[2026-05-29T09:12:39.869+0000] {logging_mixin.py:151} INFO - [2026-05-29T09:12:39.869+0000] {dagbag.py:539} INFO - Filling up the DagBag from /opt/airflow/dags/wikitext_dag.py
[2026-05-29T09:12:39.885+0000] {processor.py:839} INFO - DAG(s) dict_keys(['data_lake_pipeline']) retrieved from /opt/airflow/dags/wikitext_dag.py
[2026-05-29T09:12:39.909+0000] {logging_mixin.py:151} INFO - [2026-05-29T09:12:39.908+0000] {dag.py:2915} INFO - Sync 1 DAGs
[2026-05-29T09:12:39.921+0000] {logging_mixin.py:151} INFO - [2026-05-29T09:12:39.921+0000] {dag.py:3696} INFO - Setting next_dagrun for data_lake_pipeline to 2025-01-01T00:00:00+00:00, run_after=2025-01-02T00:00:00+00:00
[2026-05-29T09:12:39.933+0000] {processor.py:179} INFO - Processing /opt/airflow/dags/wikitext_dag.py took 0.071 seconds
[2026-05-29T09:13:10.244+0000] {processor.py:157} INFO - Started process (PID=669) to work on /opt/airflow/dags/wikitext_dag.py
[2026-05-29T09:13:10.246+0000] {processor.py:829} INFO - Processing file /opt/airflow/dags/wikitext_dag.py for tasks to queue
[2026-05-29T09:13:10.248+0000] {logging_mixin.py:151} INFO - [2026-05-29T09:13:10.247+0000] {dagbag.py:539} INFO - Filling up the DagBag from /opt/airflow/dags/wikitext_dag.py
[2026-05-29T09:13:10.268+0000] {processor.py:839} INFO - DAG(s) dict_keys(['data_lake_pipeline']) retrieved from /opt/airflow/dags/wikitext_dag.py
[2026-05-29T09:13:10.298+0000] {logging_mixin.py:151} INFO - [2026-05-29T09:13:10.297+0000] {dag.py:2915} INFO - Sync 1 DAGs
[2026-05-29T09:13:10.313+0000] {logging_mixin.py:151} INFO - [2026-05-29T09:13:10.313+0000] {dag.py:3696} INFO - Setting next_dagrun for data_lake_pipeline to 2025-01-01T00:00:00+00:00, run_after=2025-01-02T00:00:00+00:00
[2026-05-29T09:13:10.327+0000] {processor.py:179} INFO - Processing /opt/airflow/dags/wikitext_dag.py took 0.092 seconds
[2026-05-29T09:13:40.654+0000] {processor.py:157} INFO - Started process (PID=679) to work on /opt/airflow/dags/wikitext_dag.py
[2026-05-29T09:13:40.656+0000] {processor.py:829} INFO - Processing file /opt/airflow/dags/wikitext_dag.py for tasks to queue
[2026-05-29T09:13:40.658+0000] {logging_mixin.py:151} INFO - [2026-05-29T09:13:40.657+0000] {dagbag.py:539} INFO - Filling up the DagBag from /opt/airflow/dags/wikitext_dag.py
[2026-05-29T09:13:40.670+0000] {processor.py:839} INFO - DAG(s) dict_keys(['data_lake_pipeline']) retrieved from /opt/airflow/dags/wikitext_dag.py
[2026-05-29T09:13:40.692+0000] {logging_mixin.py:151} INFO - [2026-05-29T09:13:40.692+0000] {dag.py:2915} INFO - Sync 1 DAGs
[2026-05-29T09:13:40.705+0000] {logging_mixin.py:151} INFO - [2026-05-29T09:13:40.705+0000] {dag.py:3696} INFO - Setting next_dagrun for data_lake_pipeline to 2025-01-01T00:00:00+00:00, run_after=2025-01-02T00:00:00+00:00
[2026-05-29T09:13:40.721+0000] {processor.py:179} INFO - Processing /opt/airflow/dags/wikitext_dag.py took 0.072 seconds
[2026-05-29T09:14:10.933+0000] {processor.py:157} INFO - Started process (PID=689) to work on /opt/airflow/dags/wikitext_dag.py
[2026-05-29T09:14:10.935+0000] {processor.py:829} INFO - Processing file /opt/airflow/dags/wikitext_dag.py for tasks to queue
[2026-05-29T09:14:10.936+0000] {logging_mixin.py:151} INFO - [2026-05-29T09:14:10.936+0000] {dagbag.py:539} INFO - Filling up the DagBag from /opt/airflow/dags/wikitext_dag.py
[2026-05-29T09:14:10.953+0000] {processor.py:839} INFO - DAG(s) dict_keys(['data_lake_pipeline']) retrieved from /opt/airflow/dags/wikitext_dag.py
[2026-05-29T09:14:10.979+0000] {logging_mixin.py:151} INFO - [2026-05-29T09:14:10.979+0000] {dag.py:2915} INFO - Sync 1 DAGs
[2026-05-29T09:14:10.997+0000] {logging_mixin.py:151} INFO - [2026-05-29T09:14:10.997+0000] {dag.py:3696} INFO - Setting next_dagrun for data_lake_pipeline to 2025-01-01T00:00:00+00:00, run_after=2025-01-02T00:00:00+00:00
[2026-05-29T09:14:11.014+0000] {processor.py:179} INFO - Processing /opt/airflow/dags/wikitext_dag.py took 0.087 seconds
[2026-05-29T09:14:41.252+0000] {processor.py:157} INFO - Started process (PID=699) to work on /opt/airflow/dags/wikitext_dag.py
[2026-05-29T09:14:41.254+0000] {processor.py:829} INFO - Processing file /opt/airflow/dags/wikitext_dag.py for tasks to queue
[2026-05-29T09:14:41.255+0000] {logging_mixin.py:151} INFO - [2026-05-29T09:14:41.254+0000] {dagbag.py:539} INFO - Filling up the DagBag from /opt/airflow/dags/wikitext_dag.py
[2026-05-29T09:14:41.269+0000] {processor.py:839} INFO - DAG(s) dict_keys(['data_lake_pipeline']) retrieved from /opt/airflow/dags/wikitext_dag.py
[2026-05-29T09:14:41.292+0000] {logging_mixin.py:151} INFO - [2026-05-29T09:14:41.292+0000] {dag.py:2915} INFO - Sync 1 DAGs
[2026-05-29T09:14:41.305+0000] {logging_mixin.py:151} INFO - [2026-05-29T09:14:41.305+0000] {dag.py:3696} INFO - Setting next_dagrun for data_lake_pipeline to 2025-01-01T00:00:00+00:00, run_after=2025-01-02T00:00:00+00:00
[2026-05-29T09:14:41.318+0000] {processor.py:179} INFO - Processing /opt/airflow/dags/wikitext_dag.py took 0.071 seconds
[2026-05-29T09:15:11.649+0000] {processor.py:157} INFO - Started process (PID=709) to work on /opt/airflow/dags/wikitext_dag.py
[2026-05-29T09:15:11.652+0000] {processor.py:829} INFO - Processing file /opt/airflow/dags/wikitext_dag.py for tasks to queue
[2026-05-29T09:15:11.653+0000] {logging_mixin.py:151} INFO - [2026-05-29T09:15:11.653+0000] {dagbag.py:539} INFO - Filling up the DagBag from /opt/airflow/dags/wikitext_dag.py
[2026-05-29T09:15:11.673+0000] {processor.py:839} INFO - DAG(s) dict_keys(['data_lake_pipeline']) retrieved from /opt/airflow/dags/wikitext_dag.py
[2026-05-29T09:15:11.703+0000] {logging_mixin.py:151} INFO - [2026-05-29T09:15:11.703+0000] {dag.py:2915} INFO - Sync 1 DAGs
[2026-05-29T09:15:11.721+0000] {logging_mixin.py:151} INFO - [2026-05-29T09:15:11.721+0000] {dag.py:3696} INFO - Setting next_dagrun for data_lake_pipeline to 2025-01-01T00:00:00+00:00, run_after=2025-01-02T00:00:00+00:00
[2026-05-29T09:15:11.733+0000] {processor.py:179} INFO - Processing /opt/airflow/dags/wikitext_dag.py took 0.093 seconds
[2026-05-29T09:15:41.965+0000] {processor.py:157} INFO - Started process (PID=719) to work on /opt/airflow/dags/wikitext_dag.py
[2026-05-29T09:15:41.968+0000] {processor.py:829} INFO - Processing file /opt/airflow/dags/wikitext_dag.py for tasks to queue
[2026-05-29T09:15:41.970+0000] {logging_mixin.py:151} INFO - [2026-05-29T09:15:41.970+0000] {dagbag.py:539} INFO - Filling up the DagBag from /opt/airflow/dags/wikitext_dag.py
[2026-05-29T09:15:41.986+0000] {processor.py:839} INFO - DAG(s) dict_keys(['data_lake_pipeline']) retrieved from /opt/airflow/dags/wikitext_dag.py
[2026-05-29T09:15:42.011+0000] {logging_mixin.py:151} INFO - [2026-05-29T09:15:42.011+0000] {dag.py:2915} INFO - Sync 1 DAGs
[2026-05-29T09:15:42.024+0000] {logging_mixin.py:151} INFO - [2026-05-29T09:15:42.023+0000] {dag.py:3696} INFO - Setting next_dagrun for data_lake_pipeline to 2025-01-01T00:00:00+00:00, run_after=2025-01-02T00:00:00+00:00
[2026-05-29T09:15:42.035+0000] {processor.py:179} INFO - Processing /opt/airflow/dags/wikitext_dag.py took 0.075 seconds
[2026-05-29T09:16:12.332+0000] {processor.py:157} INFO - Started process (PID=729) to work on /opt/airflow/dags/wikitext_dag.py
[2026-05-29T09:16:12.333+0000] {processor.py:829} INFO - Processing file /opt/airflow/dags/wikitext_dag.py for tasks to queue
[2026-05-29T09:16:12.335+0000] {logging_mixin.py:151} INFO - [2026-05-29T09:16:12.335+0000] {dagbag.py:539} INFO - Filling up the DagBag from /opt/airflow/dags/wikitext_dag.py
[2026-05-29T09:16:12.350+0000] {processor.py:839} INFO - DAG(s) dict_keys(['data_lake_pipeline']) retrieved from /opt/airflow/dags/wikitext_dag.py
[2026-05-29T09:16:12.373+0000] {logging_mixin.py:151} INFO - [2026-05-29T09:16:12.373+0000] {dag.py:2915} INFO - Sync 1 DAGs
[2026-05-29T09:16:12.385+0000] {logging_mixin.py:151} INFO - [2026-05-29T09:16:12.385+0000] {dag.py:3696} INFO - Setting next_dagrun for data_lake_pipeline to 2025-01-01T00:00:00+00:00, run_after=2025-01-02T00:00:00+00:00
[2026-05-29T09:16:12.395+0000] {processor.py:179} INFO - Processing /opt/airflow/dags/wikitext_dag.py took 0.068 seconds
[2026-05-29T09:16:42.679+0000] {processor.py:157} INFO - Started process (PID=739) to work on /opt/airflow/dags/wikitext_dag.py
[2026-05-29T09:16:42.681+0000] {processor.py:829} INFO - Processing file /opt/airflow/dags/wikitext_dag.py for tasks to queue
[2026-05-29T09:16:42.682+0000] {logging_mixin.py:151} INFO - [2026-05-29T09:16:42.681+0000] {dagbag.py:539} INFO - Filling up the DagBag from /opt/airflow/dags/wikitext_dag.py
[2026-05-29T09:16:42.703+0000] {processor.py:839} INFO - DAG(s) dict_keys(['data_lake_pipeline']) retrieved from /opt/airflow/dags/wikitext_dag.py
[2026-05-29T09:16:42.737+0000] {logging_mixin.py:151} INFO - [2026-05-29T09:16:42.737+0000] {dag.py:2915} INFO - Sync 1 DAGs
[2026-05-29T09:16:42.753+0000] {logging_mixin.py:151} INFO - [2026-05-29T09:16:42.753+0000] {dag.py:3696} INFO - Setting next_dagrun for data_lake_pipeline to 2025-01-01T00:00:00+00:00, run_after=2025-01-02T00:00:00+00:00
[2026-05-29T09:16:42.766+0000] {processor.py:179} INFO - Processing /opt/airflow/dags/wikitext_dag.py took 0.094 seconds
[2026-05-29T09:17:12.980+0000] {processor.py:157} INFO - Started process (PID=749) to work on /opt/airflow/dags/wikitext_dag.py
[2026-05-29T09:17:12.982+0000] {processor.py:829} INFO - Processing file /opt/airflow/dags/wikitext_dag.py for tasks to queue
[2026-05-29T09:17:12.984+0000] {logging_mixin.py:151} INFO - [2026-05-29T09:17:12.984+0000] {dagbag.py:539} INFO - Filling up the DagBag from /opt/airflow/dags/wikitext_dag.py
[2026-05-29T09:17:13.000+0000] {processor.py:839} INFO - DAG(s) dict_keys(['data_lake_pipeline']) retrieved from /opt/airflow/dags/wikitext_dag.py
[2026-05-29T09:17:13.023+0000] {logging_mixin.py:151} INFO - [2026-05-29T09:17:13.023+0000] {dag.py:2915} INFO - Sync 1 DAGs
[2026-05-29T09:17:13.038+0000] {logging_mixin.py:151} INFO - [2026-05-29T09:17:13.038+0000] {dag.py:3696} INFO - Setting next_dagrun for data_lake_pipeline to 2025-01-01T00:00:00+00:00, run_after=2025-01-02T00:00:00+00:00
[2026-05-29T09:17:13.050+0000] {processor.py:179} INFO - Processing /opt/airflow/dags/wikitext_dag.py took 0.076 seconds
[2026-05-29T09:17:43.423+0000] {processor.py:157} INFO - Started process (PID=759) to work on /opt/airflow/dags/wikitext_dag.py
[2026-05-29T09:17:43.425+0000] {processor.py:829} INFO - Processing file /opt/airflow/dags/wikitext_dag.py for tasks to queue
[2026-05-29T09:17:43.427+0000] {logging_mixin.py:151} INFO - [2026-05-29T09:17:43.426+0000] {dagbag.py:539} INFO - Filling up the DagBag from /opt/airflow/dags/wikitext_dag.py
[2026-05-29T09:17:43.442+0000] {processor.py:839} INFO - DAG(s) dict_keys(['data_lake_pipeline']) retrieved from /opt/airflow/dags/wikitext_dag.py
[2026-05-29T09:17:43.466+0000] {logging_mixin.py:151} INFO - [2026-05-29T09:17:43.465+0000] {dag.py:2915} INFO - Sync 1 DAGs
[2026-05-29T09:17:43.479+0000] {logging_mixin.py:151} INFO - [2026-05-29T09:17:43.479+0000] {dag.py:3696} INFO - Setting next_dagrun for data_lake_pipeline to 2025-01-01T00:00:00+00:00, run_after=2025-01-02T00:00:00+00:00
[2026-05-29T09:17:43.492+0000] {processor.py:179} INFO - Processing /opt/airflow/dags/wikitext_dag.py took 0.074 seconds
[2026-05-29T09:18:13.749+0000] {processor.py:157} INFO - Started process (PID=769) to work on /opt/airflow/dags/wikitext_dag.py
[2026-05-29T09:18:13.750+0000] {processor.py:829} INFO - Processing file /opt/airflow/dags/wikitext_dag.py for tasks to queue
[2026-05-29T09:18:13.752+0000] {logging_mixin.py:151} INFO - [2026-05-29T09:18:13.751+0000] {dagbag.py:539} INFO - Filling up the DagBag from /opt/airflow/dags/wikitext_dag.py
[2026-05-29T09:18:13.765+0000] {processor.py:839} INFO - DAG(s) dict_keys(['data_lake_pipeline']) retrieved from /opt/airflow/dags/wikitext_dag.py
[2026-05-29T09:18:13.787+0000] {logging_mixin.py:151} INFO - [2026-05-29T09:18:13.787+0000] {dag.py:2915} INFO - Sync 1 DAGs
[2026-05-29T09:18:13.800+0000] {logging_mixin.py:151} INFO - [2026-05-29T09:18:13.800+0000] {dag.py:3696} INFO - Setting next_dagrun for data_lake_pipeline to 2025-01-01T00:00:00+00:00, run_after=2025-01-02T00:00:00+00:00
[2026-05-29T09:18:13.812+0000] {processor.py:179} INFO - Processing /opt/airflow/dags/wikitext_dag.py took 0.068 seconds
[2026-05-29T09:18:44.092+0000] {processor.py:157} INFO - Started process (PID=779) to work on /opt/airflow/dags/wikitext_dag.py
[2026-05-29T09:18:44.094+0000] {processor.py:829} INFO - Processing file /opt/airflow/dags/wikitext_dag.py for tasks to queue
[2026-05-29T09:18:44.095+0000] {logging_mixin.py:151} INFO - [2026-05-29T09:18:44.095+0000] {dagbag.py:539} INFO - Filling up the DagBag from /opt/airflow/dags/wikitext_dag.py
[2026-05-29T09:18:44.116+0000] {processor.py:839} INFO - DAG(s) dict_keys(['data_lake_pipeline']) retrieved from /opt/airflow/dags/wikitext_dag.py
[2026-05-29T09:18:44.143+0000] {logging_mixin.py:151} INFO - [2026-05-29T09:18:44.143+0000] {dag.py:2915} INFO - Sync 1 DAGs
[2026-05-29T09:18:44.159+0000] {logging_mixin.py:151} INFO - [2026-05-29T09:18:44.159+0000] {dag.py:3696} INFO - Setting next_dagrun for data_lake_pipeline to 2025-01-01T00:00:00+00:00, run_after=2025-01-02T00:00:00+00:00
[2026-05-29T09:18:44.172+0000] {processor.py:179} INFO - Processing /opt/airflow/dags/wikitext_dag.py took 0.086 seconds
[2026-05-29T09:19:14.392+0000] {processor.py:157} INFO - Started process (PID=789) to work on /opt/airflow/dags/wikitext_dag.py
[2026-05-29T09:19:14.393+0000] {processor.py:829} INFO - Processing file /opt/airflow/dags/wikitext_dag.py for tasks to queue
[2026-05-29T09:19:14.394+0000] {logging_mixin.py:151} INFO - [2026-05-29T09:19:14.394+0000] {dagbag.py:539} INFO - Filling up the DagBag from /opt/airflow/dags/wikitext_dag.py
[2026-05-29T09:19:14.410+0000] {processor.py:839} INFO - DAG(s) dict_keys(['data_lake_pipeline']) retrieved from /opt/airflow/dags/wikitext_dag.py
[2026-05-29T09:19:14.433+0000] {logging_mixin.py:151} INFO - [2026-05-29T09:19:14.433+0000] {dag.py:2915} INFO - Sync 1 DAGs
[2026-05-29T09:19:14.445+0000] {logging_mixin.py:151} INFO - [2026-05-29T09:19:14.445+0000] {dag.py:3696} INFO - Setting next_dagrun for data_lake_pipeline to 2025-01-01T00:00:00+00:00, run_after=2025-01-02T00:00:00+00:00
[2026-05-29T09:19:14.454+0000] {processor.py:179} INFO - Processing /opt/airflow/dags/wikitext_dag.py took 0.066 seconds
[2026-05-29T09:19:44.690+0000] {processor.py:157} INFO - Started process (PID=799) to work on /opt/airflow/dags/wikitext_dag.py
[2026-05-29T09:19:44.692+0000] {processor.py:829} INFO - Processing file /opt/airflow/dags/wikitext_dag.py for tasks to queue
[2026-05-29T09:19:44.693+0000] {logging_mixin.py:151} INFO - [2026-05-29T09:19:44.692+0000] {dagbag.py:539} INFO - Filling up the DagBag from /opt/airflow/dags/wikitext_dag.py
[2026-05-29T09:19:44.710+0000] {processor.py:839} INFO - DAG(s) dict_keys(['data_lake_pipeline']) retrieved from /opt/airflow/dags/wikitext_dag.py
[2026-05-29T09:19:44.739+0000] {logging_mixin.py:151} INFO - [2026-05-29T09:19:44.739+0000] {dag.py:2915} INFO - Sync 1 DAGs
[2026-05-29T09:19:44.758+0000] {logging_mixin.py:151} INFO - [2026-05-29T09:19:44.758+0000] {dag.py:3696} INFO - Setting next_dagrun for data_lake_pipeline to 2025-01-01T00:00:00+00:00, run_after=2025-01-02T00:00:00+00:00
[2026-05-29T09:19:44.774+0000] {processor.py:179} INFO - Processing /opt/airflow/dags/wikitext_dag.py took 0.096 seconds
[2026-05-29T09:20:14.990+0000] {processor.py:157} INFO - Started process (PID=809) to work on /opt/airflow/dags/wikitext_dag.py
[2026-05-29T09:20:14.991+0000] {processor.py:829} INFO - Processing file /opt/airflow/dags/wikitext_dag.py for tasks to queue
[2026-05-29T09:20:14.994+0000] {logging_mixin.py:151} INFO - [2026-05-29T09:20:14.993+0000] {dagbag.py:539} INFO - Filling up the DagBag from /opt/airflow/dags/wikitext_dag.py
[2026-05-29T09:20:15.010+0000] {processor.py:839} INFO - DAG(s) dict_keys(['data_lake_pipeline']) retrieved from /opt/airflow/dags/wikitext_dag.py
[2026-05-29T09:20:15.038+0000] {logging_mixin.py:151} INFO - [2026-05-29T09:20:15.038+0000] {dag.py:2915} INFO - Sync 1 DAGs
[2026-05-29T09:20:15.054+0000] {logging_mixin.py:151} INFO - [2026-05-29T09:20:15.054+0000] {dag.py:3696} INFO - Setting next_dagrun for data_lake_pipeline to 2025-01-01T00:00:00+00:00, run_after=2025-01-02T00:00:00+00:00
[2026-05-29T09:20:15.067+0000] {processor.py:179} INFO - Processing /opt/airflow/dags/wikitext_dag.py took 0.085 seconds
[2026-05-29T09:20:45.293+0000] {processor.py:157} INFO - Started process (PID=819) to work on /opt/airflow/dags/wikitext_dag.py
[2026-05-29T09:20:45.296+0000] {processor.py:829} INFO - Processing file /opt/airflow/dags/wikitext_dag.py for tasks to queue
[2026-05-29T09:20:45.297+0000] {logging_mixin.py:151} INFO - [2026-05-29T09:20:45.297+0000] {dagbag.py:539} INFO - Filling up the DagBag from /opt/airflow/dags/wikitext_dag.py
[2026-05-29T09:20:45.311+0000] {processor.py:839} INFO - DAG(s) dict_keys(['data_lake_pipeline']) retrieved from /opt/airflow/dags/wikitext_dag.py
[2026-05-29T09:20:45.333+0000] {logging_mixin.py:151} INFO - [2026-05-29T09:20:45.333+0000] {dag.py:2915} INFO - Sync 1 DAGs
[2026-05-29T09:20:45.346+0000] {logging_mixin.py:151} INFO - [2026-05-29T09:20:45.346+0000] {dag.py:3696} INFO - Setting next_dagrun for data_lake_pipeline to 2025-01-01T00:00:00+00:00, run_after=2025-01-02T00:00:00+00:00
[2026-05-29T09:20:45.359+0000] {processor.py:179} INFO - Processing /opt/airflow/dags/wikitext_dag.py took 0.072 seconds
[2026-05-29T09:21:15.660+0000] {processor.py:157} INFO - Started process (PID=829) to work on /opt/airflow/dags/wikitext_dag.py
[2026-05-29T09:21:15.662+0000] {processor.py:829} INFO - Processing file /opt/airflow/dags/wikitext_dag.py for tasks to queue
[2026-05-29T09:21:15.665+0000] {logging_mixin.py:151} INFO - [2026-05-29T09:21:15.663+0000] {dagbag.py:539} INFO - Filling up the DagBag from /opt/airflow/dags/wikitext_dag.py
[2026-05-29T09:21:15.681+0000] {processor.py:839} INFO - DAG(s) dict_keys(['data_lake_pipeline']) retrieved from /opt/airflow/dags/wikitext_dag.py
[2026-05-29T09:21:15.704+0000] {logging_mixin.py:151} INFO - [2026-05-29T09:21:15.704+0000] {dag.py:2915} INFO - Sync 1 DAGs
[2026-05-29T09:21:15.719+0000] {logging_mixin.py:151} INFO - [2026-05-29T09:21:15.718+0000] {dag.py:3696} INFO - Setting next_dagrun for data_lake_pipeline to 2025-01-01T00:00:00+00:00, run_after=2025-01-02T00:00:00+00:00
[2026-05-29T09:21:15.730+0000] {processor.py:179} INFO - Processing /opt/airflow/dags/wikitext_dag.py took 0.078 seconds
[2026-05-29T09:21:46.031+0000] {processor.py:157} INFO - Started process (PID=839) to work on /opt/airflow/dags/wikitext_dag.py
[2026-05-29T09:21:46.034+0000] {processor.py:829} INFO - Processing file /opt/airflow/dags/wikitext_dag.py for tasks to queue
[2026-05-29T09:21:46.035+0000] {logging_mixin.py:151} INFO - [2026-05-29T09:21:46.035+0000] {dagbag.py:539} INFO - Filling up the DagBag from /opt/airflow/dags/wikitext_dag.py
[2026-05-29T09:21:46.058+0000] {processor.py:839} INFO - DAG(s) dict_keys(['data_lake_pipeline']) retrieved from /opt/airflow/dags/wikitext_dag.py
[2026-05-29T09:21:46.086+0000] {logging_mixin.py:151} INFO - [2026-05-29T09:21:46.086+0000] {dag.py:2915} INFO - Sync 1 DAGs
[2026-05-29T09:21:46.100+0000] {logging_mixin.py:151} INFO - [2026-05-29T09:21:46.100+0000] {dag.py:3696} INFO - Setting next_dagrun for data_lake_pipeline to 2025-01-01T00:00:00+00:00, run_after=2025-01-02T00:00:00+00:00
[2026-05-29T09:21:46.114+0000] {processor.py:179} INFO - Processing /opt/airflow/dags/wikitext_dag.py took 0.089 seconds
[2026-05-29T09:22:16.395+0000] {processor.py:157} INFO - Started process (PID=849) to work on /opt/airflow/dags/wikitext_dag.py
[2026-05-29T09:22:16.399+0000] {processor.py:829} INFO - Processing file /opt/airflow/dags/wikitext_dag.py for tasks to queue
[2026-05-29T09:22:16.400+0000] {logging_mixin.py:151} INFO - [2026-05-29T09:22:16.400+0000] {dagbag.py:539} INFO - Filling up the DagBag from /opt/airflow/dags/wikitext_dag.py
[2026-05-29T09:22:16.418+0000] {processor.py:839} INFO - DAG(s) dict_keys(['data_lake_pipeline']) retrieved from /opt/airflow/dags/wikitext_dag.py
[2026-05-29T09:22:16.446+0000] {logging_mixin.py:151} INFO - [2026-05-29T09:22:16.446+0000] {dag.py:2915} INFO - Sync 1 DAGs
[2026-05-29T09:22:16.462+0000] {logging_mixin.py:151} INFO - [2026-05-29T09:22:16.461+0000] {dag.py:3696} INFO - Setting next_dagrun for data_lake_pipeline to 2025-01-01T00:00:00+00:00, run_after=2025-01-02T00:00:00+00:00
[2026-05-29T09:22:16.476+0000] {processor.py:179} INFO - Processing /opt/airflow/dags/wikitext_dag.py took 0.090 seconds
[2026-05-29T09:22:46.886+0000] {processor.py:157} INFO - Started process (PID=859) to work on /opt/airflow/dags/wikitext_dag.py
[2026-05-29T09:22:46.888+0000] {processor.py:829} INFO - Processing file /opt/airflow/dags/wikitext_dag.py for tasks to queue
[2026-05-29T09:22:46.891+0000] {logging_mixin.py:151} INFO - [2026-05-29T09:22:46.889+0000] {dagbag.py:539} INFO - Filling up the DagBag from /opt/airflow/dags/wikitext_dag.py
[2026-05-29T09:22:46.914+0000] {processor.py:839} INFO - DAG(s) dict_keys(['data_lake_pipeline']) retrieved from /opt/airflow/dags/wikitext_dag.py
[2026-05-29T09:22:46.947+0000] {logging_mixin.py:151} INFO - [2026-05-29T09:22:46.947+0000] {dag.py:2915} INFO - Sync 1 DAGs
[2026-05-29T09:22:46.967+0000] {logging_mixin.py:151} INFO - [2026-05-29T09:22:46.967+0000] {dag.py:3696} INFO - Setting next_dagrun for data_lake_pipeline to 2025-01-01T00:00:00+00:00, run_after=2025-01-02T00:00:00+00:00
[2026-05-29T09:22:46.982+0000] {processor.py:179} INFO - Processing /opt/airflow/dags/wikitext_dag.py took 0.105 seconds
[2026-05-29T09:23:17.228+0000] {processor.py:157} INFO - Started process (PID=869) to work on /opt/airflow/dags/wikitext_dag.py
[2026-05-29T09:23:17.229+0000] {processor.py:829} INFO - Processing file /opt/airflow/dags/wikitext_dag.py for tasks to queue
[2026-05-29T09:23:17.230+0000] {logging_mixin.py:151} INFO - [2026-05-29T09:23:17.230+0000] {dagbag.py:539} INFO - Filling up the DagBag from /opt/airflow/dags/wikitext_dag.py
[2026-05-29T09:23:17.245+0000] {processor.py:839} INFO - DAG(s) dict_keys(['data_lake_pipeline']) retrieved from /opt/airflow/dags/wikitext_dag.py
[2026-05-29T09:23:17.271+0000] {logging_mixin.py:151} INFO - [2026-05-29T09:23:17.270+0000] {dag.py:2915} INFO - Sync 1 DAGs
[2026-05-29T09:23:17.285+0000] {logging_mixin.py:151} INFO - [2026-05-29T09:23:17.285+0000] {dag.py:3696} INFO - Setting next_dagrun for data_lake_pipeline to 2025-01-01T00:00:00+00:00, run_after=2025-01-02T00:00:00+00:00
[2026-05-29T09:23:17.296+0000] {processor.py:179} INFO - Processing /opt/airflow/dags/wikitext_dag.py took 0.074 seconds
[2026-05-29T09:23:47.579+0000] {processor.py:157} INFO - Started process (PID=879) to work on /opt/airflow/dags/wikitext_dag.py
[2026-05-29T09:23:47.582+0000] {processor.py:829} INFO - Processing file /opt/airflow/dags/wikitext_dag.py for tasks to queue
[2026-05-29T09:23:47.583+0000] {logging_mixin.py:151} INFO - [2026-05-29T09:23:47.582+0000] {dagbag.py:539} INFO - Filling up the DagBag from /opt/airflow/dags/wikitext_dag.py
[2026-05-29T09:23:47.597+0000] {processor.py:839} INFO - DAG(s) dict_keys(['data_lake_pipeline']) retrieved from /opt/airflow/dags/wikitext_dag.py
[2026-05-29T09:23:47.619+0000] {logging_mixin.py:151} INFO - [2026-05-29T09:23:47.619+0000] {dag.py:2915} INFO - Sync 1 DAGs
[2026-05-29T09:23:47.635+0000] {logging_mixin.py:151} INFO - [2026-05-29T09:23:47.635+0000] {dag.py:3696} INFO - Setting next_dagrun for data_lake_pipeline to 2025-01-01T00:00:00+00:00, run_after=2025-01-02T00:00:00+00:00
[2026-05-29T09:23:47.648+0000] {processor.py:179} INFO - Processing /opt/airflow/dags/wikitext_dag.py took 0.077 seconds
[2026-05-29T09:24:17.967+0000] {processor.py:157} INFO - Started process (PID=889) to work on /opt/airflow/dags/wikitext_dag.py
[2026-05-29T09:24:17.968+0000] {processor.py:829} INFO - Processing file /opt/airflow/dags/wikitext_dag.py for tasks to queue
[2026-05-29T09:24:17.970+0000] {logging_mixin.py:151} INFO - [2026-05-29T09:24:17.969+0000] {dagbag.py:539} INFO - Filling up the DagBag from /opt/airflow/dags/wikitext_dag.py
[2026-05-29T09:24:17.987+0000] {processor.py:839} INFO - DAG(s) dict_keys(['data_lake_pipeline']) retrieved from /opt/airflow/dags/wikitext_dag.py
[2026-05-29T09:24:18.020+0000] {logging_mixin.py:151} INFO - [2026-05-29T09:24:18.020+0000] {dag.py:2915} INFO - Sync 1 DAGs
[2026-05-29T09:24:18.042+0000] {logging_mixin.py:151} INFO - [2026-05-29T09:24:18.042+0000] {dag.py:3696} INFO - Setting next_dagrun for data_lake_pipeline to 2025-01-01T00:00:00+00:00, run_after=2025-01-02T00:00:00+00:00
[2026-05-29T09:24:18.059+0000] {processor.py:179} INFO - Processing /opt/airflow/dags/wikitext_dag.py took 0.099 seconds
[2026-05-29T09:24:48.417+0000] {processor.py:157} INFO - Started process (PID=899) to work on /opt/airflow/dags/wikitext_dag.py
[2026-05-29T09:24:48.418+0000] {processor.py:829} INFO - Processing file /opt/airflow/dags/wikitext_dag.py for tasks to queue
[2026-05-29T09:24:48.420+0000] {logging_mixin.py:151} INFO - [2026-05-29T09:24:48.419+0000] {dagbag.py:539} INFO - Filling up the DagBag from /opt/airflow/dags/wikitext_dag.py
[2026-05-29T09:24:48.437+0000] {processor.py:839} INFO - DAG(s) dict_keys(['data_lake_pipeline']) retrieved from /opt/airflow/dags/wikitext_dag.py
[2026-05-29T09:24:48.465+0000] {logging_mixin.py:151} INFO - [2026-05-29T09:24:48.465+0000] {dag.py:2915} INFO - Sync 1 DAGs
[2026-05-29T09:24:48.481+0000] {logging_mixin.py:151} INFO - [2026-05-29T09:24:48.481+0000] {dag.py:3696} INFO - Setting next_dagrun for data_lake_pipeline to 2025-01-01T00:00:00+00:00, run_after=2025-01-02T00:00:00+00:00
[2026-05-29T09:24:48.498+0000] {processor.py:179} INFO - Processing /opt/airflow/dags/wikitext_dag.py took 0.086 seconds
[2026-05-29T09:25:18.746+0000] {processor.py:157} INFO - Started process (PID=909) to work on /opt/airflow/dags/wikitext_dag.py
[2026-05-29T09:25:18.748+0000] {processor.py:829} INFO - Processing file /opt/airflow/dags/wikitext_dag.py for tasks to queue
[2026-05-29T09:25:18.750+0000] {logging_mixin.py:151} INFO - [2026-05-29T09:25:18.749+0000] {dagbag.py:539} INFO - Filling up the DagBag from /opt/airflow/dags/wikitext_dag.py
[2026-05-29T09:25:18.776+0000] {processor.py:839} INFO - DAG(s) dict_keys(['data_lake_pipeline']) retrieved from /opt/airflow/dags/wikitext_dag.py
[2026-05-29T09:25:18.813+0000] {logging_mixin.py:151} INFO - [2026-05-29T09:25:18.813+0000] {dag.py:2915} INFO - Sync 1 DAGs
[2026-05-29T09:25:18.836+0000] {logging_mixin.py:151} INFO - [2026-05-29T09:25:18.836+0000] {dag.py:3696} INFO - Setting next_dagrun for data_lake_pipeline to 2025-01-01T00:00:00+00:00, run_after=2025-01-02T00:00:00+00:00
[2026-05-29T09:25:18.853+0000] {processor.py:179} INFO - Processing /opt/airflow/dags/wikitext_dag.py took 0.112 seconds
[2026-05-29T09:25:49.065+0000] {processor.py:157} INFO - Started process (PID=919) to work on /opt/airflow/dags/wikitext_dag.py
[2026-05-29T09:25:49.067+0000] {processor.py:829} INFO - Processing file /opt/airflow/dags/wikitext_dag.py for tasks to queue
[2026-05-29T09:25:49.068+0000] {logging_mixin.py:151} INFO - [2026-05-29T09:25:49.068+0000] {dagbag.py:539} INFO - Filling up the DagBag from /opt/airflow/dags/wikitext_dag.py
[2026-05-29T09:25:49.081+0000] {processor.py:839} INFO - DAG(s) dict_keys(['data_lake_pipeline']) retrieved from /opt/airflow/dags/wikitext_dag.py
[2026-05-29T09:25:49.104+0000] {logging_mixin.py:151} INFO - [2026-05-29T09:25:49.104+0000] {dag.py:2915} INFO - Sync 1 DAGs
[2026-05-29T09:25:49.120+0000] {logging_mixin.py:151} INFO - [2026-05-29T09:25:49.120+0000] {dag.py:3696} INFO - Setting next_dagrun for data_lake_pipeline to 2025-01-01T00:00:00+00:00, run_after=2025-01-02T00:00:00+00:00
[2026-05-29T09:25:49.130+0000] {processor.py:179} INFO - Processing /opt/airflow/dags/wikitext_dag.py took 0.071 seconds
[2026-05-29T09:26:19.427+0000] {processor.py:157} INFO - Started process (PID=929) to work on /opt/airflow/dags/wikitext_dag.py
[2026-05-29T09:26:19.428+0000] {processor.py:829} INFO - Processing file /opt/airflow/dags/wikitext_dag.py for tasks to queue
[2026-05-29T09:26:19.430+0000] {logging_mixin.py:151} INFO - [2026-05-29T09:26:19.429+0000] {dagbag.py:539} INFO - Filling up the DagBag from /opt/airflow/dags/wikitext_dag.py
[2026-05-29T09:26:19.452+0000] {processor.py:839} INFO - DAG(s) dict_keys(['data_lake_pipeline']) retrieved from /opt/airflow/dags/wikitext_dag.py
[2026-05-29T09:26:19.486+0000] {logging_mixin.py:151} INFO - [2026-05-29T09:26:19.486+0000] {dag.py:2915} INFO - Sync 1 DAGs
[2026-05-29T09:26:19.503+0000] {logging_mixin.py:151} INFO - [2026-05-29T09:26:19.503+0000] {dag.py:3696} INFO - Setting next_dagrun for data_lake_pipeline to 2025-01-01T00:00:00+00:00, run_after=2025-01-02T00:00:00+00:00
[2026-05-29T09:26:19.520+0000] {processor.py:179} INFO - Processing /opt/airflow/dags/wikitext_dag.py took 0.103 seconds
[2026-05-29T09:26:49.843+0000] {processor.py:157} INFO - Started process (PID=939) to work on /opt/airflow/dags/wikitext_dag.py
[2026-05-29T09:26:49.846+0000] {processor.py:829} INFO - Processing file /opt/airflow/dags/wikitext_dag.py for tasks to queue
[2026-05-29T09:26:49.848+0000] {logging_mixin.py:151} INFO - [2026-05-29T09:26:49.847+0000] {dagbag.py:539} INFO - Filling up the DagBag from /opt/airflow/dags/wikitext_dag.py
[2026-05-29T09:26:49.863+0000] {processor.py:839} INFO - DAG(s) dict_keys(['data_lake_pipeline']) retrieved from /opt/airflow/dags/wikitext_dag.py
[2026-05-29T09:26:49.888+0000] {logging_mixin.py:151} INFO - [2026-05-29T09:26:49.887+0000] {dag.py:2915} INFO - Sync 1 DAGs
[2026-05-29T09:26:49.903+0000] {logging_mixin.py:151} INFO - [2026-05-29T09:26:49.903+0000] {dag.py:3696} INFO - Setting next_dagrun for data_lake_pipeline to 2025-01-01T00:00:00+00:00, run_after=2025-01-02T00:00:00+00:00
[2026-05-29T09:26:49.914+0000] {processor.py:179} INFO - Processing /opt/airflow/dags/wikitext_dag.py took 0.079 seconds
[2026-05-29T09:27:20.163+0000] {processor.py:157} INFO - Started process (PID=949) to work on /opt/airflow/dags/wikitext_dag.py
[2026-05-29T09:27:20.165+0000] {processor.py:829} INFO - Processing file /opt/airflow/dags/wikitext_dag.py for tasks to queue
[2026-05-29T09:27:20.167+0000] {logging_mixin.py:151} INFO - [2026-05-29T09:27:20.167+0000] {dagbag.py:539} INFO - Filling up the DagBag from /opt/airflow/dags/wikitext_dag.py
[2026-05-29T09:27:20.184+0000] {processor.py:839} INFO - DAG(s) dict_keys(['data_lake_pipeline']) retrieved from /opt/airflow/dags/wikitext_dag.py
[2026-05-29T09:27:20.217+0000] {logging_mixin.py:151} INFO - [2026-05-29T09:27:20.217+0000] {dag.py:2915} INFO - Sync 1 DAGs
[2026-05-29T09:27:20.234+0000] {logging_mixin.py:151} INFO - [2026-05-29T09:27:20.234+0000] {dag.py:3696} INFO - Setting next_dagrun for data_lake_pipeline to 2025-01-01T00:00:00+00:00, run_after=2025-01-02T00:00:00+00:00
[2026-05-29T09:27:20.247+0000] {processor.py:179} INFO - Processing /opt/airflow/dags/wikitext_dag.py took 0.089 seconds
[2026-05-29T09:27:50.461+0000] {processor.py:157} INFO - Started process (PID=959) to work on /opt/airflow/dags/wikitext_dag.py
[2026-05-29T09:27:50.462+0000] {processor.py:829} INFO - Processing file /opt/airflow/dags/wikitext_dag.py for tasks to queue
[2026-05-29T09:27:50.463+0000] {logging_mixin.py:151} INFO - [2026-05-29T09:27:50.462+0000] {dagbag.py:539} INFO - Filling up the DagBag from /opt/airflow/dags/wikitext_dag.py
[2026-05-29T09:27:50.477+0000] {processor.py:839} INFO - DAG(s) dict_keys(['data_lake_pipeline']) retrieved from /opt/airflow/dags/wikitext_dag.py
[2026-05-29T09:27:50.507+0000] {logging_mixin.py:151} INFO - [2026-05-29T09:27:50.506+0000] {dag.py:2915} INFO - Sync 1 DAGs
[2026-05-29T09:27:50.523+0000] {logging_mixin.py:151} INFO - [2026-05-29T09:27:50.523+0000] {dag.py:3696} INFO - Setting next_dagrun for data_lake_pipeline to 2025-01-01T00:00:00+00:00, run_after=2025-01-02T00:00:00+00:00
[2026-05-29T09:27:50.540+0000] {processor.py:179} INFO - Processing /opt/airflow/dags/wikitext_dag.py took 0.086 seconds
[2026-05-29T09:28:20.801+0000] {processor.py:157} INFO - Started process (PID=969) to work on /opt/airflow/dags/wikitext_dag.py
[2026-05-29T09:28:20.802+0000] {processor.py:829} INFO - Processing file /opt/airflow/dags/wikitext_dag.py for tasks to queue
[2026-05-29T09:28:20.803+0000] {logging_mixin.py:151} INFO - [2026-05-29T09:28:20.803+0000] {dagbag.py:539} INFO - Filling up the DagBag from /opt/airflow/dags/wikitext_dag.py
[2026-05-29T09:28:20.813+0000] {processor.py:839} INFO - DAG(s) dict_keys(['data_lake_pipeline']) retrieved from /opt/airflow/dags/wikitext_dag.py
[2026-05-29T09:28:20.837+0000] {logging_mixin.py:151} INFO - [2026-05-29T09:28:20.837+0000] {dag.py:2915} INFO - Sync 1 DAGs
[2026-05-29T09:28:20.855+0000] {logging_mixin.py:151} INFO - [2026-05-29T09:28:20.855+0000] {dag.py:3696} INFO - Setting next_dagrun for data_lake_pipeline to 2025-01-01T00:00:00+00:00, run_after=2025-01-02T00:00:00+00:00
[2026-05-29T09:28:20.872+0000] {processor.py:179} INFO - Processing /opt/airflow/dags/wikitext_dag.py took 0.075 seconds
[2026-05-29T09:28:51.103+0000] {processor.py:157} INFO - Started process (PID=979) to work on /opt/airflow/dags/wikitext_dag.py
[2026-05-29T09:28:51.104+0000] {processor.py:829} INFO - Processing file /opt/airflow/dags/wikitext_dag.py for tasks to queue
[2026-05-29T09:28:51.106+0000] {logging_mixin.py:151} INFO - [2026-05-29T09:28:51.106+0000] {dagbag.py:539} INFO - Filling up the DagBag from /opt/airflow/dags/wikitext_dag.py
[2026-05-29T09:28:51.122+0000] {processor.py:839} INFO - DAG(s) dict_keys(['data_lake_pipeline']) retrieved from /opt/airflow/dags/wikitext_dag.py
[2026-05-29T09:28:51.149+0000] {logging_mixin.py:151} INFO - [2026-05-29T09:28:51.149+0000] {dag.py:2915} INFO - Sync 1 DAGs
[2026-05-29T09:28:51.172+0000] {logging_mixin.py:151} INFO - [2026-05-29T09:28:51.172+0000] {dag.py:3696} INFO - Setting next_dagrun for data_lake_pipeline to 2025-01-01T00:00:00+00:00, run_after=2025-01-02T00:00:00+00:00
[2026-05-29T09:28:51.188+0000] {processor.py:179} INFO - Processing /opt/airflow/dags/wikitext_dag.py took 0.091 seconds
[2026-05-29T09:29:21.481+0000] {processor.py:157} INFO - Started process (PID=989) to work on /opt/airflow/dags/wikitext_dag.py
[2026-05-29T09:29:21.483+0000] {processor.py:829} INFO - Processing file /opt/airflow/dags/wikitext_dag.py for tasks to queue
[2026-05-29T09:29:21.484+0000] {logging_mixin.py:151} INFO - [2026-05-29T09:29:21.483+0000] {dagbag.py:539} INFO - Filling up the DagBag from /opt/airflow/dags/wikitext_dag.py
[2026-05-29T09:29:21.498+0000] {processor.py:839} INFO - DAG(s) dict_keys(['data_lake_pipeline']) retrieved from /opt/airflow/dags/wikitext_dag.py
[2026-05-29T09:29:21.522+0000] {logging_mixin.py:151} INFO - [2026-05-29T09:29:21.522+0000] {dag.py:2915} INFO - Sync 1 DAGs
[2026-05-29T09:29:21.537+0000] {logging_mixin.py:151} INFO - [2026-05-29T09:29:21.537+0000] {dag.py:3696} INFO - Setting next_dagrun for data_lake_pipeline to 2025-01-01T00:00:00+00:00, run_after=2025-01-02T00:00:00+00:00
[2026-05-29T09:29:21.549+0000] {processor.py:179} INFO - Processing /opt/airflow/dags/wikitext_dag.py took 0.074 seconds
[2026-05-29T09:29:51.844+0000] {processor.py:157} INFO - Started process (PID=999) to work on /opt/airflow/dags/wikitext_dag.py
[2026-05-29T09:29:51.846+0000] {processor.py:829} INFO - Processing file /opt/airflow/dags/wikitext_dag.py for tasks to queue
[2026-05-29T09:29:51.847+0000] {logging_mixin.py:151} INFO - [2026-05-29T09:29:51.846+0000] {dagbag.py:539} INFO - Filling up the DagBag from /opt/airflow/dags/wikitext_dag.py
[2026-05-29T09:29:51.862+0000] {processor.py:839} INFO - DAG(s) dict_keys(['data_lake_pipeline']) retrieved from /opt/airflow/dags/wikitext_dag.py
[2026-05-29T09:29:51.887+0000] {logging_mixin.py:151} INFO - [2026-05-29T09:29:51.887+0000] {dag.py:2915} INFO - Sync 1 DAGs
[2026-05-29T09:29:51.900+0000] {logging_mixin.py:151} INFO - [2026-05-29T09:29:51.900+0000] {dag.py:3696} INFO - Setting next_dagrun for data_lake_pipeline to 2025-01-01T00:00:00+00:00, run_after=2025-01-02T00:00:00+00:00
[2026-05-29T09:29:51.909+0000] {processor.py:179} INFO - Processing /opt/airflow/dags/wikitext_dag.py took 0.070 seconds
[2026-05-29T09:30:22.140+0000] {processor.py:157} INFO - Started process (PID=1009) to work on /opt/airflow/dags/wikitext_dag.py
[2026-05-29T09:30:22.142+0000] {processor.py:829} INFO - Processing file /opt/airflow/dags/wikitext_dag.py for tasks to queue
[2026-05-29T09:30:22.145+0000] {logging_mixin.py:151} INFO - [2026-05-29T09:30:22.144+0000] {dagbag.py:539} INFO - Filling up the DagBag from /opt/airflow/dags/wikitext_dag.py
[2026-05-29T09:30:22.171+0000] {processor.py:839} INFO - DAG(s) dict_keys(['data_lake_pipeline']) retrieved from /opt/airflow/dags/wikitext_dag.py
[2026-05-29T09:30:22.213+0000] {logging_mixin.py:151} INFO - [2026-05-29T09:30:22.213+0000] {dag.py:2915} INFO - Sync 1 DAGs
[2026-05-29T09:30:22.231+0000] {logging_mixin.py:151} INFO - [2026-05-29T09:30:22.231+0000] {dag.py:3696} INFO - Setting next_dagrun for data_lake_pipeline to 2025-01-01T00:00:00+00:00, run_after=2025-01-02T00:00:00+00:00
[2026-05-29T09:30:22.245+0000] {processor.py:179} INFO - Processing /opt/airflow/dags/wikitext_dag.py took 0.111 seconds
[2026-05-29T09:30:52.626+0000] {processor.py:157} INFO - Started process (PID=1019) to work on /opt/airflow/dags/wikitext_dag.py
[2026-05-29T09:30:52.628+0000] {processor.py:829} INFO - Processing file /opt/airflow/dags/wikitext_dag.py for tasks to queue
[2026-05-29T09:30:52.630+0000] {logging_mixin.py:151} INFO - [2026-05-29T09:30:52.630+0000] {dagbag.py:539} INFO - Filling up the DagBag from /opt/airflow/dags/wikitext_dag.py
[2026-05-29T09:30:52.651+0000] {processor.py:839} INFO - DAG(s) dict_keys(['data_lake_pipeline']) retrieved from /opt/airflow/dags/wikitext_dag.py
[2026-05-29T09:30:52.699+0000] {logging_mixin.py:151} INFO - [2026-05-29T09:30:52.699+0000] {dag.py:2915} INFO - Sync 1 DAGs
[2026-05-29T09:30:52.719+0000] {logging_mixin.py:151} INFO - [2026-05-29T09:30:52.719+0000] {dag.py:3696} INFO - Setting next_dagrun for data_lake_pipeline to 2025-01-01T00:00:00+00:00, run_after=2025-01-02T00:00:00+00:00
[2026-05-29T09:30:52.733+0000] {processor.py:179} INFO - Processing /opt/airflow/dags/wikitext_dag.py took 0.117 seconds
[2026-05-29T09:31:22.951+0000] {processor.py:157} INFO - Started process (PID=1029) to work on /opt/airflow/dags/wikitext_dag.py
[2026-05-29T09:31:22.952+0000] {processor.py:829} INFO - Processing file /opt/airflow/dags/wikitext_dag.py for tasks to queue
[2026-05-29T09:31:22.954+0000] {logging_mixin.py:151} INFO - [2026-05-29T09:31:22.953+0000] {dagbag.py:539} INFO - Filling up the DagBag from /opt/airflow/dags/wikitext_dag.py
[2026-05-29T09:31:22.972+0000] {processor.py:839} INFO - DAG(s) dict_keys(['data_lake_pipeline']) retrieved from /opt/airflow/dags/wikitext_dag.py
[2026-05-29T09:31:22.995+0000] {logging_mixin.py:151} INFO - [2026-05-29T09:31:22.995+0000] {dag.py:2915} INFO - Sync 1 DAGs
[2026-05-29T09:31:23.009+0000] {logging_mixin.py:151} INFO - [2026-05-29T09:31:23.008+0000] {dag.py:3696} INFO - Setting next_dagrun for data_lake_pipeline to 2025-01-01T00:00:00+00:00, run_after=2025-01-02T00:00:00+00:00
[2026-05-29T09:31:23.021+0000] {processor.py:179} INFO - Processing /opt/airflow/dags/wikitext_dag.py took 0.077 seconds
[2026-05-29T09:31:53.295+0000] {processor.py:157} INFO - Started process (PID=1039) to work on /opt/airflow/dags/wikitext_dag.py
[2026-05-29T09:31:53.297+0000] {processor.py:829} INFO - Processing file /opt/airflow/dags/wikitext_dag.py for tasks to queue
[2026-05-29T09:31:53.299+0000] {logging_mixin.py:151} INFO - [2026-05-29T09:31:53.299+0000] {dagbag.py:539} INFO - Filling up the DagBag from /opt/airflow/dags/wikitext_dag.py
[2026-05-29T09:31:53.315+0000] {processor.py:839} INFO - DAG(s) dict_keys(['data_lake_pipeline']) retrieved from /opt/airflow/dags/wikitext_dag.py
[2026-05-29T09:31:53.339+0000] {logging_mixin.py:151} INFO - [2026-05-29T09:31:53.339+0000] {dag.py:2915} INFO - Sync 1 DAGs
[2026-05-29T09:31:53.352+0000] {logging_mixin.py:151} INFO - [2026-05-29T09:31:53.352+0000] {dag.py:3696} INFO - Setting next_dagrun for data_lake_pipeline to 2025-01-01T00:00:00+00:00, run_after=2025-01-02T00:00:00+00:00
[2026-05-29T09:31:53.364+0000] {processor.py:179} INFO - Processing /opt/airflow/dags/wikitext_dag.py took 0.075 seconds
[2026-05-29T09:32:23.637+0000] {processor.py:157} INFO - Started process (PID=1049) to work on /opt/airflow/dags/wikitext_dag.py
[2026-05-29T09:32:23.639+0000] {processor.py:829} INFO - Processing file /opt/airflow/dags/wikitext_dag.py for tasks to queue
[2026-05-29T09:32:23.641+0000] {logging_mixin.py:151} INFO - [2026-05-29T09:32:23.640+0000] {dagbag.py:539} INFO - Filling up the DagBag from /opt/airflow/dags/wikitext_dag.py
[2026-05-29T09:32:23.662+0000] {processor.py:839} INFO - DAG(s) dict_keys(['data_lake_pipeline']) retrieved from /opt/airflow/dags/wikitext_dag.py
[2026-05-29T09:32:23.686+0000] {logging_mixin.py:151} INFO - [2026-05-29T09:32:23.686+0000] {dag.py:2915} INFO - Sync 1 DAGs
[2026-05-29T09:32:23.699+0000] {logging_mixin.py:151} INFO - [2026-05-29T09:32:23.699+0000] {dag.py:3696} INFO - Setting next_dagrun for data_lake_pipeline to 2025-01-01T00:00:00+00:00, run_after=2025-01-02T00:00:00+00:00
[2026-05-29T09:32:23.710+0000] {processor.py:179} INFO - Processing /opt/airflow/dags/wikitext_dag.py took 0.079 seconds
[2026-05-29T09:32:53.978+0000] {processor.py:157} INFO - Started process (PID=1059) to work on /opt/airflow/dags/wikitext_dag.py
[2026-05-29T09:32:53.980+0000] {processor.py:829} INFO - Processing file /opt/airflow/dags/wikitext_dag.py for tasks to queue
[2026-05-29T09:32:53.981+0000] {logging_mixin.py:151} INFO - [2026-05-29T09:32:53.981+0000] {dagbag.py:539} INFO - Filling up the DagBag from /opt/airflow/dags/wikitext_dag.py
[2026-05-29T09:32:53.999+0000] {processor.py:839} INFO - DAG(s) dict_keys(['data_lake_pipeline']) retrieved from /opt/airflow/dags/wikitext_dag.py
[2026-05-29T09:32:54.028+0000] {logging_mixin.py:151} INFO - [2026-05-29T09:32:54.028+0000] {dag.py:2915} INFO - Sync 1 DAGs
[2026-05-29T09:32:54.048+0000] {logging_mixin.py:151} INFO - [2026-05-29T09:32:54.048+0000] {dag.py:3696} INFO - Setting next_dagrun for data_lake_pipeline to 2025-01-01T00:00:00+00:00, run_after=2025-01-02T00:00:00+00:00
[2026-05-29T09:32:54.061+0000] {processor.py:179} INFO - Processing /opt/airflow/dags/wikitext_dag.py took 0.087 seconds
[2026-05-29T09:33:24.324+0000] {processor.py:157} INFO - Started process (PID=1069) to work on /opt/airflow/dags/wikitext_dag.py
[2026-05-29T09:33:24.327+0000] {processor.py:829} INFO - Processing file /opt/airflow/dags/wikitext_dag.py for tasks to queue
[2026-05-29T09:33:24.328+0000] {logging_mixin.py:151} INFO - [2026-05-29T09:33:24.328+0000] {dagbag.py:539} INFO - Filling up the DagBag from /opt/airflow/dags/wikitext_dag.py
[2026-05-29T09:33:24.349+0000] {processor.py:839} INFO - DAG(s) dict_keys(['data_lake_pipeline']) retrieved from /opt/airflow/dags/wikitext_dag.py
[2026-05-29T09:33:24.379+0000] {logging_mixin.py:151} INFO - [2026-05-29T09:33:24.379+0000] {dag.py:2915} INFO - Sync 1 DAGs
[2026-05-29T09:33:24.397+0000] {logging_mixin.py:151} INFO - [2026-05-29T09:33:24.397+0000] {dag.py:3696} INFO - Setting next_dagrun for data_lake_pipeline to 2025-01-01T00:00:00+00:00, run_after=2025-01-02T00:00:00+00:00
[2026-05-29T09:33:24.408+0000] {processor.py:179} INFO - Processing /opt/airflow/dags/wikitext_dag.py took 0.094 seconds
[2026-05-29T09:33:54.629+0000] {processor.py:157} INFO - Started process (PID=1079) to work on /opt/airflow/dags/wikitext_dag.py
[2026-05-29T09:33:54.631+0000] {processor.py:829} INFO - Processing file /opt/airflow/dags/wikitext_dag.py for tasks to queue
[2026-05-29T09:33:54.633+0000] {logging_mixin.py:151} INFO - [2026-05-29T09:33:54.633+0000] {dagbag.py:539} INFO - Filling up the DagBag from /opt/airflow/dags/wikitext_dag.py
[2026-05-29T09:33:54.659+0000] {processor.py:839} INFO - DAG(s) dict_keys(['data_lake_pipeline']) retrieved from /opt/airflow/dags/wikitext_dag.py
[2026-05-29T09:33:54.701+0000] {logging_mixin.py:151} INFO - [2026-05-29T09:33:54.701+0000] {dag.py:2915} INFO - Sync 1 DAGs
[2026-05-29T09:33:54.723+0000] {logging_mixin.py:151} INFO - [2026-05-29T09:33:54.723+0000] {dag.py:3696} INFO - Setting next_dagrun for data_lake_pipeline to 2025-01-01T00:00:00+00:00, run_after=2025-01-02T00:00:00+00:00
[2026-05-29T09:33:54.736+0000] {processor.py:179} INFO - Processing /opt/airflow/dags/wikitext_dag.py took 0.121 seconds
[2026-05-29T09:34:24.926+0000] {processor.py:157} INFO - Started process (PID=1089) to work on /opt/airflow/dags/wikitext_dag.py
[2026-05-29T09:34:24.927+0000] {processor.py:829} INFO - Processing file /opt/airflow/dags/wikitext_dag.py for tasks to queue
[2026-05-29T09:34:24.928+0000] {logging_mixin.py:151} INFO - [2026-05-29T09:34:24.928+0000] {dagbag.py:539} INFO - Filling up the DagBag from /opt/airflow/dags/wikitext_dag.py
[2026-05-29T09:34:24.944+0000] {processor.py:839} INFO - DAG(s) dict_keys(['data_lake_pipeline']) retrieved from /opt/airflow/dags/wikitext_dag.py
[2026-05-29T09:34:24.970+0000] {logging_mixin.py:151} INFO - [2026-05-29T09:34:24.970+0000] {dag.py:2915} INFO - Sync 1 DAGs
[2026-05-29T09:34:24.984+0000] {logging_mixin.py:151} INFO - [2026-05-29T09:34:24.984+0000] {dag.py:3696} INFO - Setting next_dagrun for data_lake_pipeline to 2025-01-01T00:00:00+00:00, run_after=2025-01-02T00:00:00+00:00
[2026-05-29T09:34:24.995+0000] {processor.py:179} INFO - Processing /opt/airflow/dags/wikitext_dag.py took 0.074 seconds
[2026-05-29T09:34:55.264+0000] {processor.py:157} INFO - Started process (PID=1099) to work on /opt/airflow/dags/wikitext_dag.py
[2026-05-29T09:34:55.266+0000] {processor.py:829} INFO - Processing file /opt/airflow/dags/wikitext_dag.py for tasks to queue
[2026-05-29T09:34:55.269+0000] {logging_mixin.py:151} INFO - [2026-05-29T09:34:55.268+0000] {dagbag.py:539} INFO - Filling up the DagBag from /opt/airflow/dags/wikitext_dag.py
[2026-05-29T09:34:55.283+0000] {processor.py:839} INFO - DAG(s) dict_keys(['data_lake_pipeline']) retrieved from /opt/airflow/dags/wikitext_dag.py
[2026-05-29T09:34:55.308+0000] {logging_mixin.py:151} INFO - [2026-05-29T09:34:55.308+0000] {dag.py:2915} INFO - Sync 1 DAGs
[2026-05-29T09:34:55.322+0000] {logging_mixin.py:151} INFO - [2026-05-29T09:34:55.322+0000] {dag.py:3696} INFO - Setting next_dagrun for data_lake_pipeline to 2025-01-01T00:00:00+00:00, run_after=2025-01-02T00:00:00+00:00
[2026-05-29T09:34:55.335+0000] {processor.py:179} INFO - Processing /opt/airflow/dags/wikitext_dag.py took 0.075 seconds
[2026-05-29T09:35:25.680+0000] {processor.py:157} INFO - Started process (PID=1109) to work on /opt/airflow/dags/wikitext_dag.py
[2026-05-29T09:35:25.682+0000] {processor.py:829} INFO - Processing file /opt/airflow/dags/wikitext_dag.py for tasks to queue
[2026-05-29T09:35:25.683+0000] {logging_mixin.py:151} INFO - [2026-05-29T09:35:25.683+0000] {dagbag.py:539} INFO - Filling up the DagBag from /opt/airflow/dags/wikitext_dag.py
[2026-05-29T09:35:25.699+0000] {processor.py:839} INFO - DAG(s) dict_keys(['data_lake_pipeline']) retrieved from /opt/airflow/dags/wikitext_dag.py
[2026-05-29T09:35:25.719+0000] {logging_mixin.py:151} INFO - [2026-05-29T09:35:25.718+0000] {dag.py:2915} INFO - Sync 1 DAGs
[2026-05-29T09:35:25.730+0000] {logging_mixin.py:151} INFO - [2026-05-29T09:35:25.730+0000] {dag.py:3696} INFO - Setting next_dagrun for data_lake_pipeline to 2025-01-01T00:00:00+00:00, run_after=2025-01-02T00:00:00+00:00
[2026-05-29T09:35:25.739+0000] {processor.py:179} INFO - Processing /opt/airflow/dags/wikitext_dag.py took 0.064 seconds
[2026-05-29T09:35:56.042+0000] {processor.py:157} INFO - Started process (PID=1119) to work on /opt/airflow/dags/wikitext_dag.py
[2026-05-29T09:35:56.044+0000] {processor.py:829} INFO - Processing file /opt/airflow/dags/wikitext_dag.py for tasks to queue
[2026-05-29T09:35:56.046+0000] {logging_mixin.py:151} INFO - [2026-05-29T09:35:56.046+0000] {dagbag.py:539} INFO - Filling up the DagBag from /opt/airflow/dags/wikitext_dag.py
[2026-05-29T09:35:56.058+0000] {processor.py:839} INFO - DAG(s) dict_keys(['data_lake_pipeline']) retrieved from /opt/airflow/dags/wikitext_dag.py
[2026-05-29T09:35:56.081+0000] {logging_mixin.py:151} INFO - [2026-05-29T09:35:56.081+0000] {dag.py:2915} INFO - Sync 1 DAGs
[2026-05-29T09:35:56.093+0000] {logging_mixin.py:151} INFO - [2026-05-29T09:35:56.093+0000] {dag.py:3696} INFO - Setting next_dagrun for data_lake_pipeline to 2025-01-01T00:00:00+00:00, run_after=2025-01-02T00:00:00+00:00
[2026-05-29T09:35:56.105+0000] {processor.py:179} INFO - Processing /opt/airflow/dags/wikitext_dag.py took 0.067 seconds
[2026-05-29T09:36:26.493+0000] {processor.py:157} INFO - Started process (PID=1129) to work on /opt/airflow/dags/wikitext_dag.py
[2026-05-29T09:36:26.495+0000] {processor.py:829} INFO - Processing file /opt/airflow/dags/wikitext_dag.py for tasks to queue
[2026-05-29T09:36:26.498+0000] {logging_mixin.py:151} INFO - [2026-05-29T09:36:26.497+0000] {dagbag.py:539} INFO - Filling up the DagBag from /opt/airflow/dags/wikitext_dag.py
[2026-05-29T09:36:26.518+0000] {processor.py:839} INFO - DAG(s) dict_keys(['data_lake_pipeline']) retrieved from /opt/airflow/dags/wikitext_dag.py
[2026-05-29T09:36:26.546+0000] {logging_mixin.py:151} INFO - [2026-05-29T09:36:26.546+0000] {dag.py:2915} INFO - Sync 1 DAGs
[2026-05-29T09:36:26.561+0000] {logging_mixin.py:151} INFO - [2026-05-29T09:36:26.561+0000] {dag.py:3696} INFO - Setting next_dagrun for data_lake_pipeline to 2025-01-01T00:00:00+00:00, run_after=2025-01-02T00:00:00+00:00
[2026-05-29T09:36:26.574+0000] {processor.py:179} INFO - Processing /opt/airflow/dags/wikitext_dag.py took 0.089 seconds
[2026-05-29T09:36:56.811+0000] {processor.py:157} INFO - Started process (PID=1139) to work on /opt/airflow/dags/wikitext_dag.py
[2026-05-29T09:36:56.813+0000] {processor.py:829} INFO - Processing file /opt/airflow/dags/wikitext_dag.py for tasks to queue
[2026-05-29T09:36:56.814+0000] {logging_mixin.py:151} INFO - [2026-05-29T09:36:56.813+0000] {dagbag.py:539} INFO - Filling up the DagBag from /opt/airflow/dags/wikitext_dag.py
[2026-05-29T09:36:56.829+0000] {processor.py:839} INFO - DAG(s) dict_keys(['data_lake_pipeline']) retrieved from /opt/airflow/dags/wikitext_dag.py
[2026-05-29T09:36:56.855+0000] {logging_mixin.py:151} INFO - [2026-05-29T09:36:56.855+0000] {dag.py:2915} INFO - Sync 1 DAGs
[2026-05-29T09:36:56.869+0000] {logging_mixin.py:151} INFO - [2026-05-29T09:36:56.869+0000] {dag.py:3696} INFO - Setting next_dagrun for data_lake_pipeline to 2025-01-01T00:00:00+00:00, run_after=2025-01-02T00:00:00+00:00
[2026-05-29T09:36:56.884+0000] {processor.py:179} INFO - Processing /opt/airflow/dags/wikitext_dag.py took 0.079 seconds
[2026-05-29T09:37:27.179+0000] {processor.py:157} INFO - Started process (PID=1149) to work on /opt/airflow/dags/wikitext_dag.py
[2026-05-29T09:37:27.181+0000] {processor.py:829} INFO - Processing file /opt/airflow/dags/wikitext_dag.py for tasks to queue
[2026-05-29T09:37:27.182+0000] {logging_mixin.py:151} INFO - [2026-05-29T09:37:27.182+0000] {dagbag.py:539} INFO - Filling up the DagBag from /opt/airflow/dags/wikitext_dag.py
[2026-05-29T09:37:27.196+0000] {processor.py:839} INFO - DAG(s) dict_keys(['data_lake_pipeline']) retrieved from /opt/airflow/dags/wikitext_dag.py
[2026-05-29T09:37:27.222+0000] {logging_mixin.py:151} INFO - [2026-05-29T09:37:27.222+0000] {dag.py:2915} INFO - Sync 1 DAGs
[2026-05-29T09:37:27.234+0000] {logging_mixin.py:151} INFO - [2026-05-29T09:37:27.234+0000] {dag.py:3696} INFO - Setting next_dagrun for data_lake_pipeline to 2025-01-01T00:00:00+00:00, run_after=2025-01-02T00:00:00+00:00
[2026-05-29T09:37:27.247+0000] {processor.py:179} INFO - Processing /opt/airflow/dags/wikitext_dag.py took 0.073 seconds
[2026-05-29T09:37:57.582+0000] {processor.py:157} INFO - Started process (PID=1159) to work on /opt/airflow/dags/wikitext_dag.py
[2026-05-29T09:37:57.585+0000] {processor.py:829} INFO - Processing file /opt/airflow/dags/wikitext_dag.py for tasks to queue
[2026-05-29T09:37:57.587+0000] {logging_mixin.py:151} INFO - [2026-05-29T09:37:57.587+0000] {dagbag.py:539} INFO - Filling up the DagBag from /opt/airflow/dags/wikitext_dag.py
[2026-05-29T09:37:57.612+0000] {processor.py:839} INFO - DAG(s) dict_keys(['data_lake_pipeline']) retrieved from /opt/airflow/dags/wikitext_dag.py
[2026-05-29T09:37:57.644+0000] {logging_mixin.py:151} INFO - [2026-05-29T09:37:57.644+0000] {dag.py:2915} INFO - Sync 1 DAGs
[2026-05-29T09:37:57.660+0000] {logging_mixin.py:151} INFO - [2026-05-29T09:37:57.660+0000] {dag.py:3696} INFO - Setting next_dagrun for data_lake_pipeline to 2025-01-01T00:00:00+00:00, run_after=2025-01-02T00:00:00+00:00
[2026-05-29T09:37:57.675+0000] {processor.py:179} INFO - Processing /opt/airflow/dags/wikitext_dag.py took 0.101 seconds
[2026-05-29T09:38:27.912+0000] {processor.py:157} INFO - Started process (PID=1169) to work on /opt/airflow/dags/wikitext_dag.py
[2026-05-29T09:38:27.913+0000] {processor.py:829} INFO - Processing file /opt/airflow/dags/wikitext_dag.py for tasks to queue
[2026-05-29T09:38:27.914+0000] {logging_mixin.py:151} INFO - [2026-05-29T09:38:27.914+0000] {dagbag.py:539} INFO - Filling up the DagBag from /opt/airflow/dags/wikitext_dag.py
[2026-05-29T09:38:27.929+0000] {processor.py:839} INFO - DAG(s) dict_keys(['data_lake_pipeline']) retrieved from /opt/airflow/dags/wikitext_dag.py
[2026-05-29T09:38:27.953+0000] {logging_mixin.py:151} INFO - [2026-05-29T09:38:27.953+0000] {dag.py:2915} INFO - Sync 1 DAGs
[2026-05-29T09:38:27.967+0000] {logging_mixin.py:151} INFO - [2026-05-29T09:38:27.967+0000] {dag.py:3696} INFO - Setting next_dagrun for data_lake_pipeline to 2025-01-01T00:00:00+00:00, run_after=2025-01-02T00:00:00+00:00
[2026-05-29T09:38:27.978+0000] {processor.py:179} INFO - Processing /opt/airflow/dags/wikitext_dag.py took 0.071 seconds
[2026-05-29T09:38:58.209+0000] {processor.py:157} INFO - Started process (PID=1179) to work on /opt/airflow/dags/wikitext_dag.py
[2026-05-29T09:38:58.210+0000] {processor.py:829} INFO - Processing file /opt/airflow/dags/wikitext_dag.py for tasks to queue
[2026-05-29T09:38:58.212+0000] {logging_mixin.py:151} INFO - [2026-05-29T09:38:58.212+0000] {dagbag.py:539} INFO - Filling up the DagBag from /opt/airflow/dags/wikitext_dag.py
[2026-05-29T09:38:58.227+0000] {processor.py:839} INFO - DAG(s) dict_keys(['data_lake_pipeline']) retrieved from /opt/airflow/dags/wikitext_dag.py
[2026-05-29T09:38:58.251+0000] {logging_mixin.py:151} INFO - [2026-05-29T09:38:58.251+0000] {dag.py:2915} INFO - Sync 1 DAGs
[2026-05-29T09:38:58.266+0000] {logging_mixin.py:151} INFO - [2026-05-29T09:38:58.265+0000] {dag.py:3696} INFO - Setting next_dagrun for data_lake_pipeline to 2025-01-01T00:00:00+00:00, run_after=2025-01-02T00:00:00+00:00
[2026-05-29T09:38:58.279+0000] {processor.py:179} INFO - Processing /opt/airflow/dags/wikitext_dag.py took 0.076 seconds
[2026-05-29T09:39:28.502+0000] {processor.py:157} INFO - Started process (PID=1189) to work on /opt/airflow/dags/wikitext_dag.py
[2026-05-29T09:39:28.504+0000] {processor.py:829} INFO - Processing file /opt/airflow/dags/wikitext_dag.py for tasks to queue
[2026-05-29T09:39:28.505+0000] {logging_mixin.py:151} INFO - [2026-05-29T09:39:28.505+0000] {dagbag.py:539} INFO - Filling up the DagBag from /opt/airflow/dags/wikitext_dag.py
[2026-05-29T09:39:28.519+0000] {processor.py:839} INFO - DAG(s) dict_keys(['data_lake_pipeline']) retrieved from /opt/airflow/dags/wikitext_dag.py
[2026-05-29T09:39:28.543+0000] {logging_mixin.py:151} INFO - [2026-05-29T09:39:28.543+0000] {dag.py:2915} INFO - Sync 1 DAGs
[2026-05-29T09:39:28.555+0000] {logging_mixin.py:151} INFO - [2026-05-29T09:39:28.555+0000] {dag.py:3696} INFO - Setting next_dagrun for data_lake_pipeline to 2025-01-01T00:00:00+00:00, run_after=2025-01-02T00:00:00+00:00
[2026-05-29T09:39:28.566+0000] {processor.py:179} INFO - Processing /opt/airflow/dags/wikitext_dag.py took 0.070 seconds
[2026-05-29T09:39:58.862+0000] {processor.py:157} INFO - Started process (PID=1199) to work on /opt/airflow/dags/wikitext_dag.py
[2026-05-29T09:39:58.864+0000] {processor.py:829} INFO - Processing file /opt/airflow/dags/wikitext_dag.py for tasks to queue
[2026-05-29T09:39:58.866+0000] {logging_mixin.py:151} INFO - [2026-05-29T09:39:58.865+0000] {dagbag.py:539} INFO - Filling up the DagBag from /opt/airflow/dags/wikitext_dag.py
[2026-05-29T09:39:58.892+0000] {processor.py:839} INFO - DAG(s) dict_keys(['data_lake_pipeline']) retrieved from /opt/airflow/dags/wikitext_dag.py
[2026-05-29T09:39:58.927+0000] {logging_mixin.py:151} INFO - [2026-05-29T09:39:58.927+0000] {dag.py:2915} INFO - Sync 1 DAGs
[2026-05-29T09:39:58.951+0000] {logging_mixin.py:151} INFO - [2026-05-29T09:39:58.950+0000] {dag.py:3696} INFO - Setting next_dagrun for data_lake_pipeline to 2025-01-01T00:00:00+00:00, run_after=2025-01-02T00:00:00+00:00
[2026-05-29T09:39:58.979+0000] {processor.py:179} INFO - Processing /opt/airflow/dags/wikitext_dag.py took 0.125 seconds
[2026-05-29T09:40:29.282+0000] {processor.py:157} INFO - Started process (PID=1209) to work on /opt/airflow/dags/wikitext_dag.py
[2026-05-29T09:40:29.284+0000] {processor.py:829} INFO - Processing file /opt/airflow/dags/wikitext_dag.py for tasks to queue
[2026-05-29T09:40:29.287+0000] {logging_mixin.py:151} INFO - [2026-05-29T09:40:29.286+0000] {dagbag.py:539} INFO - Filling up the DagBag from /opt/airflow/dags/wikitext_dag.py
[2026-05-29T09:40:29.309+0000] {processor.py:839} INFO - DAG(s) dict_keys(['data_lake_pipeline']) retrieved from /opt/airflow/dags/wikitext_dag.py
[2026-05-29T09:40:29.338+0000] {logging_mixin.py:151} INFO - [2026-05-29T09:40:29.338+0000] {dag.py:2915} INFO - Sync 1 DAGs
[2026-05-29T09:40:29.355+0000] {logging_mixin.py:151} INFO - [2026-05-29T09:40:29.354+0000] {dag.py:3696} INFO - Setting next_dagrun for data_lake_pipeline to 2025-01-01T00:00:00+00:00, run_after=2025-01-02T00:00:00+00:00
[2026-05-29T09:40:29.369+0000] {processor.py:179} INFO - Processing /opt/airflow/dags/wikitext_dag.py took 0.095 seconds
[2026-05-29T09:40:59.658+0000] {processor.py:157} INFO - Started process (PID=1219) to work on /opt/airflow/dags/wikitext_dag.py
[2026-05-29T09:40:59.660+0000] {processor.py:829} INFO - Processing file /opt/airflow/dags/wikitext_dag.py for tasks to queue
[2026-05-29T09:40:59.663+0000] {logging_mixin.py:151} INFO - [2026-05-29T09:40:59.662+0000] {dagbag.py:539} INFO - Filling up the DagBag from /opt/airflow/dags/wikitext_dag.py
[2026-05-29T09:40:59.682+0000] {processor.py:839} INFO - DAG(s) dict_keys(['data_lake_pipeline']) retrieved from /opt/airflow/dags/wikitext_dag.py
[2026-05-29T09:40:59.710+0000] {logging_mixin.py:151} INFO - [2026-05-29T09:40:59.710+0000] {dag.py:2915} INFO - Sync 1 DAGs
[2026-05-29T09:40:59.725+0000] {logging_mixin.py:151} INFO - [2026-05-29T09:40:59.725+0000] {dag.py:3696} INFO - Setting next_dagrun for data_lake_pipeline to 2025-01-01T00:00:00+00:00, run_after=2025-01-02T00:00:00+00:00
[2026-05-29T09:40:59.738+0000] {processor.py:179} INFO - Processing /opt/airflow/dags/wikitext_dag.py took 0.087 seconds
[2026-05-29T09:41:29.974+0000] {processor.py:157} INFO - Started process (PID=1229) to work on /opt/airflow/dags/wikitext_dag.py
[2026-05-29T09:41:29.978+0000] {processor.py:829} INFO - Processing file /opt/airflow/dags/wikitext_dag.py for tasks to queue
[2026-05-29T09:41:29.980+0000] {logging_mixin.py:151} INFO - [2026-05-29T09:41:29.979+0000] {dagbag.py:539} INFO - Filling up the DagBag from /opt/airflow/dags/wikitext_dag.py
[2026-05-29T09:41:30.002+0000] {processor.py:839} INFO - DAG(s) dict_keys(['data_lake_pipeline']) retrieved from /opt/airflow/dags/wikitext_dag.py
[2026-05-29T09:41:30.031+0000] {logging_mixin.py:151} INFO - [2026-05-29T09:41:30.031+0000] {dag.py:2915} INFO - Sync 1 DAGs
[2026-05-29T09:41:30.047+0000] {logging_mixin.py:151} INFO - [2026-05-29T09:41:30.047+0000] {dag.py:3696} INFO - Setting next_dagrun for data_lake_pipeline to 2025-01-01T00:00:00+00:00, run_after=2025-01-02T00:00:00+00:00
[2026-05-29T09:41:30.059+0000] {processor.py:179} INFO - Processing /opt/airflow/dags/wikitext_dag.py took 0.092 seconds
[2026-05-29T09:42:00.333+0000] {processor.py:157} INFO - Started process (PID=1239) to work on /opt/airflow/dags/wikitext_dag.py
[2026-05-29T09:42:00.336+0000] {processor.py:829} INFO - Processing file /opt/airflow/dags/wikitext_dag.py for tasks to queue
[2026-05-29T09:42:00.338+0000] {logging_mixin.py:151} INFO - [2026-05-29T09:42:00.337+0000] {dagbag.py:539} INFO - Filling up the DagBag from /opt/airflow/dags/wikitext_dag.py
[2026-05-29T09:42:00.365+0000] {processor.py:839} INFO - DAG(s) dict_keys(['data_lake_pipeline']) retrieved from /opt/airflow/dags/wikitext_dag.py
[2026-05-29T09:42:00.396+0000] {logging_mixin.py:151} INFO - [2026-05-29T09:42:00.396+0000] {dag.py:2915} INFO - Sync 1 DAGs
[2026-05-29T09:42:00.414+0000] {logging_mixin.py:151} INFO - [2026-05-29T09:42:00.414+0000] {dag.py:3696} INFO - Setting next_dagrun for data_lake_pipeline to 2025-01-01T00:00:00+00:00, run_after=2025-01-02T00:00:00+00:00
[2026-05-29T09:42:00.426+0000] {processor.py:179} INFO - Processing /opt/airflow/dags/wikitext_dag.py took 0.102 seconds
[2026-05-29T09:42:30.658+0000] {processor.py:157} INFO - Started process (PID=1249) to work on /opt/airflow/dags/wikitext_dag.py
[2026-05-29T09:42:30.660+0000] {processor.py:829} INFO - Processing file /opt/airflow/dags/wikitext_dag.py for tasks to queue
[2026-05-29T09:42:30.661+0000] {logging_mixin.py:151} INFO - [2026-05-29T09:42:30.660+0000] {dagbag.py:539} INFO - Filling up the DagBag from /opt/airflow/dags/wikitext_dag.py
[2026-05-29T09:42:30.679+0000] {processor.py:839} INFO - DAG(s) dict_keys(['data_lake_pipeline']) retrieved from /opt/airflow/dags/wikitext_dag.py
[2026-05-29T09:42:30.703+0000] {logging_mixin.py:151} INFO - [2026-05-29T09:42:30.703+0000] {dag.py:2915} INFO - Sync 1 DAGs
[2026-05-29T09:42:30.717+0000] {logging_mixin.py:151} INFO - [2026-05-29T09:42:30.717+0000] {dag.py:3696} INFO - Setting next_dagrun for data_lake_pipeline to 2025-01-01T00:00:00+00:00, run_after=2025-01-02T00:00:00+00:00
[2026-05-29T09:42:30.728+0000] {processor.py:179} INFO - Processing /opt/airflow/dags/wikitext_dag.py took 0.077 seconds
[2026-05-29T09:43:01.025+0000] {processor.py:157} INFO - Started process (PID=1259) to work on /opt/airflow/dags/wikitext_dag.py
[2026-05-29T09:43:01.027+0000] {processor.py:829} INFO - Processing file /opt/airflow/dags/wikitext_dag.py for tasks to queue
[2026-05-29T09:43:01.030+0000] {logging_mixin.py:151} INFO - [2026-05-29T09:43:01.029+0000] {dagbag.py:539} INFO - Filling up the DagBag from /opt/airflow/dags/wikitext_dag.py
[2026-05-29T09:43:01.050+0000] {processor.py:839} INFO - DAG(s) dict_keys(['data_lake_pipeline']) retrieved from /opt/airflow/dags/wikitext_dag.py
[2026-05-29T09:43:01.085+0000] {logging_mixin.py:151} INFO - [2026-05-29T09:43:01.085+0000] {dag.py:2915} INFO - Sync 1 DAGs
[2026-05-29T09:43:01.100+0000] {logging_mixin.py:151} INFO - [2026-05-29T09:43:01.100+0000] {dag.py:3696} INFO - Setting next_dagrun for data_lake_pipeline to 2025-01-01T00:00:00+00:00, run_after=2025-01-02T00:00:00+00:00
[2026-05-29T09:43:01.113+0000] {processor.py:179} INFO - Processing /opt/airflow/dags/wikitext_dag.py took 0.095 seconds
[2026-05-29T09:43:31.417+0000] {processor.py:157} INFO - Started process (PID=1269) to work on /opt/airflow/dags/wikitext_dag.py
[2026-05-29T09:43:31.419+0000] {processor.py:829} INFO - Processing file /opt/airflow/dags/wikitext_dag.py for tasks to queue
[2026-05-29T09:43:31.421+0000] {logging_mixin.py:151} INFO - [2026-05-29T09:43:31.420+0000] {dagbag.py:539} INFO - Filling up the DagBag from /opt/airflow/dags/wikitext_dag.py
[2026-05-29T09:43:31.432+0000] {processor.py:839} INFO - DAG(s) dict_keys(['data_lake_pipeline']) retrieved from /opt/airflow/dags/wikitext_dag.py
[2026-05-29T09:43:31.450+0000] {logging_mixin.py:151} INFO - [2026-05-29T09:43:31.450+0000] {dag.py:2915} INFO - Sync 1 DAGs
[2026-05-29T09:43:31.462+0000] {logging_mixin.py:151} INFO - [2026-05-29T09:43:31.461+0000] {dag.py:3696} INFO - Setting next_dagrun for data_lake_pipeline to 2025-01-01T00:00:00+00:00, run_after=2025-01-02T00:00:00+00:00
[2026-05-29T09:43:31.472+0000] {processor.py:179} INFO - Processing /opt/airflow/dags/wikitext_dag.py took 0.058 seconds
[2026-05-29T09:44:01.817+0000] {processor.py:157} INFO - Started process (PID=1279) to work on /opt/airflow/dags/wikitext_dag.py
[2026-05-29T09:44:01.819+0000] {processor.py:829} INFO - Processing file /opt/airflow/dags/wikitext_dag.py for tasks to queue
[2026-05-29T09:44:01.821+0000] {logging_mixin.py:151} INFO - [2026-05-29T09:44:01.820+0000] {dagbag.py:539} INFO - Filling up the DagBag from /opt/airflow/dags/wikitext_dag.py
[2026-05-29T09:44:01.836+0000] {processor.py:839} INFO - DAG(s) dict_keys(['data_lake_pipeline']) retrieved from /opt/airflow/dags/wikitext_dag.py
[2026-05-29T09:44:01.859+0000] {logging_mixin.py:151} INFO - [2026-05-29T09:44:01.859+0000] {dag.py:2915} INFO - Sync 1 DAGs
[2026-05-29T09:44:01.874+0000] {logging_mixin.py:151} INFO - [2026-05-29T09:44:01.873+0000] {dag.py:3696} INFO - Setting next_dagrun for data_lake_pipeline to 2025-01-01T00:00:00+00:00, run_after=2025-01-02T00:00:00+00:00
[2026-05-29T09:44:01.887+0000] {processor.py:179} INFO - Processing /opt/airflow/dags/wikitext_dag.py took 0.074 seconds
[2026-05-29T09:44:32.231+0000] {processor.py:157} INFO - Started process (PID=1289) to work on /opt/airflow/dags/wikitext_dag.py
[2026-05-29T09:44:32.233+0000] {processor.py:829} INFO - Processing file /opt/airflow/dags/wikitext_dag.py for tasks to queue
[2026-05-29T09:44:32.234+0000] {logging_mixin.py:151} INFO - [2026-05-29T09:44:32.233+0000] {dagbag.py:539} INFO - Filling up the DagBag from /opt/airflow/dags/wikitext_dag.py
[2026-05-29T09:44:32.266+0000] {processor.py:839} INFO - DAG(s) dict_keys(['data_lake_pipeline']) retrieved from /opt/airflow/dags/wikitext_dag.py
[2026-05-29T09:44:32.310+0000] {logging_mixin.py:151} INFO - [2026-05-29T09:44:32.310+0000] {dag.py:2915} INFO - Sync 1 DAGs
[2026-05-29T09:44:32.330+0000] {logging_mixin.py:151} INFO - [2026-05-29T09:44:32.329+0000] {dag.py:3696} INFO - Setting next_dagrun for data_lake_pipeline to 2025-01-01T00:00:00+00:00, run_after=2025-01-02T00:00:00+00:00
[2026-05-29T09:44:32.344+0000] {processor.py:179} INFO - Processing /opt/airflow/dags/wikitext_dag.py took 0.125 seconds
[2026-05-29T09:45:02.581+0000] {processor.py:157} INFO - Started process (PID=1299) to work on /opt/airflow/dags/wikitext_dag.py
[2026-05-29T09:45:02.583+0000] {processor.py:829} INFO - Processing file /opt/airflow/dags/wikitext_dag.py for tasks to queue
[2026-05-29T09:45:02.584+0000] {logging_mixin.py:151} INFO - [2026-05-29T09:45:02.584+0000] {dagbag.py:539} INFO - Filling up the DagBag from /opt/airflow/dags/wikitext_dag.py
[2026-05-29T09:45:02.608+0000] {processor.py:839} INFO - DAG(s) dict_keys(['data_lake_pipeline']) retrieved from /opt/airflow/dags/wikitext_dag.py
[2026-05-29T09:45:02.647+0000] {logging_mixin.py:151} INFO - [2026-05-29T09:45:02.647+0000] {dag.py:2915} INFO - Sync 1 DAGs
[2026-05-29T09:45:02.665+0000] {logging_mixin.py:151} INFO - [2026-05-29T09:45:02.665+0000] {dag.py:3696} INFO - Setting next_dagrun for data_lake_pipeline to 2025-01-01T00:00:00+00:00, run_after=2025-01-02T00:00:00+00:00
[2026-05-29T09:45:02.680+0000] {processor.py:179} INFO - Processing /opt/airflow/dags/wikitext_dag.py took 0.105 seconds
[2026-05-29T09:45:32.866+0000] {processor.py:157} INFO - Started process (PID=1309) to work on /opt/airflow/dags/wikitext_dag.py
[2026-05-29T09:45:32.867+0000] {processor.py:829} INFO - Processing file /opt/airflow/dags/wikitext_dag.py for tasks to queue
[2026-05-29T09:45:32.868+0000] {logging_mixin.py:151} INFO - [2026-05-29T09:45:32.868+0000] {dagbag.py:539} INFO - Filling up the DagBag from /opt/airflow/dags/wikitext_dag.py
[2026-05-29T09:45:32.880+0000] {processor.py:839} INFO - DAG(s) dict_keys(['data_lake_pipeline']) retrieved from /opt/airflow/dags/wikitext_dag.py
[2026-05-29T09:45:32.901+0000] {logging_mixin.py:151} INFO - [2026-05-29T09:45:32.901+0000] {dag.py:2915} INFO - Sync 1 DAGs
[2026-05-29T09:45:32.914+0000] {logging_mixin.py:151} INFO - [2026-05-29T09:45:32.914+0000] {dag.py:3696} INFO - Setting next_dagrun for data_lake_pipeline to 2025-01-01T00:00:00+00:00, run_after=2025-01-02T00:00:00+00:00
[2026-05-29T09:45:32.927+0000] {processor.py:179} INFO - Processing /opt/airflow/dags/wikitext_dag.py took 0.065 seconds
[2026-05-29T09:46:03.188+0000] {processor.py:157} INFO - Started process (PID=1319) to work on /opt/airflow/dags/wikitext_dag.py
[2026-05-29T09:46:03.190+0000] {processor.py:829} INFO - Processing file /opt/airflow/dags/wikitext_dag.py for tasks to queue
[2026-05-29T09:46:03.191+0000] {logging_mixin.py:151} INFO - [2026-05-29T09:46:03.191+0000] {dagbag.py:539} INFO - Filling up the DagBag from /opt/airflow/dags/wikitext_dag.py
[2026-05-29T09:46:03.201+0000] {processor.py:839} INFO - DAG(s) dict_keys(['data_lake_pipeline']) retrieved from /opt/airflow/dags/wikitext_dag.py
[2026-05-29T09:46:03.225+0000] {logging_mixin.py:151} INFO - [2026-05-29T09:46:03.225+0000] {dag.py:2915} INFO - Sync 1 DAGs
[2026-05-29T09:46:03.240+0000] {logging_mixin.py:151} INFO - [2026-05-29T09:46:03.240+0000] {dag.py:3696} INFO - Setting next_dagrun for data_lake_pipeline to 2025-01-01T00:00:00+00:00, run_after=2025-01-02T00:00:00+00:00
[2026-05-29T09:46:03.254+0000] {processor.py:179} INFO - Processing /opt/airflow/dags/wikitext_dag.py took 0.069 seconds
[2026-05-29T09:46:33.421+0000] {processor.py:157} INFO - Started process (PID=1329) to work on /opt/airflow/dags/wikitext_dag.py
[2026-05-29T09:46:33.422+0000] {processor.py:829} INFO - Processing file /opt/airflow/dags/wikitext_dag.py for tasks to queue
[2026-05-29T09:46:33.423+0000] {logging_mixin.py:151} INFO - [2026-05-29T09:46:33.422+0000] {dagbag.py:539} INFO - Filling up the DagBag from /opt/airflow/dags/wikitext_dag.py
[2026-05-29T09:46:33.436+0000] {processor.py:839} INFO - DAG(s) dict_keys(['data_lake_pipeline']) retrieved from /opt/airflow/dags/wikitext_dag.py
[2026-05-29T09:46:33.461+0000] {logging_mixin.py:151} INFO - [2026-05-29T09:46:33.461+0000] {dag.py:2915} INFO - Sync 1 DAGs
[2026-05-29T09:46:33.477+0000] {logging_mixin.py:151} INFO - [2026-05-29T09:46:33.477+0000] {dag.py:3696} INFO - Setting next_dagrun for data_lake_pipeline to 2025-01-01T00:00:00+00:00, run_after=2025-01-02T00:00:00+00:00
[2026-05-29T09:46:33.489+0000] {processor.py:179} INFO - Processing /opt/airflow/dags/wikitext_dag.py took 0.072 seconds
[2026-05-29T09:47:03.879+0000] {processor.py:157} INFO - Started process (PID=1339) to work on /opt/airflow/dags/wikitext_dag.py
[2026-05-29T09:47:03.882+0000] {processor.py:829} INFO - Processing file /opt/airflow/dags/wikitext_dag.py for tasks to queue
[2026-05-29T09:47:03.885+0000] {logging_mixin.py:151} INFO - [2026-05-29T09:47:03.884+0000] {dagbag.py:539} INFO - Filling up the DagBag from /opt/airflow/dags/wikitext_dag.py
[2026-05-29T09:47:03.906+0000] {processor.py:839} INFO - DAG(s) dict_keys(['data_lake_pipeline']) retrieved from /opt/airflow/dags/wikitext_dag.py
[2026-05-29T09:47:03.937+0000] {logging_mixin.py:151} INFO - [2026-05-29T09:47:03.937+0000] {dag.py:2915} INFO - Sync 1 DAGs
[2026-05-29T09:47:03.953+0000] {logging_mixin.py:151} INFO - [2026-05-29T09:47:03.953+0000] {dag.py:3696} INFO - Setting next_dagrun for data_lake_pipeline to 2025-01-01T00:00:00+00:00, run_after=2025-01-02T00:00:00+00:00
[2026-05-29T09:47:03.966+0000] {processor.py:179} INFO - Processing /opt/airflow/dags/wikitext_dag.py took 0.098 seconds
[2026-05-29T09:47:34.160+0000] {processor.py:157} INFO - Started process (PID=1349) to work on /opt/airflow/dags/wikitext_dag.py
[2026-05-29T09:47:34.162+0000] {processor.py:829} INFO - Processing file /opt/airflow/dags/wikitext_dag.py for tasks to queue
[2026-05-29T09:47:34.163+0000] {logging_mixin.py:151} INFO - [2026-05-29T09:47:34.162+0000] {dagbag.py:539} INFO - Filling up the DagBag from /opt/airflow/dags/wikitext_dag.py
[2026-05-29T09:47:34.176+0000] {processor.py:839} INFO - DAG(s) dict_keys(['data_lake_pipeline']) retrieved from /opt/airflow/dags/wikitext_dag.py
[2026-05-29T09:47:34.202+0000] {logging_mixin.py:151} INFO - [2026-05-29T09:47:34.202+0000] {dag.py:2915} INFO - Sync 1 DAGs
[2026-05-29T09:47:34.214+0000] {logging_mixin.py:151} INFO - [2026-05-29T09:47:34.214+0000] {dag.py:3696} INFO - Setting next_dagrun for data_lake_pipeline to 2025-01-01T00:00:00+00:00, run_after=2025-01-02T00:00:00+00:00
[2026-05-29T09:47:34.226+0000] {processor.py:179} INFO - Processing /opt/airflow/dags/wikitext_dag.py took 0.070 seconds
[2026-05-29T09:48:04.476+0000] {processor.py:157} INFO - Started process (PID=1359) to work on /opt/airflow/dags/wikitext_dag.py
[2026-05-29T09:48:04.478+0000] {processor.py:829} INFO - Processing file /opt/airflow/dags/wikitext_dag.py for tasks to queue
[2026-05-29T09:48:04.479+0000] {logging_mixin.py:151} INFO - [2026-05-29T09:48:04.479+0000] {dagbag.py:539} INFO - Filling up the DagBag from /opt/airflow/dags/wikitext_dag.py
[2026-05-29T09:48:04.496+0000] {processor.py:839} INFO - DAG(s) dict_keys(['data_lake_pipeline']) retrieved from /opt/airflow/dags/wikitext_dag.py
[2026-05-29T09:48:04.527+0000] {logging_mixin.py:151} INFO - [2026-05-29T09:48:04.526+0000] {dag.py:2915} INFO - Sync 1 DAGs
[2026-05-29T09:48:04.542+0000] {logging_mixin.py:151} INFO - [2026-05-29T09:48:04.542+0000] {dag.py:3696} INFO - Setting next_dagrun for data_lake_pipeline to 2025-01-01T00:00:00+00:00, run_after=2025-01-02T00:00:00+00:00
[2026-05-29T09:48:04.555+0000] {processor.py:179} INFO - Processing /opt/airflow/dags/wikitext_dag.py took 0.083 seconds
[2026-05-29T09:48:34.911+0000] {processor.py:157} INFO - Started process (PID=1369) to work on /opt/airflow/dags/wikitext_dag.py
[2026-05-29T09:48:34.913+0000] {processor.py:829} INFO - Processing file /opt/airflow/dags/wikitext_dag.py for tasks to queue
[2026-05-29T09:48:34.915+0000] {logging_mixin.py:151} INFO - [2026-05-29T09:48:34.914+0000] {dagbag.py:539} INFO - Filling up the DagBag from /opt/airflow/dags/wikitext_dag.py
[2026-05-29T09:48:34.940+0000] {processor.py:839} INFO - DAG(s) dict_keys(['data_lake_pipeline']) retrieved from /opt/airflow/dags/wikitext_dag.py
[2026-05-29T09:48:34.973+0000] {logging_mixin.py:151} INFO - [2026-05-29T09:48:34.973+0000] {dag.py:2915} INFO - Sync 1 DAGs
[2026-05-29T09:48:34.992+0000] {logging_mixin.py:151} INFO - [2026-05-29T09:48:34.992+0000] {dag.py:3696} INFO - Setting next_dagrun for data_lake_pipeline to 2025-01-01T00:00:00+00:00, run_after=2025-01-02T00:00:00+00:00
[2026-05-29T09:48:35.008+0000] {processor.py:179} INFO - Processing /opt/airflow/dags/wikitext_dag.py took 0.105 seconds
[2026-05-29T09:49:05.198+0000] {processor.py:157} INFO - Started process (PID=1379) to work on /opt/airflow/dags/wikitext_dag.py
[2026-05-29T09:49:05.200+0000] {processor.py:829} INFO - Processing file /opt/airflow/dags/wikitext_dag.py for tasks to queue
[2026-05-29T09:49:05.201+0000] {logging_mixin.py:151} INFO - [2026-05-29T09:49:05.201+0000] {dagbag.py:539} INFO - Filling up the DagBag from /opt/airflow/dags/wikitext_dag.py
[2026-05-29T09:49:05.219+0000] {processor.py:839} INFO - DAG(s) dict_keys(['data_lake_pipeline']) retrieved from /opt/airflow/dags/wikitext_dag.py
[2026-05-29T09:49:05.247+0000] {logging_mixin.py:151} INFO - [2026-05-29T09:49:05.247+0000] {dag.py:2915} INFO - Sync 1 DAGs
[2026-05-29T09:49:05.262+0000] {logging_mixin.py:151} INFO - [2026-05-29T09:49:05.262+0000] {dag.py:3696} INFO - Setting next_dagrun for data_lake_pipeline to 2025-01-01T00:00:00+00:00, run_after=2025-01-02T00:00:00+00:00
[2026-05-29T09:49:05.272+0000] {processor.py:179} INFO - Processing /opt/airflow/dags/wikitext_dag.py took 0.082 seconds
[2026-05-29T09:49:35.612+0000] {processor.py:157} INFO - Started process (PID=1389) to work on /opt/airflow/dags/wikitext_dag.py
[2026-05-29T09:49:35.620+0000] {processor.py:829} INFO - Processing file /opt/airflow/dags/wikitext_dag.py for tasks to queue
[2026-05-29T09:49:35.623+0000] {logging_mixin.py:151} INFO - [2026-05-29T09:49:35.623+0000] {dagbag.py:539} INFO - Filling up the DagBag from /opt/airflow/dags/wikitext_dag.py
[2026-05-29T09:49:35.659+0000] {processor.py:839} INFO - DAG(s) dict_keys(['data_lake_pipeline']) retrieved from /opt/airflow/dags/wikitext_dag.py
[2026-05-29T09:49:35.716+0000] {logging_mixin.py:151} INFO - [2026-05-29T09:49:35.716+0000] {dag.py:2915} INFO - Sync 1 DAGs
[2026-05-29T09:49:35.742+0000] {logging_mixin.py:151} INFO - [2026-05-29T09:49:35.741+0000] {dag.py:3696} INFO - Setting next_dagrun for data_lake_pipeline to 2025-01-01T00:00:00+00:00, run_after=2025-01-02T00:00:00+00:00
[2026-05-29T09:49:35.758+0000] {processor.py:179} INFO - Processing /opt/airflow/dags/wikitext_dag.py took 0.159 seconds
[2026-05-29T09:50:06.130+0000] {processor.py:157} INFO - Started process (PID=1399) to work on /opt/airflow/dags/wikitext_dag.py
[2026-05-29T09:50:06.132+0000] {processor.py:829} INFO - Processing file /opt/airflow/dags/wikitext_dag.py for tasks to queue
[2026-05-29T09:50:06.135+0000] {logging_mixin.py:151} INFO - [2026-05-29T09:50:06.134+0000] {dagbag.py:539} INFO - Filling up the DagBag from /opt/airflow/dags/wikitext_dag.py
[2026-05-29T09:50:06.151+0000] {processor.py:839} INFO - DAG(s) dict_keys(['data_lake_pipeline']) retrieved from /opt/airflow/dags/wikitext_dag.py
[2026-05-29T09:50:06.176+0000] {logging_mixin.py:151} INFO - [2026-05-29T09:50:06.175+0000] {dag.py:2915} INFO - Sync 1 DAGs
[2026-05-29T09:50:06.189+0000] {logging_mixin.py:151} INFO - [2026-05-29T09:50:06.189+0000] {dag.py:3696} INFO - Setting next_dagrun for data_lake_pipeline to 2025-01-01T00:00:00+00:00, run_after=2025-01-02T00:00:00+00:00
[2026-05-29T09:50:06.199+0000] {processor.py:179} INFO - Processing /opt/airflow/dags/wikitext_dag.py took 0.076 seconds
[2026-05-29T09:50:36.455+0000] {processor.py:157} INFO - Started process (PID=1409) to work on /opt/airflow/dags/wikitext_dag.py
[2026-05-29T09:50:36.457+0000] {processor.py:829} INFO - Processing file /opt/airflow/dags/wikitext_dag.py for tasks to queue
[2026-05-29T09:50:36.458+0000] {logging_mixin.py:151} INFO - [2026-05-29T09:50:36.457+0000] {dagbag.py:539} INFO - Filling up the DagBag from /opt/airflow/dags/wikitext_dag.py
[2026-05-29T09:50:36.488+0000] {processor.py:839} INFO - DAG(s) dict_keys(['data_lake_pipeline']) retrieved from /opt/airflow/dags/wikitext_dag.py
[2026-05-29T09:50:36.527+0000] {logging_mixin.py:151} INFO - [2026-05-29T09:50:36.527+0000] {dag.py:2915} INFO - Sync 1 DAGs
[2026-05-29T09:50:36.550+0000] {logging_mixin.py:151} INFO - [2026-05-29T09:50:36.550+0000] {dag.py:3696} INFO - Setting next_dagrun for data_lake_pipeline to 2025-01-01T00:00:00+00:00, run_after=2025-01-02T00:00:00+00:00
[2026-05-29T09:50:36.564+0000] {processor.py:179} INFO - Processing /opt/airflow/dags/wikitext_dag.py took 0.117 seconds
[2026-05-29T09:51:06.756+0000] {processor.py:157} INFO - Started process (PID=1419) to work on /opt/airflow/dags/wikitext_dag.py
[2026-05-29T09:51:06.757+0000] {processor.py:829} INFO - Processing file /opt/airflow/dags/wikitext_dag.py for tasks to queue
[2026-05-29T09:51:06.759+0000] {logging_mixin.py:151} INFO - [2026-05-29T09:51:06.758+0000] {dagbag.py:539} INFO - Filling up the DagBag from /opt/airflow/dags/wikitext_dag.py
[2026-05-29T09:51:06.778+0000] {processor.py:839} INFO - DAG(s) dict_keys(['data_lake_pipeline']) retrieved from /opt/airflow/dags/wikitext_dag.py
[2026-05-29T09:51:06.817+0000] {logging_mixin.py:151} INFO - [2026-05-29T09:51:06.817+0000] {dag.py:2915} INFO - Sync 1 DAGs
[2026-05-29T09:51:06.837+0000] {logging_mixin.py:151} INFO - [2026-05-29T09:51:06.837+0000] {dag.py:3696} INFO - Setting next_dagrun for data_lake_pipeline to 2025-01-01T00:00:00+00:00, run_after=2025-01-02T00:00:00+00:00
[2026-05-29T09:51:06.856+0000] {processor.py:179} INFO - Processing /opt/airflow/dags/wikitext_dag.py took 0.106 seconds
[2026-05-29T09:51:37.118+0000] {processor.py:157} INFO - Started process (PID=1429) to work on /opt/airflow/dags/wikitext_dag.py
[2026-05-29T09:51:37.120+0000] {processor.py:829} INFO - Processing file /opt/airflow/dags/wikitext_dag.py for tasks to queue
[2026-05-29T09:51:37.121+0000] {logging_mixin.py:151} INFO - [2026-05-29T09:51:37.120+0000] {dagbag.py:539} INFO - Filling up the DagBag from /opt/airflow/dags/wikitext_dag.py
[2026-05-29T09:51:37.135+0000] {processor.py:839} INFO - DAG(s) dict_keys(['data_lake_pipeline']) retrieved from /opt/airflow/dags/wikitext_dag.py
[2026-05-29T09:51:37.160+0000] {logging_mixin.py:151} INFO - [2026-05-29T09:51:37.160+0000] {dag.py:2915} INFO - Sync 1 DAGs
[2026-05-29T09:51:37.176+0000] {logging_mixin.py:151} INFO - [2026-05-29T09:51:37.175+0000] {dag.py:3696} INFO - Setting next_dagrun for data_lake_pipeline to 2025-01-01T00:00:00+00:00, run_after=2025-01-02T00:00:00+00:00
[2026-05-29T09:51:37.190+0000] {processor.py:179} INFO - Processing /opt/airflow/dags/wikitext_dag.py took 0.076 seconds
[2026-05-29T09:52:07.351+0000] {processor.py:157} INFO - Started process (PID=1439) to work on /opt/airflow/dags/wikitext_dag.py
[2026-05-29T09:52:07.353+0000] {processor.py:829} INFO - Processing file /opt/airflow/dags/wikitext_dag.py for tasks to queue
[2026-05-29T09:52:07.356+0000] {logging_mixin.py:151} INFO - [2026-05-29T09:52:07.354+0000] {dagbag.py:539} INFO - Filling up the DagBag from /opt/airflow/dags/wikitext_dag.py
[2026-05-29T09:52:07.373+0000] {processor.py:839} INFO - DAG(s) dict_keys(['data_lake_pipeline']) retrieved from /opt/airflow/dags/wikitext_dag.py
[2026-05-29T09:52:07.398+0000] {logging_mixin.py:151} INFO - [2026-05-29T09:52:07.398+0000] {dag.py:2915} INFO - Sync 1 DAGs
[2026-05-29T09:52:07.412+0000] {logging_mixin.py:151} INFO - [2026-05-29T09:52:07.412+0000] {dag.py:3696} INFO - Setting next_dagrun for data_lake_pipeline to 2025-01-01T00:00:00+00:00, run_after=2025-01-02T00:00:00+00:00
[2026-05-29T09:52:07.424+0000] {processor.py:179} INFO - Processing /opt/airflow/dags/wikitext_dag.py took 0.078 seconds
[2026-05-29T09:52:38.894+0000] {processor.py:157} INFO - Started process (PID=167) to work on /opt/airflow/dags/wikitext_dag.py
[2026-05-29T09:52:38.898+0000] {processor.py:829} INFO - Processing file /opt/airflow/dags/wikitext_dag.py for tasks to queue
[2026-05-29T09:52:38.904+0000] {logging_mixin.py:151} INFO - [2026-05-29T09:52:38.903+0000] {dagbag.py:539} INFO - Filling up the DagBag from /opt/airflow/dags/wikitext_dag.py
[2026-05-29T09:52:38.955+0000] {processor.py:839} INFO - DAG(s) dict_keys(['data_lake_pipeline']) retrieved from /opt/airflow/dags/wikitext_dag.py
[2026-05-29T09:52:38.977+0000] {logging_mixin.py:151} INFO - [2026-05-29T09:52:38.977+0000] {dag.py:2915} INFO - Sync 1 DAGs
[2026-05-29T09:52:39.001+0000] {logging_mixin.py:151} INFO - [2026-05-29T09:52:39.001+0000] {dag.py:3696} INFO - Setting next_dagrun for data_lake_pipeline to 2025-01-01T00:00:00+00:00, run_after=2025-01-02T00:00:00+00:00
[2026-05-29T09:52:39.026+0000] {processor.py:179} INFO - Processing /opt/airflow/dags/wikitext_dag.py took 0.138 seconds
[2026-05-29T09:53:09.426+0000] {processor.py:157} INFO - Started process (PID=177) to work on /opt/airflow/dags/wikitext_dag.py
[2026-05-29T09:53:09.429+0000] {processor.py:829} INFO - Processing file /opt/airflow/dags/wikitext_dag.py for tasks to queue
[2026-05-29T09:53:09.431+0000] {logging_mixin.py:151} INFO - [2026-05-29T09:53:09.430+0000] {dagbag.py:539} INFO - Filling up the DagBag from /opt/airflow/dags/wikitext_dag.py
[2026-05-29T09:53:09.459+0000] {processor.py:839} INFO - DAG(s) dict_keys(['data_lake_pipeline']) retrieved from /opt/airflow/dags/wikitext_dag.py
[2026-05-29T09:53:09.579+0000] {logging_mixin.py:151} INFO - [2026-05-29T09:53:09.579+0000] {dag.py:2915} INFO - Sync 1 DAGs
[2026-05-29T09:53:09.617+0000] {logging_mixin.py:151} INFO - [2026-05-29T09:53:09.617+0000] {dag.py:3696} INFO - Setting next_dagrun for data_lake_pipeline to 2025-01-01T00:00:00+00:00, run_after=2025-01-02T00:00:00+00:00
[2026-05-29T09:53:09.647+0000] {processor.py:179} INFO - Processing /opt/airflow/dags/wikitext_dag.py took 0.235 seconds
[2026-05-29T09:53:39.781+0000] {processor.py:157} INFO - Started process (PID=187) to work on /opt/airflow/dags/wikitext_dag.py
[2026-05-29T09:53:39.782+0000] {processor.py:829} INFO - Processing file /opt/airflow/dags/wikitext_dag.py for tasks to queue
[2026-05-29T09:53:39.784+0000] {logging_mixin.py:151} INFO - [2026-05-29T09:53:39.783+0000] {dagbag.py:539} INFO - Filling up the DagBag from /opt/airflow/dags/wikitext_dag.py
[2026-05-29T09:53:39.810+0000] {processor.py:839} INFO - DAG(s) dict_keys(['data_lake_pipeline']) retrieved from /opt/airflow/dags/wikitext_dag.py
[2026-05-29T09:53:39.840+0000] {logging_mixin.py:151} INFO - [2026-05-29T09:53:39.840+0000] {dag.py:2915} INFO - Sync 1 DAGs
[2026-05-29T09:53:39.856+0000] {logging_mixin.py:151} INFO - [2026-05-29T09:53:39.856+0000] {dag.py:3696} INFO - Setting next_dagrun for data_lake_pipeline to 2025-01-01T00:00:00+00:00, run_after=2025-01-02T00:00:00+00:00
[2026-05-29T09:53:40.000+0000] {processor.py:179} INFO - Processing /opt/airflow/dags/wikitext_dag.py took 0.225 seconds
[2026-05-29T09:54:10.232+0000] {processor.py:157} INFO - Started process (PID=197) to work on /opt/airflow/dags/wikitext_dag.py
[2026-05-29T09:54:10.235+0000] {processor.py:829} INFO - Processing file /opt/airflow/dags/wikitext_dag.py for tasks to queue
[2026-05-29T09:54:10.236+0000] {logging_mixin.py:151} INFO - [2026-05-29T09:54:10.236+0000] {dagbag.py:539} INFO - Filling up the DagBag from /opt/airflow/dags/wikitext_dag.py
[2026-05-29T09:54:10.250+0000] {processor.py:839} INFO - DAG(s) dict_keys(['data_lake_pipeline']) retrieved from /opt/airflow/dags/wikitext_dag.py
[2026-05-29T09:54:10.278+0000] {logging_mixin.py:151} INFO - [2026-05-29T09:54:10.278+0000] {dag.py:2915} INFO - Sync 1 DAGs
[2026-05-29T09:54:10.370+0000] {logging_mixin.py:151} INFO - [2026-05-29T09:54:10.370+0000] {dag.py:3696} INFO - Setting next_dagrun for data_lake_pipeline to 2025-01-01T00:00:00+00:00, run_after=2025-01-02T00:00:00+00:00
[2026-05-29T09:54:10.380+0000] {processor.py:179} INFO - Processing /opt/airflow/dags/wikitext_dag.py took 0.152 seconds
[2026-05-29T09:54:40.548+0000] {processor.py:157} INFO - Started process (PID=207) to work on /opt/airflow/dags/wikitext_dag.py
[2026-05-29T09:54:40.550+0000] {processor.py:829} INFO - Processing file /opt/airflow/dags/wikitext_dag.py for tasks to queue
[2026-05-29T09:54:40.551+0000] {logging_mixin.py:151} INFO - [2026-05-29T09:54:40.551+0000] {dagbag.py:539} INFO - Filling up the DagBag from /opt/airflow/dags/wikitext_dag.py
[2026-05-29T09:54:40.578+0000] {processor.py:839} INFO - DAG(s) dict_keys(['data_lake_pipeline']) retrieved from /opt/airflow/dags/wikitext_dag.py
[2026-05-29T09:54:40.611+0000] {logging_mixin.py:151} INFO - [2026-05-29T09:54:40.611+0000] {dag.py:2915} INFO - Sync 1 DAGs
[2026-05-29T09:54:40.804+0000] {logging_mixin.py:151} INFO - [2026-05-29T09:54:40.804+0000] {dag.py:3696} INFO - Setting next_dagrun for data_lake_pipeline to 2025-01-01T00:00:00+00:00, run_after=2025-01-02T00:00:00+00:00
[2026-05-29T09:54:40.816+0000] {processor.py:179} INFO - Processing /opt/airflow/dags/wikitext_dag.py took 0.274 seconds
[2026-05-29T09:55:10.888+0000] {processor.py:157} INFO - Started process (PID=217) to work on /opt/airflow/dags/wikitext_dag.py
[2026-05-29T09:55:10.889+0000] {processor.py:829} INFO - Processing file /opt/airflow/dags/wikitext_dag.py for tasks to queue
[2026-05-29T09:55:10.890+0000] {logging_mixin.py:151} INFO - [2026-05-29T09:55:10.889+0000] {dagbag.py:539} INFO - Filling up the DagBag from /opt/airflow/dags/wikitext_dag.py
[2026-05-29T09:55:10.907+0000] {processor.py:839} INFO - DAG(s) dict_keys(['data_lake_pipeline']) retrieved from /opt/airflow/dags/wikitext_dag.py
[2026-05-29T09:55:11.042+0000] {logging_mixin.py:151} INFO - [2026-05-29T09:55:11.042+0000] {dag.py:2915} INFO - Sync 1 DAGs
[2026-05-29T09:55:11.053+0000] {logging_mixin.py:151} INFO - [2026-05-29T09:55:11.053+0000] {dag.py:3696} INFO - Setting next_dagrun for data_lake_pipeline to 2025-01-01T00:00:00+00:00, run_after=2025-01-02T00:00:00+00:00
[2026-05-29T09:55:11.064+0000] {processor.py:179} INFO - Processing /opt/airflow/dags/wikitext_dag.py took 0.181 seconds
[2026-05-29T09:55:41.378+0000] {processor.py:157} INFO - Started process (PID=227) to work on /opt/airflow/dags/wikitext_dag.py
[2026-05-29T09:55:41.380+0000] {processor.py:829} INFO - Processing file /opt/airflow/dags/wikitext_dag.py for tasks to queue
[2026-05-29T09:55:41.380+0000] {logging_mixin.py:151} INFO - [2026-05-29T09:55:41.380+0000] {dagbag.py:539} INFO - Filling up the DagBag from /opt/airflow/dags/wikitext_dag.py
[2026-05-29T09:55:41.485+0000] {processor.py:839} INFO - DAG(s) dict_keys(['data_lake_pipeline']) retrieved from /opt/airflow/dags/wikitext_dag.py
[2026-05-29T09:55:41.499+0000] {logging_mixin.py:151} INFO - [2026-05-29T09:55:41.499+0000] {dag.py:2915} INFO - Sync 1 DAGs
[2026-05-29T09:55:41.509+0000] {logging_mixin.py:151} INFO - [2026-05-29T09:55:41.509+0000] {dag.py:3696} INFO - Setting next_dagrun for data_lake_pipeline to 2025-01-01T00:00:00+00:00, run_after=2025-01-02T00:00:00+00:00
[2026-05-29T09:55:41.521+0000] {processor.py:179} INFO - Processing /opt/airflow/dags/wikitext_dag.py took 0.146 seconds
[2026-05-29T09:56:11.840+0000] {processor.py:157} INFO - Started process (PID=237) to work on /opt/airflow/dags/wikitext_dag.py
[2026-05-29T09:56:11.842+0000] {processor.py:829} INFO - Processing file /opt/airflow/dags/wikitext_dag.py for tasks to queue
[2026-05-29T09:56:11.843+0000] {logging_mixin.py:151} INFO - [2026-05-29T09:56:11.843+0000] {dagbag.py:539} INFO - Filling up the DagBag from /opt/airflow/dags/wikitext_dag.py
[2026-05-29T09:56:11.858+0000] {processor.py:839} INFO - DAG(s) dict_keys(['data_lake_pipeline']) retrieved from /opt/airflow/dags/wikitext_dag.py
[2026-05-29T09:56:11.885+0000] {logging_mixin.py:151} INFO - [2026-05-29T09:56:11.885+0000] {dag.py:2915} INFO - Sync 1 DAGs
[2026-05-29T09:56:11.900+0000] {logging_mixin.py:151} INFO - [2026-05-29T09:56:11.899+0000] {dag.py:3696} INFO - Setting next_dagrun for data_lake_pipeline to 2025-01-01T00:00:00+00:00, run_after=2025-01-02T00:00:00+00:00
[2026-05-29T09:56:11.912+0000] {processor.py:179} INFO - Processing /opt/airflow/dags/wikitext_dag.py took 0.076 seconds
[2026-05-29T09:56:42.219+0000] {processor.py:157} INFO - Started process (PID=247) to work on /opt/airflow/dags/wikitext_dag.py
[2026-05-29T09:56:42.221+0000] {processor.py:829} INFO - Processing file /opt/airflow/dags/wikitext_dag.py for tasks to queue
[2026-05-29T09:56:42.223+0000] {logging_mixin.py:151} INFO - [2026-05-29T09:56:42.222+0000] {dagbag.py:539} INFO - Filling up the DagBag from /opt/airflow/dags/wikitext_dag.py
[2026-05-29T09:56:42.245+0000] {processor.py:839} INFO - DAG(s) dict_keys(['data_lake_pipeline']) retrieved from /opt/airflow/dags/wikitext_dag.py
[2026-05-29T09:56:42.280+0000] {logging_mixin.py:151} INFO - [2026-05-29T09:56:42.280+0000] {dag.py:2915} INFO - Sync 1 DAGs
[2026-05-29T09:56:42.300+0000] {logging_mixin.py:151} INFO - [2026-05-29T09:56:42.299+0000] {dag.py:3696} INFO - Setting next_dagrun for data_lake_pipeline to 2025-01-01T00:00:00+00:00, run_after=2025-01-02T00:00:00+00:00
[2026-05-29T09:56:42.318+0000] {processor.py:179} INFO - Processing /opt/airflow/dags/wikitext_dag.py took 0.110 seconds
[2026-05-29T09:57:12.517+0000] {processor.py:157} INFO - Started process (PID=257) to work on /opt/airflow/dags/wikitext_dag.py
[2026-05-29T09:57:12.519+0000] {processor.py:829} INFO - Processing file /opt/airflow/dags/wikitext_dag.py for tasks to queue
[2026-05-29T09:57:12.520+0000] {logging_mixin.py:151} INFO - [2026-05-29T09:57:12.519+0000] {dagbag.py:539} INFO - Filling up the DagBag from /opt/airflow/dags/wikitext_dag.py
[2026-05-29T09:57:12.534+0000] {processor.py:839} INFO - DAG(s) dict_keys(['data_lake_pipeline']) retrieved from /opt/airflow/dags/wikitext_dag.py
[2026-05-29T09:57:12.558+0000] {logging_mixin.py:151} INFO - [2026-05-29T09:57:12.558+0000] {dag.py:2915} INFO - Sync 1 DAGs
[2026-05-29T09:57:12.571+0000] {logging_mixin.py:151} INFO - [2026-05-29T09:57:12.571+0000] {dag.py:3696} INFO - Setting next_dagrun for data_lake_pipeline to 2025-01-01T00:00:00+00:00, run_after=2025-01-02T00:00:00+00:00
[2026-05-29T09:57:12.581+0000] {processor.py:179} INFO - Processing /opt/airflow/dags/wikitext_dag.py took 0.069 seconds
[2026-05-29T09:57:42.874+0000] {processor.py:157} INFO - Started process (PID=267) to work on /opt/airflow/dags/wikitext_dag.py
[2026-05-29T09:57:42.877+0000] {processor.py:829} INFO - Processing file /opt/airflow/dags/wikitext_dag.py for tasks to queue
[2026-05-29T09:57:42.878+0000] {logging_mixin.py:151} INFO - [2026-05-29T09:57:42.878+0000] {dagbag.py:539} INFO - Filling up the DagBag from /opt/airflow/dags/wikitext_dag.py
[2026-05-29T09:57:42.897+0000] {processor.py:839} INFO - DAG(s) dict_keys(['data_lake_pipeline']) retrieved from /opt/airflow/dags/wikitext_dag.py
[2026-05-29T09:57:42.923+0000] {logging_mixin.py:151} INFO - [2026-05-29T09:57:42.923+0000] {dag.py:2915} INFO - Sync 1 DAGs
[2026-05-29T09:57:42.937+0000] {logging_mixin.py:151} INFO - [2026-05-29T09:57:42.936+0000] {dag.py:3696} INFO - Setting next_dagrun for data_lake_pipeline to 2025-01-01T00:00:00+00:00, run_after=2025-01-02T00:00:00+00:00
[2026-05-29T09:57:42.949+0000] {processor.py:179} INFO - Processing /opt/airflow/dags/wikitext_dag.py took 0.079 seconds
[2026-05-29T09:58:13.183+0000] {processor.py:157} INFO - Started process (PID=277) to work on /opt/airflow/dags/wikitext_dag.py
[2026-05-29T09:58:13.185+0000] {processor.py:829} INFO - Processing file /opt/airflow/dags/wikitext_dag.py for tasks to queue
[2026-05-29T09:58:13.186+0000] {logging_mixin.py:151} INFO - [2026-05-29T09:58:13.186+0000] {dagbag.py:539} INFO - Filling up the DagBag from /opt/airflow/dags/wikitext_dag.py
[2026-05-29T09:58:13.200+0000] {processor.py:839} INFO - DAG(s) dict_keys(['data_lake_pipeline']) retrieved from /opt/airflow/dags/wikitext_dag.py
[2026-05-29T09:58:13.224+0000] {logging_mixin.py:151} INFO - [2026-05-29T09:58:13.224+0000] {dag.py:2915} INFO - Sync 1 DAGs
[2026-05-29T09:58:13.239+0000] {logging_mixin.py:151} INFO - [2026-05-29T09:58:13.239+0000] {dag.py:3696} INFO - Setting next_dagrun for data_lake_pipeline to 2025-01-01T00:00:00+00:00, run_after=2025-01-02T00:00:00+00:00
[2026-05-29T09:58:13.251+0000] {processor.py:179} INFO - Processing /opt/airflow/dags/wikitext_dag.py took 0.071 seconds
[2026-05-29T09:58:43.487+0000] {processor.py:157} INFO - Started process (PID=287) to work on /opt/airflow/dags/wikitext_dag.py
[2026-05-29T09:58:43.489+0000] {processor.py:829} INFO - Processing file /opt/airflow/dags/wikitext_dag.py for tasks to queue
[2026-05-29T09:58:43.491+0000] {logging_mixin.py:151} INFO - [2026-05-29T09:58:43.491+0000] {dagbag.py:539} INFO - Filling up the DagBag from /opt/airflow/dags/wikitext_dag.py
[2026-05-29T09:58:43.504+0000] {processor.py:839} INFO - DAG(s) dict_keys(['data_lake_pipeline']) retrieved from /opt/airflow/dags/wikitext_dag.py
[2026-05-29T09:58:43.528+0000] {logging_mixin.py:151} INFO - [2026-05-29T09:58:43.528+0000] {dag.py:2915} INFO - Sync 1 DAGs
[2026-05-29T09:58:43.540+0000] {logging_mixin.py:151} INFO - [2026-05-29T09:58:43.540+0000] {dag.py:3696} INFO - Setting next_dagrun for data_lake_pipeline to 2025-01-01T00:00:00+00:00, run_after=2025-01-02T00:00:00+00:00
[2026-05-29T09:58:43.551+0000] {processor.py:179} INFO - Processing /opt/airflow/dags/wikitext_dag.py took 0.069 seconds
[2026-05-29T09:59:13.910+0000] {processor.py:157} INFO - Started process (PID=297) to work on /opt/airflow/dags/wikitext_dag.py
[2026-05-29T09:59:13.912+0000] {processor.py:829} INFO - Processing file /opt/airflow/dags/wikitext_dag.py for tasks to queue
[2026-05-29T09:59:13.915+0000] {logging_mixin.py:151} INFO - [2026-05-29T09:59:13.914+0000] {dagbag.py:539} INFO - Filling up the DagBag from /opt/airflow/dags/wikitext_dag.py
[2026-05-29T09:59:13.935+0000] {processor.py:839} INFO - DAG(s) dict_keys(['data_lake_pipeline']) retrieved from /opt/airflow/dags/wikitext_dag.py
[2026-05-29T09:59:13.962+0000] {logging_mixin.py:151} INFO - [2026-05-29T09:59:13.961+0000] {dag.py:2915} INFO - Sync 1 DAGs
[2026-05-29T09:59:13.976+0000] {logging_mixin.py:151} INFO - [2026-05-29T09:59:13.976+0000] {dag.py:3696} INFO - Setting next_dagrun for data_lake_pipeline to 2025-01-01T00:00:00+00:00, run_after=2025-01-02T00:00:00+00:00
[2026-05-29T09:59:13.990+0000] {processor.py:179} INFO - Processing /opt/airflow/dags/wikitext_dag.py took 0.087 seconds
[2026-05-29T09:59:44.340+0000] {processor.py:157} INFO - Started process (PID=307) to work on /opt/airflow/dags/wikitext_dag.py
[2026-05-29T09:59:44.342+0000] {processor.py:829} INFO - Processing file /opt/airflow/dags/wikitext_dag.py for tasks to queue
[2026-05-29T09:59:44.345+0000] {logging_mixin.py:151} INFO - [2026-05-29T09:59:44.344+0000] {dagbag.py:539} INFO - Filling up the DagBag from /opt/airflow/dags/wikitext_dag.py
[2026-05-29T09:59:44.358+0000] {processor.py:839} INFO - DAG(s) dict_keys(['data_lake_pipeline']) retrieved from /opt/airflow/dags/wikitext_dag.py
[2026-05-29T09:59:44.381+0000] {logging_mixin.py:151} INFO - [2026-05-29T09:59:44.381+0000] {dag.py:2915} INFO - Sync 1 DAGs
[2026-05-29T09:59:44.395+0000] {logging_mixin.py:151} INFO - [2026-05-29T09:59:44.395+0000] {dag.py:3696} INFO - Setting next_dagrun for data_lake_pipeline to 2025-01-01T00:00:00+00:00, run_after=2025-01-02T00:00:00+00:00
[2026-05-29T09:59:44.407+0000] {processor.py:179} INFO - Processing /opt/airflow/dags/wikitext_dag.py took 0.071 seconds
[2026-05-29T10:00:14.708+0000] {processor.py:157} INFO - Started process (PID=317) to work on /opt/airflow/dags/wikitext_dag.py
[2026-05-29T10:00:14.710+0000] {processor.py:829} INFO - Processing file /opt/airflow/dags/wikitext_dag.py for tasks to queue
[2026-05-29T10:00:14.711+0000] {logging_mixin.py:151} INFO - [2026-05-29T10:00:14.711+0000] {dagbag.py:539} INFO - Filling up the DagBag from /opt/airflow/dags/wikitext_dag.py
[2026-05-29T10:00:14.725+0000] {processor.py:839} INFO - DAG(s) dict_keys(['data_lake_pipeline']) retrieved from /opt/airflow/dags/wikitext_dag.py
[2026-05-29T10:00:14.748+0000] {logging_mixin.py:151} INFO - [2026-05-29T10:00:14.748+0000] {dag.py:2915} INFO - Sync 1 DAGs
[2026-05-29T10:00:14.760+0000] {logging_mixin.py:151} INFO - [2026-05-29T10:00:14.760+0000] {dag.py:3696} INFO - Setting next_dagrun for data_lake_pipeline to 2025-01-01T00:00:00+00:00, run_after=2025-01-02T00:00:00+00:00
[2026-05-29T10:00:14.772+0000] {processor.py:179} INFO - Processing /opt/airflow/dags/wikitext_dag.py took 0.068 seconds
[2026-05-29T10:00:44.997+0000] {processor.py:157} INFO - Started process (PID=327) to work on /opt/airflow/dags/wikitext_dag.py
[2026-05-29T10:00:44.999+0000] {processor.py:829} INFO - Processing file /opt/airflow/dags/wikitext_dag.py for tasks to queue
[2026-05-29T10:00:45.001+0000] {logging_mixin.py:151} INFO - [2026-05-29T10:00:45.001+0000] {dagbag.py:539} INFO - Filling up the DagBag from /opt/airflow/dags/wikitext_dag.py
[2026-05-29T10:00:45.017+0000] {processor.py:839} INFO - DAG(s) dict_keys(['data_lake_pipeline']) retrieved from /opt/airflow/dags/wikitext_dag.py
[2026-05-29T10:00:45.038+0000] {logging_mixin.py:151} INFO - [2026-05-29T10:00:45.038+0000] {dag.py:2915} INFO - Sync 1 DAGs
[2026-05-29T10:00:45.050+0000] {logging_mixin.py:151} INFO - [2026-05-29T10:00:45.050+0000] {dag.py:3696} INFO - Setting next_dagrun for data_lake_pipeline to 2025-01-01T00:00:00+00:00, run_after=2025-01-02T00:00:00+00:00
[2026-05-29T10:00:45.062+0000] {processor.py:179} INFO - Processing /opt/airflow/dags/wikitext_dag.py took 0.069 seconds
[2026-05-29T10:01:15.376+0000] {processor.py:157} INFO - Started process (PID=337) to work on /opt/airflow/dags/wikitext_dag.py
[2026-05-29T10:01:15.378+0000] {processor.py:829} INFO - Processing file /opt/airflow/dags/wikitext_dag.py for tasks to queue
[2026-05-29T10:01:15.382+0000] {logging_mixin.py:151} INFO - [2026-05-29T10:01:15.381+0000] {dagbag.py:539} INFO - Filling up the DagBag from /opt/airflow/dags/wikitext_dag.py
[2026-05-29T10:01:15.394+0000] {processor.py:839} INFO - DAG(s) dict_keys(['data_lake_pipeline']) retrieved from /opt/airflow/dags/wikitext_dag.py
[2026-05-29T10:01:15.416+0000] {logging_mixin.py:151} INFO - [2026-05-29T10:01:15.416+0000] {dag.py:2915} INFO - Sync 1 DAGs
[2026-05-29T10:01:15.429+0000] {logging_mixin.py:151} INFO - [2026-05-29T10:01:15.428+0000] {dag.py:3696} INFO - Setting next_dagrun for data_lake_pipeline to 2025-01-01T00:00:00+00:00, run_after=2025-01-02T00:00:00+00:00
[2026-05-29T10:01:15.442+0000] {processor.py:179} INFO - Processing /opt/airflow/dags/wikitext_dag.py took 0.070 seconds
[2026-05-29T10:01:45.687+0000] {processor.py:157} INFO - Started process (PID=347) to work on /opt/airflow/dags/wikitext_dag.py
[2026-05-29T10:01:45.689+0000] {processor.py:829} INFO - Processing file /opt/airflow/dags/wikitext_dag.py for tasks to queue
[2026-05-29T10:01:45.690+0000] {logging_mixin.py:151} INFO - [2026-05-29T10:01:45.690+0000] {dagbag.py:539} INFO - Filling up the DagBag from /opt/airflow/dags/wikitext_dag.py
[2026-05-29T10:01:45.704+0000] {processor.py:839} INFO - DAG(s) dict_keys(['data_lake_pipeline']) retrieved from /opt/airflow/dags/wikitext_dag.py
[2026-05-29T10:01:45.728+0000] {logging_mixin.py:151} INFO - [2026-05-29T10:01:45.728+0000] {dag.py:2915} INFO - Sync 1 DAGs
[2026-05-29T10:01:45.741+0000] {logging_mixin.py:151} INFO - [2026-05-29T10:01:45.741+0000] {dag.py:3696} INFO - Setting next_dagrun for data_lake_pipeline to 2025-01-01T00:00:00+00:00, run_after=2025-01-02T00:00:00+00:00
[2026-05-29T10:01:45.755+0000] {processor.py:179} INFO - Processing /opt/airflow/dags/wikitext_dag.py took 0.074 seconds
[2026-05-29T10:02:16.021+0000] {processor.py:157} INFO - Started process (PID=357) to work on /opt/airflow/dags/wikitext_dag.py
[2026-05-29T10:02:16.023+0000] {processor.py:829} INFO - Processing file /opt/airflow/dags/wikitext_dag.py for tasks to queue
[2026-05-29T10:02:16.025+0000] {logging_mixin.py:151} INFO - [2026-05-29T10:02:16.024+0000] {dagbag.py:539} INFO - Filling up the DagBag from /opt/airflow/dags/wikitext_dag.py
[2026-05-29T10:02:16.041+0000] {processor.py:839} INFO - DAG(s) dict_keys(['data_lake_pipeline']) retrieved from /opt/airflow/dags/wikitext_dag.py
[2026-05-29T10:02:16.063+0000] {logging_mixin.py:151} INFO - [2026-05-29T10:02:16.063+0000] {dag.py:2915} INFO - Sync 1 DAGs
[2026-05-29T10:02:16.076+0000] {logging_mixin.py:151} INFO - [2026-05-29T10:02:16.076+0000] {dag.py:3696} INFO - Setting next_dagrun for data_lake_pipeline to 2025-01-01T00:00:00+00:00, run_after=2025-01-02T00:00:00+00:00
[2026-05-29T10:02:16.087+0000] {processor.py:179} INFO - Processing /opt/airflow/dags/wikitext_dag.py took 0.071 seconds
[2026-05-29T10:02:46.378+0000] {processor.py:157} INFO - Started process (PID=367) to work on /opt/airflow/dags/wikitext_dag.py
[2026-05-29T10:02:46.380+0000] {processor.py:829} INFO - Processing file /opt/airflow/dags/wikitext_dag.py for tasks to queue
[2026-05-29T10:02:46.382+0000] {logging_mixin.py:151} INFO - [2026-05-29T10:02:46.382+0000] {dagbag.py:539} INFO - Filling up the DagBag from /opt/airflow/dags/wikitext_dag.py
[2026-05-29T10:02:46.396+0000] {processor.py:839} INFO - DAG(s) dict_keys(['data_lake_pipeline']) retrieved from /opt/airflow/dags/wikitext_dag.py
[2026-05-29T10:02:46.420+0000] {logging_mixin.py:151} INFO - [2026-05-29T10:02:46.420+0000] {dag.py:2915} INFO - Sync 1 DAGs
[2026-05-29T10:02:46.435+0000] {logging_mixin.py:151} INFO - [2026-05-29T10:02:46.435+0000] {dag.py:3696} INFO - Setting next_dagrun for data_lake_pipeline to 2025-01-01T00:00:00+00:00, run_after=2025-01-02T00:00:00+00:00
[2026-05-29T10:02:46.446+0000] {processor.py:179} INFO - Processing /opt/airflow/dags/wikitext_dag.py took 0.073 seconds
[2026-05-29T10:03:16.677+0000] {processor.py:157} INFO - Started process (PID=377) to work on /opt/airflow/dags/wikitext_dag.py
[2026-05-29T10:03:16.679+0000] {processor.py:829} INFO - Processing file /opt/airflow/dags/wikitext_dag.py for tasks to queue
[2026-05-29T10:03:16.680+0000] {logging_mixin.py:151} INFO - [2026-05-29T10:03:16.680+0000] {dagbag.py:539} INFO - Filling up the DagBag from /opt/airflow/dags/wikitext_dag.py
[2026-05-29T10:03:16.699+0000] {processor.py:839} INFO - DAG(s) dict_keys(['data_lake_pipeline']) retrieved from /opt/airflow/dags/wikitext_dag.py
[2026-05-29T10:03:16.724+0000] {logging_mixin.py:151} INFO - [2026-05-29T10:03:16.724+0000] {dag.py:2915} INFO - Sync 1 DAGs
[2026-05-29T10:03:16.737+0000] {logging_mixin.py:151} INFO - [2026-05-29T10:03:16.737+0000] {dag.py:3696} INFO - Setting next_dagrun for data_lake_pipeline to 2025-01-01T00:00:00+00:00, run_after=2025-01-02T00:00:00+00:00
[2026-05-29T10:03:16.750+0000] {processor.py:179} INFO - Processing /opt/airflow/dags/wikitext_dag.py took 0.080 seconds
[2026-05-29T10:03:46.999+0000] {processor.py:157} INFO - Started process (PID=387) to work on /opt/airflow/dags/wikitext_dag.py
[2026-05-29T10:03:47.001+0000] {processor.py:829} INFO - Processing file /opt/airflow/dags/wikitext_dag.py for tasks to queue
[2026-05-29T10:03:47.002+0000] {logging_mixin.py:151} INFO - [2026-05-29T10:03:47.001+0000] {dagbag.py:539} INFO - Filling up the DagBag from /opt/airflow/dags/wikitext_dag.py
[2026-05-29T10:03:47.017+0000] {processor.py:839} INFO - DAG(s) dict_keys(['data_lake_pipeline']) retrieved from /opt/airflow/dags/wikitext_dag.py
[2026-05-29T10:03:47.049+0000] {logging_mixin.py:151} INFO - [2026-05-29T10:03:47.049+0000] {dag.py:2915} INFO - Sync 1 DAGs
[2026-05-29T10:03:47.069+0000] {logging_mixin.py:151} INFO - [2026-05-29T10:03:47.069+0000] {dag.py:3696} INFO - Setting next_dagrun for data_lake_pipeline to 2025-01-01T00:00:00+00:00, run_after=2025-01-02T00:00:00+00:00
[2026-05-29T10:03:47.083+0000] {processor.py:179} INFO - Processing /opt/airflow/dags/wikitext_dag.py took 0.088 seconds
[2026-05-29T10:04:17.351+0000] {processor.py:157} INFO - Started process (PID=397) to work on /opt/airflow/dags/wikitext_dag.py
[2026-05-29T10:04:17.353+0000] {processor.py:829} INFO - Processing file /opt/airflow/dags/wikitext_dag.py for tasks to queue
[2026-05-29T10:04:17.354+0000] {logging_mixin.py:151} INFO - [2026-05-29T10:04:17.354+0000] {dagbag.py:539} INFO - Filling up the DagBag from /opt/airflow/dags/wikitext_dag.py
[2026-05-29T10:04:17.371+0000] {processor.py:839} INFO - DAG(s) dict_keys(['data_lake_pipeline']) retrieved from /opt/airflow/dags/wikitext_dag.py
[2026-05-29T10:04:17.395+0000] {logging_mixin.py:151} INFO - [2026-05-29T10:04:17.395+0000] {dag.py:2915} INFO - Sync 1 DAGs
[2026-05-29T10:04:17.408+0000] {logging_mixin.py:151} INFO - [2026-05-29T10:04:17.408+0000] {dag.py:3696} INFO - Setting next_dagrun for data_lake_pipeline to 2025-01-01T00:00:00+00:00, run_after=2025-01-02T00:00:00+00:00
[2026-05-29T10:04:17.421+0000] {processor.py:179} INFO - Processing /opt/airflow/dags/wikitext_dag.py took 0.077 seconds
[2026-05-29T10:04:47.763+0000] {processor.py:157} INFO - Started process (PID=407) to work on /opt/airflow/dags/wikitext_dag.py
[2026-05-29T10:04:47.765+0000] {processor.py:829} INFO - Processing file /opt/airflow/dags/wikitext_dag.py for tasks to queue
[2026-05-29T10:04:47.767+0000] {logging_mixin.py:151} INFO - [2026-05-29T10:04:47.766+0000] {dagbag.py:539} INFO - Filling up the DagBag from /opt/airflow/dags/wikitext_dag.py
[2026-05-29T10:04:47.785+0000] {processor.py:839} INFO - DAG(s) dict_keys(['data_lake_pipeline']) retrieved from /opt/airflow/dags/wikitext_dag.py
[2026-05-29T10:04:47.817+0000] {logging_mixin.py:151} INFO - [2026-05-29T10:04:47.817+0000] {dag.py:2915} INFO - Sync 1 DAGs
[2026-05-29T10:04:47.833+0000] {logging_mixin.py:151} INFO - [2026-05-29T10:04:47.833+0000] {dag.py:3696} INFO - Setting next_dagrun for data_lake_pipeline to 2025-01-01T00:00:00+00:00, run_after=2025-01-02T00:00:00+00:00
[2026-05-29T10:04:47.846+0000] {processor.py:179} INFO - Processing /opt/airflow/dags/wikitext_dag.py took 0.087 seconds
[2026-05-29T10:05:18.079+0000] {processor.py:157} INFO - Started process (PID=417) to work on /opt/airflow/dags/wikitext_dag.py
[2026-05-29T10:05:18.081+0000] {processor.py:829} INFO - Processing file /opt/airflow/dags/wikitext_dag.py for tasks to queue
[2026-05-29T10:05:18.082+0000] {logging_mixin.py:151} INFO - [2026-05-29T10:05:18.081+0000] {dagbag.py:539} INFO - Filling up the DagBag from /opt/airflow/dags/wikitext_dag.py
[2026-05-29T10:05:18.095+0000] {processor.py:839} INFO - DAG(s) dict_keys(['data_lake_pipeline']) retrieved from /opt/airflow/dags/wikitext_dag.py
[2026-05-29T10:05:18.117+0000] {logging_mixin.py:151} INFO - [2026-05-29T10:05:18.116+0000] {dag.py:2915} INFO - Sync 1 DAGs
[2026-05-29T10:05:18.130+0000] {logging_mixin.py:151} INFO - [2026-05-29T10:05:18.130+0000] {dag.py:3696} INFO - Setting next_dagrun for data_lake_pipeline to 2025-01-01T00:00:00+00:00, run_after=2025-01-02T00:00:00+00:00
[2026-05-29T10:05:18.140+0000] {processor.py:179} INFO - Processing /opt/airflow/dags/wikitext_dag.py took 0.065 seconds
[2026-05-29T10:05:48.401+0000] {processor.py:157} INFO - Started process (PID=427) to work on /opt/airflow/dags/wikitext_dag.py
[2026-05-29T10:05:48.403+0000] {processor.py:829} INFO - Processing file /opt/airflow/dags/wikitext_dag.py for tasks to queue
[2026-05-29T10:05:48.404+0000] {logging_mixin.py:151} INFO - [2026-05-29T10:05:48.404+0000] {dagbag.py:539} INFO - Filling up the DagBag from /opt/airflow/dags/wikitext_dag.py
[2026-05-29T10:05:48.424+0000] {processor.py:839} INFO - DAG(s) dict_keys(['data_lake_pipeline']) retrieved from /opt/airflow/dags/wikitext_dag.py
[2026-05-29T10:05:48.450+0000] {logging_mixin.py:151} INFO - [2026-05-29T10:05:48.450+0000] {dag.py:2915} INFO - Sync 1 DAGs
[2026-05-29T10:05:48.466+0000] {logging_mixin.py:151} INFO - [2026-05-29T10:05:48.466+0000] {dag.py:3696} INFO - Setting next_dagrun for data_lake_pipeline to 2025-01-01T00:00:00+00:00, run_after=2025-01-02T00:00:00+00:00
[2026-05-29T10:05:48.479+0000] {processor.py:179} INFO - Processing /opt/airflow/dags/wikitext_dag.py took 0.086 seconds
[2026-05-29T10:06:18.839+0000] {processor.py:157} INFO - Started process (PID=437) to work on /opt/airflow/dags/wikitext_dag.py
[2026-05-29T10:06:18.841+0000] {processor.py:829} INFO - Processing file /opt/airflow/dags/wikitext_dag.py for tasks to queue
[2026-05-29T10:06:18.842+0000] {logging_mixin.py:151} INFO - [2026-05-29T10:06:18.842+0000] {dagbag.py:539} INFO - Filling up the DagBag from /opt/airflow/dags/wikitext_dag.py
[2026-05-29T10:06:18.856+0000] {processor.py:839} INFO - DAG(s) dict_keys(['data_lake_pipeline']) retrieved from /opt/airflow/dags/wikitext_dag.py
[2026-05-29T10:06:18.884+0000] {logging_mixin.py:151} INFO - [2026-05-29T10:06:18.884+0000] {dag.py:2915} INFO - Sync 1 DAGs
[2026-05-29T10:06:18.897+0000] {logging_mixin.py:151} INFO - [2026-05-29T10:06:18.897+0000] {dag.py:3696} INFO - Setting next_dagrun for data_lake_pipeline to 2025-01-01T00:00:00+00:00, run_after=2025-01-02T00:00:00+00:00
[2026-05-29T10:06:18.911+0000] {processor.py:179} INFO - Processing /opt/airflow/dags/wikitext_dag.py took 0.077 seconds
[2026-05-29T10:06:49.220+0000] {processor.py:157} INFO - Started process (PID=447) to work on /opt/airflow/dags/wikitext_dag.py
[2026-05-29T10:06:49.222+0000] {processor.py:829} INFO - Processing file /opt/airflow/dags/wikitext_dag.py for tasks to queue
[2026-05-29T10:06:49.223+0000] {logging_mixin.py:151} INFO - [2026-05-29T10:06:49.223+0000] {dagbag.py:539} INFO - Filling up the DagBag from /opt/airflow/dags/wikitext_dag.py
[2026-05-29T10:06:49.242+0000] {processor.py:839} INFO - DAG(s) dict_keys(['data_lake_pipeline']) retrieved from /opt/airflow/dags/wikitext_dag.py
[2026-05-29T10:06:49.271+0000] {logging_mixin.py:151} INFO - [2026-05-29T10:06:49.271+0000] {dag.py:2915} INFO - Sync 1 DAGs
[2026-05-29T10:06:49.286+0000] {logging_mixin.py:151} INFO - [2026-05-29T10:06:49.286+0000] {dag.py:3696} INFO - Setting next_dagrun for data_lake_pipeline to 2025-01-01T00:00:00+00:00, run_after=2025-01-02T00:00:00+00:00
[2026-05-29T10:06:49.300+0000] {processor.py:179} INFO - Processing /opt/airflow/dags/wikitext_dag.py took 0.086 seconds
[2026-05-29T10:07:19.511+0000] {processor.py:157} INFO - Started process (PID=457) to work on /opt/airflow/dags/wikitext_dag.py
[2026-05-29T10:07:19.512+0000] {processor.py:829} INFO - Processing file /opt/airflow/dags/wikitext_dag.py for tasks to queue
[2026-05-29T10:07:19.513+0000] {logging_mixin.py:151} INFO - [2026-05-29T10:07:19.512+0000] {dagbag.py:539} INFO - Filling up the DagBag from /opt/airflow/dags/wikitext_dag.py
[2026-05-29T10:07:19.520+0000] {processor.py:839} INFO - DAG(s) dict_keys(['data_lake_pipeline']) retrieved from /opt/airflow/dags/wikitext_dag.py
[2026-05-29T10:07:19.535+0000] {logging_mixin.py:151} INFO - [2026-05-29T10:07:19.535+0000] {dag.py:2915} INFO - Sync 1 DAGs
[2026-05-29T10:07:19.546+0000] {logging_mixin.py:151} INFO - [2026-05-29T10:07:19.546+0000] {dag.py:3696} INFO - Setting next_dagrun for data_lake_pipeline to 2025-01-01T00:00:00+00:00, run_after=2025-01-02T00:00:00+00:00
[2026-05-29T10:07:19.558+0000] {processor.py:179} INFO - Processing /opt/airflow/dags/wikitext_dag.py took 0.049 seconds
[2026-05-29T10:07:49.862+0000] {processor.py:157} INFO - Started process (PID=467) to work on /opt/airflow/dags/wikitext_dag.py
[2026-05-29T10:07:49.865+0000] {processor.py:829} INFO - Processing file /opt/airflow/dags/wikitext_dag.py for tasks to queue
[2026-05-29T10:07:49.867+0000] {logging_mixin.py:151} INFO - [2026-05-29T10:07:49.867+0000] {dagbag.py:539} INFO - Filling up the DagBag from /opt/airflow/dags/wikitext_dag.py
[2026-05-29T10:07:49.880+0000] {processor.py:839} INFO - DAG(s) dict_keys(['data_lake_pipeline']) retrieved from /opt/airflow/dags/wikitext_dag.py
[2026-05-29T10:07:49.902+0000] {logging_mixin.py:151} INFO - [2026-05-29T10:07:49.902+0000] {dag.py:2915} INFO - Sync 1 DAGs
[2026-05-29T10:07:49.915+0000] {logging_mixin.py:151} INFO - [2026-05-29T10:07:49.915+0000] {dag.py:3696} INFO - Setting next_dagrun for data_lake_pipeline to 2025-01-01T00:00:00+00:00, run_after=2025-01-02T00:00:00+00:00
[2026-05-29T10:07:49.930+0000] {processor.py:179} INFO - Processing /opt/airflow/dags/wikitext_dag.py took 0.071 seconds
[2026-05-29T10:08:20.210+0000] {processor.py:157} INFO - Started process (PID=477) to work on /opt/airflow/dags/wikitext_dag.py
[2026-05-29T10:08:20.213+0000] {processor.py:829} INFO - Processing file /opt/airflow/dags/wikitext_dag.py for tasks to queue
[2026-05-29T10:08:20.214+0000] {logging_mixin.py:151} INFO - [2026-05-29T10:08:20.214+0000] {dagbag.py:539} INFO - Filling up the DagBag from /opt/airflow/dags/wikitext_dag.py
[2026-05-29T10:08:20.230+0000] {processor.py:839} INFO - DAG(s) dict_keys(['data_lake_pipeline']) retrieved from /opt/airflow/dags/wikitext_dag.py
[2026-05-29T10:08:20.253+0000] {logging_mixin.py:151} INFO - [2026-05-29T10:08:20.253+0000] {dag.py:2915} INFO - Sync 1 DAGs
[2026-05-29T10:08:20.266+0000] {logging_mixin.py:151} INFO - [2026-05-29T10:08:20.266+0000] {dag.py:3696} INFO - Setting next_dagrun for data_lake_pipeline to 2025-01-01T00:00:00+00:00, run_after=2025-01-02T00:00:00+00:00
[2026-05-29T10:08:20.277+0000] {processor.py:179} INFO - Processing /opt/airflow/dags/wikitext_dag.py took 0.071 seconds
[2026-05-29T10:08:50.505+0000] {processor.py:157} INFO - Started process (PID=487) to work on /opt/airflow/dags/wikitext_dag.py
[2026-05-29T10:08:50.506+0000] {processor.py:829} INFO - Processing file /opt/airflow/dags/wikitext_dag.py for tasks to queue
[2026-05-29T10:08:50.508+0000] {logging_mixin.py:151} INFO - [2026-05-29T10:08:50.508+0000] {dagbag.py:539} INFO - Filling up the DagBag from /opt/airflow/dags/wikitext_dag.py
[2026-05-29T10:08:50.519+0000] {processor.py:839} INFO - DAG(s) dict_keys(['data_lake_pipeline']) retrieved from /opt/airflow/dags/wikitext_dag.py
[2026-05-29T10:08:50.545+0000] {logging_mixin.py:151} INFO - [2026-05-29T10:08:50.545+0000] {dag.py:2915} INFO - Sync 1 DAGs
[2026-05-29T10:08:50.556+0000] {logging_mixin.py:151} INFO - [2026-05-29T10:08:50.556+0000] {dag.py:3696} INFO - Setting next_dagrun for data_lake_pipeline to 2025-01-01T00:00:00+00:00, run_after=2025-01-02T00:00:00+00:00
[2026-05-29T10:08:50.569+0000] {processor.py:179} INFO - Processing /opt/airflow/dags/wikitext_dag.py took 0.068 seconds
[2026-05-29T10:09:20.844+0000] {processor.py:157} INFO - Started process (PID=497) to work on /opt/airflow/dags/wikitext_dag.py
[2026-05-29T10:09:20.845+0000] {processor.py:829} INFO - Processing file /opt/airflow/dags/wikitext_dag.py for tasks to queue
[2026-05-29T10:09:20.846+0000] {logging_mixin.py:151} INFO - [2026-05-29T10:09:20.846+0000] {dagbag.py:539} INFO - Filling up the DagBag from /opt/airflow/dags/wikitext_dag.py
[2026-05-29T10:09:20.861+0000] {processor.py:839} INFO - DAG(s) dict_keys(['data_lake_pipeline']) retrieved from /opt/airflow/dags/wikitext_dag.py
[2026-05-29T10:09:20.882+0000] {logging_mixin.py:151} INFO - [2026-05-29T10:09:20.882+0000] {dag.py:2915} INFO - Sync 1 DAGs
[2026-05-29T10:09:20.894+0000] {logging_mixin.py:151} INFO - [2026-05-29T10:09:20.894+0000] {dag.py:3696} INFO - Setting next_dagrun for data_lake_pipeline to 2025-01-01T00:00:00+00:00, run_after=2025-01-02T00:00:00+00:00
[2026-05-29T10:09:20.906+0000] {processor.py:179} INFO - Processing /opt/airflow/dags/wikitext_dag.py took 0.066 seconds
[2026-05-29T10:09:51.204+0000] {processor.py:157} INFO - Started process (PID=507) to work on /opt/airflow/dags/wikitext_dag.py
[2026-05-29T10:09:51.207+0000] {processor.py:829} INFO - Processing file /opt/airflow/dags/wikitext_dag.py for tasks to queue
[2026-05-29T10:09:51.209+0000] {logging_mixin.py:151} INFO - [2026-05-29T10:09:51.208+0000] {dagbag.py:539} INFO - Filling up the DagBag from /opt/airflow/dags/wikitext_dag.py
[2026-05-29T10:09:51.224+0000] {processor.py:839} INFO - DAG(s) dict_keys(['data_lake_pipeline']) retrieved from /opt/airflow/dags/wikitext_dag.py
[2026-05-29T10:09:51.249+0000] {logging_mixin.py:151} INFO - [2026-05-29T10:09:51.248+0000] {dag.py:2915} INFO - Sync 1 DAGs
[2026-05-29T10:09:51.260+0000] {logging_mixin.py:151} INFO - [2026-05-29T10:09:51.260+0000] {dag.py:3696} INFO - Setting next_dagrun for data_lake_pipeline to 2025-01-01T00:00:00+00:00, run_after=2025-01-02T00:00:00+00:00
[2026-05-29T10:09:51.271+0000] {processor.py:179} INFO - Processing /opt/airflow/dags/wikitext_dag.py took 0.071 seconds
[2026-05-29T10:10:21.486+0000] {processor.py:157} INFO - Started process (PID=517) to work on /opt/airflow/dags/wikitext_dag.py
[2026-05-29T10:10:21.488+0000] {processor.py:829} INFO - Processing file /opt/airflow/dags/wikitext_dag.py for tasks to queue
[2026-05-29T10:10:21.489+0000] {logging_mixin.py:151} INFO - [2026-05-29T10:10:21.489+0000] {dagbag.py:539} INFO - Filling up the DagBag from /opt/airflow/dags/wikitext_dag.py
[2026-05-29T10:10:21.501+0000] {processor.py:839} INFO - DAG(s) dict_keys(['data_lake_pipeline']) retrieved from /opt/airflow/dags/wikitext_dag.py
[2026-05-29T10:10:21.524+0000] {logging_mixin.py:151} INFO - [2026-05-29T10:10:21.524+0000] {dag.py:2915} INFO - Sync 1 DAGs
[2026-05-29T10:10:21.537+0000] {logging_mixin.py:151} INFO - [2026-05-29T10:10:21.537+0000] {dag.py:3696} INFO - Setting next_dagrun for data_lake_pipeline to 2025-01-01T00:00:00+00:00, run_after=2025-01-02T00:00:00+00:00
[2026-05-29T10:10:21.551+0000] {processor.py:179} INFO - Processing /opt/airflow/dags/wikitext_dag.py took 0.068 seconds
[2026-05-29T10:10:51.835+0000] {processor.py:157} INFO - Started process (PID=527) to work on /opt/airflow/dags/wikitext_dag.py
[2026-05-29T10:10:51.837+0000] {processor.py:829} INFO - Processing file /opt/airflow/dags/wikitext_dag.py for tasks to queue
[2026-05-29T10:10:51.838+0000] {logging_mixin.py:151} INFO - [2026-05-29T10:10:51.838+0000] {dagbag.py:539} INFO - Filling up the DagBag from /opt/airflow/dags/wikitext_dag.py
[2026-05-29T10:10:51.851+0000] {processor.py:839} INFO - DAG(s) dict_keys(['data_lake_pipeline']) retrieved from /opt/airflow/dags/wikitext_dag.py
[2026-05-29T10:10:51.874+0000] {logging_mixin.py:151} INFO - [2026-05-29T10:10:51.874+0000] {dag.py:2915} INFO - Sync 1 DAGs
[2026-05-29T10:10:51.887+0000] {logging_mixin.py:151} INFO - [2026-05-29T10:10:51.887+0000] {dag.py:3696} INFO - Setting next_dagrun for data_lake_pipeline to 2025-01-01T00:00:00+00:00, run_after=2025-01-02T00:00:00+00:00
[2026-05-29T10:10:51.898+0000] {processor.py:179} INFO - Processing /opt/airflow/dags/wikitext_dag.py took 0.069 seconds
[2026-05-29T10:11:22.166+0000] {processor.py:157} INFO - Started process (PID=537) to work on /opt/airflow/dags/wikitext_dag.py
[2026-05-29T10:11:22.167+0000] {processor.py:829} INFO - Processing file /opt/airflow/dags/wikitext_dag.py for tasks to queue
[2026-05-29T10:11:22.169+0000] {logging_mixin.py:151} INFO - [2026-05-29T10:11:22.168+0000] {dagbag.py:539} INFO - Filling up the DagBag from /opt/airflow/dags/wikitext_dag.py
[2026-05-29T10:11:22.181+0000] {processor.py:839} INFO - DAG(s) dict_keys(['data_lake_pipeline']) retrieved from /opt/airflow/dags/wikitext_dag.py
[2026-05-29T10:11:22.201+0000] {logging_mixin.py:151} INFO - [2026-05-29T10:11:22.201+0000] {dag.py:2915} INFO - Sync 1 DAGs
[2026-05-29T10:11:22.214+0000] {logging_mixin.py:151} INFO - [2026-05-29T10:11:22.214+0000] {dag.py:3696} INFO - Setting next_dagrun for data_lake_pipeline to 2025-01-01T00:00:00+00:00, run_after=2025-01-02T00:00:00+00:00
[2026-05-29T10:11:22.225+0000] {processor.py:179} INFO - Processing /opt/airflow/dags/wikitext_dag.py took 0.063 seconds
[2026-05-29T10:11:52.546+0000] {processor.py:157} INFO - Started process (PID=547) to work on /opt/airflow/dags/wikitext_dag.py
[2026-05-29T10:11:52.547+0000] {processor.py:829} INFO - Processing file /opt/airflow/dags/wikitext_dag.py for tasks to queue
[2026-05-29T10:11:52.549+0000] {logging_mixin.py:151} INFO - [2026-05-29T10:11:52.548+0000] {dagbag.py:539} INFO - Filling up the DagBag from /opt/airflow/dags/wikitext_dag.py
[2026-05-29T10:11:52.565+0000] {processor.py:839} INFO - DAG(s) dict_keys(['data_lake_pipeline']) retrieved from /opt/airflow/dags/wikitext_dag.py
[2026-05-29T10:11:52.587+0000] {logging_mixin.py:151} INFO - [2026-05-29T10:11:52.587+0000] {dag.py:2915} INFO - Sync 1 DAGs
[2026-05-29T10:11:52.600+0000] {logging_mixin.py:151} INFO - [2026-05-29T10:11:52.599+0000] {dag.py:3696} INFO - Setting next_dagrun for data_lake_pipeline to 2025-01-01T00:00:00+00:00, run_after=2025-01-02T00:00:00+00:00
[2026-05-29T10:11:52.610+0000] {processor.py:179} INFO - Processing /opt/airflow/dags/wikitext_dag.py took 0.068 seconds
[2026-05-29T10:12:22.818+0000] {processor.py:157} INFO - Started process (PID=557) to work on /opt/airflow/dags/wikitext_dag.py
[2026-05-29T10:12:22.820+0000] {processor.py:829} INFO - Processing file /opt/airflow/dags/wikitext_dag.py for tasks to queue
[2026-05-29T10:12:22.822+0000] {logging_mixin.py:151} INFO - [2026-05-29T10:12:22.821+0000] {dagbag.py:539} INFO - Filling up the DagBag from /opt/airflow/dags/wikitext_dag.py
[2026-05-29T10:12:22.835+0000] {processor.py:839} INFO - DAG(s) dict_keys(['data_lake_pipeline']) retrieved from /opt/airflow/dags/wikitext_dag.py
[2026-05-29T10:12:22.858+0000] {logging_mixin.py:151} INFO - [2026-05-29T10:12:22.858+0000] {dag.py:2915} INFO - Sync 1 DAGs
[2026-05-29T10:12:22.871+0000] {logging_mixin.py:151} INFO - [2026-05-29T10:12:22.871+0000] {dag.py:3696} INFO - Setting next_dagrun for data_lake_pipeline to 2025-01-01T00:00:00+00:00, run_after=2025-01-02T00:00:00+00:00
[2026-05-29T10:12:22.882+0000] {processor.py:179} INFO - Processing /opt/airflow/dags/wikitext_dag.py took 0.068 seconds
[2026-05-29T10:12:53.118+0000] {processor.py:157} INFO - Started process (PID=567) to work on /opt/airflow/dags/wikitext_dag.py
[2026-05-29T10:12:53.119+0000] {processor.py:829} INFO - Processing file /opt/airflow/dags/wikitext_dag.py for tasks to queue
[2026-05-29T10:12:53.121+0000] {logging_mixin.py:151} INFO - [2026-05-29T10:12:53.121+0000] {dagbag.py:539} INFO - Filling up the DagBag from /opt/airflow/dags/wikitext_dag.py
[2026-05-29T10:12:53.133+0000] {processor.py:839} INFO - DAG(s) dict_keys(['data_lake_pipeline']) retrieved from /opt/airflow/dags/wikitext_dag.py
[2026-05-29T10:12:53.158+0000] {logging_mixin.py:151} INFO - [2026-05-29T10:12:53.158+0000] {dag.py:2915} INFO - Sync 1 DAGs
[2026-05-29T10:12:53.173+0000] {logging_mixin.py:151} INFO - [2026-05-29T10:12:53.173+0000] {dag.py:3696} INFO - Setting next_dagrun for data_lake_pipeline to 2025-01-01T00:00:00+00:00, run_after=2025-01-02T00:00:00+00:00
[2026-05-29T10:12:53.186+0000] {processor.py:179} INFO - Processing /opt/airflow/dags/wikitext_dag.py took 0.071 seconds
[2026-05-29T10:13:23.452+0000] {processor.py:157} INFO - Started process (PID=577) to work on /opt/airflow/dags/wikitext_dag.py
[2026-05-29T10:13:23.454+0000] {processor.py:829} INFO - Processing file /opt/airflow/dags/wikitext_dag.py for tasks to queue
[2026-05-29T10:13:23.456+0000] {logging_mixin.py:151} INFO - [2026-05-29T10:13:23.455+0000] {dagbag.py:539} INFO - Filling up the DagBag from /opt/airflow/dags/wikitext_dag.py
[2026-05-29T10:13:23.471+0000] {processor.py:839} INFO - DAG(s) dict_keys(['data_lake_pipeline']) retrieved from /opt/airflow/dags/wikitext_dag.py
[2026-05-29T10:13:23.506+0000] {logging_mixin.py:151} INFO - [2026-05-29T10:13:23.506+0000] {dag.py:2915} INFO - Sync 1 DAGs
[2026-05-29T10:13:23.529+0000] {logging_mixin.py:151} INFO - [2026-05-29T10:13:23.529+0000] {dag.py:3696} INFO - Setting next_dagrun for data_lake_pipeline to 2025-01-01T00:00:00+00:00, run_after=2025-01-02T00:00:00+00:00
[2026-05-29T10:13:23.549+0000] {processor.py:179} INFO - Processing /opt/airflow/dags/wikitext_dag.py took 0.102 seconds
[2026-05-29T10:13:53.865+0000] {processor.py:157} INFO - Started process (PID=587) to work on /opt/airflow/dags/wikitext_dag.py
[2026-05-29T10:13:53.868+0000] {processor.py:829} INFO - Processing file /opt/airflow/dags/wikitext_dag.py for tasks to queue
[2026-05-29T10:13:53.869+0000] {logging_mixin.py:151} INFO - [2026-05-29T10:13:53.868+0000] {dagbag.py:539} INFO - Filling up the DagBag from /opt/airflow/dags/wikitext_dag.py
[2026-05-29T10:13:53.882+0000] {processor.py:839} INFO - DAG(s) dict_keys(['data_lake_pipeline']) retrieved from /opt/airflow/dags/wikitext_dag.py
[2026-05-29T10:13:53.907+0000] {logging_mixin.py:151} INFO - [2026-05-29T10:13:53.907+0000] {dag.py:2915} INFO - Sync 1 DAGs
[2026-05-29T10:13:53.920+0000] {logging_mixin.py:151} INFO - [2026-05-29T10:13:53.920+0000] {dag.py:3696} INFO - Setting next_dagrun for data_lake_pipeline to 2025-01-01T00:00:00+00:00, run_after=2025-01-02T00:00:00+00:00
[2026-05-29T10:13:53.933+0000] {processor.py:179} INFO - Processing /opt/airflow/dags/wikitext_dag.py took 0.073 seconds
[2026-05-29T10:14:24.180+0000] {processor.py:157} INFO - Started process (PID=597) to work on /opt/airflow/dags/wikitext_dag.py
[2026-05-29T10:14:24.182+0000] {processor.py:829} INFO - Processing file /opt/airflow/dags/wikitext_dag.py for tasks to queue
[2026-05-29T10:14:24.183+0000] {logging_mixin.py:151} INFO - [2026-05-29T10:14:24.183+0000] {dagbag.py:539} INFO - Filling up the DagBag from /opt/airflow/dags/wikitext_dag.py
[2026-05-29T10:14:24.198+0000] {processor.py:839} INFO - DAG(s) dict_keys(['data_lake_pipeline']) retrieved from /opt/airflow/dags/wikitext_dag.py
[2026-05-29T10:14:24.221+0000] {logging_mixin.py:151} INFO - [2026-05-29T10:14:24.221+0000] {dag.py:2915} INFO - Sync 1 DAGs
[2026-05-29T10:14:24.235+0000] {logging_mixin.py:151} INFO - [2026-05-29T10:14:24.235+0000] {dag.py:3696} INFO - Setting next_dagrun for data_lake_pipeline to 2025-01-01T00:00:00+00:00, run_after=2025-01-02T00:00:00+00:00
[2026-05-29T10:14:24.246+0000] {processor.py:179} INFO - Processing /opt/airflow/dags/wikitext_dag.py took 0.071 seconds
[2026-05-29T10:14:54.536+0000] {processor.py:157} INFO - Started process (PID=607) to work on /opt/airflow/dags/wikitext_dag.py
[2026-05-29T10:14:54.538+0000] {processor.py:829} INFO - Processing file /opt/airflow/dags/wikitext_dag.py for tasks to queue
[2026-05-29T10:14:54.540+0000] {logging_mixin.py:151} INFO - [2026-05-29T10:14:54.539+0000] {dagbag.py:539} INFO - Filling up the DagBag from /opt/airflow/dags/wikitext_dag.py
[2026-05-29T10:14:54.554+0000] {processor.py:839} INFO - DAG(s) dict_keys(['data_lake_pipeline']) retrieved from /opt/airflow/dags/wikitext_dag.py
[2026-05-29T10:14:54.577+0000] {logging_mixin.py:151} INFO - [2026-05-29T10:14:54.577+0000] {dag.py:2915} INFO - Sync 1 DAGs
[2026-05-29T10:14:54.591+0000] {logging_mixin.py:151} INFO - [2026-05-29T10:14:54.591+0000] {dag.py:3696} INFO - Setting next_dagrun for data_lake_pipeline to 2025-01-01T00:00:00+00:00, run_after=2025-01-02T00:00:00+00:00
[2026-05-29T10:14:54.603+0000] {processor.py:179} INFO - Processing /opt/airflow/dags/wikitext_dag.py took 0.072 seconds
[2026-05-29T10:15:24.921+0000] {processor.py:157} INFO - Started process (PID=617) to work on /opt/airflow/dags/wikitext_dag.py
[2026-05-29T10:15:24.923+0000] {processor.py:829} INFO - Processing file /opt/airflow/dags/wikitext_dag.py for tasks to queue
[2026-05-29T10:15:24.924+0000] {logging_mixin.py:151} INFO - [2026-05-29T10:15:24.924+0000] {dagbag.py:539} INFO - Filling up the DagBag from /opt/airflow/dags/wikitext_dag.py
[2026-05-29T10:15:24.939+0000] {processor.py:839} INFO - DAG(s) dict_keys(['data_lake_pipeline']) retrieved from /opt/airflow/dags/wikitext_dag.py
[2026-05-29T10:15:24.965+0000] {logging_mixin.py:151} INFO - [2026-05-29T10:15:24.965+0000] {dag.py:2915} INFO - Sync 1 DAGs
[2026-05-29T10:15:24.980+0000] {logging_mixin.py:151} INFO - [2026-05-29T10:15:24.980+0000] {dag.py:3696} INFO - Setting next_dagrun for data_lake_pipeline to 2025-01-01T00:00:00+00:00, run_after=2025-01-02T00:00:00+00:00
[2026-05-29T10:15:24.991+0000] {processor.py:179} INFO - Processing /opt/airflow/dags/wikitext_dag.py took 0.074 seconds
[2026-05-29T10:15:55.271+0000] {processor.py:157} INFO - Started process (PID=627) to work on /opt/airflow/dags/wikitext_dag.py
[2026-05-29T10:15:55.273+0000] {processor.py:829} INFO - Processing file /opt/airflow/dags/wikitext_dag.py for tasks to queue
[2026-05-29T10:15:55.275+0000] {logging_mixin.py:151} INFO - [2026-05-29T10:15:55.274+0000] {dagbag.py:539} INFO - Filling up the DagBag from /opt/airflow/dags/wikitext_dag.py
[2026-05-29T10:15:55.294+0000] {processor.py:839} INFO - DAG(s) dict_keys(['data_lake_pipeline']) retrieved from /opt/airflow/dags/wikitext_dag.py
[2026-05-29T10:15:55.322+0000] {logging_mixin.py:151} INFO - [2026-05-29T10:15:55.322+0000] {dag.py:2915} INFO - Sync 1 DAGs
[2026-05-29T10:15:55.338+0000] {logging_mixin.py:151} INFO - [2026-05-29T10:15:55.338+0000] {dag.py:3696} INFO - Setting next_dagrun for data_lake_pipeline to 2025-01-01T00:00:00+00:00, run_after=2025-01-02T00:00:00+00:00
[2026-05-29T10:15:55.349+0000] {processor.py:179} INFO - Processing /opt/airflow/dags/wikitext_dag.py took 0.086 seconds
[2026-05-29T10:16:25.644+0000] {processor.py:157} INFO - Started process (PID=637) to work on /opt/airflow/dags/wikitext_dag.py
[2026-05-29T10:16:25.647+0000] {processor.py:829} INFO - Processing file /opt/airflow/dags/wikitext_dag.py for tasks to queue
[2026-05-29T10:16:25.649+0000] {logging_mixin.py:151} INFO - [2026-05-29T10:16:25.649+0000] {dagbag.py:539} INFO - Filling up the DagBag from /opt/airflow/dags/wikitext_dag.py
[2026-05-29T10:16:25.664+0000] {processor.py:839} INFO - DAG(s) dict_keys(['data_lake_pipeline']) retrieved from /opt/airflow/dags/wikitext_dag.py
[2026-05-29T10:16:25.689+0000] {logging_mixin.py:151} INFO - [2026-05-29T10:16:25.689+0000] {dag.py:2915} INFO - Sync 1 DAGs
[2026-05-29T10:16:25.704+0000] {logging_mixin.py:151} INFO - [2026-05-29T10:16:25.704+0000] {dag.py:3696} INFO - Setting next_dagrun for data_lake_pipeline to 2025-01-01T00:00:00+00:00, run_after=2025-01-02T00:00:00+00:00
[2026-05-29T10:16:25.717+0000] {processor.py:179} INFO - Processing /opt/airflow/dags/wikitext_dag.py took 0.077 seconds
[2026-05-29T10:16:55.928+0000] {processor.py:157} INFO - Started process (PID=647) to work on /opt/airflow/dags/wikitext_dag.py
[2026-05-29T10:16:55.929+0000] {processor.py:829} INFO - Processing file /opt/airflow/dags/wikitext_dag.py for tasks to queue
[2026-05-29T10:16:55.931+0000] {logging_mixin.py:151} INFO - [2026-05-29T10:16:55.930+0000] {dagbag.py:539} INFO - Filling up the DagBag from /opt/airflow/dags/wikitext_dag.py
[2026-05-29T10:16:55.945+0000] {processor.py:839} INFO - DAG(s) dict_keys(['data_lake_pipeline']) retrieved from /opt/airflow/dags/wikitext_dag.py
[2026-05-29T10:16:55.969+0000] {logging_mixin.py:151} INFO - [2026-05-29T10:16:55.969+0000] {dag.py:2915} INFO - Sync 1 DAGs
[2026-05-29T10:16:55.985+0000] {logging_mixin.py:151} INFO - [2026-05-29T10:16:55.985+0000] {dag.py:3696} INFO - Setting next_dagrun for data_lake_pipeline to 2025-01-01T00:00:00+00:00, run_after=2025-01-02T00:00:00+00:00
[2026-05-29T10:16:55.996+0000] {processor.py:179} INFO - Processing /opt/airflow/dags/wikitext_dag.py took 0.073 seconds
[2026-05-29T10:17:26.344+0000] {processor.py:157} INFO - Started process (PID=657) to work on /opt/airflow/dags/wikitext_dag.py
[2026-05-29T10:17:26.347+0000] {processor.py:829} INFO - Processing file /opt/airflow/dags/wikitext_dag.py for tasks to queue
[2026-05-29T10:17:26.348+0000] {logging_mixin.py:151} INFO - [2026-05-29T10:17:26.347+0000] {dagbag.py:539} INFO - Filling up the DagBag from /opt/airflow/dags/wikitext_dag.py
[2026-05-29T10:17:26.360+0000] {processor.py:839} INFO - DAG(s) dict_keys(['data_lake_pipeline']) retrieved from /opt/airflow/dags/wikitext_dag.py
[2026-05-29T10:17:26.385+0000] {logging_mixin.py:151} INFO - [2026-05-29T10:17:26.384+0000] {dag.py:2915} INFO - Sync 1 DAGs
[2026-05-29T10:17:26.399+0000] {logging_mixin.py:151} INFO - [2026-05-29T10:17:26.398+0000] {dag.py:3696} INFO - Setting next_dagrun for data_lake_pipeline to 2025-01-01T00:00:00+00:00, run_after=2025-01-02T00:00:00+00:00
[2026-05-29T10:17:26.414+0000] {processor.py:179} INFO - Processing /opt/airflow/dags/wikitext_dag.py took 0.074 seconds
[2026-05-29T10:17:56.789+0000] {processor.py:157} INFO - Started process (PID=667) to work on /opt/airflow/dags/wikitext_dag.py
[2026-05-29T10:17:56.791+0000] {processor.py:829} INFO - Processing file /opt/airflow/dags/wikitext_dag.py for tasks to queue
[2026-05-29T10:17:56.792+0000] {logging_mixin.py:151} INFO - [2026-05-29T10:17:56.792+0000] {dagbag.py:539} INFO - Filling up the DagBag from /opt/airflow/dags/wikitext_dag.py
[2026-05-29T10:17:56.805+0000] {processor.py:839} INFO - DAG(s) dict_keys(['data_lake_pipeline']) retrieved from /opt/airflow/dags/wikitext_dag.py
[2026-05-29T10:17:56.830+0000] {logging_mixin.py:151} INFO - [2026-05-29T10:17:56.829+0000] {dag.py:2915} INFO - Sync 1 DAGs
[2026-05-29T10:17:56.843+0000] {logging_mixin.py:151} INFO - [2026-05-29T10:17:56.843+0000] {dag.py:3696} INFO - Setting next_dagrun for data_lake_pipeline to 2025-01-01T00:00:00+00:00, run_after=2025-01-02T00:00:00+00:00
[2026-05-29T10:17:56.856+0000] {processor.py:179} INFO - Processing /opt/airflow/dags/wikitext_dag.py took 0.071 seconds
[2026-05-29T10:18:27.102+0000] {processor.py:157} INFO - Started process (PID=677) to work on /opt/airflow/dags/wikitext_dag.py
[2026-05-29T10:18:27.105+0000] {processor.py:829} INFO - Processing file /opt/airflow/dags/wikitext_dag.py for tasks to queue
[2026-05-29T10:18:27.107+0000] {logging_mixin.py:151} INFO - [2026-05-29T10:18:27.106+0000] {dagbag.py:539} INFO - Filling up the DagBag from /opt/airflow/dags/wikitext_dag.py
[2026-05-29T10:18:27.123+0000] {processor.py:839} INFO - DAG(s) dict_keys(['data_lake_pipeline']) retrieved from /opt/airflow/dags/wikitext_dag.py
[2026-05-29T10:18:27.148+0000] {logging_mixin.py:151} INFO - [2026-05-29T10:18:27.148+0000] {dag.py:2915} INFO - Sync 1 DAGs
[2026-05-29T10:18:27.163+0000] {logging_mixin.py:151} INFO - [2026-05-29T10:18:27.163+0000] {dag.py:3696} INFO - Setting next_dagrun for data_lake_pipeline to 2025-01-01T00:00:00+00:00, run_after=2025-01-02T00:00:00+00:00
[2026-05-29T10:18:27.176+0000] {processor.py:179} INFO - Processing /opt/airflow/dags/wikitext_dag.py took 0.081 seconds
[2026-05-29T10:18:57.521+0000] {processor.py:157} INFO - Started process (PID=687) to work on /opt/airflow/dags/wikitext_dag.py
[2026-05-29T10:18:57.523+0000] {processor.py:829} INFO - Processing file /opt/airflow/dags/wikitext_dag.py for tasks to queue
[2026-05-29T10:18:57.524+0000] {logging_mixin.py:151} INFO - [2026-05-29T10:18:57.524+0000] {dagbag.py:539} INFO - Filling up the DagBag from /opt/airflow/dags/wikitext_dag.py
[2026-05-29T10:18:57.544+0000] {processor.py:839} INFO - DAG(s) dict_keys(['data_lake_pipeline']) retrieved from /opt/airflow/dags/wikitext_dag.py
[2026-05-29T10:18:57.574+0000] {logging_mixin.py:151} INFO - [2026-05-29T10:18:57.574+0000] {dag.py:2915} INFO - Sync 1 DAGs
[2026-05-29T10:18:57.590+0000] {logging_mixin.py:151} INFO - [2026-05-29T10:18:57.590+0000] {dag.py:3696} INFO - Setting next_dagrun for data_lake_pipeline to 2025-01-01T00:00:00+00:00, run_after=2025-01-02T00:00:00+00:00
[2026-05-29T10:18:57.604+0000] {processor.py:179} INFO - Processing /opt/airflow/dags/wikitext_dag.py took 0.090 seconds
[2026-05-29T10:19:27.835+0000] {processor.py:157} INFO - Started process (PID=697) to work on /opt/airflow/dags/wikitext_dag.py
[2026-05-29T10:19:27.837+0000] {processor.py:829} INFO - Processing file /opt/airflow/dags/wikitext_dag.py for tasks to queue
[2026-05-29T10:19:27.838+0000] {logging_mixin.py:151} INFO - [2026-05-29T10:19:27.838+0000] {dagbag.py:539} INFO - Filling up the DagBag from /opt/airflow/dags/wikitext_dag.py
[2026-05-29T10:19:27.852+0000] {processor.py:839} INFO - DAG(s) dict_keys(['data_lake_pipeline']) retrieved from /opt/airflow/dags/wikitext_dag.py
[2026-05-29T10:19:27.879+0000] {logging_mixin.py:151} INFO - [2026-05-29T10:19:27.879+0000] {dag.py:2915} INFO - Sync 1 DAGs
[2026-05-29T10:19:27.893+0000] {logging_mixin.py:151} INFO - [2026-05-29T10:19:27.893+0000] {dag.py:3696} INFO - Setting next_dagrun for data_lake_pipeline to 2025-01-01T00:00:00+00:00, run_after=2025-01-02T00:00:00+00:00
[2026-05-29T10:19:27.905+0000] {processor.py:179} INFO - Processing /opt/airflow/dags/wikitext_dag.py took 0.075 seconds
[2026-05-29T10:19:58.204+0000] {processor.py:157} INFO - Started process (PID=707) to work on /opt/airflow/dags/wikitext_dag.py
[2026-05-29T10:19:58.207+0000] {processor.py:829} INFO - Processing file /opt/airflow/dags/wikitext_dag.py for tasks to queue
[2026-05-29T10:19:58.208+0000] {logging_mixin.py:151} INFO - [2026-05-29T10:19:58.208+0000] {dagbag.py:539} INFO - Filling up the DagBag from /opt/airflow/dags/wikitext_dag.py
[2026-05-29T10:19:58.222+0000] {processor.py:839} INFO - DAG(s) dict_keys(['data_lake_pipeline']) retrieved from /opt/airflow/dags/wikitext_dag.py
[2026-05-29T10:19:58.244+0000] {logging_mixin.py:151} INFO - [2026-05-29T10:19:58.244+0000] {dag.py:2915} INFO - Sync 1 DAGs
[2026-05-29T10:19:58.257+0000] {logging_mixin.py:151} INFO - [2026-05-29T10:19:58.257+0000] {dag.py:3696} INFO - Setting next_dagrun for data_lake_pipeline to 2025-01-01T00:00:00+00:00, run_after=2025-01-02T00:00:00+00:00
[2026-05-29T10:19:58.270+0000] {processor.py:179} INFO - Processing /opt/airflow/dags/wikitext_dag.py took 0.070 seconds
[2026-05-29T10:20:28.548+0000] {processor.py:157} INFO - Started process (PID=717) to work on /opt/airflow/dags/wikitext_dag.py
[2026-05-29T10:20:28.550+0000] {processor.py:829} INFO - Processing file /opt/airflow/dags/wikitext_dag.py for tasks to queue
[2026-05-29T10:20:28.553+0000] {logging_mixin.py:151} INFO - [2026-05-29T10:20:28.552+0000] {dagbag.py:539} INFO - Filling up the DagBag from /opt/airflow/dags/wikitext_dag.py
[2026-05-29T10:20:28.567+0000] {processor.py:839} INFO - DAG(s) dict_keys(['data_lake_pipeline']) retrieved from /opt/airflow/dags/wikitext_dag.py
[2026-05-29T10:20:28.591+0000] {logging_mixin.py:151} INFO - [2026-05-29T10:20:28.591+0000] {dag.py:2915} INFO - Sync 1 DAGs
[2026-05-29T10:20:28.605+0000] {logging_mixin.py:151} INFO - [2026-05-29T10:20:28.605+0000] {dag.py:3696} INFO - Setting next_dagrun for data_lake_pipeline to 2025-01-01T00:00:00+00:00, run_after=2025-01-02T00:00:00+00:00
[2026-05-29T10:20:28.618+0000] {processor.py:179} INFO - Processing /opt/airflow/dags/wikitext_dag.py took 0.074 seconds
[2026-05-29T10:20:58.945+0000] {processor.py:157} INFO - Started process (PID=727) to work on /opt/airflow/dags/wikitext_dag.py
[2026-05-29T10:20:58.952+0000] {processor.py:829} INFO - Processing file /opt/airflow/dags/wikitext_dag.py for tasks to queue
[2026-05-29T10:20:58.953+0000] {logging_mixin.py:151} INFO - [2026-05-29T10:20:58.952+0000] {dagbag.py:539} INFO - Filling up the DagBag from /opt/airflow/dags/wikitext_dag.py
[2026-05-29T10:20:58.975+0000] {processor.py:839} INFO - DAG(s) dict_keys(['data_lake_pipeline']) retrieved from /opt/airflow/dags/wikitext_dag.py
[2026-05-29T10:20:59.009+0000] {logging_mixin.py:151} INFO - [2026-05-29T10:20:59.009+0000] {dag.py:2915} INFO - Sync 1 DAGs
[2026-05-29T10:20:59.029+0000] {logging_mixin.py:151} INFO - [2026-05-29T10:20:59.029+0000] {dag.py:3696} INFO - Setting next_dagrun for data_lake_pipeline to 2025-01-01T00:00:00+00:00, run_after=2025-01-02T00:00:00+00:00
[2026-05-29T10:20:59.043+0000] {processor.py:179} INFO - Processing /opt/airflow/dags/wikitext_dag.py took 0.103 seconds
[2026-05-29T10:21:29.376+0000] {processor.py:157} INFO - Started process (PID=737) to work on /opt/airflow/dags/wikitext_dag.py
[2026-05-29T10:21:29.378+0000] {processor.py:829} INFO - Processing file /opt/airflow/dags/wikitext_dag.py for tasks to queue
[2026-05-29T10:21:29.380+0000] {logging_mixin.py:151} INFO - [2026-05-29T10:21:29.379+0000] {dagbag.py:539} INFO - Filling up the DagBag from /opt/airflow/dags/wikitext_dag.py
[2026-05-29T10:21:29.397+0000] {processor.py:839} INFO - DAG(s) dict_keys(['data_lake_pipeline']) retrieved from /opt/airflow/dags/wikitext_dag.py
[2026-05-29T10:21:29.420+0000] {logging_mixin.py:151} INFO - [2026-05-29T10:21:29.420+0000] {dag.py:2915} INFO - Sync 1 DAGs
[2026-05-29T10:21:29.434+0000] {logging_mixin.py:151} INFO - [2026-05-29T10:21:29.434+0000] {dag.py:3696} INFO - Setting next_dagrun for data_lake_pipeline to 2025-01-01T00:00:00+00:00, run_after=2025-01-02T00:00:00+00:00
[2026-05-29T10:21:29.444+0000] {processor.py:179} INFO - Processing /opt/airflow/dags/wikitext_dag.py took 0.074 seconds
[2026-05-29T10:21:59.721+0000] {processor.py:157} INFO - Started process (PID=747) to work on /opt/airflow/dags/wikitext_dag.py
[2026-05-29T10:21:59.723+0000] {processor.py:829} INFO - Processing file /opt/airflow/dags/wikitext_dag.py for tasks to queue
[2026-05-29T10:21:59.724+0000] {logging_mixin.py:151} INFO - [2026-05-29T10:21:59.724+0000] {dagbag.py:539} INFO - Filling up the DagBag from /opt/airflow/dags/wikitext_dag.py
[2026-05-29T10:21:59.754+0000] {processor.py:839} INFO - DAG(s) dict_keys(['data_lake_pipeline']) retrieved from /opt/airflow/dags/wikitext_dag.py
[2026-05-29T10:21:59.818+0000] {logging_mixin.py:151} INFO - [2026-05-29T10:21:59.818+0000] {dag.py:2915} INFO - Sync 1 DAGs
[2026-05-29T10:21:59.849+0000] {logging_mixin.py:151} INFO - [2026-05-29T10:21:59.849+0000] {dag.py:3696} INFO - Setting next_dagrun for data_lake_pipeline to 2025-01-01T00:00:00+00:00, run_after=2025-01-02T00:00:00+00:00
[2026-05-29T10:21:59.877+0000] {processor.py:179} INFO - Processing /opt/airflow/dags/wikitext_dag.py took 0.168 seconds
[2026-05-29T10:22:30.260+0000] {processor.py:157} INFO - Started process (PID=757) to work on /opt/airflow/dags/wikitext_dag.py
[2026-05-29T10:22:30.263+0000] {processor.py:829} INFO - Processing file /opt/airflow/dags/wikitext_dag.py for tasks to queue
[2026-05-29T10:22:30.264+0000] {logging_mixin.py:151} INFO - [2026-05-29T10:22:30.264+0000] {dagbag.py:539} INFO - Filling up the DagBag from /opt/airflow/dags/wikitext_dag.py
[2026-05-29T10:22:30.288+0000] {processor.py:839} INFO - DAG(s) dict_keys(['data_lake_pipeline']) retrieved from /opt/airflow/dags/wikitext_dag.py
[2026-05-29T10:22:30.329+0000] {logging_mixin.py:151} INFO - [2026-05-29T10:22:30.329+0000] {dag.py:2915} INFO - Sync 1 DAGs
[2026-05-29T10:22:30.351+0000] {logging_mixin.py:151} INFO - [2026-05-29T10:22:30.351+0000] {dag.py:3696} INFO - Setting next_dagrun for data_lake_pipeline to 2025-01-01T00:00:00+00:00, run_after=2025-01-02T00:00:00+00:00
[2026-05-29T10:22:30.363+0000] {processor.py:179} INFO - Processing /opt/airflow/dags/wikitext_dag.py took 0.118 seconds
[2026-05-29T10:23:00.728+0000] {processor.py:157} INFO - Started process (PID=767) to work on /opt/airflow/dags/wikitext_dag.py
[2026-05-29T10:23:00.730+0000] {processor.py:829} INFO - Processing file /opt/airflow/dags/wikitext_dag.py for tasks to queue
[2026-05-29T10:23:00.732+0000] {logging_mixin.py:151} INFO - [2026-05-29T10:23:00.731+0000] {dagbag.py:539} INFO - Filling up the DagBag from /opt/airflow/dags/wikitext_dag.py
[2026-05-29T10:23:00.747+0000] {processor.py:839} INFO - DAG(s) dict_keys(['data_lake_pipeline']) retrieved from /opt/airflow/dags/wikitext_dag.py
[2026-05-29T10:23:00.769+0000] {logging_mixin.py:151} INFO - [2026-05-29T10:23:00.769+0000] {dag.py:2915} INFO - Sync 1 DAGs
[2026-05-29T10:23:00.783+0000] {logging_mixin.py:151} INFO - [2026-05-29T10:23:00.783+0000] {dag.py:3696} INFO - Setting next_dagrun for data_lake_pipeline to 2025-01-01T00:00:00+00:00, run_after=2025-01-02T00:00:00+00:00
[2026-05-29T10:23:00.794+0000] {processor.py:179} INFO - Processing /opt/airflow/dags/wikitext_dag.py took 0.070 seconds
[2026-05-29T10:23:31.201+0000] {processor.py:157} INFO - Started process (PID=777) to work on /opt/airflow/dags/wikitext_dag.py
[2026-05-29T10:23:31.203+0000] {processor.py:829} INFO - Processing file /opt/airflow/dags/wikitext_dag.py for tasks to queue
[2026-05-29T10:23:31.205+0000] {logging_mixin.py:151} INFO - [2026-05-29T10:23:31.204+0000] {dagbag.py:539} INFO - Filling up the DagBag from /opt/airflow/dags/wikitext_dag.py
[2026-05-29T10:23:31.224+0000] {processor.py:839} INFO - DAG(s) dict_keys(['data_lake_pipeline']) retrieved from /opt/airflow/dags/wikitext_dag.py
[2026-05-29T10:23:31.258+0000] {logging_mixin.py:151} INFO - [2026-05-29T10:23:31.258+0000] {dag.py:2915} INFO - Sync 1 DAGs
[2026-05-29T10:23:31.278+0000] {logging_mixin.py:151} INFO - [2026-05-29T10:23:31.277+0000] {dag.py:3696} INFO - Setting next_dagrun for data_lake_pipeline to 2025-01-01T00:00:00+00:00, run_after=2025-01-02T00:00:00+00:00
[2026-05-29T10:23:31.291+0000] {processor.py:179} INFO - Processing /opt/airflow/dags/wikitext_dag.py took 0.097 seconds
[2026-05-29T10:24:01.517+0000] {processor.py:157} INFO - Started process (PID=787) to work on /opt/airflow/dags/wikitext_dag.py
[2026-05-29T10:24:01.520+0000] {processor.py:829} INFO - Processing file /opt/airflow/dags/wikitext_dag.py for tasks to queue
[2026-05-29T10:24:01.522+0000] {logging_mixin.py:151} INFO - [2026-05-29T10:24:01.522+0000] {dagbag.py:539} INFO - Filling up the DagBag from /opt/airflow/dags/wikitext_dag.py
[2026-05-29T10:24:01.532+0000] {processor.py:839} INFO - DAG(s) dict_keys(['data_lake_pipeline']) retrieved from /opt/airflow/dags/wikitext_dag.py
[2026-05-29T10:24:01.556+0000] {logging_mixin.py:151} INFO - [2026-05-29T10:24:01.556+0000] {dag.py:2915} INFO - Sync 1 DAGs
[2026-05-29T10:24:01.568+0000] {logging_mixin.py:151} INFO - [2026-05-29T10:24:01.568+0000] {dag.py:3696} INFO - Setting next_dagrun for data_lake_pipeline to 2025-01-01T00:00:00+00:00, run_after=2025-01-02T00:00:00+00:00
[2026-05-29T10:24:01.579+0000] {processor.py:179} INFO - Processing /opt/airflow/dags/wikitext_dag.py took 0.069 seconds
[2026-05-29T10:24:31.807+0000] {processor.py:157} INFO - Started process (PID=797) to work on /opt/airflow/dags/wikitext_dag.py
[2026-05-29T10:24:31.809+0000] {processor.py:829} INFO - Processing file /opt/airflow/dags/wikitext_dag.py for tasks to queue
[2026-05-29T10:24:31.811+0000] {logging_mixin.py:151} INFO - [2026-05-29T10:24:31.811+0000] {dagbag.py:539} INFO - Filling up the DagBag from /opt/airflow/dags/wikitext_dag.py
[2026-05-29T10:24:31.825+0000] {processor.py:839} INFO - DAG(s) dict_keys(['data_lake_pipeline']) retrieved from /opt/airflow/dags/wikitext_dag.py
[2026-05-29T10:24:31.851+0000] {logging_mixin.py:151} INFO - [2026-05-29T10:24:31.851+0000] {dag.py:2915} INFO - Sync 1 DAGs
[2026-05-29T10:24:31.864+0000] {logging_mixin.py:151} INFO - [2026-05-29T10:24:31.864+0000] {dag.py:3696} INFO - Setting next_dagrun for data_lake_pipeline to 2025-01-01T00:00:00+00:00, run_after=2025-01-02T00:00:00+00:00
[2026-05-29T10:24:31.876+0000] {processor.py:179} INFO - Processing /opt/airflow/dags/wikitext_dag.py took 0.075 seconds
[2026-05-29T10:25:02.212+0000] {processor.py:157} INFO - Started process (PID=807) to work on /opt/airflow/dags/wikitext_dag.py
[2026-05-29T10:25:02.214+0000] {processor.py:829} INFO - Processing file /opt/airflow/dags/wikitext_dag.py for tasks to queue
[2026-05-29T10:25:02.215+0000] {logging_mixin.py:151} INFO - [2026-05-29T10:25:02.215+0000] {dagbag.py:539} INFO - Filling up the DagBag from /opt/airflow/dags/wikitext_dag.py
[2026-05-29T10:25:02.240+0000] {processor.py:839} INFO - DAG(s) dict_keys(['data_lake_pipeline']) retrieved from /opt/airflow/dags/wikitext_dag.py
[2026-05-29T10:25:02.297+0000] {logging_mixin.py:151} INFO - [2026-05-29T10:25:02.296+0000] {dag.py:2915} INFO - Sync 1 DAGs
[2026-05-29T10:25:02.317+0000] {logging_mixin.py:151} INFO - [2026-05-29T10:25:02.317+0000] {dag.py:3696} INFO - Setting next_dagrun for data_lake_pipeline to 2025-01-01T00:00:00+00:00, run_after=2025-01-02T00:00:00+00:00
[2026-05-29T10:25:02.332+0000] {processor.py:179} INFO - Processing /opt/airflow/dags/wikitext_dag.py took 0.132 seconds
[2026-05-29T10:25:32.500+0000] {processor.py:157} INFO - Started process (PID=817) to work on /opt/airflow/dags/wikitext_dag.py
[2026-05-29T10:25:32.502+0000] {processor.py:829} INFO - Processing file /opt/airflow/dags/wikitext_dag.py for tasks to queue
[2026-05-29T10:25:32.503+0000] {logging_mixin.py:151} INFO - [2026-05-29T10:25:32.503+0000] {dagbag.py:539} INFO - Filling up the DagBag from /opt/airflow/dags/wikitext_dag.py
[2026-05-29T10:25:32.528+0000] {processor.py:839} INFO - DAG(s) dict_keys(['data_lake_pipeline']) retrieved from /opt/airflow/dags/wikitext_dag.py
[2026-05-29T10:25:32.561+0000] {logging_mixin.py:151} INFO - [2026-05-29T10:25:32.561+0000] {dag.py:2915} INFO - Sync 1 DAGs
[2026-05-29T10:25:32.581+0000] {logging_mixin.py:151} INFO - [2026-05-29T10:25:32.581+0000] {dag.py:3696} INFO - Setting next_dagrun for data_lake_pipeline to 2025-01-01T00:00:00+00:00, run_after=2025-01-02T00:00:00+00:00
[2026-05-29T10:25:32.604+0000] {processor.py:179} INFO - Processing /opt/airflow/dags/wikitext_dag.py took 0.109 seconds
[2026-05-29T10:26:02.882+0000] {processor.py:157} INFO - Started process (PID=827) to work on /opt/airflow/dags/wikitext_dag.py
[2026-05-29T10:26:02.885+0000] {processor.py:829} INFO - Processing file /opt/airflow/dags/wikitext_dag.py for tasks to queue
[2026-05-29T10:26:02.886+0000] {logging_mixin.py:151} INFO - [2026-05-29T10:26:02.886+0000] {dagbag.py:539} INFO - Filling up the DagBag from /opt/airflow/dags/wikitext_dag.py
[2026-05-29T10:26:02.900+0000] {processor.py:839} INFO - DAG(s) dict_keys(['data_lake_pipeline']) retrieved from /opt/airflow/dags/wikitext_dag.py
[2026-05-29T10:26:02.923+0000] {logging_mixin.py:151} INFO - [2026-05-29T10:26:02.923+0000] {dag.py:2915} INFO - Sync 1 DAGs
[2026-05-29T10:26:02.936+0000] {logging_mixin.py:151} INFO - [2026-05-29T10:26:02.935+0000] {dag.py:3696} INFO - Setting next_dagrun for data_lake_pipeline to 2025-01-01T00:00:00+00:00, run_after=2025-01-02T00:00:00+00:00
[2026-05-29T10:26:02.947+0000] {processor.py:179} INFO - Processing /opt/airflow/dags/wikitext_dag.py took 0.070 seconds
[2026-05-29T10:26:33.174+0000] {processor.py:157} INFO - Started process (PID=837) to work on /opt/airflow/dags/wikitext_dag.py
[2026-05-29T10:26:33.176+0000] {processor.py:829} INFO - Processing file /opt/airflow/dags/wikitext_dag.py for tasks to queue
[2026-05-29T10:26:33.177+0000] {logging_mixin.py:151} INFO - [2026-05-29T10:26:33.177+0000] {dagbag.py:539} INFO - Filling up the DagBag from /opt/airflow/dags/wikitext_dag.py
[2026-05-29T10:26:33.195+0000] {processor.py:839} INFO - DAG(s) dict_keys(['data_lake_pipeline']) retrieved from /opt/airflow/dags/wikitext_dag.py
[2026-05-29T10:26:33.223+0000] {logging_mixin.py:151} INFO - [2026-05-29T10:26:33.223+0000] {dag.py:2915} INFO - Sync 1 DAGs
[2026-05-29T10:26:33.236+0000] {logging_mixin.py:151} INFO - [2026-05-29T10:26:33.236+0000] {dag.py:3696} INFO - Setting next_dagrun for data_lake_pipeline to 2025-01-01T00:00:00+00:00, run_after=2025-01-02T00:00:00+00:00
[2026-05-29T10:26:33.248+0000] {processor.py:179} INFO - Processing /opt/airflow/dags/wikitext_dag.py took 0.079 seconds
[2026-05-29T10:27:03.642+0000] {processor.py:157} INFO - Started process (PID=847) to work on /opt/airflow/dags/wikitext_dag.py
[2026-05-29T10:27:03.644+0000] {processor.py:829} INFO - Processing file /opt/airflow/dags/wikitext_dag.py for tasks to queue
[2026-05-29T10:27:03.646+0000] {logging_mixin.py:151} INFO - [2026-05-29T10:27:03.645+0000] {dagbag.py:539} INFO - Filling up the DagBag from /opt/airflow/dags/wikitext_dag.py
[2026-05-29T10:27:03.670+0000] {processor.py:839} INFO - DAG(s) dict_keys(['data_lake_pipeline']) retrieved from /opt/airflow/dags/wikitext_dag.py
[2026-05-29T10:27:03.707+0000] {logging_mixin.py:151} INFO - [2026-05-29T10:27:03.707+0000] {dag.py:2915} INFO - Sync 1 DAGs
[2026-05-29T10:27:03.724+0000] {logging_mixin.py:151} INFO - [2026-05-29T10:27:03.724+0000] {dag.py:3696} INFO - Setting next_dagrun for data_lake_pipeline to 2025-01-01T00:00:00+00:00, run_after=2025-01-02T00:00:00+00:00
[2026-05-29T10:27:03.738+0000] {processor.py:179} INFO - Processing /opt/airflow/dags/wikitext_dag.py took 0.103 seconds
[2026-05-29T10:27:34.002+0000] {processor.py:157} INFO - Started process (PID=857) to work on /opt/airflow/dags/wikitext_dag.py
[2026-05-29T10:27:34.004+0000] {processor.py:829} INFO - Processing file /opt/airflow/dags/wikitext_dag.py for tasks to queue
[2026-05-29T10:27:34.006+0000] {logging_mixin.py:151} INFO - [2026-05-29T10:27:34.005+0000] {dagbag.py:539} INFO - Filling up the DagBag from /opt/airflow/dags/wikitext_dag.py
[2026-05-29T10:27:34.026+0000] {processor.py:839} INFO - DAG(s) dict_keys(['data_lake_pipeline']) retrieved from /opt/airflow/dags/wikitext_dag.py
[2026-05-29T10:27:34.066+0000] {logging_mixin.py:151} INFO - [2026-05-29T10:27:34.066+0000] {dag.py:2915} INFO - Sync 1 DAGs
[2026-05-29T10:27:34.085+0000] {logging_mixin.py:151} INFO - [2026-05-29T10:27:34.084+0000] {dag.py:3696} INFO - Setting next_dagrun for data_lake_pipeline to 2025-01-01T00:00:00+00:00, run_after=2025-01-02T00:00:00+00:00
[2026-05-29T10:27:34.099+0000] {processor.py:179} INFO - Processing /opt/airflow/dags/wikitext_dag.py took 0.108 seconds
[2026-05-29T10:28:04.355+0000] {processor.py:157} INFO - Started process (PID=867) to work on /opt/airflow/dags/wikitext_dag.py
[2026-05-29T10:28:04.359+0000] {processor.py:829} INFO - Processing file /opt/airflow/dags/wikitext_dag.py for tasks to queue
[2026-05-29T10:28:04.361+0000] {logging_mixin.py:151} INFO - [2026-05-29T10:28:04.360+0000] {dagbag.py:539} INFO - Filling up the DagBag from /opt/airflow/dags/wikitext_dag.py
[2026-05-29T10:28:04.381+0000] {processor.py:839} INFO - DAG(s) dict_keys(['data_lake_pipeline']) retrieved from /opt/airflow/dags/wikitext_dag.py
[2026-05-29T10:28:04.413+0000] {logging_mixin.py:151} INFO - [2026-05-29T10:28:04.412+0000] {dag.py:2915} INFO - Sync 1 DAGs
[2026-05-29T10:28:04.429+0000] {logging_mixin.py:151} INFO - [2026-05-29T10:28:04.429+0000] {dag.py:3696} INFO - Setting next_dagrun for data_lake_pipeline to 2025-01-01T00:00:00+00:00, run_after=2025-01-02T00:00:00+00:00
[2026-05-29T10:28:04.444+0000] {processor.py:179} INFO - Processing /opt/airflow/dags/wikitext_dag.py took 0.097 seconds
[2026-05-29T10:28:34.678+0000] {processor.py:157} INFO - Started process (PID=877) to work on /opt/airflow/dags/wikitext_dag.py
[2026-05-29T10:28:34.680+0000] {processor.py:829} INFO - Processing file /opt/airflow/dags/wikitext_dag.py for tasks to queue
[2026-05-29T10:28:34.682+0000] {logging_mixin.py:151} INFO - [2026-05-29T10:28:34.682+0000] {dagbag.py:539} INFO - Filling up the DagBag from /opt/airflow/dags/wikitext_dag.py
[2026-05-29T10:28:34.694+0000] {processor.py:839} INFO - DAG(s) dict_keys(['data_lake_pipeline']) retrieved from /opt/airflow/dags/wikitext_dag.py
[2026-05-29T10:28:34.717+0000] {logging_mixin.py:151} INFO - [2026-05-29T10:28:34.717+0000] {dag.py:2915} INFO - Sync 1 DAGs
[2026-05-29T10:28:34.731+0000] {logging_mixin.py:151} INFO - [2026-05-29T10:28:34.731+0000] {dag.py:3696} INFO - Setting next_dagrun for data_lake_pipeline to 2025-01-01T00:00:00+00:00, run_after=2025-01-02T00:00:00+00:00
[2026-05-29T10:28:34.744+0000] {processor.py:179} INFO - Processing /opt/airflow/dags/wikitext_dag.py took 0.072 seconds
[2026-05-29T10:29:05.018+0000] {processor.py:157} INFO - Started process (PID=887) to work on /opt/airflow/dags/wikitext_dag.py
[2026-05-29T10:29:05.020+0000] {processor.py:829} INFO - Processing file /opt/airflow/dags/wikitext_dag.py for tasks to queue
[2026-05-29T10:29:05.022+0000] {logging_mixin.py:151} INFO - [2026-05-29T10:29:05.022+0000] {dagbag.py:539} INFO - Filling up the DagBag from /opt/airflow/dags/wikitext_dag.py
[2026-05-29T10:29:05.038+0000] {processor.py:839} INFO - DAG(s) dict_keys(['data_lake_pipeline']) retrieved from /opt/airflow/dags/wikitext_dag.py
[2026-05-29T10:29:05.117+0000] {logging_mixin.py:151} INFO - [2026-05-29T10:29:05.117+0000] {dag.py:2915} INFO - Sync 1 DAGs
[2026-05-29T10:29:05.135+0000] {logging_mixin.py:151} INFO - [2026-05-29T10:29:05.135+0000] {dag.py:3696} INFO - Setting next_dagrun for data_lake_pipeline to 2025-01-01T00:00:00+00:00, run_after=2025-01-02T00:00:00+00:00
[2026-05-29T10:29:05.149+0000] {processor.py:179} INFO - Processing /opt/airflow/dags/wikitext_dag.py took 0.138 seconds
[2026-05-29T10:29:35.329+0000] {processor.py:157} INFO - Started process (PID=897) to work on /opt/airflow/dags/wikitext_dag.py
[2026-05-29T10:29:35.331+0000] {processor.py:829} INFO - Processing file /opt/airflow/dags/wikitext_dag.py for tasks to queue
[2026-05-29T10:29:35.337+0000] {logging_mixin.py:151} INFO - [2026-05-29T10:29:35.334+0000] {dagbag.py:539} INFO - Filling up the DagBag from /opt/airflow/dags/wikitext_dag.py
[2026-05-29T10:29:35.364+0000] {processor.py:839} INFO - DAG(s) dict_keys(['data_lake_pipeline']) retrieved from /opt/airflow/dags/wikitext_dag.py
[2026-05-29T10:29:35.408+0000] {logging_mixin.py:151} INFO - [2026-05-29T10:29:35.408+0000] {dag.py:2915} INFO - Sync 1 DAGs
[2026-05-29T10:29:35.430+0000] {logging_mixin.py:151} INFO - [2026-05-29T10:29:35.430+0000] {dag.py:3696} INFO - Setting next_dagrun for data_lake_pipeline to 2025-01-01T00:00:00+00:00, run_after=2025-01-02T00:00:00+00:00
[2026-05-29T10:29:35.446+0000] {processor.py:179} INFO - Processing /opt/airflow/dags/wikitext_dag.py took 0.125 seconds
[2026-05-29T10:30:05.780+0000] {processor.py:157} INFO - Started process (PID=907) to work on /opt/airflow/dags/wikitext_dag.py
[2026-05-29T10:30:05.783+0000] {processor.py:829} INFO - Processing file /opt/airflow/dags/wikitext_dag.py for tasks to queue
[2026-05-29T10:30:05.785+0000] {logging_mixin.py:151} INFO - [2026-05-29T10:30:05.784+0000] {dagbag.py:539} INFO - Filling up the DagBag from /opt/airflow/dags/wikitext_dag.py
[2026-05-29T10:30:05.801+0000] {processor.py:839} INFO - DAG(s) dict_keys(['data_lake_pipeline']) retrieved from /opt/airflow/dags/wikitext_dag.py
[2026-05-29T10:30:05.829+0000] {logging_mixin.py:151} INFO - [2026-05-29T10:30:05.829+0000] {dag.py:2915} INFO - Sync 1 DAGs
[2026-05-29T10:30:05.845+0000] {logging_mixin.py:151} INFO - [2026-05-29T10:30:05.845+0000] {dag.py:3696} INFO - Setting next_dagrun for data_lake_pipeline to 2025-01-01T00:00:00+00:00, run_after=2025-01-02T00:00:00+00:00
[2026-05-29T10:30:05.859+0000] {processor.py:179} INFO - Processing /opt/airflow/dags/wikitext_dag.py took 0.086 seconds
[2026-05-29T10:30:36.059+0000] {processor.py:157} INFO - Started process (PID=917) to work on /opt/airflow/dags/wikitext_dag.py
[2026-05-29T10:30:36.061+0000] {processor.py:829} INFO - Processing file /opt/airflow/dags/wikitext_dag.py for tasks to queue
[2026-05-29T10:30:36.062+0000] {logging_mixin.py:151} INFO - [2026-05-29T10:30:36.062+0000] {dagbag.py:539} INFO - Filling up the DagBag from /opt/airflow/dags/wikitext_dag.py
[2026-05-29T10:30:36.076+0000] {processor.py:839} INFO - DAG(s) dict_keys(['data_lake_pipeline']) retrieved from /opt/airflow/dags/wikitext_dag.py
[2026-05-29T10:30:36.100+0000] {logging_mixin.py:151} INFO - [2026-05-29T10:30:36.100+0000] {dag.py:2915} INFO - Sync 1 DAGs
[2026-05-29T10:30:36.114+0000] {logging_mixin.py:151} INFO - [2026-05-29T10:30:36.114+0000] {dag.py:3696} INFO - Setting next_dagrun for data_lake_pipeline to 2025-01-01T00:00:00+00:00, run_after=2025-01-02T00:00:00+00:00
[2026-05-29T10:30:36.128+0000] {processor.py:179} INFO - Processing /opt/airflow/dags/wikitext_dag.py took 0.074 seconds
[2026-05-29T10:31:06.412+0000] {processor.py:157} INFO - Started process (PID=927) to work on /opt/airflow/dags/wikitext_dag.py
[2026-05-29T10:31:06.414+0000] {processor.py:829} INFO - Processing file /opt/airflow/dags/wikitext_dag.py for tasks to queue
[2026-05-29T10:31:06.416+0000] {logging_mixin.py:151} INFO - [2026-05-29T10:31:06.415+0000] {dagbag.py:539} INFO - Filling up the DagBag from /opt/airflow/dags/wikitext_dag.py
[2026-05-29T10:31:06.431+0000] {processor.py:839} INFO - DAG(s) dict_keys(['data_lake_pipeline']) retrieved from /opt/airflow/dags/wikitext_dag.py
[2026-05-29T10:31:06.456+0000] {logging_mixin.py:151} INFO - [2026-05-29T10:31:06.456+0000] {dag.py:2915} INFO - Sync 1 DAGs
[2026-05-29T10:31:06.474+0000] {logging_mixin.py:151} INFO - [2026-05-29T10:31:06.474+0000] {dag.py:3696} INFO - Setting next_dagrun for data_lake_pipeline to 2025-01-01T00:00:00+00:00, run_after=2025-01-02T00:00:00+00:00
[2026-05-29T10:31:06.487+0000] {processor.py:179} INFO - Processing /opt/airflow/dags/wikitext_dag.py took 0.080 seconds
[2026-05-29T10:31:36.790+0000] {processor.py:157} INFO - Started process (PID=937) to work on /opt/airflow/dags/wikitext_dag.py
[2026-05-29T10:31:36.792+0000] {processor.py:829} INFO - Processing file /opt/airflow/dags/wikitext_dag.py for tasks to queue
[2026-05-29T10:31:36.793+0000] {logging_mixin.py:151} INFO - [2026-05-29T10:31:36.793+0000] {dagbag.py:539} INFO - Filling up the DagBag from /opt/airflow/dags/wikitext_dag.py
[2026-05-29T10:31:36.809+0000] {processor.py:839} INFO - DAG(s) dict_keys(['data_lake_pipeline']) retrieved from /opt/airflow/dags/wikitext_dag.py
[2026-05-29T10:31:36.843+0000] {logging_mixin.py:151} INFO - [2026-05-29T10:31:36.843+0000] {dag.py:2915} INFO - Sync 1 DAGs
[2026-05-29T10:31:36.862+0000] {logging_mixin.py:151} INFO - [2026-05-29T10:31:36.862+0000] {dag.py:3696} INFO - Setting next_dagrun for data_lake_pipeline to 2025-01-01T00:00:00+00:00, run_after=2025-01-02T00:00:00+00:00
[2026-05-29T10:31:36.901+0000] {processor.py:179} INFO - Processing /opt/airflow/dags/wikitext_dag.py took 0.116 seconds
[2026-05-29T10:32:07.181+0000] {processor.py:157} INFO - Started process (PID=947) to work on /opt/airflow/dags/wikitext_dag.py
[2026-05-29T10:32:07.186+0000] {processor.py:829} INFO - Processing file /opt/airflow/dags/wikitext_dag.py for tasks to queue
[2026-05-29T10:32:07.191+0000] {logging_mixin.py:151} INFO - [2026-05-29T10:32:07.190+0000] {dagbag.py:539} INFO - Filling up the DagBag from /opt/airflow/dags/wikitext_dag.py
[2026-05-29T10:32:07.216+0000] {processor.py:839} INFO - DAG(s) dict_keys(['data_lake_pipeline']) retrieved from /opt/airflow/dags/wikitext_dag.py
[2026-05-29T10:32:07.254+0000] {logging_mixin.py:151} INFO - [2026-05-29T10:32:07.254+0000] {dag.py:2915} INFO - Sync 1 DAGs
[2026-05-29T10:32:07.274+0000] {logging_mixin.py:151} INFO - [2026-05-29T10:32:07.274+0000] {dag.py:3696} INFO - Setting next_dagrun for data_lake_pipeline to 2025-01-01T00:00:00+00:00, run_after=2025-01-02T00:00:00+00:00
[2026-05-29T10:32:07.287+0000] {processor.py:179} INFO - Processing /opt/airflow/dags/wikitext_dag.py took 0.114 seconds
[2026-05-29T10:32:37.509+0000] {processor.py:157} INFO - Started process (PID=957) to work on /opt/airflow/dags/wikitext_dag.py
[2026-05-29T10:32:37.511+0000] {processor.py:829} INFO - Processing file /opt/airflow/dags/wikitext_dag.py for tasks to queue
[2026-05-29T10:32:37.513+0000] {logging_mixin.py:151} INFO - [2026-05-29T10:32:37.512+0000] {dagbag.py:539} INFO - Filling up the DagBag from /opt/airflow/dags/wikitext_dag.py
[2026-05-29T10:32:37.533+0000] {processor.py:839} INFO - DAG(s) dict_keys(['data_lake_pipeline']) retrieved from /opt/airflow/dags/wikitext_dag.py
[2026-05-29T10:32:37.560+0000] {logging_mixin.py:151} INFO - [2026-05-29T10:32:37.560+0000] {dag.py:2915} INFO - Sync 1 DAGs
[2026-05-29T10:32:37.576+0000] {logging_mixin.py:151} INFO - [2026-05-29T10:32:37.575+0000] {dag.py:3696} INFO - Setting next_dagrun for data_lake_pipeline to 2025-01-01T00:00:00+00:00, run_after=2025-01-02T00:00:00+00:00
[2026-05-29T10:32:37.588+0000] {processor.py:179} INFO - Processing /opt/airflow/dags/wikitext_dag.py took 0.087 seconds
[2026-05-29T10:33:07.866+0000] {processor.py:157} INFO - Started process (PID=967) to work on /opt/airflow/dags/wikitext_dag.py
[2026-05-29T10:33:07.869+0000] {processor.py:829} INFO - Processing file /opt/airflow/dags/wikitext_dag.py for tasks to queue
[2026-05-29T10:33:07.872+0000] {logging_mixin.py:151} INFO - [2026-05-29T10:33:07.871+0000] {dagbag.py:539} INFO - Filling up the DagBag from /opt/airflow/dags/wikitext_dag.py
[2026-05-29T10:33:07.888+0000] {processor.py:839} INFO - DAG(s) dict_keys(['data_lake_pipeline']) retrieved from /opt/airflow/dags/wikitext_dag.py
[2026-05-29T10:33:07.919+0000] {logging_mixin.py:151} INFO - [2026-05-29T10:33:07.919+0000] {dag.py:2915} INFO - Sync 1 DAGs
[2026-05-29T10:33:07.940+0000] {logging_mixin.py:151} INFO - [2026-05-29T10:33:07.940+0000] {dag.py:3696} INFO - Setting next_dagrun for data_lake_pipeline to 2025-01-01T00:00:00+00:00, run_after=2025-01-02T00:00:00+00:00
[2026-05-29T10:33:07.953+0000] {processor.py:179} INFO - Processing /opt/airflow/dags/wikitext_dag.py took 0.095 seconds
[2026-05-29T10:33:38.189+0000] {processor.py:157} INFO - Started process (PID=977) to work on /opt/airflow/dags/wikitext_dag.py
[2026-05-29T10:33:38.191+0000] {processor.py:829} INFO - Processing file /opt/airflow/dags/wikitext_dag.py for tasks to queue
[2026-05-29T10:33:38.193+0000] {logging_mixin.py:151} INFO - [2026-05-29T10:33:38.192+0000] {dagbag.py:539} INFO - Filling up the DagBag from /opt/airflow/dags/wikitext_dag.py
[2026-05-29T10:33:38.218+0000] {processor.py:839} INFO - DAG(s) dict_keys(['data_lake_pipeline']) retrieved from /opt/airflow/dags/wikitext_dag.py
[2026-05-29T10:33:38.258+0000] {logging_mixin.py:151} INFO - [2026-05-29T10:33:38.257+0000] {dag.py:2915} INFO - Sync 1 DAGs
[2026-05-29T10:33:38.280+0000] {logging_mixin.py:151} INFO - [2026-05-29T10:33:38.280+0000] {dag.py:3696} INFO - Setting next_dagrun for data_lake_pipeline to 2025-01-01T00:00:00+00:00, run_after=2025-01-02T00:00:00+00:00
[2026-05-29T10:33:38.294+0000] {processor.py:179} INFO - Processing /opt/airflow/dags/wikitext_dag.py took 0.114 seconds
[2026-05-29T10:34:08.554+0000] {processor.py:157} INFO - Started process (PID=987) to work on /opt/airflow/dags/wikitext_dag.py
[2026-05-29T10:34:08.556+0000] {processor.py:829} INFO - Processing file /opt/airflow/dags/wikitext_dag.py for tasks to queue
[2026-05-29T10:34:08.557+0000] {logging_mixin.py:151} INFO - [2026-05-29T10:34:08.557+0000] {dagbag.py:539} INFO - Filling up the DagBag from /opt/airflow/dags/wikitext_dag.py
[2026-05-29T10:34:08.577+0000] {processor.py:839} INFO - DAG(s) dict_keys(['data_lake_pipeline']) retrieved from /opt/airflow/dags/wikitext_dag.py
[2026-05-29T10:34:08.607+0000] {logging_mixin.py:151} INFO - [2026-05-29T10:34:08.607+0000] {dag.py:2915} INFO - Sync 1 DAGs
[2026-05-29T10:34:08.623+0000] {logging_mixin.py:151} INFO - [2026-05-29T10:34:08.623+0000] {dag.py:3696} INFO - Setting next_dagrun for data_lake_pipeline to 2025-01-01T00:00:00+00:00, run_after=2025-01-02T00:00:00+00:00
[2026-05-29T10:34:08.634+0000] {processor.py:179} INFO - Processing /opt/airflow/dags/wikitext_dag.py took 0.090 seconds
[2026-05-29T10:34:38.917+0000] {processor.py:157} INFO - Started process (PID=997) to work on /opt/airflow/dags/wikitext_dag.py
[2026-05-29T10:34:38.919+0000] {processor.py:829} INFO - Processing file /opt/airflow/dags/wikitext_dag.py for tasks to queue
[2026-05-29T10:34:38.921+0000] {logging_mixin.py:151} INFO - [2026-05-29T10:34:38.920+0000] {dagbag.py:539} INFO - Filling up the DagBag from /opt/airflow/dags/wikitext_dag.py
[2026-05-29T10:34:38.931+0000] {processor.py:839} INFO - DAG(s) dict_keys(['data_lake_pipeline']) retrieved from /opt/airflow/dags/wikitext_dag.py
[2026-05-29T10:34:38.954+0000] {logging_mixin.py:151} INFO - [2026-05-29T10:34:38.954+0000] {dag.py:2915} INFO - Sync 1 DAGs
[2026-05-29T10:34:38.972+0000] {logging_mixin.py:151} INFO - [2026-05-29T10:34:38.972+0000] {dag.py:3696} INFO - Setting next_dagrun for data_lake_pipeline to 2025-01-01T00:00:00+00:00, run_after=2025-01-02T00:00:00+00:00
[2026-05-29T10:34:38.987+0000] {processor.py:179} INFO - Processing /opt/airflow/dags/wikitext_dag.py took 0.073 seconds
[2026-05-29T10:35:09.278+0000] {processor.py:157} INFO - Started process (PID=1007) to work on /opt/airflow/dags/wikitext_dag.py
[2026-05-29T10:35:09.282+0000] {processor.py:829} INFO - Processing file /opt/airflow/dags/wikitext_dag.py for tasks to queue
[2026-05-29T10:35:09.284+0000] {logging_mixin.py:151} INFO - [2026-05-29T10:35:09.284+0000] {dagbag.py:539} INFO - Filling up the DagBag from /opt/airflow/dags/wikitext_dag.py
[2026-05-29T10:35:09.309+0000] {processor.py:839} INFO - DAG(s) dict_keys(['data_lake_pipeline']) retrieved from /opt/airflow/dags/wikitext_dag.py
[2026-05-29T10:35:09.348+0000] {logging_mixin.py:151} INFO - [2026-05-29T10:35:09.348+0000] {dag.py:2915} INFO - Sync 1 DAGs
[2026-05-29T10:35:09.366+0000] {logging_mixin.py:151} INFO - [2026-05-29T10:35:09.365+0000] {dag.py:3696} INFO - Setting next_dagrun for data_lake_pipeline to 2025-01-01T00:00:00+00:00, run_after=2025-01-02T00:00:00+00:00
[2026-05-29T10:35:09.380+0000] {processor.py:179} INFO - Processing /opt/airflow/dags/wikitext_dag.py took 0.113 seconds
[2026-05-29T10:35:39.606+0000] {processor.py:157} INFO - Started process (PID=1017) to work on /opt/airflow/dags/wikitext_dag.py
[2026-05-29T10:35:39.608+0000] {processor.py:829} INFO - Processing file /opt/airflow/dags/wikitext_dag.py for tasks to queue
[2026-05-29T10:35:39.610+0000] {logging_mixin.py:151} INFO - [2026-05-29T10:35:39.609+0000] {dagbag.py:539} INFO - Filling up the DagBag from /opt/airflow/dags/wikitext_dag.py
[2026-05-29T10:35:39.628+0000] {processor.py:839} INFO - DAG(s) dict_keys(['data_lake_pipeline']) retrieved from /opt/airflow/dags/wikitext_dag.py
[2026-05-29T10:35:39.660+0000] {logging_mixin.py:151} INFO - [2026-05-29T10:35:39.660+0000] {dag.py:2915} INFO - Sync 1 DAGs
[2026-05-29T10:35:39.677+0000] {logging_mixin.py:151} INFO - [2026-05-29T10:35:39.677+0000] {dag.py:3696} INFO - Setting next_dagrun for data_lake_pipeline to 2025-01-01T00:00:00+00:00, run_after=2025-01-02T00:00:00+00:00
[2026-05-29T10:35:39.691+0000] {processor.py:179} INFO - Processing /opt/airflow/dags/wikitext_dag.py took 0.091 seconds
[2026-05-29T10:36:09.994+0000] {processor.py:157} INFO - Started process (PID=1027) to work on /opt/airflow/dags/wikitext_dag.py
[2026-05-29T10:36:09.997+0000] {processor.py:829} INFO - Processing file /opt/airflow/dags/wikitext_dag.py for tasks to queue
[2026-05-29T10:36:09.998+0000] {logging_mixin.py:151} INFO - [2026-05-29T10:36:09.998+0000] {dagbag.py:539} INFO - Filling up the DagBag from /opt/airflow/dags/wikitext_dag.py
[2026-05-29T10:36:10.016+0000] {processor.py:839} INFO - DAG(s) dict_keys(['data_lake_pipeline']) retrieved from /opt/airflow/dags/wikitext_dag.py
[2026-05-29T10:36:10.046+0000] {logging_mixin.py:151} INFO - [2026-05-29T10:36:10.046+0000] {dag.py:2915} INFO - Sync 1 DAGs
[2026-05-29T10:36:10.064+0000] {logging_mixin.py:151} INFO - [2026-05-29T10:36:10.064+0000] {dag.py:3696} INFO - Setting next_dagrun for data_lake_pipeline to 2025-01-01T00:00:00+00:00, run_after=2025-01-02T00:00:00+00:00
[2026-05-29T10:36:10.085+0000] {processor.py:179} INFO - Processing /opt/airflow/dags/wikitext_dag.py took 0.098 seconds
[2026-05-29T10:36:40.406+0000] {processor.py:157} INFO - Started process (PID=1037) to work on /opt/airflow/dags/wikitext_dag.py
[2026-05-29T10:36:40.408+0000] {processor.py:829} INFO - Processing file /opt/airflow/dags/wikitext_dag.py for tasks to queue
[2026-05-29T10:36:40.411+0000] {logging_mixin.py:151} INFO - [2026-05-29T10:36:40.410+0000] {dagbag.py:539} INFO - Filling up the DagBag from /opt/airflow/dags/wikitext_dag.py
[2026-05-29T10:36:40.428+0000] {processor.py:839} INFO - DAG(s) dict_keys(['data_lake_pipeline']) retrieved from /opt/airflow/dags/wikitext_dag.py
[2026-05-29T10:36:40.458+0000] {logging_mixin.py:151} INFO - [2026-05-29T10:36:40.458+0000] {dag.py:2915} INFO - Sync 1 DAGs
[2026-05-29T10:36:40.474+0000] {logging_mixin.py:151} INFO - [2026-05-29T10:36:40.474+0000] {dag.py:3696} INFO - Setting next_dagrun for data_lake_pipeline to 2025-01-01T00:00:00+00:00, run_after=2025-01-02T00:00:00+00:00
[2026-05-29T10:36:40.491+0000] {processor.py:179} INFO - Processing /opt/airflow/dags/wikitext_dag.py took 0.090 seconds
[2026-05-29T10:37:10.833+0000] {processor.py:157} INFO - Started process (PID=1047) to work on /opt/airflow/dags/wikitext_dag.py
[2026-05-29T10:37:10.835+0000] {processor.py:829} INFO - Processing file /opt/airflow/dags/wikitext_dag.py for tasks to queue
[2026-05-29T10:37:10.837+0000] {logging_mixin.py:151} INFO - [2026-05-29T10:37:10.837+0000] {dagbag.py:539} INFO - Filling up the DagBag from /opt/airflow/dags/wikitext_dag.py
[2026-05-29T10:37:10.859+0000] {processor.py:839} INFO - DAG(s) dict_keys(['data_lake_pipeline']) retrieved from /opt/airflow/dags/wikitext_dag.py
[2026-05-29T10:37:10.895+0000] {logging_mixin.py:151} INFO - [2026-05-29T10:37:10.894+0000] {dag.py:2915} INFO - Sync 1 DAGs
[2026-05-29T10:37:10.914+0000] {logging_mixin.py:151} INFO - [2026-05-29T10:37:10.914+0000] {dag.py:3696} INFO - Setting next_dagrun for data_lake_pipeline to 2025-01-01T00:00:00+00:00, run_after=2025-01-02T00:00:00+00:00
[2026-05-29T10:37:10.928+0000] {processor.py:179} INFO - Processing /opt/airflow/dags/wikitext_dag.py took 0.102 seconds
[2026-05-29T10:41:05.571+0000] {processor.py:157} INFO - Started process (PID=1057) to work on /opt/airflow/dags/wikitext_dag.py
[2026-05-29T10:41:05.573+0000] {processor.py:829} INFO - Processing file /opt/airflow/dags/wikitext_dag.py for tasks to queue
[2026-05-29T10:41:05.575+0000] {logging_mixin.py:151} INFO - [2026-05-29T10:41:05.575+0000] {dagbag.py:539} INFO - Filling up the DagBag from /opt/airflow/dags/wikitext_dag.py
[2026-05-29T10:41:05.616+0000] {processor.py:839} INFO - DAG(s) dict_keys(['data_lake_pipeline']) retrieved from /opt/airflow/dags/wikitext_dag.py
[2026-05-29T10:41:05.713+0000] {logging_mixin.py:151} INFO - [2026-05-29T10:41:05.713+0000] {dag.py:2915} INFO - Sync 1 DAGs
[2026-05-29T10:41:05.774+0000] {logging_mixin.py:151} INFO - [2026-05-29T10:41:05.773+0000] {dag.py:3696} INFO - Setting next_dagrun for data_lake_pipeline to 2025-01-01T00:00:00+00:00, run_after=2025-01-02T00:00:00+00:00
[2026-05-29T10:41:05.816+0000] {processor.py:179} INFO - Processing /opt/airflow/dags/wikitext_dag.py took 0.262 seconds
[2026-05-29T10:41:56.160+0000] {processor.py:157} INFO - Started process (PID=1069) to work on /opt/airflow/dags/wikitext_dag.py
[2026-05-29T10:41:56.163+0000] {processor.py:829} INFO - Processing file /opt/airflow/dags/wikitext_dag.py for tasks to queue
[2026-05-29T10:41:56.165+0000] {logging_mixin.py:151} INFO - [2026-05-29T10:41:56.164+0000] {dagbag.py:539} INFO - Filling up the DagBag from /opt/airflow/dags/wikitext_dag.py
[2026-05-29T10:41:56.192+0000] {processor.py:839} INFO - DAG(s) dict_keys(['data_lake_pipeline']) retrieved from /opt/airflow/dags/wikitext_dag.py
[2026-05-29T10:41:56.228+0000] {logging_mixin.py:151} INFO - [2026-05-29T10:41:56.228+0000] {dag.py:2915} INFO - Sync 1 DAGs
[2026-05-29T10:41:56.247+0000] {logging_mixin.py:151} INFO - [2026-05-29T10:41:56.247+0000] {dag.py:3696} INFO - Setting next_dagrun for data_lake_pipeline to 2025-01-01T00:00:00+00:00, run_after=2025-01-02T00:00:00+00:00
[2026-05-29T10:41:56.262+0000] {processor.py:179} INFO - Processing /opt/airflow/dags/wikitext_dag.py took 0.112 seconds
[2026-05-29T10:42:26.516+0000] {processor.py:157} INFO - Started process (PID=1081) to work on /opt/airflow/dags/wikitext_dag.py
[2026-05-29T10:42:26.519+0000] {processor.py:829} INFO - Processing file /opt/airflow/dags/wikitext_dag.py for tasks to queue
[2026-05-29T10:42:26.521+0000] {logging_mixin.py:151} INFO - [2026-05-29T10:42:26.520+0000] {dagbag.py:539} INFO - Filling up the DagBag from /opt/airflow/dags/wikitext_dag.py
[2026-05-29T10:42:26.541+0000] {processor.py:839} INFO - DAG(s) dict_keys(['data_lake_pipeline']) retrieved from /opt/airflow/dags/wikitext_dag.py
[2026-05-29T10:42:26.575+0000] {logging_mixin.py:151} INFO - [2026-05-29T10:42:26.574+0000] {dag.py:2915} INFO - Sync 1 DAGs
[2026-05-29T10:42:26.590+0000] {logging_mixin.py:151} INFO - [2026-05-29T10:42:26.590+0000] {dag.py:3696} INFO - Setting next_dagrun for data_lake_pipeline to 2025-01-01T00:00:00+00:00, run_after=2025-01-02T00:00:00+00:00
[2026-05-29T10:42:26.601+0000] {processor.py:179} INFO - Processing /opt/airflow/dags/wikitext_dag.py took 0.093 seconds
[2026-05-29T10:43:07.572+0000] {processor.py:157} INFO - Started process (PID=1091) to work on /opt/airflow/dags/wikitext_dag.py
[2026-05-29T10:43:07.574+0000] {processor.py:829} INFO - Processing file /opt/airflow/dags/wikitext_dag.py for tasks to queue
[2026-05-29T10:43:07.575+0000] {logging_mixin.py:151} INFO - [2026-05-29T10:43:07.575+0000] {dagbag.py:539} INFO - Filling up the DagBag from /opt/airflow/dags/wikitext_dag.py
[2026-05-29T10:43:07.587+0000] {processor.py:839} INFO - DAG(s) dict_keys(['data_lake_pipeline']) retrieved from /opt/airflow/dags/wikitext_dag.py
[2026-05-29T10:43:07.613+0000] {logging_mixin.py:151} INFO - [2026-05-29T10:43:07.613+0000] {dag.py:2915} INFO - Sync 1 DAGs
[2026-05-29T10:43:07.629+0000] {logging_mixin.py:151} INFO - [2026-05-29T10:43:07.629+0000] {dag.py:3696} INFO - Setting next_dagrun for data_lake_pipeline to 2025-01-01T00:00:00+00:00, run_after=2025-01-02T00:00:00+00:00
[2026-05-29T10:43:07.644+0000] {processor.py:179} INFO - Processing /opt/airflow/dags/wikitext_dag.py took 0.075 seconds
[2026-05-29T10:43:38.003+0000] {processor.py:157} INFO - Started process (PID=1101) to work on /opt/airflow/dags/wikitext_dag.py
[2026-05-29T10:43:38.005+0000] {processor.py:829} INFO - Processing file /opt/airflow/dags/wikitext_dag.py for tasks to queue
[2026-05-29T10:43:38.006+0000] {logging_mixin.py:151} INFO - [2026-05-29T10:43:38.005+0000] {dagbag.py:539} INFO - Filling up the DagBag from /opt/airflow/dags/wikitext_dag.py
[2026-05-29T10:43:38.022+0000] {processor.py:839} INFO - DAG(s) dict_keys(['data_lake_pipeline']) retrieved from /opt/airflow/dags/wikitext_dag.py
[2026-05-29T10:43:38.045+0000] {logging_mixin.py:151} INFO - [2026-05-29T10:43:38.045+0000] {dag.py:2915} INFO - Sync 1 DAGs
[2026-05-29T10:43:38.061+0000] {logging_mixin.py:151} INFO - [2026-05-29T10:43:38.061+0000] {dag.py:3696} INFO - Setting next_dagrun for data_lake_pipeline to 2025-01-01T00:00:00+00:00, run_after=2025-01-02T00:00:00+00:00
[2026-05-29T10:43:38.070+0000] {processor.py:179} INFO - Processing /opt/airflow/dags/wikitext_dag.py took 0.072 seconds
[2026-05-29T10:48:20.563+0000] {processor.py:157} INFO - Started process (PID=1111) to work on /opt/airflow/dags/wikitext_dag.py
[2026-05-29T10:48:20.566+0000] {processor.py:829} INFO - Processing file /opt/airflow/dags/wikitext_dag.py for tasks to queue
[2026-05-29T10:48:20.569+0000] {logging_mixin.py:151} INFO - [2026-05-29T10:48:20.568+0000] {dagbag.py:539} INFO - Filling up the DagBag from /opt/airflow/dags/wikitext_dag.py
[2026-05-29T10:48:20.614+0000] {processor.py:839} INFO - DAG(s) dict_keys(['data_lake_pipeline']) retrieved from /opt/airflow/dags/wikitext_dag.py
[2026-05-29T10:48:20.702+0000] {logging_mixin.py:151} INFO - [2026-05-29T10:48:20.702+0000] {dag.py:2915} INFO - Sync 1 DAGs
[2026-05-29T10:48:20.746+0000] {logging_mixin.py:151} INFO - [2026-05-29T10:48:20.746+0000] {dag.py:3696} INFO - Setting next_dagrun for data_lake_pipeline to 2025-01-01T00:00:00+00:00, run_after=2025-01-02T00:00:00+00:00
[2026-05-29T10:48:20.782+0000] {processor.py:179} INFO - Processing /opt/airflow/dags/wikitext_dag.py took 0.231 seconds
[2026-05-29T10:48:55.507+0000] {processor.py:157} INFO - Started process (PID=1121) to work on /opt/airflow/dags/wikitext_dag.py
[2026-05-29T10:48:55.509+0000] {processor.py:829} INFO - Processing file /opt/airflow/dags/wikitext_dag.py for tasks to queue
[2026-05-29T10:48:55.511+0000] {logging_mixin.py:151} INFO - [2026-05-29T10:48:55.510+0000] {dagbag.py:539} INFO - Filling up the DagBag from /opt/airflow/dags/wikitext_dag.py
[2026-05-29T10:48:55.524+0000] {processor.py:839} INFO - DAG(s) dict_keys(['data_lake_pipeline']) retrieved from /opt/airflow/dags/wikitext_dag.py
[2026-05-29T10:48:55.552+0000] {logging_mixin.py:151} INFO - [2026-05-29T10:48:55.552+0000] {dag.py:2915} INFO - Sync 1 DAGs
[2026-05-29T10:48:55.572+0000] {logging_mixin.py:151} INFO - [2026-05-29T10:48:55.571+0000] {dag.py:3696} INFO - Setting next_dagrun for data_lake_pipeline to 2025-01-01T00:00:00+00:00, run_after=2025-01-02T00:00:00+00:00
[2026-05-29T10:48:55.585+0000] {processor.py:179} INFO - Processing /opt/airflow/dags/wikitext_dag.py took 0.082 seconds
[2026-05-29T10:49:25.947+0000] {processor.py:157} INFO - Started process (PID=1131) to work on /opt/airflow/dags/wikitext_dag.py
[2026-05-29T10:49:25.951+0000] {processor.py:829} INFO - Processing file /opt/airflow/dags/wikitext_dag.py for tasks to queue
[2026-05-29T10:49:25.957+0000] {logging_mixin.py:151} INFO - [2026-05-29T10:49:25.957+0000] {dagbag.py:539} INFO - Filling up the DagBag from /opt/airflow/dags/wikitext_dag.py
[2026-05-29T10:49:25.972+0000] {processor.py:839} INFO - DAG(s) dict_keys(['data_lake_pipeline']) retrieved from /opt/airflow/dags/wikitext_dag.py
[2026-05-29T10:49:25.994+0000] {logging_mixin.py:151} INFO - [2026-05-29T10:49:25.994+0000] {dag.py:2915} INFO - Sync 1 DAGs
[2026-05-29T10:49:26.008+0000] {logging_mixin.py:151} INFO - [2026-05-29T10:49:26.008+0000] {dag.py:3696} INFO - Setting next_dagrun for data_lake_pipeline to 2025-01-01T00:00:00+00:00, run_after=2025-01-02T00:00:00+00:00
[2026-05-29T10:49:26.019+0000] {processor.py:179} INFO - Processing /opt/airflow/dags/wikitext_dag.py took 0.082 seconds
[2026-05-29T10:54:19.889+0000] {processor.py:157} INFO - Started process (PID=1143) to work on /opt/airflow/dags/wikitext_dag.py
[2026-05-29T10:54:19.892+0000] {processor.py:829} INFO - Processing file /opt/airflow/dags/wikitext_dag.py for tasks to queue
[2026-05-29T10:54:19.895+0000] {logging_mixin.py:151} INFO - [2026-05-29T10:54:19.893+0000] {dagbag.py:539} INFO - Filling up the DagBag from /opt/airflow/dags/wikitext_dag.py
[2026-05-29T10:54:19.933+0000] {processor.py:839} INFO - DAG(s) dict_keys(['data_lake_pipeline']) retrieved from /opt/airflow/dags/wikitext_dag.py
[2026-05-29T10:54:19.991+0000] {logging_mixin.py:151} INFO - [2026-05-29T10:54:19.991+0000] {dag.py:2915} INFO - Sync 1 DAGs
[2026-05-29T10:54:20.008+0000] {logging_mixin.py:151} INFO - [2026-05-29T10:54:20.008+0000] {dag.py:3696} INFO - Setting next_dagrun for data_lake_pipeline to 2025-01-01T00:00:00+00:00, run_after=2025-01-02T00:00:00+00:00
[2026-05-29T10:54:20.020+0000] {processor.py:179} INFO - Processing /opt/airflow/dags/wikitext_dag.py took 0.142 seconds
[2026-05-29T10:56:38.940+0000] {processor.py:157} INFO - Started process (PID=1153) to work on /opt/airflow/dags/wikitext_dag.py
[2026-05-29T10:56:38.943+0000] {processor.py:829} INFO - Processing file /opt/airflow/dags/wikitext_dag.py for tasks to queue
[2026-05-29T10:56:38.945+0000] {logging_mixin.py:151} INFO - [2026-05-29T10:56:38.945+0000] {dagbag.py:539} INFO - Filling up the DagBag from /opt/airflow/dags/wikitext_dag.py
[2026-05-29T10:56:38.962+0000] {processor.py:839} INFO - DAG(s) dict_keys(['data_lake_pipeline']) retrieved from /opt/airflow/dags/wikitext_dag.py
[2026-05-29T10:56:38.993+0000] {logging_mixin.py:151} INFO - [2026-05-29T10:56:38.993+0000] {dag.py:2915} INFO - Sync 1 DAGs
[2026-05-29T10:56:39.011+0000] {logging_mixin.py:151} INFO - [2026-05-29T10:56:39.011+0000] {dag.py:3696} INFO - Setting next_dagrun for data_lake_pipeline to 2025-01-01T00:00:00+00:00, run_after=2025-01-02T00:00:00+00:00
[2026-05-29T10:56:39.025+0000] {processor.py:179} INFO - Processing /opt/airflow/dags/wikitext_dag.py took 0.090 seconds
[2026-05-29T10:57:09.358+0000] {processor.py:157} INFO - Started process (PID=1163) to work on /opt/airflow/dags/wikitext_dag.py
[2026-05-29T10:57:09.360+0000] {processor.py:829} INFO - Processing file /opt/airflow/dags/wikitext_dag.py for tasks to queue
[2026-05-29T10:57:09.362+0000] {logging_mixin.py:151} INFO - [2026-05-29T10:57:09.361+0000] {dagbag.py:539} INFO - Filling up the DagBag from /opt/airflow/dags/wikitext_dag.py
[2026-05-29T10:57:09.381+0000] {processor.py:839} INFO - DAG(s) dict_keys(['data_lake_pipeline']) retrieved from /opt/airflow/dags/wikitext_dag.py
[2026-05-29T10:57:09.409+0000] {logging_mixin.py:151} INFO - [2026-05-29T10:57:09.409+0000] {dag.py:2915} INFO - Sync 1 DAGs
[2026-05-29T10:57:09.426+0000] {logging_mixin.py:151} INFO - [2026-05-29T10:57:09.425+0000] {dag.py:3696} INFO - Setting next_dagrun for data_lake_pipeline to 2025-01-01T00:00:00+00:00, run_after=2025-01-02T00:00:00+00:00
[2026-05-29T10:57:09.439+0000] {processor.py:179} INFO - Processing /opt/airflow/dags/wikitext_dag.py took 0.088 seconds
[2026-05-29T10:57:40.532+0000] {processor.py:157} INFO - Started process (PID=1173) to work on /opt/airflow/dags/wikitext_dag.py
[2026-05-29T10:57:40.536+0000] {processor.py:829} INFO - Processing file /opt/airflow/dags/wikitext_dag.py for tasks to queue
[2026-05-29T10:57:40.537+0000] {logging_mixin.py:151} INFO - [2026-05-29T10:57:40.537+0000] {dagbag.py:539} INFO - Filling up the DagBag from /opt/airflow/dags/wikitext_dag.py
[2026-05-29T10:57:40.555+0000] {processor.py:839} INFO - DAG(s) dict_keys(['data_lake_pipeline']) retrieved from /opt/airflow/dags/wikitext_dag.py
[2026-05-29T10:57:40.583+0000] {logging_mixin.py:151} INFO - [2026-05-29T10:57:40.583+0000] {dag.py:2915} INFO - Sync 1 DAGs
[2026-05-29T10:57:40.600+0000] {logging_mixin.py:151} INFO - [2026-05-29T10:57:40.600+0000] {dag.py:3696} INFO - Setting next_dagrun for data_lake_pipeline to 2025-01-01T00:00:00+00:00, run_after=2025-01-02T00:00:00+00:00
[2026-05-29T10:57:40.612+0000] {processor.py:179} INFO - Processing /opt/airflow/dags/wikitext_dag.py took 0.086 seconds
[2026-05-29T10:59:25.476+0000] {processor.py:157} INFO - Started process (PID=1183) to work on /opt/airflow/dags/wikitext_dag.py
[2026-05-29T10:59:25.478+0000] {processor.py:829} INFO - Processing file /opt/airflow/dags/wikitext_dag.py for tasks to queue
[2026-05-29T10:59:25.479+0000] {logging_mixin.py:151} INFO - [2026-05-29T10:59:25.479+0000] {dagbag.py:539} INFO - Filling up the DagBag from /opt/airflow/dags/wikitext_dag.py
[2026-05-29T10:59:25.493+0000] {processor.py:839} INFO - DAG(s) dict_keys(['data_lake_pipeline']) retrieved from /opt/airflow/dags/wikitext_dag.py
[2026-05-29T10:59:25.527+0000] {logging_mixin.py:151} INFO - [2026-05-29T10:59:25.527+0000] {dag.py:2915} INFO - Sync 1 DAGs
[2026-05-29T10:59:25.551+0000] {logging_mixin.py:151} INFO - [2026-05-29T10:59:25.551+0000] {dag.py:3696} INFO - Setting next_dagrun for data_lake_pipeline to 2025-01-01T00:00:00+00:00, run_after=2025-01-02T00:00:00+00:00
[2026-05-29T10:59:25.568+0000] {processor.py:179} INFO - Processing /opt/airflow/dags/wikitext_dag.py took 0.098 seconds
[2026-05-29T11:01:45.730+0000] {processor.py:157} INFO - Started process (PID=1195) to work on /opt/airflow/dags/wikitext_dag.py
[2026-05-29T11:01:45.734+0000] {processor.py:829} INFO - Processing file /opt/airflow/dags/wikitext_dag.py for tasks to queue
[2026-05-29T11:01:45.738+0000] {logging_mixin.py:151} INFO - [2026-05-29T11:01:45.736+0000] {dagbag.py:539} INFO - Filling up the DagBag from /opt/airflow/dags/wikitext_dag.py
[2026-05-29T11:01:45.768+0000] {processor.py:839} INFO - DAG(s) dict_keys(['data_lake_pipeline']) retrieved from /opt/airflow/dags/wikitext_dag.py
[2026-05-29T11:01:45.805+0000] {logging_mixin.py:151} INFO - [2026-05-29T11:01:45.805+0000] {dag.py:2915} INFO - Sync 1 DAGs
[2026-05-29T11:01:45.844+0000] {logging_mixin.py:151} INFO - [2026-05-29T11:01:45.844+0000] {dag.py:3696} INFO - Setting next_dagrun for data_lake_pipeline to 2025-01-01T00:00:00+00:00, run_after=2025-01-02T00:00:00+00:00
[2026-05-29T11:01:45.871+0000] {processor.py:179} INFO - Processing /opt/airflow/dags/wikitext_dag.py took 0.151 seconds
[2026-05-29T11:02:16.205+0000] {processor.py:157} INFO - Started process (PID=1205) to work on /opt/airflow/dags/wikitext_dag.py
[2026-05-29T11:02:16.210+0000] {processor.py:829} INFO - Processing file /opt/airflow/dags/wikitext_dag.py for tasks to queue
[2026-05-29T11:02:16.211+0000] {logging_mixin.py:151} INFO - [2026-05-29T11:02:16.211+0000] {dagbag.py:539} INFO - Filling up the DagBag from /opt/airflow/dags/wikitext_dag.py
[2026-05-29T11:02:16.230+0000] {processor.py:839} INFO - DAG(s) dict_keys(['data_lake_pipeline']) retrieved from /opt/airflow/dags/wikitext_dag.py
[2026-05-29T11:02:16.255+0000] {logging_mixin.py:151} INFO - [2026-05-29T11:02:16.254+0000] {dag.py:2915} INFO - Sync 1 DAGs
[2026-05-29T11:02:16.268+0000] {logging_mixin.py:151} INFO - [2026-05-29T11:02:16.268+0000] {dag.py:3696} INFO - Setting next_dagrun for data_lake_pipeline to 2025-01-01T00:00:00+00:00, run_after=2025-01-02T00:00:00+00:00
[2026-05-29T11:02:16.279+0000] {processor.py:179} INFO - Processing /opt/airflow/dags/wikitext_dag.py took 0.079 seconds
[2026-05-29T11:05:53.073+0000] {processor.py:157} INFO - Started process (PID=1215) to work on /opt/airflow/dags/wikitext_dag.py
[2026-05-29T11:05:53.076+0000] {processor.py:829} INFO - Processing file /opt/airflow/dags/wikitext_dag.py for tasks to queue
[2026-05-29T11:05:53.077+0000] {logging_mixin.py:151} INFO - [2026-05-29T11:05:53.077+0000] {dagbag.py:539} INFO - Filling up the DagBag from /opt/airflow/dags/wikitext_dag.py
[2026-05-29T11:05:53.097+0000] {processor.py:839} INFO - DAG(s) dict_keys(['data_lake_pipeline']) retrieved from /opt/airflow/dags/wikitext_dag.py
[2026-05-29T11:05:53.134+0000] {logging_mixin.py:151} INFO - [2026-05-29T11:05:53.133+0000] {dag.py:2915} INFO - Sync 1 DAGs
[2026-05-29T11:05:53.177+0000] {logging_mixin.py:151} INFO - [2026-05-29T11:05:53.177+0000] {dag.py:3696} INFO - Setting next_dagrun for data_lake_pipeline to 2025-01-01T00:00:00+00:00, run_after=2025-01-02T00:00:00+00:00
[2026-05-29T11:05:53.221+0000] {processor.py:179} INFO - Processing /opt/airflow/dags/wikitext_dag.py took 0.156 seconds
[2026-05-29T11:06:36.304+0000] {processor.py:157} INFO - Started process (PID=1225) to work on /opt/airflow/dags/wikitext_dag.py
[2026-05-29T11:06:36.306+0000] {processor.py:829} INFO - Processing file /opt/airflow/dags/wikitext_dag.py for tasks to queue
[2026-05-29T11:06:36.308+0000] {logging_mixin.py:151} INFO - [2026-05-29T11:06:36.307+0000] {dagbag.py:539} INFO - Filling up the DagBag from /opt/airflow/dags/wikitext_dag.py
[2026-05-29T11:06:36.322+0000] {processor.py:839} INFO - DAG(s) dict_keys(['data_lake_pipeline']) retrieved from /opt/airflow/dags/wikitext_dag.py
[2026-05-29T11:06:36.353+0000] {logging_mixin.py:151} INFO - [2026-05-29T11:06:36.353+0000] {dag.py:2915} INFO - Sync 1 DAGs
[2026-05-29T11:06:36.366+0000] {logging_mixin.py:151} INFO - [2026-05-29T11:06:36.366+0000] {dag.py:3696} INFO - Setting next_dagrun for data_lake_pipeline to 2025-01-01T00:00:00+00:00, run_after=2025-01-02T00:00:00+00:00
[2026-05-29T11:06:36.377+0000] {processor.py:179} INFO - Processing /opt/airflow/dags/wikitext_dag.py took 0.078 seconds
[2026-05-29T11:07:06.685+0000] {processor.py:157} INFO - Started process (PID=1235) to work on /opt/airflow/dags/wikitext_dag.py
[2026-05-29T11:07:06.690+0000] {processor.py:829} INFO - Processing file /opt/airflow/dags/wikitext_dag.py for tasks to queue
[2026-05-29T11:07:06.691+0000] {logging_mixin.py:151} INFO - [2026-05-29T11:07:06.690+0000] {dagbag.py:539} INFO - Filling up the DagBag from /opt/airflow/dags/wikitext_dag.py
[2026-05-29T11:07:06.707+0000] {processor.py:839} INFO - DAG(s) dict_keys(['data_lake_pipeline']) retrieved from /opt/airflow/dags/wikitext_dag.py
[2026-05-29T11:07:06.731+0000] {logging_mixin.py:151} INFO - [2026-05-29T11:07:06.730+0000] {dag.py:2915} INFO - Sync 1 DAGs
[2026-05-29T11:07:06.744+0000] {logging_mixin.py:151} INFO - [2026-05-29T11:07:06.743+0000] {dag.py:3696} INFO - Setting next_dagrun for data_lake_pipeline to 2025-01-01T00:00:00+00:00, run_after=2025-01-02T00:00:00+00:00
[2026-05-29T11:07:06.757+0000] {processor.py:179} INFO - Processing /opt/airflow/dags/wikitext_dag.py took 0.077 seconds
[2026-05-29T11:11:36.431+0000] {processor.py:157} INFO - Started process (PID=1245) to work on /opt/airflow/dags/wikitext_dag.py
[2026-05-29T11:11:36.434+0000] {processor.py:829} INFO - Processing file /opt/airflow/dags/wikitext_dag.py for tasks to queue
[2026-05-29T11:11:36.437+0000] {logging_mixin.py:151} INFO - [2026-05-29T11:11:36.436+0000] {dagbag.py:539} INFO - Filling up the DagBag from /opt/airflow/dags/wikitext_dag.py
[2026-05-29T11:11:36.471+0000] {processor.py:839} INFO - DAG(s) dict_keys(['data_lake_pipeline']) retrieved from /opt/airflow/dags/wikitext_dag.py
[2026-05-29T11:11:36.531+0000] {logging_mixin.py:151} INFO - [2026-05-29T11:11:36.531+0000] {dag.py:2915} INFO - Sync 1 DAGs
[2026-05-29T11:11:36.570+0000] {logging_mixin.py:151} INFO - [2026-05-29T11:11:36.570+0000] {dag.py:3696} INFO - Setting next_dagrun for data_lake_pipeline to 2025-01-01T00:00:00+00:00, run_after=2025-01-02T00:00:00+00:00
[2026-05-29T11:11:36.602+0000] {processor.py:179} INFO - Processing /opt/airflow/dags/wikitext_dag.py took 0.180 seconds
[2026-05-29T11:12:06.752+0000] {processor.py:157} INFO - Started process (PID=1255) to work on /opt/airflow/dags/wikitext_dag.py
[2026-05-29T11:12:06.755+0000] {processor.py:829} INFO - Processing file /opt/airflow/dags/wikitext_dag.py for tasks to queue
[2026-05-29T11:12:06.756+0000] {logging_mixin.py:151} INFO - [2026-05-29T11:12:06.756+0000] {dagbag.py:539} INFO - Filling up the DagBag from /opt/airflow/dags/wikitext_dag.py
[2026-05-29T11:12:06.774+0000] {processor.py:839} INFO - DAG(s) dict_keys(['data_lake_pipeline']) retrieved from /opt/airflow/dags/wikitext_dag.py
[2026-05-29T11:12:06.807+0000] {logging_mixin.py:151} INFO - [2026-05-29T11:12:06.807+0000] {dag.py:2915} INFO - Sync 1 DAGs
[2026-05-29T11:12:06.828+0000] {logging_mixin.py:151} INFO - [2026-05-29T11:12:06.828+0000] {dag.py:3696} INFO - Setting next_dagrun for data_lake_pipeline to 2025-01-01T00:00:00+00:00, run_after=2025-01-02T00:00:00+00:00
[2026-05-29T11:12:06.891+0000] {processor.py:179} INFO - Processing /opt/airflow/dags/wikitext_dag.py took 0.145 seconds
[2026-05-29T11:16:57.186+0000] {processor.py:157} INFO - Started process (PID=1267) to work on /opt/airflow/dags/wikitext_dag.py
[2026-05-29T11:16:57.190+0000] {processor.py:829} INFO - Processing file /opt/airflow/dags/wikitext_dag.py for tasks to queue
[2026-05-29T11:16:57.192+0000] {logging_mixin.py:151} INFO - [2026-05-29T11:16:57.191+0000] {dagbag.py:539} INFO - Filling up the DagBag from /opt/airflow/dags/wikitext_dag.py
[2026-05-29T11:16:57.204+0000] {processor.py:839} INFO - DAG(s) dict_keys(['data_lake_pipeline']) retrieved from /opt/airflow/dags/wikitext_dag.py
[2026-05-29T11:16:57.243+0000] {logging_mixin.py:151} INFO - [2026-05-29T11:16:57.242+0000] {dag.py:2915} INFO - Sync 1 DAGs
[2026-05-29T11:16:57.277+0000] {logging_mixin.py:151} INFO - [2026-05-29T11:16:57.277+0000] {dag.py:3696} INFO - Setting next_dagrun for data_lake_pipeline to 2025-01-01T00:00:00+00:00, run_after=2025-01-02T00:00:00+00:00
[2026-05-29T11:16:57.308+0000] {processor.py:179} INFO - Processing /opt/airflow/dags/wikitext_dag.py took 0.129 seconds
[2026-05-29T11:18:25.495+0000] {processor.py:157} INFO - Started process (PID=1277) to work on /opt/airflow/dags/wikitext_dag.py
[2026-05-29T11:18:25.498+0000] {processor.py:829} INFO - Processing file /opt/airflow/dags/wikitext_dag.py for tasks to queue
[2026-05-29T11:18:25.499+0000] {logging_mixin.py:151} INFO - [2026-05-29T11:18:25.499+0000] {dagbag.py:539} INFO - Filling up the DagBag from /opt/airflow/dags/wikitext_dag.py
[2026-05-29T11:18:25.520+0000] {processor.py:839} INFO - DAG(s) dict_keys(['data_lake_pipeline']) retrieved from /opt/airflow/dags/wikitext_dag.py
[2026-05-29T11:18:25.549+0000] {logging_mixin.py:151} INFO - [2026-05-29T11:18:25.548+0000] {dag.py:2915} INFO - Sync 1 DAGs
[2026-05-29T11:18:25.564+0000] {logging_mixin.py:151} INFO - [2026-05-29T11:18:25.564+0000] {dag.py:3696} INFO - Setting next_dagrun for data_lake_pipeline to 2025-01-01T00:00:00+00:00, run_after=2025-01-02T00:00:00+00:00
[2026-05-29T11:18:25.576+0000] {processor.py:179} INFO - Processing /opt/airflow/dags/wikitext_dag.py took 0.087 seconds
[2026-05-29T11:18:55.831+0000] {processor.py:157} INFO - Started process (PID=1287) to work on /opt/airflow/dags/wikitext_dag.py
[2026-05-29T11:18:55.834+0000] {processor.py:829} INFO - Processing file /opt/airflow/dags/wikitext_dag.py for tasks to queue
[2026-05-29T11:18:55.835+0000] {logging_mixin.py:151} INFO - [2026-05-29T11:18:55.835+0000] {dagbag.py:539} INFO - Filling up the DagBag from /opt/airflow/dags/wikitext_dag.py
[2026-05-29T11:18:55.853+0000] {processor.py:839} INFO - DAG(s) dict_keys(['data_lake_pipeline']) retrieved from /opt/airflow/dags/wikitext_dag.py
[2026-05-29T11:18:55.877+0000] {logging_mixin.py:151} INFO - [2026-05-29T11:18:55.876+0000] {dag.py:2915} INFO - Sync 1 DAGs
[2026-05-29T11:18:55.889+0000] {logging_mixin.py:151} INFO - [2026-05-29T11:18:55.889+0000] {dag.py:3696} INFO - Setting next_dagrun for data_lake_pipeline to 2025-01-01T00:00:00+00:00, run_after=2025-01-02T00:00:00+00:00
[2026-05-29T11:18:55.901+0000] {processor.py:179} INFO - Processing /opt/airflow/dags/wikitext_dag.py took 0.076 seconds
[2026-05-29T11:24:15.253+0000] {processor.py:157} INFO - Started process (PID=1297) to work on /opt/airflow/dags/wikitext_dag.py
[2026-05-29T11:24:15.259+0000] {processor.py:829} INFO - Processing file /opt/airflow/dags/wikitext_dag.py for tasks to queue
[2026-05-29T11:24:15.262+0000] {logging_mixin.py:151} INFO - [2026-05-29T11:24:15.262+0000] {dagbag.py:539} INFO - Filling up the DagBag from /opt/airflow/dags/wikitext_dag.py
[2026-05-29T11:24:15.302+0000] {processor.py:839} INFO - DAG(s) dict_keys(['data_lake_pipeline']) retrieved from /opt/airflow/dags/wikitext_dag.py
[2026-05-29T11:24:15.388+0000] {logging_mixin.py:151} INFO - [2026-05-29T11:24:15.387+0000] {dag.py:2915} INFO - Sync 1 DAGs
[2026-05-29T11:24:15.434+0000] {logging_mixin.py:151} INFO - [2026-05-29T11:24:15.433+0000] {dag.py:3696} INFO - Setting next_dagrun for data_lake_pipeline to 2025-01-01T00:00:00+00:00, run_after=2025-01-02T00:00:00+00:00
[2026-05-29T11:24:15.483+0000] {processor.py:179} INFO - Processing /opt/airflow/dags/wikitext_dag.py took 0.243 seconds
[2026-05-29T11:24:45.806+0000] {processor.py:157} INFO - Started process (PID=1307) to work on /opt/airflow/dags/wikitext_dag.py
[2026-05-29T11:24:45.809+0000] {processor.py:829} INFO - Processing file /opt/airflow/dags/wikitext_dag.py for tasks to queue
[2026-05-29T11:24:45.810+0000] {logging_mixin.py:151} INFO - [2026-05-29T11:24:45.810+0000] {dagbag.py:539} INFO - Filling up the DagBag from /opt/airflow/dags/wikitext_dag.py
[2026-05-29T11:24:45.831+0000] {processor.py:839} INFO - DAG(s) dict_keys(['data_lake_pipeline']) retrieved from /opt/airflow/dags/wikitext_dag.py
[2026-05-29T11:24:45.858+0000] {logging_mixin.py:151} INFO - [2026-05-29T11:24:45.858+0000] {dag.py:2915} INFO - Sync 1 DAGs
[2026-05-29T11:24:45.879+0000] {logging_mixin.py:151} INFO - [2026-05-29T11:24:45.879+0000] {dag.py:3696} INFO - Setting next_dagrun for data_lake_pipeline to 2025-01-01T00:00:00+00:00, run_after=2025-01-02T00:00:00+00:00
[2026-05-29T11:24:45.945+0000] {processor.py:179} INFO - Processing /opt/airflow/dags/wikitext_dag.py took 0.147 seconds
